pair_id,actor,statement,label_a,label_b,layer,AA,AB,BA,BB,ME_C,ME_D,interaction
a01_s1_happy_sad,1,1,happy,sad,0,2.3046875,2.3046875,2.3046875,2.3046875,0.0,0.0,0.0
a01_s1_happy_sad,1,1,happy,sad,1,-0.28125,-0.328125,-0.1796875,-0.15625,-0.01171875,0.13671875,0.0703125
a01_s1_happy_sad,1,1,happy,sad,2,-0.587890625,-0.66015625,-0.552734375,-0.5458984375,-0.03271484375,0.07470703125,0.0791015625
a01_s1_happy_sad,1,1,happy,sad,3,-0.484375,-0.4296875,-0.484375,-0.3203125,0.109375,0.0546875,0.109375
a01_s1_happy_sad,1,1,happy,sad,4,-0.203125,0.109375,-0.3125,-0.015625,0.3046875,-0.1171875,-0.015625
a01_s1_happy_sad,1,1,happy,sad,5,-0.734375,-0.4375,-1.0,-0.609375,0.34375,-0.21875,0.09375
a01_s1_happy_sad,1,1,happy,sad,6,-1.75,-1.609375,-1.90625,-1.625,0.2109375,-0.0859375,0.140625
a01_s1_happy_sad,1,1,happy,sad,7,-0.71875,-0.625,-0.84375,-0.78125,0.078125,-0.140625,-0.03125
a01_s1_happy_sad,1,1,happy,sad,8,-0.90625,-1.078125,-1.15625,-1.28125,-0.1484375,-0.2265625,0.046875
a01_s1_happy_sad,1,1,happy,sad,9,0.828125,0.90625,0.46875,0.6875,0.1484375,-0.2890625,0.140625
a01_s1_happy_sad,1,1,happy,sad,10,-1.765625,-1.890625,-1.734375,-1.7421875,-0.06640625,0.08984375,0.1171875
a01_s1_happy_sad,1,1,happy,sad,11,-2.046875,-1.34375,-2.109375,-1.234375,0.7890625,0.0234375,0.171875
a01_s1_happy_sad,1,1,happy,sad,12,-1.984375,-1.8125,-2.21875,-1.75,0.3203125,-0.0859375,0.296875
a01_s1_happy_sad,1,1,happy,sad,13,-1.703125,-1.703125,-2.1875,-1.859375,0.1640625,-0.3203125,0.328125
a01_s1_happy_sad,1,1,happy,sad,14,-0.9375,-1.1406240463256836,-1.2890625,-1.4140625,-0.1640620231628418,-0.3125004768371582,0.0781240463256836
a01_s1_happy_sad,1,1,happy,sad,15,-0.5937490463256836,-0.78125,-0.75,-1.0,-0.2187504768371582,-0.1875004768371582,-0.062499046325683594
a01_s1_happy_sad,1,1,happy,sad,16,-2.13671875,-2.00390625,-2.2382802963256836,-2.5625,-0.0957036018371582,-0.3300776481628418,-0.4570322036743164
a01_s1_happy_sad,1,1,happy,sad,17,-2.109375,-1.943359375,-2.34375,-2.5976572036743164,-0.0439457893371582,-0.4443364143371582,-0.4199228286743164
a01_s1_happy_sad,1,1,happy,sad,18,-2.21875,-2.4921875,-2.4296884536743164,-2.8828125,-0.3632807731628418,-0.3007817268371582,-0.1796865463256836
a01_s1_happy_sad,1,1,happy,sad,19,-1.1796875,-1.39453125,-1.125,-1.52734375,-0.30859375,-0.0390625,-0.1875
a01_s1_happy_sad,1,1,happy,sad,20,-0.1875,-0.3125,-0.28125,-0.5234375,-0.18359375,-0.15234375,-0.1171875
a01_s1_happy_sad,1,1,happy,sad,21,-1.484375,-1.109375,-1.34375,-1.265625,0.2265625,-0.0078125,-0.296875
a01_s1_happy_sad,1,1,happy,sad,22,-0.65625,-0.4140625,-0.5546875,-0.375,0.2109375,0.0703125,-0.0625
a01_s1_happy_sad,1,1,happy,sad,23,-1.8759765625,-0.9453125,-1.853515625,-0.84765625,0.96826171875,0.06005859375,0.0751953125
a01_s1_happy_sad,1,1,happy,sad,24,0.3984375,0.84765625,0.302734375,0.876953125,0.51171875,-0.033203125,0.125
a01_s1_happy_sad,1,1,happy,sad,25,-0.7578125,0.06640625,-0.91796875,-0.1689453125,0.78662109375,-0.19775390625,-0.0751953125
a01_s1_happy_sad,1,1,happy,sad,26,-1.203125,-0.630859375,-1.65625,-0.8916015625,0.66845703125,-0.35693359375,0.1923828125
a01_s1_happy_sad,1,1,happy,sad,27,-1.046875,-1.15625,-1.40625,-1.03125,0.1328125,-0.1171875,0.484375
a01_s1_happy_sad,1,1,happy,sad,28,-0.625,-0.6875,-0.8125,-0.6875,0.03125,-0.09375,0.1875
a01_s1_neutral_angry,1,1,neutral,angry,0,0.951171875,0.951171875,0.951171875,0.951171875,0.0,0.0,0.0
a01_s1_neutral_angry,1,1,neutral,angry,1,-0.0244140625,0.056640625,-0.1610107421875,0.02783203125,0.13494873046875,-0.08270263671875,0.1077880859375
a01_s1_neutral_angry,1,1,neutral,angry,2,-0.42578125,-0.486328125,-0.46484375,-0.439453125,-0.017578125,0.00390625,0.0859375
a01_s1_neutral_angry,1,1,neutral,angry,3,0.015625,0.28125,-0.15625,0.328125,0.375,-0.0625,0.21875
a01_s1_neutral_angry,1,1,neutral,angry,4,1.28125,1.671875,1.15625,1.796875,0.515625,0.0,0.25
a01_s1_neutral_angry,1,1,neutral,angry,5,0.75,0.96875,0.53125,0.78125,0.234375,-0.203125,0.03125
a01_s1_neutral_angry,1,1,neutral,angry,6,-0.84375,-0.5625,-0.90625,-0.59375,0.296875,-0.046875,0.03125
a01_s1_neutral_angry,1,1,neutral,angry,7,0.34375,-0.3125,0.46875,0.15625,-0.484375,0.296875,0.34375
a01_s1_neutral_angry,1,1,neutral,angry,8,0.625,0.03125,0.75,0.125,-0.609375,0.109375,-0.03125
a01_s1_neutral_angry,1,1,neutral,angry,9,1.6875,1.09375,1.625,0.390625,-0.9140625,-0.3828125,-0.640625
a01_s1_neutral_angry,1,1,neutral,angry,10,0.53125,-0.5,0.265625,-0.328125,-0.8125,-0.046875,0.4375
a01_s1_neutral_angry,1,1,neutral,angry,11,1.0625,0.03125,0.75,0.03125,-0.875,-0.15625,0.3125
a01_s1_neutral_angry,1,1,neutral,angry,12,-0.21875,-0.875,-0.625,-1.03125,-0.53125,-0.28125,0.25
a01_s1_neutral_angry,1,1,neutral,angry,13,-0.46875,-0.53125,-0.5625,-0.53125,-0.015625,-0.046875,0.09375
a01_s1_neutral_angry,1,1,neutral,angry,14,-1.5,-1.0937509536743164,-1.859375,-1.2656240463256836,0.5,-0.2656240463256836,0.1875019073486328
a01_s1_neutral_angry,1,1,neutral,angry,15,-1.234375,-0.515625,-1.765625,-0.96875,0.7578125,-0.4921875,0.078125
a01_s1_neutral_angry,1,1,neutral,angry,16,-1.25,-1.296875,-1.8203115463256836,-1.46875,0.1523432731628418,-0.3710932731628418,0.3984365463256836
a01_s1_neutral_angry,1,1,neutral,angry,17,-0.9921875,-0.484375,-1.40625,-1.171875,0.37109375,-0.55078125,-0.2734375
a01_s1_neutral_angry,1,1,neutral,angry,18,0.75,1.109375,0.6796875,0.1875,-0.06640625,-0.49609375,-0.8515625
a01_s1_neutral_angry,1,1,neutral,angry,19,0.046875,-0.3984375,-0.4687509536743164,-1.21875,-0.5976557731628418,-0.6679692268371582,-0.3046865463256836
a01_s1_neutral_angry,1,1,neutral,angry,20,-4.13671875,-2.146484375,-4.161133766174316,-2.690185546875,1.7305912971496582,-0.2840580940246582,-0.5192861557006836
a01_s1_neutral_angry,1,1,neutral,angry,21,-2.83837890625,-1.52734375,-2.890625,-2.203125,0.999267578125,-0.364013671875,-0.62353515625
a01_s1_neutral_angry,1,1,neutral,angry,22,-3.90625,-1.56640625,-4.046875,-2.35546875,2.015625,-0.46484375,-0.6484375
a01_s1_neutral_angry,1,1,neutral,angry,23,-3.49609375,-2.83203125,-3.5439453125,-3.6875,0.26025390625,-0.45166015625,-0.8076171875
a01_s1_neutral_angry,1,1,neutral,angry,24,-2.595703125,-3.8203125,-2.95849609375,-4.4453125,-1.355712890625,-0.493896484375,-0.26220703125
a01_s1_neutral_angry,1,1,neutral,angry,25,-2.14453125,-2.5078125,-2.46484375,-2.6328125,-0.265625,-0.22265625,0.1953125
a01_s1_neutral_angry,1,1,neutral,angry,26,-2.6875,-1.1875,-3.1875,-1.9375,1.375,-0.625,-0.25
a01_s1_neutral_angry,1,1,neutral,angry,27,-1.125,-0.78125,-2.03125,-2.718749523162842,-0.1718747615814209,-1.421874761581421,-1.0312495231628418
a01_s1_neutral_angry,1,1,neutral,angry,28,-0.75,-1.0,-0.9375,-1.9375,-0.625,-0.5625,-0.75
a01_s2_happy_sad,1,2,happy,sad,0,2.3046875,2.3046875,2.3046875,2.3046875,0.0,0.0,0.0
a01_s2_happy_sad,1,2,happy,sad,1,-0.3125,-0.3125,-0.3515625,-0.3125,0.01953125,-0.01953125,0.0390625
a01_s2_happy_sad,1,2,happy,sad,2,-0.5771484375,-0.59765625,-0.66845703125,-0.716796875,-0.034423828125,-0.105224609375,-0.02783203125
a01_s2_happy_sad,1,2,happy,sad,3,-0.5859384536743164,-0.3984375,-0.6640625,-0.4765625,0.1875004768371582,-0.0781245231628418,-9.5367431640625e-07
a01_s2_happy_sad,1,2,happy,sad,4,-0.453125,-0.15625,-0.390625,-0.09375,0.296875,0.0625,0.0
a01_s2_happy_sad,1,2,happy,sad,5,-1.09375,-0.828125,-1.078125,-0.796875,0.2734375,0.0234375,0.015625
a01_s2_happy_sad,1,2,happy,sad,6,-2.0625,-1.96875,-2.0,-1.90625,0.09375,0.0625,0.0
a01_s2_happy_sad,1,2,happy,sad,7,-0.65625,-0.90625,-0.625,-0.90625,-0.265625,0.015625,-0.03125
a01_s2_happy_sad,1,2,happy,sad,8,-0.78125,-0.96875,-0.9375,-1.0625,-0.15625,-0.125,0.0625
a01_s2_happy_sad,1,2,happy,sad,9,0.6875,0.890625,0.78125,0.75,0.0859375,-0.0234375,-0.234375
a01_s2_happy_sad,1,2,happy,sad,10,-1.8828115463256836,-1.921875,-1.578125,-1.8515625,-0.1562504768371582,0.1874995231628418,-0.2343740463256836
a01_s2_happy_sad,1,2,happy,sad,11,-1.640625,-1.328125,-1.359375,-1.40625,0.1328125,0.1015625,-0.359375
a01_s2_happy_sad,1,2,happy,sad,12,-1.765625,-1.625,-1.84375,-1.65625,0.1640625,-0.0546875,0.046875
a01_s2_happy_sad,1,2,happy,sad,13,-1.578125,-1.453125,-1.765625,-1.5625,0.1640625,-0.1484375,0.078125
a01_s2_happy_sad,1,2,happy,sad,14,-1.1953125,-1.0,-1.0781259536743164,-1.03125,0.1210942268371582,0.0429682731628418,-0.1484365463256836
a01_s2_happy_sad,1,2,happy,sad,15,-0.4375,-0.515625,-0.359375,-0.71875,-0.21875,-0.0625,-0.28125
a01_s2_happy_sad,1,2,happy,sad,16,-1.80859375,-2.1250009536743164,-1.640625,-1.9609384536743164,-0.3183603286743164,0.166015625,-0.00390625
a01_s2_happy_sad,1,2,happy,sad,17,-1.7578125,-2.65625,-1.96484375,-2.20703125,-0.5703125,0.12109375,0.65625
a01_s2_happy_sad,1,2,happy,sad,18,-2.671875,-2.6875,-2.75,-2.4609384536743164,0.1367182731628418,0.0742182731628418,0.3046865463256836
a01_s2_happy_sad,1,2,happy,sad,19,-0.84375,-1.3984384536743164,-1.0078125,-1.1953134536743164,-0.3710947036743164,0.01953125,0.3671875
a01_s2_happy_sad,1,2,happy,sad,20,-0.3515625,-0.8359375,-0.328125,-1.0,-0.578125,-0.0703125,-0.1875
a01_s2_happy_sad,1,2,happy,sad,21,-1.2578125,-1.390625,-1.265625,-1.125,0.00390625,0.12890625,0.2734375
a01_s2_happy_sad,1,2,happy,sad,22,-0.59765625,-0.828125,-0.58203125,-0.203125,0.07421875,0.3203125,0.609375
a01_s2_happy_sad,1,2,happy,sad,23,-1.693359375,-1.4375,-1.97265625,-0.65625,0.7861328125,0.2509765625,1.060546875
a01_s2_happy_sad,1,2,happy,sad,24,-0.234130859375,0.1796875,-0.52484130859375,0.4921875,0.715423583984375,0.010894775390625,0.60321044921875
a01_s2_happy_sad,1,2,happy,sad,25,-0.521484375,-0.6484375,-0.8515625,-0.6904296875,0.01708984375,-0.18603515625,0.2880859375
a01_s2_happy_sad,1,2,happy,sad,26,-1.5546875,-2.015625,-1.96875,-1.95703125,-0.224609375,-0.177734375,0.47265625
a01_s2_happy_sad,1,2,happy,sad,27,-0.984375,-1.296875,-1.328125,-1.09375,-0.0390625,-0.0703125,0.546875
a01_s2_happy_sad,1,2,happy,sad,28,-0.375,-0.625,-0.5625,-0.6875,-0.1875,-0.125,0.125
a01_s2_neutral_angry,1,2,neutral,angry,0,0.951171875,0.951171875,0.951171875,0.951171875,0.0,0.0,0.0
a01_s2_neutral_angry,1,2,neutral,angry,1,0.0517578125,0.0029296875,-0.0771484375,-0.02490234375,0.001708984375,-0.078369140625,0.10107421875
a01_s2_neutral_angry,1,2,neutral,angry,2,-0.431640625,-0.544921875,-0.30859375,-0.427734375,-0.1162109375,0.1201171875,-0.005859375
a01_s2_neutral_angry,1,2,neutral,angry,3,0.09375,0.0,0.09375,0.140625,-0.0234375,0.0703125,0.140625
a01_s2_neutral_angry,1,2,neutral,angry,4,1.40625,1.4375,1.09375,1.34375,0.140625,-0.203125,0.21875
a01_s2_neutral_angry,1,2,neutral,angry,5,0.75,0.71875,0.375,0.53125,0.0625,-0.28125,0.1875
a01_s2_neutral_angry,1,2,neutral,angry,6,-0.84375,-0.6875,-1.1875,-0.875,0.234375,-0.265625,0.15625
a01_s2_neutral_angry,1,2,neutral,angry,7,0.15625,-0.25,0.34375,0.09375,-0.328125,0.265625,0.15625
a01_s2_neutral_angry,1,2,neutral,angry,8,0.46875,0.28125,0.5,0.4375,-0.125,0.09375,0.125
a01_s2_neutral_angry,1,2,neutral,angry,9,1.265625,1.078125,1.40625,1.015625,-0.2890625,0.0390625,-0.203125
a01_s2_neutral_angry,1,2,neutral,angry,10,0.78125,-0.28125,0.9375,0.078125,-0.9609375,0.2578125,0.203125
a01_s2_neutral_angry,1,2,neutral,angry,11,1.53125,0.25,1.453125,0.6875,-1.0234375,0.1796875,0.515625
a01_s2_neutral_angry,1,2,neutral,angry,12,0.21875,-0.96875,0.34375,-0.46875,-1.0,0.3125,0.375
a01_s2_neutral_angry,1,2,neutral,angry,13,-0.0625,-1.1875,-0.0625,-0.796875,-0.9296875,0.1953125,0.390625
a01_s2_neutral_angry,1,2,neutral,angry,14,-0.765625,-1.4843759536743164,-0.65625,-0.875,-0.4687504768371582,0.3593754768371582,0.5000009536743164
a01_s2_neutral_angry,1,2,neutral,angry,15,-0.28125,-0.75,-0.21875,-0.515625,-0.3828125,0.1484375,0.171875
a01_s2_neutral_angry,1,2,neutral,angry,16,-0.40625,-1.3437490463256836,-0.296875,-1.3125,-0.9765620231628418,0.0703120231628418,-0.0781259536743164
a01_s2_neutral_angry,1,2,neutral,angry,17,-0.53125,-0.8906240463256836,-0.46875,-0.6875,-0.2890620231628418,0.1328120231628418,0.1406240463256836
a01_s2_neutral_angry,1,2,neutral,angry,18,1.03125,0.765625,1.171875,0.875,-0.28125,0.125,-0.03125
a01_s2_neutral_angry,1,2,neutral,angry,19,-0.109375,-0.375,-0.015625,-0.4687509536743164,-0.3593754768371582,-4.76837158203125e-07,-0.1875009536743164
a01_s2_neutral_angry,1,2,neutral,angry,20,-3.12451171875,-2.44921875,-3.208984375,-1.7109375,1.086669921875,0.326904296875,0.82275390625
a01_s2_neutral_angry,1,2,neutral,angry,21,-2.7109375,-2.0859375,-2.5546865463256836,-1.625,0.7773432731628418,0.3085942268371582,0.3046865463256836
a01_s2_neutral_angry,1,2,neutral,angry,22,-2.8828125,-2.2734375,-2.54296875,-1.6953125,0.728515625,0.458984375,0.23828125
a01_s2_neutral_angry,1,2,neutral,angry,23,-4.05078125,-3.89453125,-4.010804176330566,-3.1396484375,0.5137028694152832,0.3974299430847168,0.7149057388305664
a01_s2_neutral_angry,1,2,neutral,angry,24,-4.0078125,-5.40625,-4.578125,-4.265625,-0.54296875,0.28515625,1.7109375
a01_s2_neutral_angry,1,2,neutral,angry,25,-0.798828125,-2.2642898559570312,-1.46875,-1.783203125,-0.8899574279785156,-0.09441757202148438,1.1510086059570312
a01_s2_neutral_angry,1,2,neutral,angry,26,-2.31640625,-2.77734375,-3.123046875,-2.65625,0.0029296875,-0.3427734375,0.927734375
a01_s2_neutral_angry,1,2,neutral,angry,27,-0.5,-0.828125,-0.828125,-1.203125,-0.3515625,-0.3515625,-0.046875
a01_s2_neutral_angry,1,2,neutral,angry,28,0.875,0.5625,0.75,0.3125,-0.375,-0.1875,-0.125
a02_s1_happy_sad,2,1,happy,sad,0,2.3046875,2.3046875,2.3046875,2.3046875,0.0,0.0,0.0
a02_s1_happy_sad,2,1,happy,sad,1,-0.265625,-0.09375,-0.2265625,-0.046875,0.17578125,0.04296875,0.0078125
a02_s1_happy_sad,2,1,happy,sad,2,-0.59765625,-0.40625,-0.634765625,-0.4453125,0.1904296875,-0.0380859375,-0.001953125
a02_s1_happy_sad,2,1,happy,sad,3,-0.7812509536743164,-0.5234375,-0.75,-0.546875,0.2304692268371582,0.003906726837158203,-0.054688453674316406
a02_s1_happy_sad,2,1,happy,sad,4,-0.75,-0.453125,-0.640625,-0.484375,0.2265625,0.0390625,-0.140625
a02_s1_happy_sad,2,1,happy,sad,5,-1.078125,-0.875,-1.09375,-1.0,0.1484375,-0.0703125,-0.109375
a02_s1_happy_sad,2,1,happy,sad,6,-2.25,-1.96875,-2.1875,-1.90625,0.28125,0.0625,0.0
a02_s1_happy_sad,2,1,happy,sad,7,-1.03125,-0.84375,-1.09375,-0.84375,0.21875,-0.03125,0.0625
a02_s1_happy_sad,2,1,happy,sad,8,-1.78125,-1.5,-1.8125,-1.375,0.359375,0.046875,0.15625
a02_s1_happy_sad,2,1,happy,sad,9,0.25,0.71875,0.390625,0.828125,0.453125,0.125,-0.03125
a02_s1_happy_sad,2,1,happy,sad,10,-1.640625,-1.609375,-1.640625,-1.625,0.0234375,-0.0078125,-0.015625
a02_s1_happy_sad,2,1,happy,sad,11,-1.7499990463256836,-1.359375,-1.9374990463256836,-1.546875,0.3906240463256836,-0.1875,0.0
a02_s1_happy_sad,2,1,happy,sad,12,-2.40625,-2.28125,-2.625,-2.40625,0.171875,-0.171875,0.09375
a02_s1_happy_sad,2,1,happy,sad,13,-2.953125,-2.296875,-3.125,-2.46875,0.65625,-0.171875,0.0
a02_s1_happy_sad,2,1,happy,sad,14,-2.17578125,-1.375,-2.21875,-1.5859375,0.716796875,-0.126953125,-0.16796875
a02_s1_happy_sad,2,1,happy,sad,15,-1.337890625,-0.84375,-1.296875,-0.9531259536743164,0.4189448356628418,-0.0341801643371582,-0.1503915786743164
a02_s1_happy_sad,2,1,happy,sad,16,-2.4609375,-2.58203125,-2.46484375,-2.791015625,-0.2236328125,-0.1064453125,-0.205078125
a02_s1_happy_sad,2,1,happy,sad,17,-1.77734375,-2.42578125,-1.93359375,-2.48046875,-0.59765625,-0.10546875,0.1015625
a02_s1_happy_sad,2,1,happy,sad,18,-2.9453134536743164,-2.7109375,-3.010009765625,-2.921875,0.1612553596496582,-0.1378169059753418,-0.1462411880493164
a02_s1_happy_sad,2,1,happy,sad,19,-1.9609375,-1.416015625,-2.11328125,-1.543212890625,0.5574951171875,-0.1397705078125,0.025146484375
a02_s1_happy_sad,2,1,happy,sad,20,-0.09375,-0.2265625,-0.2578125,-0.3671875,-0.12109375,-0.15234375,0.0234375
a02_s1_happy_sad,2,1,happy,sad,21,-1.171875,-1.8203125,-1.40625,-1.8828125,-0.5625,-0.1484375,0.171875
a02_s1_happy_sad,2,1,happy,sad,22,-1.4560546875,-0.96484375,-1.46484375,-0.650390625,0.65283203125,0.15283203125,0.3232421875
a02_s1_happy_sad,2,1,happy,sad,23,-2.88671875,-1.4609375,-2.5625,-1.25390625,1.3671875,0.265625,-0.1171875
a02_s1_happy_sad,2,1,happy,sad,24,0.09765625,-0.078125,0.595703125,0.125,-0.3232421875,0.3505859375,-0.294921875
a02_s1_happy_sad,2,1,happy,sad,25,-0.7265625,-0.625,-0.625,-0.6015625,0.0625,0.0625,-0.078125
a02_s1_happy_sad,2,1,happy,sad,26,-1.3437495231628418,-1.38525390625,-1.140625,-1.28515625,-0.0930178165435791,0.1516110897064209,-0.1030268669128418
a02_s1_happy_sad,2,1,happy,sad,27,-1.7500004768371582,-1.921875,-1.40625,-1.296875,-0.0312497615814209,0.4843752384185791,0.2812495231628418
a02_s1_happy_sad,2,1,happy,sad,28,-1.0,-1.0625,-0.9375,-0.8125,0.03125,0.15625,0.1875
a02_s1_neutral_angry,2,1,neutral,angry,0,0.951171875,0.951171875,0.951171875,0.951171875,0.0,0.0,0.0
a02_s1_neutral_angry,2,1,neutral,angry,1,0.0693359375,0.01438140869140625,0.076171875,0.016387939453125,-0.057369232177734375,0.004421234130859375,-0.00482940673828125
a02_s1_neutral_angry,2,1,neutral,angry,2,-0.376953125,-0.4599609375,-0.31640625,-0.4609375,-0.11376953125,0.02978515625,-0.0615234375
a02_s1_neutral_angry,2,1,neutral,angry,3,0.234375,0.09375,0.234375,0.03125,-0.171875,-0.03125,-0.0625
a02_s1_neutral_angry,2,1,neutral,angry,4,1.53125,1.5,1.46875,1.421875,-0.0390625,-0.0703125,-0.015625
a02_s1_neutral_angry,2,1,neutral,angry,5,0.65625,0.53125,0.59375,0.40625,-0.15625,-0.09375,-0.0625
a02_s1_neutral_angry,2,1,neutral,angry,6,-0.5625,-0.53125,-0.5625,-0.625,-0.015625,-0.046875,-0.09375
a02_s1_neutral_angry,2,1,neutral,angry,7,0.875,0.25,0.9375,0.3125,-0.625,0.0625,0.0
a02_s1_neutral_angry,2,1,neutral,angry,8,1.0,0.8125,1.0,0.78125,-0.203125,-0.015625,-0.03125
a02_s1_neutral_angry,2,1,neutral,angry,9,1.625,1.46875,1.5625,1.40625,-0.15625,-0.0625,0.0
a02_s1_neutral_angry,2,1,neutral,angry,10,0.9375,1.0625,0.75,1.0,0.1875,-0.125,0.125
a02_s1_neutral_angry,2,1,neutral,angry,11,0.96875,0.953125,0.90625,0.984375,0.03125,-0.015625,0.09375
a02_s1_neutral_angry,2,1,neutral,angry,12,-0.71875,-0.5625,-0.6875,-0.359375,0.2421875,0.1171875,0.171875
a02_s1_neutral_angry,2,1,neutral,angry,13,-0.65625,0.140625,-0.6875,0.234375,0.859375,0.03125,0.125
a02_s1_neutral_angry,2,1,neutral,angry,14,-1.2343740463256836,-0.3125,-1.3281240463256836,-0.3203125,0.9648427963256836,-0.05078125,0.0859375
a02_s1_neutral_angry,2,1,neutral,angry,15,-1.0,-0.125,-1.1953125,-0.15625,0.95703125,-0.11328125,0.1640625
a02_s1_neutral_angry,2,1,neutral,angry,16,-1.40625,-1.3046875,-1.3359375,-1.1796875,0.12890625,0.09765625,0.0546875
a02_s1_neutral_angry,2,1,neutral,angry,17,-1.396484375,-0.4296875,-1.1796875,-0.25,0.9482421875,0.1982421875,-0.037109375
a02_s1_neutral_angry,2,1,neutral,angry,18,0.390625,1.015625,0.421875,0.84375,0.5234375,-0.0703125,-0.203125
a02_s1_neutral_angry,2,1,neutral,angry,19,-0.765625,-0.302734375,-0.7265625,-0.38671875,0.4013671875,-0.0224609375,-0.123046875
a02_s1_neutral_angry,2,1,neutral,angry,20,-3.0625,-1.8359375,-3.1171875,-2.14453125,1.099609375,-0.181640625,-0.25390625
a02_s1_neutral_angry,2,1,neutral,angry,21,-2.26953125,-1.66552734375,-2.25,-1.904296875,0.474853515625,-0.109619140625,-0.25830078125
a02_s1_neutral_angry,2,1,neutral,angry,22,-2.734375,-1.52734375,-2.83203125,-2.0078125,1.015625,-0.2890625,-0.3828125
a02_s1_neutral_angry,2,1,neutral,angry,23,-3.74609375,-1.537109375,-3.5820322036743164,-2.490234375,1.6503911018371582,-0.3945317268371582,-1.1171865463256836
a02_s1_neutral_angry,2,1,neutral,angry,24,-3.921875,-2.4765625,-3.4296875,-4.07421875,0.400390625,-0.552734375,-2.08984375
a02_s1_neutral_angry,2,1,neutral,angry,25,-3.8125,-1.90625,-3.1953125,-2.59375,1.25390625,-0.03515625,-1.3046875
a02_s1_neutral_angry,2,1,neutral,angry,26,-4.421874523162842,-1.0312504768371582,-3.5986328125,-2.03125,2.479003429412842,-0.08837890625,-1.8232412338256836
a02_s1_neutral_angry,2,1,neutral,angry,27,-3.1328125,-1.0624995231628418,-2.468749523162842,-1.46875,1.53515625,0.12890625,-1.0703134536743164
a02_s1_neutral_angry,2,1,neutral,angry,28,-1.75,-0.875,-1.4375,-1.0,0.65625,0.09375,-0.4375
a02_s2_happy_sad,2,2,happy,sad,0,2.3046875,2.3046875,2.3046875,2.3046875,0.0,0.0,0.0
a02_s2_happy_sad,2,2,happy,sad,1,-0.1015625,-0.0234375,-0.234375,-0.078125,0.1171875,-0.09375,0.078125
a02_s2_happy_sad,2,2,happy,sad,2,-0.4453125,-0.32421875,-0.56640625,-0.443359375,0.1220703125,-0.1201171875,0.001953125
a02_s2_happy_sad,2,2,happy,sad,3,-0.6484384536743164,-0.4765625,-0.7421884536743164,-0.5703125,0.1718759536743164,-0.09375,0.0
a02_s2_happy_sad,2,2,happy,sad,4,-0.640625,-0.265625,-0.65625,-0.3125,0.359375,-0.03125,-0.03125
a02_s2_happy_sad,2,2,happy,sad,5,-1.0,-0.6875,-1.203125,-0.796875,0.359375,-0.15625,0.09375
a02_s2_happy_sad,2,2,happy,sad,6,-2.03125,-1.65625,-2.125,-1.6875,0.40625,-0.0625,0.0625
a02_s2_happy_sad,2,2,happy,sad,7,-0.9375,-0.5625,-0.96875,-0.65625,0.34375,-0.0625,-0.0625
a02_s2_happy_sad,2,2,happy,sad,8,-1.53125,-0.9375,-1.65625,-1.0625,0.59375,-0.125,0.0
a02_s2_happy_sad,2,2,happy,sad,9,0.390625,0.953125,0.46875,0.96875,0.53125,0.046875,-0.0625
a02_s2_happy_sad,2,2,happy,sad,10,-1.375,-1.671875,-1.4453125,-1.75,-0.30078125,-0.07421875,-0.0078125
a02_s2_happy_sad,2,2,happy,sad,11,-1.5,-1.125,-1.6562509536743164,-1.203125,0.4140629768371582,-0.1171879768371582,0.0781259536743164
a02_s2_happy_sad,2,2,happy,sad,12,-2.0625,-1.875,-2.328125,-2.0,0.2578125,-0.1953125,0.140625
a02_s2_happy_sad,2,2,happy,sad,13,-2.765625,-1.828125,-2.546875,-1.640625,0.921875,0.203125,-0.03125
a02_s2_happy_sad,2,2,happy,sad,14,-1.9375009536743164,-1.0625,-1.7578125,-0.9687509536743164,0.83203125,0.13671875,-0.08593940734863281
a02_s2_happy_sad,2,2,happy,sad,15,-0.5234375,-0.453125,-0.7265625,-0.453125,0.171875,-0.1015625,0.203125
a02_s2_happy_sad,2,2,happy,sad,16,-2.240234375,-2.6855459213256836,-1.9873046875,-2.443359375,-0.4506831169128418,0.2475581169128418,-0.010743141174316406
a02_s2_happy_sad,2,2,happy,sad,17,-1.95703125,-2.55126953125,-2.078125,-2.188232421875,-0.3521728515625,0.1209716796875,0.484130859375
a02_s2_happy_sad,2,2,happy,sad,18,-3.2373056411743164,-2.8671865463256836,-3.162109375,-2.3906240463256836,0.5708022117614746,0.2758793830871582,0.4013662338256836
a02_s2_happy_sad,2,2,happy,sad,19,-1.5460205078125,-1.44921875,-1.6796875,-1.07421875,0.35113525390625,0.12066650390625,0.5086669921875
a02_s2_happy_sad,2,2,happy,sad,20,-0.5,-0.890625,-0.4375,-0.4296875,-0.19140625,0.26171875,0.3984375
a02_s2_happy_sad,2,2,happy,sad,21,-1.5390625,-2.1484375,-1.359375,-2.046875,-0.6484375,0.140625,-0.078125
a02_s2_happy_sad,2,2,happy,sad,22,-1.453125,-0.765625,-1.1923828125,-1.015625,0.43212890625,0.00537109375,-0.5107421875
a02_s2_happy_sad,2,2,happy,sad,23,-2.16015625,-0.9453125,-2.193359375,-1.421875,0.9931640625,-0.2548828125,-0.443359375
a02_s2_happy_sad,2,2,happy,sad,24,-0.5625,0.3828125,-0.43359375,-0.1015625,0.638671875,-0.177734375,-0.61328125
a02_s2_happy_sad,2,2,happy,sad,25,0.2265625,0.5,-0.1640625,0.0078125,0.22265625,-0.44140625,-0.1015625
a02_s2_happy_sad,2,2,happy,sad,26,-0.74609375,-0.55078125,-1.15234375,-1.0576171875,0.14501953125,-0.45654296875,-0.1005859375
a02_s2_happy_sad,2,2,happy,sad,27,-2.0,-0.96875,-1.546875,-0.953125,0.8125,0.234375,-0.4375
a02_s2_happy_sad,2,2,happy,sad,28,-0.9375,-0.5,-0.625,-0.5,0.28125,0.15625,-0.3125
a02_s2_neutral_angry,2,2,neutral,angry,0,0.951171875,0.951171875,0.951171875,0.951171875,0.0,0.0,0.0
a02_s2_neutral_angry,2,2,neutral,angry,1,-0.0595703125,0.03452301025390625,-0.05859375,0.0302734375,0.09148025512695312,-0.001636505126953125,-0.00522613525390625
a02_s2_neutral_angry,2,2,neutral,angry,2,-0.541015625,-0.3974609375,-0.521484375,-0.4072265625,0.12890625,0.0048828125,-0.029296875
a02_s2_neutral_angry,2,2,neutral,angry,3,0.0625,0.234375,0.078125,0.203125,0.1484375,-0.0078125,-0.046875
a02_s2_neutral_angry,2,2,neutral,angry,4,1.375,1.4375,1.28125,1.40625,0.09375,-0.0625,0.0625
a02_s2_neutral_angry,2,2,neutral,angry,5,0.5,0.40625,0.53125,0.46875,-0.078125,0.046875,0.03125
a02_s2_neutral_angry,2,2,neutral,angry,6,-0.78125,-0.71875,-0.78125,-0.625,0.109375,0.046875,0.09375
a02_s2_neutral_angry,2,2,neutral,angry,7,0.875,0.6875,0.90625,0.78125,-0.15625,0.0625,0.0625
a02_s2_neutral_angry,2,2,neutral,angry,8,1.0625,0.78125,0.96875,0.71875,-0.265625,-0.078125,0.03125
a02_s2_neutral_angry,2,2,neutral,angry,9,2.390625,1.84375,2.28125,1.625,-0.6015625,-0.1640625,-0.109375
a02_s2_neutral_angry,2,2,neutral,angry,10,1.734375,1.359375,1.640625,1.4375,-0.2890625,-0.0078125,0.171875
a02_s2_neutral_angry,2,2,neutral,angry,11,1.4375,0.9375,1.328125,0.90625,-0.4609375,-0.0703125,0.078125
a02_s2_neutral_angry,2,2,neutral,angry,12,-0.875,-1.0,-1.0,-0.96875,-0.046875,-0.046875,0.15625
a02_s2_neutral_angry,2,2,neutral,angry,13,-0.46875,-0.40625,-0.4375,-0.21875,0.140625,0.109375,0.15625
a02_s2_neutral_angry,2,2,neutral,angry,14,-1.4296875,-1.1796875,-1.359375,-0.9765625,0.31640625,0.13671875,0.1328125
a02_s2_neutral_angry,2,2,neutral,angry,15,-0.8515615463256836,-0.546875,-0.9140634536743164,-0.40625,0.40625,0.039061546325683594,0.2031269073486328
a02_s2_neutral_angry,2,2,neutral,angry,16,-1.046875,-0.953125,-1.1171875,-0.8125,0.19921875,0.03515625,0.2109375
a02_s2_neutral_angry,2,2,neutral,angry,17,-0.86328125,-0.59375,-0.9765625,-0.515625,0.365234375,-0.017578125,0.19140625
a02_s2_neutral_angry,2,2,neutral,angry,18,1.1171875,0.921875,0.9609375,1.015625,-0.0703125,-0.03125,0.25
a02_s2_neutral_angry,2,2,neutral,angry,19,-0.078125,-0.359375,-0.203125,-0.390625,-0.234375,-0.078125,0.09375
a02_s2_neutral_angry,2,2,neutral,angry,20,-1.951171875,-2.234375,-2.095703125,-2.2734375,-0.23046875,-0.091796875,0.10546875
a02_s2_neutral_angry,2,2,neutral,angry,21,-2.046875,-2.17578125,-2.046875,-2.2421875,-0.162109375,-0.033203125,-0.06640625
a02_s2_neutral_angry,2,2,neutral,angry,22,-2.6845703125,-2.5859375,-2.7509765625,-2.65625,0.0966796875,-0.068359375,-0.00390625
a02_s2_neutral_angry,2,2,neutral,angry,23,-3.2734384536743164,-3.421875,-3.798828125,-3.37109375,0.1396489143371582,-0.2373042106628418,0.5761709213256836
a02_s2_neutral_angry,2,2,neutral,angry,24,-3.22265625,-4.4609375,-3.89453125,-4.1953125,-0.76953125,-0.203125,0.9375
a02_s2_neutral_angry,2,2,neutral,angry,25,-1.6298828125,-2.109375,-2.2421875,-2.42333984375,-0.330322265625,-0.463134765625,0.29833984375
a02_s2_neutral_angry,2,2,neutral,angry,26,-2.009765625,-1.8124995231628418,-2.265625,-2.109375,0.1767580509185791,-0.2763674259185791,-0.0410161018371582
a02_s2_neutral_angry,2,2,neutral,angry,27,-0.640625,-0.84375,-0.90625,-1.9687495231628418,-0.6328122615814209,-0.6953122615814209,-0.8593745231628418
a02_s2_neutral_angry,2,2,neutral,angry,28,0.375,0.0,0.1875,-0.625,-0.59375,-0.40625,-0.4375
a03_s1_happy_sad,3,1,happy,sad,0,2.3046875,2.3046875,2.3046875,2.3046875,0.0,0.0,0.0
a03_s1_happy_sad,3,1,happy,sad,1,-0.0859375,-0.234375,-0.109375,-0.234375,-0.13671875,-0.01171875,0.0234375
a03_s1_happy_sad,3,1,happy,sad,2,-0.501953125,-0.537109375,-0.4375,-0.51171875,-0.0546875,0.044921875,-0.0390625
a03_s1_happy_sad,3,1,happy,sad,3,-0.421875,-0.328125,-0.4140625,-0.390625,0.05859375,-0.02734375,-0.0703125
a03_s1_happy_sad,3,1,happy,sad,4,-0.140625,-0.03125,-0.21875,-0.28125,0.0234375,-0.1640625,-0.171875
a03_s1_happy_sad,3,1,happy,sad,5,-0.75,-0.828125,-0.59375,-0.921875,-0.203125,0.03125,-0.25
a03_s1_happy_sad,3,1,happy,sad,6,-1.53125,-1.5625,-1.40625,-1.75,-0.1875,-0.03125,-0.3125
a03_s1_happy_sad,3,1,happy,sad,7,-0.53125,-0.53125,-0.28125,-0.53125,-0.125,0.125,-0.25
a03_s1_happy_sad,3,1,happy,sad,8,-0.75,-0.84375,-0.90625,-1.21875,-0.203125,-0.265625,-0.21875
a03_s1_happy_sad,3,1,happy,sad,9,0.65625,0.8125,0.53125,0.453125,0.0390625,-0.2421875,-0.234375
a03_s1_happy_sad,3,1,happy,sad,10,-1.5234375,-1.734375,-1.5078125,-2.03125,-0.3671875,-0.140625,-0.3125
a03_s1_happy_sad,3,1,happy,sad,11,-1.96875,-1.53125,-1.890625,-1.5625,0.3828125,0.0234375,-0.109375
a03_s1_happy_sad,3,1,happy,sad,12,-2.703125,-2.703125,-2.65625,-2.390625,0.1328125,0.1796875,0.265625
a03_s1_happy_sad,3,1,happy,sad,13,-2.90625,-2.3125,-3.484375,-2.203125,0.9375,-0.234375,0.6875
a03_s1_happy_sad,3,1,happy,sad,14,-1.6640625,-1.6171875,-2.1015625,-1.7968759536743164,0.1757807731628418,-0.3085942268371582,0.2578115463256836
a03_s1_happy_sad,3,1,happy,sad,15,-1.109375,-1.3125,-1.2031240463256836,-1.390625,-0.1953129768371582,-0.0859370231628418,0.015624046325683594
a03_s1_happy_sad,3,1,happy,sad,16,-2.662109375,-2.78125,-2.8046875,-3.2109375,-0.2626953125,-0.2861328125,-0.287109375
a03_s1_happy_sad,3,1,happy,sad,17,-2.7255859375,-2.4843740463256836,-2.896484375,-2.84375,0.1469731330871582,-0.2651371955871582,-0.1884775161743164
a03_s1_happy_sad,3,1,happy,sad,18,-3.359375,-2.96875,-3.4765625,-3.1640615463256836,0.3515629768371582,-0.1562495231628418,-0.0781240463256836
a03_s1_happy_sad,3,1,happy,sad,19,-1.6890869140625,-1.9453125,-1.78564453125,-2.578125,-0.52435302734375,-0.36468505859375,-0.5362548828125
a03_s1_happy_sad,3,1,happy,sad,20,-0.5546875,-0.84375,-1.0,-1.515625,-0.40234375,-0.55859375,-0.2265625
a03_s1_happy_sad,3,1,happy,sad,21,-2.14453125,-1.671875,-2.2421875,-2.609375,0.052734375,-0.517578125,-0.83984375
a03_s1_happy_sad,3,1,happy,sad,22,-1.5625,-0.7890625,-1.58984375,-1.5625,0.400390625,-0.400390625,-0.74609375
a03_s1_happy_sad,3,1,happy,sad,23,-2.43359375,-1.76953125,-1.828125,-1.4921875,0.5,0.44140625,-0.328125
a03_s1_happy_sad,3,1,happy,sad,24,-0.33203125,0.12109375,0.36328125,0.5390625,0.314453125,0.556640625,-0.27734375
a03_s1_happy_sad,3,1,happy,sad,25,-0.484375,-1.26953125,-0.323486328125,-0.978515625,-0.7200927734375,0.2259521484375,0.130126953125
a03_s1_happy_sad,3,1,happy,sad,26,-0.34375,-1.58203125,-0.8203125,-1.064453125,-0.7412109375,0.0205078125,0.994140625
a03_s1_happy_sad,3,1,happy,sad,27,-1.15625,-1.0625,-1.375,-0.9609375,0.25390625,-0.05859375,0.3203125
a03_s1_happy_sad,3,1,happy,sad,28,-0.3125,-0.25,-0.5,-0.5,0.03125,-0.21875,-0.0625
a03_s1_neutral_angry,3,1,neutral,angry,0,0.951171875,0.951171875,0.951171875,0.951171875,0.0,0.0,0.0
a03_s1_neutral_angry,3,1,neutral,angry,1,-0.015625,-0.00537109375,-0.056640625,0.1163330078125,0.09161376953125,0.04034423828125,0.1627197265625
a03_s1_neutral_angry,3,1,neutral,angry,2,-0.490234375,-0.396484375,-0.455078125,-0.2890625,0.1298828125,0.0712890625,0.072265625
a03_s1_neutral_angry,3,1,neutral,angry,3,0.234375,0.25,0.265625,0.40625,0.078125,0.09375,0.125
a03_s1_neutral_angry,3,1,neutral,angry,4,1.53125,1.40625,1.625,1.84375,0.046875,0.265625,0.34375
a03_s1_neutral_angry,3,1,neutral,angry,5,0.65625,0.75,0.65625,1.0,0.21875,0.125,0.25
a03_s1_neutral_angry,3,1,neutral,angry,6,-0.75,-0.8125,-0.71875,-0.375,0.140625,0.234375,0.40625
a03_s1_neutral_angry,3,1,neutral,angry,7,0.59375,0.0,0.53125,0.34375,-0.390625,0.140625,0.40625
a03_s1_neutral_angry,3,1,neutral,angry,8,0.78125,0.65625,0.65625,0.6875,-0.046875,-0.046875,0.15625
a03_s1_neutral_angry,3,1,neutral,angry,9,1.90625,1.546875,1.953125,1.09375,-0.609375,-0.203125,-0.5
a03_s1_neutral_angry,3,1,neutral,angry,10,0.953125,0.125,0.875,0.609375,-0.546875,0.203125,0.5625
a03_s1_neutral_angry,3,1,neutral,angry,11,1.5625,0.59375,1.34375,0.53125,-0.890625,-0.140625,0.15625
a03_s1_neutral_angry,3,1,neutral,angry,12,-0.3125,-1.03125,-0.46875,-1.1875,-0.71875,-0.15625,0.0
a03_s1_neutral_angry,3,1,neutral,angry,13,-0.359375,-0.53125,-0.375,-0.78125,-0.2890625,-0.1328125,-0.234375
a03_s1_neutral_angry,3,1,neutral,angry,14,-0.96875,-0.875,-0.96875,-1.078125,-0.0078125,-0.1015625,-0.203125
a03_s1_neutral_angry,3,1,neutral,angry,15,-0.859375,-0.46875,-1.125,-1.0625,0.2265625,-0.4296875,-0.328125
a03_s1_neutral_angry,3,1,neutral,angry,16,-0.65625,-1.4765625,-0.890625,-1.5,-0.71484375,-0.12890625,0.2109375
a03_s1_neutral_angry,3,1,neutral,angry,17,-0.9375,-1.21875,-1.3203125,-1.0859375,-0.0234375,-0.125,0.515625
a03_s1_neutral_angry,3,1,neutral,angry,18,0.359375,-0.234375,0.140625,-0.375,-0.5546875,-0.1796875,0.078125
a03_s1_neutral_angry,3,1,neutral,angry,19,-0.53125,-0.875,-1.234375,-1.4296875,-0.26953125,-0.62890625,0.1484375
a03_s1_neutral_angry,3,1,neutral,angry,20,-4.046875,-2.74609375,-3.296875,-2.7958984375,0.90087890625,0.35009765625,-0.7998046875
a03_s1_neutral_angry,3,1,neutral,angry,21,-2.9296875,-2.0546884536743164,-2.390625,-2.015625,0.6249995231628418,0.2890629768371582,-0.4999990463256836
a03_s1_neutral_angry,3,1,neutral,angry,22,-3.7578125,-2.9414072036743164,-3.265625,-2.0820322036743164,0.9999990463256836,0.67578125,0.3671875
a03_s1_neutral_angry,3,1,neutral,angry,23,-3.7734375,-3.6074228286743164,-4.1875,-3.1542978286743164,0.5996084213256836,0.01953125,0.8671875
a03_s1_neutral_angry,3,1,neutral,angry,24,-3.078125,-4.8515625,-4.3515625,-4.328125,-0.875,-0.375,1.796875
a03_s1_neutral_angry,3,1,neutral,angry,25,-2.59765625,-3.1171875,-3.2666015625,-2.20703125,0.27001953125,0.12060546875,1.5791015625
a03_s1_neutral_angry,3,1,neutral,angry,26,-3.2890625,-3.0074462890625,-3.015625,-2.3203125,0.48846435546875,0.48028564453125,0.4136962890625
a03_s1_neutral_angry,3,1,neutral,angry,27,-2.12890625,-2.6171875,-2.609374523162842,-1.390625,0.3652341365814209,0.3730471134185791,1.7070307731628418
a03_s1_neutral_angry,3,1,neutral,angry,28,-1.0625,-1.3125,-1.4375,-0.75,0.21875,0.09375,0.9375
a03_s2_happy_sad,3,2,happy,sad,0,2.3046875,2.3046875,2.3046875,2.3046875,0.0,0.0,0.0
a03_s2_happy_sad,3,2,happy,sad,1,-0.3984375,-0.3203125,-0.3203125,-0.2265625,0.0859375,0.0859375,0.015625
a03_s2_happy_sad,3,2,happy,sad,2,-0.76025390625,-0.7060546875,-0.62109375,-0.580078125,0.047607421875,0.132568359375,-0.01318359375
a03_s2_happy_sad,3,2,happy,sad,3,-0.8828115463256836,-0.6875,-0.75,-0.609375,0.1679682731628418,0.1054682731628418,-0.054686546325683594
a03_s2_happy_sad,3,2,happy,sad,4,-0.578125,-0.171875,-0.46875,-0.15625,0.359375,0.0625,-0.09375
a03_s2_happy_sad,3,2,happy,sad,5,-1.140625,-0.828125,-1.09375,-0.8125,0.296875,0.03125,-0.03125
a03_s2_happy_sad,3,2,happy,sad,6,-2.03125,-1.921875,-2.03125,-1.84375,0.1484375,0.0390625,0.078125
a03_s2_happy_sad,3,2,happy,sad,7,-0.625,-0.375,-0.59375,-0.34375,0.25,0.03125,0.0
a03_s2_happy_sad,3,2,happy,sad,8,-0.75,-0.75,-0.875,-0.8125,0.03125,-0.09375,0.0625
a03_s2_happy_sad,3,2,happy,sad,9,0.78125,1.046875,0.453125,0.71875,0.265625,-0.328125,0.0
a03_s2_happy_sad,3,2,happy,sad,10,-1.8359375,-1.7812490463256836,-1.59375,-1.953125,-0.1523432731628418,0.0351557731628418,-0.4140634536743164
a03_s2_happy_sad,3,2,happy,sad,11,-1.734375,-0.9375,-1.84375,-1.03125,0.8046875,-0.1015625,0.015625
a03_s2_happy_sad,3,2,happy,sad,12,-2.515625,-2.0625,-2.59375,-2.3125,0.3671875,-0.1640625,-0.171875
a03_s2_happy_sad,3,2,happy,sad,13,-2.8125,-2.203125,-3.0,-2.34375,0.6328125,-0.1640625,0.046875
a03_s2_happy_sad,3,2,happy,sad,14,-1.9218759536743164,-1.46875,-2.0546875,-1.875,0.3164067268371582,-0.2695307731628418,-0.2734384536743164
a03_s2_happy_sad,3,2,happy,sad,15,-0.984375,-1.015625,-0.96875,-1.0625,-0.0625,-0.015625,-0.0625
a03_s2_happy_sad,3,2,happy,sad,16,-3.1621084213256836,-2.625,-2.8085947036743164,-3.140625,0.1025390625,-0.0810556411743164,-0.8691387176513672
a03_s2_happy_sad,3,2,happy,sad,17,-2.974609375,-3.3396615982055664,-2.93359375,-3.83203125,-0.6317448616027832,-0.2256770133972168,-0.5333852767944336
a03_s2_happy_sad,3,2,happy,sad,18,-3.2265615463256836,-3.6640625,-3.1484375,-3.9375009536743164,-0.6132822036743164,-0.0976572036743164,-0.3515625
a03_s2_happy_sad,3,2,happy,sad,19,-1.7880859375,-2.0,-2.2685546875,-2.0859375,-0.0146484375,-0.283203125,0.39453125
a03_s2_happy_sad,3,2,happy,sad,20,-0.609375,-1.234375,-1.1484375,-1.3671875,-0.421875,-0.3359375,0.40625
a03_s2_happy_sad,3,2,happy,sad,21,-2.0390625,-2.34375,-2.10546875,-2.0390625,-0.119140625,0.119140625,0.37109375
a03_s2_happy_sad,3,2,happy,sad,22,-1.30078125,-1.3125,-1.60546875,-1.2890625,0.15234375,-0.140625,0.328125
a03_s2_happy_sad,3,2,happy,sad,23,-2.328125,-1.53125,-1.4375,-0.921875,0.65625,0.75,-0.28125
a03_s2_happy_sad,3,2,happy,sad,24,-1.177734375,-0.0390625,0.19140625,0.5078125,0.7275390625,0.9580078125,-0.822265625
a03_s2_happy_sad,3,2,happy,sad,25,-0.58837890625,-0.6875,-0.38671875,-0.34375,-0.028076171875,0.272705078125,0.14208984375
a03_s2_happy_sad,3,2,happy,sad,26,-1.8125,-1.708984375,-1.96142578125,-1.732421875,0.166259765625,-0.086181640625,0.12548828125
a03_s2_happy_sad,3,2,happy,sad,27,-1.578125,-1.234375,-1.890625,-1.59375,0.3203125,-0.3359375,-0.046875
a03_s2_happy_sad,3,2,happy,sad,28,-0.625,-0.75,-1.1875,-1.125,-0.03125,-0.46875,0.1875
a03_s2_neutral_angry,3,2,neutral,angry,0,0.951171875,0.951171875,0.951171875,0.951171875,0.0,0.0,0.0
a03_s2_neutral_angry,3,2,neutral,angry,1,-0.037109375,-0.0078125,-0.19873046875,-0.1141357421875,0.05694580078125,-0.13397216796875,0.0552978515625
a03_s2_neutral_angry,3,2,neutral,angry,2,-0.552734375,-0.326171875,-0.623046875,-0.375,0.2373046875,-0.0595703125,0.021484375
a03_s2_neutral_angry,3,2,neutral,angry,3,0.25,0.484375,0.0,0.421875,0.328125,-0.15625,0.1875
a03_s2_neutral_angry,3,2,neutral,angry,4,1.34375,1.5625,1.125,1.609375,0.3515625,-0.0859375,0.265625
a03_s2_neutral_angry,3,2,neutral,angry,5,0.375,0.71875,0.28125,0.6875,0.375,-0.0625,0.0625
a03_s2_neutral_angry,3,2,neutral,angry,6,-1.0,-0.90625,-1.09375,-0.90625,0.140625,-0.046875,0.09375
a03_s2_neutral_angry,3,2,neutral,angry,7,0.34375,-0.0625,0.28125,0.03125,-0.328125,0.015625,0.15625
a03_s2_neutral_angry,3,2,neutral,angry,8,0.65625,0.53125,0.53125,0.40625,-0.125,-0.125,0.0
a03_s2_neutral_angry,3,2,neutral,angry,9,1.59375,1.015625,1.328125,0.6875,-0.609375,-0.296875,-0.0625
a03_s2_neutral_angry,3,2,neutral,angry,10,0.859375,-0.4375,0.59375,-0.328125,-1.109375,-0.078125,0.375
a03_s2_neutral_angry,3,2,neutral,angry,11,1.34375,0.28125,1.40625,0.4375,-1.015625,0.109375,0.09375
a03_s2_neutral_angry,3,2,neutral,angry,12,-0.15625,-1.53125,0.09375,-1.375,-1.421875,0.203125,-0.09375
a03_s2_neutral_angry,3,2,neutral,angry,13,-0.34375,-1.515625,-0.03125,-0.984375,-1.0625,0.421875,0.21875
a03_s2_neutral_angry,3,2,neutral,angry,14,-0.734375,-1.65625,-0.78125,-1.5625,-0.8515625,0.0234375,0.140625
a03_s2_neutral_angry,3,2,neutral,angry,15,-0.453125,-0.828125,-0.84375,-0.9375,-0.234375,-0.25,0.28125
a03_s2_neutral_angry,3,2,neutral,angry,16,-0.8671875,-1.859375,-0.75,-1.9218759536743164,-1.0820317268371582,0.027343273162841797,-0.1796884536743164
a03_s2_neutral_angry,3,2,neutral,angry,17,-1.0234375,-1.4453125,-1.03125,-1.76953125,-0.580078125,-0.166015625,-0.31640625
a03_s2_neutral_angry,3,2,neutral,angry,18,0.71875,0.375,0.46875,0.046875,-0.3828125,-0.2890625,-0.078125
a03_s2_neutral_angry,3,2,neutral,angry,19,-0.25,-0.609375,-0.65625,-0.921875,-0.3125,-0.359375,0.09375
a03_s2_neutral_angry,3,2,neutral,angry,20,-2.46484375,-2.30078125,-2.93359375,-2.4140625,0.341796875,-0.291015625,0.35546875
a03_s2_neutral_angry,3,2,neutral,angry,21,-1.34375,-2.16015625,-1.8515625,-2.2265625,-0.595703125,-0.287109375,0.44140625
a03_s2_neutral_angry,3,2,neutral,angry,22,-1.04541015625,-3.09765625,-1.8427734375,-2.51953125,-1.364501953125,-0.109619140625,1.37548828125
a03_s2_neutral_angry,3,2,neutral,angry,23,-2.65234375,-3.609375,-2.921875,-3.421875,-0.728515625,-0.041015625,0.45703125
a03_s2_neutral_angry,3,2,neutral,angry,24,-4.0234375,-5.03125,-3.6328125,-5.03125,-1.203125,0.1953125,-0.390625
a03_s2_neutral_angry,3,2,neutral,angry,25,-0.984375,-3.24609375,0.53125,-2.10546875,-2.44921875,1.328125,-0.375
a03_s2_neutral_angry,3,2,neutral,angry,26,-1.703125,-3.921874523162842,-0.265625,-2.203125,-2.078124761581421,1.578124761581421,0.2812495231628418
a03_s2_neutral_angry,3,2,neutral,angry,27,-1.25,-1.734375,-0.15625,-1.28125,-0.8046875,0.7734375,-0.640625
a03_s2_neutral_angry,3,2,neutral,angry,28,0.0625,0.1875,0.9375,0.4375,-0.1875,0.5625,-0.625
a04_s1_happy_sad,4,1,happy,sad,0,2.3046875,2.3046875,2.3046875,2.3046875,0.0,0.0,0.0
a04_s1_happy_sad,4,1,happy,sad,1,-0.21875,-0.1953125,-0.2734375,-0.25,0.0234375,-0.0546875,0.0
a04_s1_happy_sad,4,1,happy,sad,2,-0.583984375,-0.634765625,-0.615234375,-0.701171875,-0.068359375,-0.048828125,-0.03515625
a04_s1_happy_sad,4,1,happy,sad,3,-0.6328125,-0.62109375,-0.6640625,-0.75,-0.037109375,-0.080078125,-0.09765625
a04_s1_happy_sad,4,1,happy,sad,4,-0.5,-0.34375,-0.5,-0.484375,0.0859375,-0.0703125,-0.140625
a04_s1_happy_sad,4,1,happy,sad,5,-1.03125,-0.921875,-1.046875,-1.015625,0.0703125,-0.0546875,-0.078125
a04_s1_happy_sad,4,1,happy,sad,6,-1.96875,-2.0,-1.9375,-1.9375,-0.015625,0.046875,0.03125
a04_s1_happy_sad,4,1,happy,sad,7,-0.8125,-0.625,-0.6875,-0.75,0.0625,0.0,-0.25
a04_s1_happy_sad,4,1,happy,sad,8,-1.4375,-1.390625,-1.375,-1.3125,0.0546875,0.0703125,0.015625
a04_s1_happy_sad,4,1,happy,sad,9,0.1875,0.46875,0.40625,0.546875,0.2109375,0.1484375,-0.140625
a04_s1_happy_sad,4,1,happy,sad,10,-1.546875,-1.484375,-1.4375,-1.4609384536743164,0.019530773162841797,0.0664057731628418,-0.0859384536743164
a04_s1_happy_sad,4,1,happy,sad,11,-1.59375,-1.65625,-1.359375,-1.4765625,-0.08984375,0.20703125,-0.0546875
a04_s1_happy_sad,4,1,happy,sad,12,-2.15625,-2.328125,-2.15625,-2.390625,-0.203125,-0.03125,-0.0625
a04_s1_happy_sad,4,1,happy,sad,13,-2.609375,-2.46875,-2.3125,-2.4375,0.0078125,0.1640625,-0.265625
a04_s1_happy_sad,4,1,happy,sad,14,-1.85546875,-2.0234384536743164,-1.609375,-2.0703125,-0.3144536018371582,0.0996098518371582,-0.2929677963256836
a04_s1_happy_sad,4,1,happy,sad,15,-0.875,-1.6796875,-0.9921875,-1.9453125,-0.87890625,-0.19140625,-0.1484375
a04_s1_happy_sad,4,1,happy,sad,16,-2.644775390625,-3.4619140625,-2.36328125,-3.2489013671875,-0.85137939453125,0.24725341796875,-0.0684814453125
a04_s1_happy_sad,4,1,happy,sad,17,-1.74609375,-2.59765625,-1.60546875,-2.333984375,-0.7900390625,0.2021484375,0.123046875
a04_s1_happy_sad,4,1,happy,sad,18,-2.390625,-3.1015625,-2.34375,-3.0156259536743164,-0.6914067268371582,0.0664057731628418,0.039061546325683594
a04_s1_happy_sad,4,1,happy,sad,19,-1.759765625,-2.705078125,-1.31640625,-2.14453125,-0.88671875,0.501953125,0.1171875
a04_s1_happy_sad,4,1,happy,sad,20,-0.546875,-0.59375,-0.09375,-0.140625,-0.046875,0.453125,0.0
a04_s1_happy_sad,4,1,happy,sad,21,-1.3671875,-1.46875,-0.953125,-0.953125,-0.05078125,0.46484375,0.1015625
a04_s1_happy_sad,4,1,happy,sad,22,-1.06640625,-1.21484375,-0.65625,-0.3828125,0.0625,0.62109375,0.421875
a04_s1_happy_sad,4,1,happy,sad,23,-1.92578125,-1.65234375,-1.15625,-1.0,0.21484375,0.7109375,-0.1171875
a04_s1_happy_sad,4,1,happy,sad,24,0.1796875,-0.04296875,0.5703125,0.234375,-0.279296875,0.333984375,-0.11328125
a04_s1_happy_sad,4,1,happy,sad,25,-0.939453125,-1.19207763671875,-0.73046875,-0.87890625,-0.200531005859375,0.261077880859375,0.10418701171875
a04_s1_happy_sad,4,1,happy,sad,26,-1.769287109375,-1.53125,-1.330078125,-1.185546875,0.1912841796875,0.3924560546875,-0.093505859375
a04_s1_happy_sad,4,1,happy,sad,27,-1.75,-1.265625,-1.57421875,-1.09765625,0.48046875,0.171875,-0.0078125
a04_s1_happy_sad,4,1,happy,sad,28,-1.1875,-0.8125,-1.3125,-0.9375,0.375,-0.125,0.0
a04_s1_neutral_angry,4,1,neutral,angry,0,0.951171875,0.951171875,0.951171875,0.951171875,0.0,0.0,0.0
a04_s1_neutral_angry,4,1,neutral,angry,1,0.2646484375,0.14990234375,0.057861328125,0.0048828125,-0.0838623046875,-0.1759033203125,0.061767578125
a04_s1_neutral_angry,4,1,neutral,angry,2,-0.22265625,-0.287109375,-0.314453125,-0.353515625,-0.0517578125,-0.0791015625,0.025390625
a04_s1_neutral_angry,4,1,neutral,angry,3,0.296875,0.1875,0.1875,0.21875,-0.0390625,-0.0390625,0.140625
a04_s1_neutral_angry,4,1,neutral,angry,4,1.703125,1.46875,1.578125,1.609375,-0.1015625,0.0078125,0.265625
a04_s1_neutral_angry,4,1,neutral,angry,5,0.78125,0.59375,0.625,0.5,-0.15625,-0.125,0.0625
a04_s1_neutral_angry,4,1,neutral,angry,6,-0.4375,-0.15625,-0.6875,-0.34375,0.3125,-0.21875,0.0625
a04_s1_neutral_angry,4,1,neutral,angry,7,0.875,0.5,0.90625,0.6875,-0.296875,0.109375,0.15625
a04_s1_neutral_angry,4,1,neutral,angry,8,1.15625,0.71875,1.125,0.8125,-0.375,0.03125,0.125
a04_s1_neutral_angry,4,1,neutral,angry,9,2.109375,1.53125,1.921875,1.46875,-0.515625,-0.125,0.125
a04_s1_neutral_angry,4,1,neutral,angry,10,0.953125,0.796875,0.796875,0.6875,-0.1328125,-0.1328125,0.046875
a04_s1_neutral_angry,4,1,neutral,angry,11,0.984375,0.421875,1.21875,0.6875,-0.546875,0.25,0.03125
a04_s1_neutral_angry,4,1,neutral,angry,12,-0.46875,-0.921875,-0.34375,-0.703125,-0.40625,0.171875,0.09375
a04_s1_neutral_angry,4,1,neutral,angry,13,-0.453125,-0.3125,-0.328125,-0.234375,0.1171875,0.1015625,-0.046875
a04_s1_neutral_angry,4,1,neutral,angry,14,-1.25,-0.625,-1.109375,-0.5234375,0.60546875,0.12109375,-0.0390625
a04_s1_neutral_angry,4,1,neutral,angry,15,-0.90625,-0.265625,-1.046875,-0.421875,0.6328125,-0.1484375,-0.015625
a04_s1_neutral_angry,4,1,neutral,angry,16,-1.09375,-1.2421875,-1.0,-1.22265625,-0.185546875,0.056640625,-0.07421875
a04_s1_neutral_angry,4,1,neutral,angry,17,-0.8828125,-0.9765625,-0.78125,-0.453125,0.1171875,0.3125,0.421875
a04_s1_neutral_angry,4,1,neutral,angry,18,0.609375,0.78125,0.8203125,0.84375,0.09765625,0.13671875,-0.1484375
a04_s1_neutral_angry,4,1,neutral,angry,19,-0.515625,-0.56640625,-0.453125,-0.46875,-0.033203125,0.080078125,0.03515625
a04_s1_neutral_angry,4,1,neutral,angry,20,-2.234375,-2.3662109375,-2.5126953125,-2.91796875,-0.2685546875,-0.4150390625,-0.2734375
a04_s1_neutral_angry,4,1,neutral,angry,21,-1.6875,-1.6796875,-1.671875,-2.203125,-0.26171875,-0.25390625,-0.5390625
a04_s1_neutral_angry,4,1,neutral,angry,22,-2.76171875,-2.1484375,-2.3984375,-2.3203125,0.345703125,0.095703125,-0.53515625
a04_s1_neutral_angry,4,1,neutral,angry,23,-3.5234365463256836,-3.140625,-3.3427734375,-3.3203125,0.2026362419128418,0.0004878044128417969,-0.3603506088256836
a04_s1_neutral_angry,4,1,neutral,angry,24,-3.53515625,-4.3203125,-3.5078125,-4.4453125,-0.861328125,-0.048828125,-0.15234375
a04_s1_neutral_angry,4,1,neutral,angry,25,-3.109375,-2.15625,-3.03125,-2.06640625,0.958984375,0.083984375,0.01171875
a04_s1_neutral_angry,4,1,neutral,angry,26,-3.56640625,-1.0625,-3.517578125,-1.34375,2.3388671875,-0.1162109375,-0.330078125
a04_s1_neutral_angry,4,1,neutral,angry,27,-2.203125,-1.125,-2.359375,-0.8437495231628418,1.296875238418579,0.0625002384185791,0.4375004768371582
a04_s1_neutral_angry,4,1,neutral,angry,28,-1.3125,-0.9375,-1.4375,-0.6875,0.5625,0.0625,0.375
a04_s2_happy_sad,4,2,happy,sad,0,2.3046875,2.3046875,2.3046875,2.3046875,0.0,0.0,0.0
a04_s2_happy_sad,4,2,happy,sad,1,-0.1328125,-0.1796875,-0.1796875,-0.1953125,-0.03125,-0.03125,0.03125
a04_s2_happy_sad,4,2,happy,sad,2,-0.490234375,-0.52734375,-0.517578125,-0.58984375,-0.0546875,-0.044921875,-0.03515625
a04_s2_happy_sad,4,2,happy,sad,3,-0.6796875,-0.7421875,-0.73046875,-0.84765625,-0.08984375,-0.078125,-0.0546875
a04_s2_happy_sad,4,2,happy,sad,4,-0.671875,-0.609375,-0.71875,-0.765625,0.0078125,-0.1015625,-0.109375
a04_s2_happy_sad,4,2,happy,sad,5,-1.140625,-1.203125,-1.171875,-1.234375,-0.0625,-0.03125,0.0
a04_s2_happy_sad,4,2,happy,sad,6,-1.875,-2.0625,-1.84375,-2.078125,-0.2109375,0.0078125,-0.046875
a04_s2_happy_sad,4,2,happy,sad,7,-0.875,-0.84375,-0.78125,-0.875,-0.03125,0.03125,-0.125
a04_s2_happy_sad,4,2,happy,sad,8,-1.265625,-1.140625,-1.203125,-1.203125,0.0625,0.0,-0.125
a04_s2_happy_sad,4,2,happy,sad,9,0.421875,0.09375,0.453125,0.140625,-0.3203125,0.0390625,0.015625
a04_s2_happy_sad,4,2,happy,sad,10,-1.65625,-1.4843740463256836,-1.375,-1.5937490463256836,-0.023436546325683594,0.0859375,-0.390625
a04_s2_happy_sad,4,2,happy,sad,11,-1.5625,-1.4140625,-1.6718759536743164,-1.6875,0.0664067268371582,-0.1914067268371582,-0.1640615463256836
a04_s2_happy_sad,4,2,happy,sad,12,-2.34375,-1.953125,-2.484375,-2.203125,0.3359375,-0.1953125,-0.109375
a04_s2_happy_sad,4,2,happy,sad,13,-3.078125,-2.59375,-3.109375,-2.8671875,0.36328125,-0.15234375,-0.2421875
a04_s2_happy_sad,4,2,happy,sad,14,-1.98828125,-1.802734375,-2.0859375,-2.2353515625,0.01806640625,-0.26513671875,-0.3349609375
a04_s2_happy_sad,4,2,happy,sad,15,-1.1796865463256836,-0.9453125,-1.28125,-1.1484375,0.1835932731628418,-0.1523442268371582,-0.1015615463256836
a04_s2_happy_sad,4,2,happy,sad,16,-3.234375,-2.63671875,-2.98828125,-2.5458984375,0.52001953125,0.16845703125,-0.1552734375
a04_s2_happy_sad,4,2,happy,sad,17,-2.70703125,-2.78515625,-2.5234375,-2.93359375,-0.244140625,0.017578125,-0.33203125
a04_s2_happy_sad,4,2,happy,sad,18,-2.8632822036743164,-2.51171875,-2.42578125,-2.4296875,0.1738286018371582,0.2597661018371582,-0.3554697036743164
a04_s2_happy_sad,4,2,happy,sad,19,-1.80078125,-1.30859375,-1.646484375,-1.0595703125,0.53955078125,0.20166015625,0.0947265625
a04_s2_happy_sad,4,2,happy,sad,20,-0.84375,-0.59375,-0.5703125,-0.03515625,0.392578125,0.416015625,0.28515625
a04_s2_happy_sad,4,2,happy,sad,21,-2.109375,-1.94140625,-1.8125,-1.279296875,0.3505859375,0.4794921875,0.365234375
a04_s2_happy_sad,4,2,happy,sad,22,-1.4375,-1.0966796875,-1.13671875,-0.60693359375,0.435302734375,0.395263671875,0.18896484375
a04_s2_happy_sad,4,2,happy,sad,23,-2.46484375,-2.296875,-2.063720703125,-1.8046875,0.2135009765625,0.4466552734375,0.091064453125
a04_s2_happy_sad,4,2,happy,sad,24,-0.595703125,-0.4140625,-0.18994140625,-0.14084625244140625,0.11536788940429688,0.3394889831542969,-0.13254547119140625
a04_s2_happy_sad,4,2,happy,sad,25,0.1484375,-0.296875,0.0859375,-0.00537109375,-0.268310546875,0.114501953125,0.35400390625
a04_s2_happy_sad,4,2,happy,sad,26,-0.953125,-1.366729736328125,-1.2578125,-1.73828125,-0.4470367431640625,-0.3381195068359375,-0.066864013671875
a04_s2_happy_sad,4,2,happy,sad,27,-1.28125,-1.5,-1.59375,-1.453125,-0.0390625,-0.1328125,0.359375
a04_s2_happy_sad,4,2,happy,sad,28,-0.5625,-0.8125,-0.6875,-0.8125,-0.1875,-0.0625,0.125
a04_s2_neutral_angry,4,2,neutral,angry,0,0.951171875,0.951171875,0.951171875,0.951171875,0.0,0.0,0.0
a04_s2_neutral_angry,4,2,neutral,angry,1,0.2158203125,0.169342041015625,0.040771484375,0.038238525390625,-0.024505615234375,-0.153076171875,0.0439453125
a04_s2_neutral_angry,4,2,neutral,angry,2,-0.29296875,-0.189453125,-0.267578125,-0.244140625,0.0634765625,-0.0146484375,-0.080078125
a04_s2_neutral_angry,4,2,neutral,angry,3,0.203125,0.40625,0.125,0.34375,0.2109375,-0.0703125,0.015625
a04_s2_neutral_angry,4,2,neutral,angry,4,1.46875,1.4375,1.125,1.34375,0.09375,-0.21875,0.25
a04_s2_neutral_angry,4,2,neutral,angry,5,0.6875,0.46875,0.5,0.40625,-0.15625,-0.125,0.125
a04_s2_neutral_angry,4,2,neutral,angry,6,-0.59375,-0.34375,-0.71875,-0.4375,0.265625,-0.109375,0.03125
a04_s2_neutral_angry,4,2,neutral,angry,7,0.46875,0.40625,0.53125,0.75,0.078125,0.203125,0.28125
a04_s2_neutral_angry,4,2,neutral,angry,8,0.65625,0.375,0.6875,0.40625,-0.28125,0.03125,0.0
a04_s2_neutral_angry,4,2,neutral,angry,9,1.71875,1.203125,1.75,1.09375,-0.5859375,-0.0390625,-0.140625
a04_s2_neutral_angry,4,2,neutral,angry,10,0.671875,0.375,0.671875,0.40625,-0.28125,0.015625,0.03125
a04_s2_neutral_angry,4,2,neutral,angry,11,1.078125,0.40625,1.296875,0.625,-0.671875,0.21875,0.0
a04_s2_neutral_angry,4,2,neutral,angry,12,-0.3125,-0.84375,-0.1875,-0.78125,-0.5625,0.09375,-0.0625
a04_s2_neutral_angry,4,2,neutral,angry,13,-0.296875,-0.4375,-0.125,-0.125,-0.0703125,0.2421875,0.140625
a04_s2_neutral_angry,4,2,neutral,angry,14,-0.828125,-0.90625,-0.640625,-0.5546875,0.00390625,0.26953125,0.1640625
a04_s2_neutral_angry,4,2,neutral,angry,15,-0.234375,-0.421875,-0.0625,-0.0625,-0.09375,0.265625,0.1875
a04_s2_neutral_angry,4,2,neutral,angry,16,-0.671875,-1.0546875,-0.359375,-0.7265625,-0.375,0.3203125,0.015625
a04_s2_neutral_angry,4,2,neutral,angry,17,-0.7890625,-0.703125,-0.671875,-0.5859375,0.0859375,0.1171875,0.0
a04_s2_neutral_angry,4,2,neutral,angry,18,0.484375,0.546875,0.9843759536743164,1.015625,0.0468745231628418,0.4843754768371582,-0.031250953674316406
a04_s2_neutral_angry,4,2,neutral,angry,19,-0.5859375,-0.703125,-0.421875,-0.41015625,-0.052734375,0.228515625,0.12890625
a04_s2_neutral_angry,4,2,neutral,angry,20,-2.4013671875,-2.5166015625,-2.4130859375,-2.5234375,-0.11279296875,-0.00927734375,0.0048828125
a04_s2_neutral_angry,4,2,neutral,angry,21,-1.734375,-1.6328125,-1.3984375,-1.890625,-0.1953125,0.0390625,-0.59375
a04_s2_neutral_angry,4,2,neutral,angry,22,-2.3046884536743164,-1.8372802734375,-1.9726572036743164,-2.04296875,0.1985483169555664,0.06317138671875,-0.5377197265625
a04_s2_neutral_angry,4,2,neutral,angry,23,-3.63671875,-2.4375,-3.22265625,-2.9609375,0.73046875,-0.0546875,-0.9375
a04_s2_neutral_angry,4,2,neutral,angry,24,-3.54296875,-4.484375,-3.91796875,-4.8359375,-0.9296875,-0.36328125,0.0234375
a04_s2_neutral_angry,4,2,neutral,angry,25,-1.560546875,-1.5703125,-1.35546875,-1.765625,-0.2099609375,0.0048828125,-0.400390625
a04_s2_neutral_angry,4,2,neutral,angry,26,-2.515380859375,-1.109375,-2.740478515625,-0.9218745231628418,1.612304925918579,-0.0187985897064209,0.4125981330871582
a04_s2_neutral_angry,4,2,neutral,angry,27,0.078125,-0.515625,-1.21875,-0.625,0.0,-0.703125,1.1875
a04_s2_neutral_angry,4,2,neutral,angry,28,0.9375,-0.1875,0.25,-0.1875,-0.78125,-0.34375,0.6875
a05_s1_happy_sad,5,1,happy,sad,0,2.3046875,2.3046875,2.3046875,2.3046875,0.0,0.0,0.0
a05_s1_happy_sad,5,1,happy,sad,1,-0.234375,-0.3203125,-0.2265625,-0.28125,-0.0703125,0.0234375,0.03125
a05_s1_happy_sad,5,1,happy,sad,2,-0.486328125,-0.65234375,-0.435546875,-0.61328125,-0.171875,0.044921875,-0.01171875
a05_s1_happy_sad,5,1,happy,sad,3,-0.2421875,-0.4062490463256836,-0.3046875,-0.4609375,-0.1601557731628418,-0.0585942268371582,0.007811546325683594
a05_s1_happy_sad,5,1,happy,sad,4,0.0625,0.25,-0.078125,0.0,0.1328125,-0.1953125,-0.109375
a05_s1_happy_sad,5,1,happy,sad,5,-0.40625,-0.625,-0.65625,-0.734375,-0.1484375,-0.1796875,0.140625
a05_s1_happy_sad,5,1,happy,sad,6,-1.3125,-1.75,-1.4375,-1.75,-0.375,-0.0625,0.125
a05_s1_happy_sad,5,1,happy,sad,7,-0.6875,-0.65625,-0.5625,-0.625,-0.015625,0.078125,-0.09375
a05_s1_happy_sad,5,1,happy,sad,8,-1.03125,-0.84375,-0.9375,-0.75,0.1875,0.09375,0.0
a05_s1_happy_sad,5,1,happy,sad,9,0.625,1.125,0.65625,1.015625,0.4296875,-0.0390625,-0.140625
a05_s1_happy_sad,5,1,happy,sad,10,-2.0078125,-1.78125,-1.7734384536743164,-1.71875,0.1406254768371582,0.1484370231628418,-0.1718740463256836
a05_s1_happy_sad,5,1,happy,sad,11,-1.890625,-1.40625,-1.953125,-1.359375,0.5390625,-0.0078125,0.109375
a05_s1_happy_sad,5,1,happy,sad,12,-2.359375,-1.6875,-2.65625,-1.8125,0.7578125,-0.2109375,0.171875
a05_s1_happy_sad,5,1,happy,sad,13,-2.21875,-1.546875,-2.3125,-1.515625,0.734375,-0.03125,0.125
a05_s1_happy_sad,5,1,happy,sad,14,-1.578125,-0.625,-1.609375,-1.15625,0.703125,-0.28125,-0.5
a05_s1_happy_sad,5,1,happy,sad,15,-0.7968759536743164,0.1875,-1.171875,-0.609375,0.7734379768371582,-0.5859370231628418,-0.4218759536743164
a05_s1_happy_sad,5,1,happy,sad,16,-2.9794921875,-2.3046865463256836,-3.1054677963256836,-2.921875,0.42919921875,-0.37158203125,-0.4912128448486328
a05_s1_happy_sad,5,1,happy,sad,17,-2.59375,-2.1484375,-2.8359375,-2.6484375,0.31640625,-0.37109375,-0.2578125
a05_s1_happy_sad,5,1,happy,sad,18,-3.2109365463256836,-2.4140625,-3.21875,-2.8046875,0.6054682731628418,-0.1992192268371582,-0.3828115463256836
a05_s1_happy_sad,5,1,happy,sad,19,-1.630859375,-1.6318359375,-1.78125,-1.6796875,0.05029296875,-0.09912109375,0.1025390625
a05_s1_happy_sad,5,1,happy,sad,20,-0.75,-0.015625,-0.84375,-0.375,0.6015625,-0.2265625,-0.265625
a05_s1_happy_sad,5,1,happy,sad,21,-1.984375,-1.5,-2.1093759536743164,-1.7656240463256836,0.4140634536743164,-0.1953125,-0.1406230926513672
a05_s1_happy_sad,5,1,happy,sad,22,-1.310791015625,-1.2919921875,-1.390625,-0.78125,0.3140869140625,0.2154541015625,0.590576171875
a05_s1_happy_sad,5,1,happy,sad,23,-2.26171875,-2.26953125,-2.03125,-1.09375,0.46484375,0.703125,0.9453125
a05_s1_happy_sad,5,1,happy,sad,24,-0.09375,-0.380859375,0.609375,0.515625,-0.1904296875,0.7998046875,0.193359375
a05_s1_happy_sad,5,1,happy,sad,25,-1.03125,-1.203125,-0.5,-0.4921875,-0.08203125,0.62109375,0.1796875
a05_s1_happy_sad,5,1,happy,sad,26,-1.234375,-1.3125,-0.796875,-1.01171875,-0.146484375,0.369140625,-0.13671875
a05_s1_happy_sad,5,1,happy,sad,27,-1.3750004768371582,-1.1875004768371582,-0.875,-1.1562504768371582,-0.0468752384185791,0.2656252384185791,-0.4687504768371582
a05_s1_happy_sad,5,1,happy,sad,28,-0.4375002384185791,-0.5,-0.4375,-0.625,-0.12499988079071045,-0.06249988079071045,-0.1250002384185791
a05_s1_neutral_angry,5,1,neutral,angry,0,0.951171875,0.951171875,0.951171875,0.951171875,0.0,0.0,0.0
a05_s1_neutral_angry,5,1,neutral,angry,1,-0.145751953125,-0.20166015625,-0.055908203125,-0.06103515625,-0.030517578125,0.115234375,0.05078125
a05_s1_neutral_angry,5,1,neutral,angry,2,-0.623046875,-0.578125,-0.435546875,-0.3671875,0.056640625,0.19921875,0.0234375
a05_s1_neutral_angry,5,1,neutral,angry,3,-0.03125,0.046875,0.140625,0.265625,0.1015625,0.1953125,0.046875
a05_s1_neutral_angry,5,1,neutral,angry,4,1.46875,1.40625,1.4375,1.40625,-0.046875,-0.015625,0.03125
a05_s1_neutral_angry,5,1,neutral,angry,5,0.625,0.34375,0.375,0.1875,-0.234375,-0.203125,0.09375
a05_s1_neutral_angry,5,1,neutral,angry,6,-0.90625,-1.03125,-0.9375,-0.90625,-0.046875,0.046875,0.15625
a05_s1_neutral_angry,5,1,neutral,angry,7,0.65625,0.0,0.625,0.1875,-0.546875,0.078125,0.21875
a05_s1_neutral_angry,5,1,neutral,angry,8,0.90625,0.375,0.9375,0.46875,-0.5,0.0625,0.0625
a05_s1_neutral_angry,5,1,neutral,angry,9,1.734375,1.46875,1.765625,1.046875,-0.4921875,-0.1953125,-0.453125
a05_s1_neutral_angry,5,1,neutral,angry,10,0.65625,0.03125,0.75,0.1875,-0.59375,0.125,0.0625
a05_s1_neutral_angry,5,1,neutral,angry,11,1.21875,0.65625,1.28125,0.875,-0.484375,0.140625,0.15625
a05_s1_neutral_angry,5,1,neutral,angry,12,-0.25,-0.90625,-0.09375,-0.53125,-0.546875,0.265625,0.21875
a05_s1_neutral_angry,5,1,neutral,angry,13,-0.53125,-0.921875,-0.4375,-0.75,-0.3515625,0.1328125,0.078125
a05_s1_neutral_angry,5,1,neutral,angry,14,-0.875,-1.109375,-0.953125,-0.84375,-0.0625,0.09375,0.34375
a05_s1_neutral_angry,5,1,neutral,angry,15,-0.609375,-0.7578134536743164,-0.859375,-0.5937509536743164,0.058592796325683594,-0.04296875,0.4140625
a05_s1_neutral_angry,5,1,neutral,angry,16,-0.7109365463256836,-1.58984375,-0.8828134536743164,-1.15625,-0.576171875,0.1308584213256836,0.6054706573486328
a05_s1_neutral_angry,5,1,neutral,angry,17,-0.8203125,-1.49609375,-1.09375,-1.48046875,-0.53125,-0.12890625,0.2890625
a05_s1_neutral_angry,5,1,neutral,angry,18,0.5468740463256836,0.328125,0.3906259536743164,0.4375,-0.0859375,-0.023436546325683594,0.2656230926513672
a05_s1_neutral_angry,5,1,neutral,angry,19,-0.390625,-0.8359375,-0.59375,-0.75,-0.30078125,-0.05859375,0.2890625
a05_s1_neutral_angry,5,1,neutral,angry,20,-3.87890625,-1.955078125,-3.12109375,-2.0859375,1.4794921875,0.3134765625,-0.888671875
a05_s1_neutral_angry,5,1,neutral,angry,21,-2.888671875,-1.4052734375,-2.3984375,-1.6328125,1.12451171875,0.13134765625,-0.7177734375
a05_s1_neutral_angry,5,1,neutral,angry,22,-3.57421875,-1.1015625,-2.732421875,-1.78369140625,1.710693359375,0.079833984375,-1.52392578125
a05_s1_neutral_angry,5,1,neutral,angry,23,-3.65625,-2.81640625,-4.3515625,-4.21875,0.486328125,-1.048828125,-0.70703125
a05_s1_neutral_angry,5,1,neutral,angry,24,-3.7578125,-4.0810546875,-5.28125,-5.1015625,-0.07177734375,-1.27197265625,0.5029296875
a05_s1_neutral_angry,5,1,neutral,angry,25,-3.375,-4.343750476837158,-3.734375,-5.37890625,-1.306640863418579,-0.6972653865814209,-0.6757807731628418
a05_s1_neutral_angry,5,1,neutral,angry,26,-3.794921875,-2.0625,-3.544921875,-4.84375,0.216796875,-1.265625,-3.03125
a05_s1_neutral_angry,5,1,neutral,angry,27,-2.65625,-3.53125,-2.7890625,-5.3046875,-1.6953125,-0.953125,-1.640625
a05_s1_neutral_angry,5,1,neutral,angry,28,-1.3125,-2.4375,-1.75,-3.5625,-1.46875,-0.78125,-0.6875
a05_s2_happy_sad,5,2,happy,sad,0,2.3046875,2.3046875,2.3046875,2.3046875,0.0,0.0,0.0
a05_s2_happy_sad,5,2,happy,sad,1,-0.2109375,-0.171875,-0.2421875,-0.140625,0.0703125,0.0,0.0625
a05_s2_happy_sad,5,2,happy,sad,2,-0.55859375,-0.4921875,-0.55859375,-0.470703125,0.0771484375,0.0107421875,0.021484375
a05_s2_happy_sad,5,2,happy,sad,3,-0.46875,-0.4765625,-0.390625,-0.3984375,-0.0078125,0.078125,0.0
a05_s2_happy_sad,5,2,happy,sad,4,0.046875,0.046875,0.140625,0.0,-0.0703125,0.0234375,-0.140625
a05_s2_happy_sad,5,2,happy,sad,5,-0.765625,-0.8125,-0.734375,-0.890625,-0.1015625,-0.0234375,-0.109375
a05_s2_happy_sad,5,2,happy,sad,6,-1.65625,-1.59375,-1.59375,-1.703125,-0.0234375,-0.0234375,-0.171875
a05_s2_happy_sad,5,2,happy,sad,7,-0.59375,-0.4375,-0.46875,-0.34375,0.140625,0.109375,-0.03125
a05_s2_happy_sad,5,2,happy,sad,8,-0.75,-0.5625,-0.84375,-0.8125,0.109375,-0.171875,-0.15625
a05_s2_happy_sad,5,2,happy,sad,9,0.90625,0.921875,0.828125,0.671875,-0.0703125,-0.1640625,-0.171875
a05_s2_happy_sad,5,2,happy,sad,10,-1.9062490463256836,-1.5859375,-1.703125,-1.546875,0.2382807731628418,0.1210932731628418,-0.1640615463256836
a05_s2_happy_sad,5,2,happy,sad,11,-1.59375,-1.328125,-1.453125,-1.515625,0.1015625,-0.0234375,-0.328125
a05_s2_happy_sad,5,2,happy,sad,12,-1.90625,-1.75,-2.09375,-1.90625,0.171875,-0.171875,0.03125
a05_s2_happy_sad,5,2,happy,sad,13,-1.96875,-1.9375,-1.859375,-1.6875,0.1015625,0.1796875,0.140625
a05_s2_happy_sad,5,2,happy,sad,14,-1.5312509536743164,-0.96875,-1.3124990463256836,-1.0625,0.40625,0.0625009536743164,-0.3125019073486328
a05_s2_happy_sad,5,2,happy,sad,15,-0.9375,-0.53125,-0.703125,-0.59375,0.2578125,0.0859375,-0.296875
a05_s2_happy_sad,5,2,happy,sad,16,-2.5937509536743164,-2.5859384536743164,-2.1875,-2.3203134536743164,-0.0625004768371582,0.3359379768371582,-0.1406259536743164
a05_s2_happy_sad,5,2,happy,sad,17,-2.4179697036743164,-2.8828125,-2.0078125,-2.0703125,-0.2636713981628418,0.6113286018371582,0.4023427963256836
a05_s2_happy_sad,5,2,happy,sad,18,-2.6875,-2.5078134536743164,-2.203125,-2.1015625,0.1406245231628418,0.4453129768371582,-0.0781240463256836
a05_s2_happy_sad,5,2,happy,sad,19,-1.7578125,-1.46875,-1.46875,-1.5625,0.09765625,0.09765625,-0.3828125
a05_s2_happy_sad,5,2,happy,sad,20,-0.9765625,-1.046875,-0.4921875,-0.390625,0.015625,0.5703125,0.171875
a05_s2_happy_sad,5,2,happy,sad,21,-2.265625,-1.59375,-2.0,-1.234375,0.71875,0.3125,0.09375
a05_s2_happy_sad,5,2,happy,sad,22,-0.8828125,-0.625,-1.2421875,-0.734375,0.3828125,-0.234375,0.25
a05_s2_happy_sad,5,2,happy,sad,23,-1.1640625,-0.890625,-1.896484375,-0.84375,0.6630859375,-0.3427734375,0.779296875
a05_s2_happy_sad,5,2,happy,sad,24,0.40625,-0.09375,0.5302734375,0.1953125,-0.41748046875,0.20654296875,0.1650390625
a05_s2_happy_sad,5,2,happy,sad,25,-0.04296875,-1.0859375,-0.1015625,-0.66015625,-0.80078125,0.18359375,0.484375
a05_s2_happy_sad,5,2,happy,sad,26,-1.29296875,-2.1376953125,-1.203125,-1.9765625,-0.80908203125,0.12548828125,0.0712890625
a05_s2_happy_sad,5,2,happy,sad,27,-1.1875,-2.298828125,-1.109375,-1.65625,-0.8291015625,0.3603515625,0.564453125
a05_s2_happy_sad,5,2,happy,sad,28,-0.625,-1.59375,-0.5625,-1.25,-0.828125,0.203125,0.28125
a05_s2_neutral_angry,5,2,neutral,angry,0,0.951171875,0.951171875,0.951171875,0.951171875,0.0,0.0,0.0
a05_s2_neutral_angry,5,2,neutral,angry,1,-0.0185546875,0.03369140625,-0.1748046875,0.04443359375,0.1357421875,-0.07275390625,0.1669921875
a05_s2_neutral_angry,5,2,neutral,angry,2,-0.51171875,-0.359375,-0.466796875,-0.3515625,0.1337890625,0.0263671875,-0.037109375
a05_s2_neutral_angry,5,2,neutral,angry,3,0.1875,0.453125,0.078125,0.484375,0.3359375,-0.0390625,0.140625
a05_s2_neutral_angry,5,2,neutral,angry,4,1.5,1.53125,1.28125,1.53125,0.140625,-0.109375,0.21875
a05_s2_neutral_angry,5,2,neutral,angry,5,1.0,0.96875,0.6875,0.84375,0.0625,-0.21875,0.1875
a05_s2_neutral_angry,5,2,neutral,angry,6,-0.6875,-0.65625,-0.875,-0.5,0.203125,-0.015625,0.34375
a05_s2_neutral_angry,5,2,neutral,angry,7,0.28125,-0.1875,0.5625,0.40625,-0.3125,0.4375,0.3125
a05_s2_neutral_angry,5,2,neutral,angry,8,0.59375,0.34375,0.96875,0.78125,-0.21875,0.40625,0.0625
a05_s2_neutral_angry,5,2,neutral,angry,9,1.734375,1.09375,2.140625,1.40625,-0.6875,0.359375,-0.09375
a05_s2_neutral_angry,5,2,neutral,angry,10,0.734375,0.203125,0.96875,0.65625,-0.421875,0.34375,0.21875
a05_s2_neutral_angry,5,2,neutral,angry,11,1.375,1.09375,1.4375,1.4375,-0.140625,0.203125,0.28125
a05_s2_neutral_angry,5,2,neutral,angry,12,0.25,-0.375,0.28125,0.09375,-0.40625,0.25,0.4375
a05_s2_neutral_angry,5,2,neutral,angry,13,-0.28125,-0.34375,-0.09375,0.0,0.015625,0.265625,0.15625
a05_s2_neutral_angry,5,2,neutral,angry,14,-1.046875,-1.328125,-1.171875,-0.921875,-0.015625,0.140625,0.53125
a05_s2_neutral_angry,5,2,neutral,angry,15,-0.53125,-0.859375,-0.734375,-0.609375,-0.1015625,0.0234375,0.453125
a05_s2_neutral_angry,5,2,neutral,angry,16,-1.1093740463256836,-1.9140615463256836,-1.0078125,-1.5546875,-0.67578125,0.2304677963256836,0.2578125
a05_s2_neutral_angry,5,2,neutral,angry,17,-1.07421875,-1.09375,-0.953125,-0.921875,0.005859375,0.146484375,0.05078125
a05_s2_neutral_angry,5,2,neutral,angry,18,1.2109375,0.96875,1.234375,0.65625,-0.41015625,-0.14453125,-0.3359375
a05_s2_neutral_angry,5,2,neutral,angry,19,0.53125,0.03125,0.421875,-0.5703125,-0.74609375,-0.35546875,-0.4921875
a05_s2_neutral_angry,5,2,neutral,angry,20,-2.48046875,-2.73046875,-2.65625,-2.4453125,-0.01953125,0.0546875,0.4609375
a05_s2_neutral_angry,5,2,neutral,angry,21,-2.00390625,-2.00390625,-1.8984365463256836,-1.7734375,0.0624995231628418,0.1679692268371582,0.1249990463256836
a05_s2_neutral_angry,5,2,neutral,angry,22,-2.1429443359375,-2.0673828125,-1.9375,-1.55859375,0.22723388671875,0.35711669921875,0.3033447265625
a05_s2_neutral_angry,5,2,neutral,angry,23,-2.9609375,-2.88671875,-3.703125,-2.3125,0.732421875,-0.083984375,1.31640625
a05_s2_neutral_angry,5,2,neutral,angry,24,-4.4140625,-5.6171875,-5.6171875,-4.6640625,-0.125,-0.125,2.15625
a05_s2_neutral_angry,5,2,neutral,angry,25,-2.638671875,-3.552734375,-2.234375,-1.6484375,-0.1640625,1.154296875,1.5
a05_s2_neutral_angry,5,2,neutral,angry,26,-2.984375,-3.3125,-2.812500476837158,-2.265625,0.1093752384185791,0.6093747615814209,0.8750004768371582
a05_s2_neutral_angry,5,2,neutral,angry,27,-1.953125,-1.234375,-1.453125,-0.90625,0.6328125,0.4140625,-0.171875
a05_s2_neutral_angry,5,2,neutral,angry,28,-0.375,0.0,-0.0625,0.1875,0.3125,0.25,-0.125
a06_s1_happy_sad,6,1,happy,sad,0,2.3046875,2.3046875,2.3046875,2.3046875,0.0,0.0,0.0
a06_s1_happy_sad,6,1,happy,sad,1,-0.390625,-0.2109375,-0.390625,-0.21875,0.17578125,-0.00390625,-0.0078125
a06_s1_happy_sad,6,1,happy,sad,2,-0.578125,-0.58203125,-0.54296875,-0.5693359375,-0.01513671875,0.02392578125,-0.0224609375
a06_s1_happy_sad,6,1,happy,sad,3,-0.828125,-0.60546875,-0.79296875,-0.6171875,0.19921875,0.01171875,-0.046875
a06_s1_happy_sad,6,1,happy,sad,4,-0.890625,-0.421875,-0.8125,-0.375,0.453125,0.0625,-0.03125
a06_s1_happy_sad,6,1,happy,sad,5,-1.078125,-1.046875,-1.0625,-0.875,0.109375,0.09375,0.15625
a06_s1_happy_sad,6,1,happy,sad,6,-2.03125,-2.25,-1.875,-2.0,-0.171875,0.203125,0.09375
a06_s1_happy_sad,6,1,happy,sad,7,-0.8125,-0.875,-0.875,-0.8125,0.0,0.0,0.125
a06_s1_happy_sad,6,1,happy,sad,8,-1.34375,-1.5,-1.3125,-1.59375,-0.21875,-0.03125,-0.125
a06_s1_happy_sad,6,1,happy,sad,9,0.390625,0.875,0.515625,0.71875,0.34375,-0.015625,-0.28125
a06_s1_happy_sad,6,1,happy,sad,10,-1.546875,-1.8046875,-1.59375,-1.7812490463256836,-0.2226557731628418,-0.011718273162841797,0.0703134536743164
a06_s1_happy_sad,6,1,happy,sad,11,-1.40625,-1.59375,-1.3203125,-1.703125,-0.28515625,-0.01171875,-0.1953125
a06_s1_happy_sad,6,1,happy,sad,12,-2.5625,-2.59375,-2.734375,-2.53125,0.0859375,-0.0546875,0.234375
a06_s1_happy_sad,6,1,happy,sad,13,-3.265625,-2.453125,-2.8984375,-2.234375,0.73828125,0.29296875,-0.1484375
a06_s1_happy_sad,6,1,happy,sad,14,-2.39453125,-1.6015625,-2.1484375,-1.5156240463256836,0.7128911018371582,0.1660161018371582,-0.1601552963256836
a06_s1_happy_sad,6,1,happy,sad,15,-1.359375,-1.28125,-1.671875,-1.1875,0.28125,-0.109375,0.40625
a06_s1_happy_sad,6,1,happy,sad,16,-2.76513671875,-2.91796875,-2.8876953125,-2.75,-0.007568359375,0.022705078125,0.29052734375
a06_s1_happy_sad,6,1,happy,sad,17,-2.4365234375,-2.810546875,-2.62841796875,-2.54296875,-0.144287109375,0.037841796875,0.45947265625
a06_s1_happy_sad,6,1,happy,sad,18,-3.2343740463256836,-3.6093759536743164,-3.2392578125,-3.30859375,-0.2221689224243164,0.14794921875,0.3056659698486328
a06_s1_happy_sad,6,1,happy,sad,19,-1.8701171875,-2.191131591796875,-2.130859375,-1.8203125,-0.0052337646484375,0.0550384521484375,0.631561279296875
a06_s1_happy_sad,6,1,happy,sad,20,-1.15625,-0.328125,-1.265625,-0.15625,0.96875,0.03125,0.28125
a06_s1_happy_sad,6,1,happy,sad,21,-2.578125,-2.3828134536743164,-2.783203125,-2.203125,0.3876948356628418,-0.012694835662841797,0.3847665786743164
a06_s1_happy_sad,6,1,happy,sad,22,-1.84375,-0.859375,-1.82421875,-0.7421875,1.033203125,0.068359375,0.09765625
a06_s1_happy_sad,6,1,happy,sad,23,-1.849609375,-1.109375,-1.7421875,-1.2421875,0.6201171875,-0.0126953125,-0.240234375
a06_s1_happy_sad,6,1,happy,sad,24,-0.25048828125,0.2890625,-0.09765625,0.453125,0.545166015625,0.158447265625,0.01123046875
a06_s1_happy_sad,6,1,happy,sad,25,-0.595703125,-0.546875,-0.4609375,-0.607421875,-0.048828125,0.037109375,-0.1953125
a06_s1_happy_sad,6,1,happy,sad,26,-1.16796875,-1.173828125,-1.15625,-1.36328125,-0.1064453125,-0.0888671875,-0.201171875
a06_s1_happy_sad,6,1,happy,sad,27,-1.984375,-1.140625,-1.3671875,-0.84375,0.68359375,0.45703125,-0.3203125
a06_s1_happy_sad,6,1,happy,sad,28,-0.8125,-0.625,-0.75,-0.375,0.28125,0.15625,0.1875
a06_s1_neutral_angry,6,1,neutral,angry,0,0.951171875,0.951171875,0.951171875,0.951171875,0.0,0.0,0.0
a06_s1_neutral_angry,6,1,neutral,angry,1,0.2376708984375,0.0732421875,0.02081298828125,-0.02001953125,-0.102630615234375,-0.155059814453125,0.12359619140625
a06_s1_neutral_angry,6,1,neutral,angry,2,-0.314453125,-0.453125,-0.3984375,-0.505859375,-0.123046875,-0.068359375,0.03125
a06_s1_neutral_angry,6,1,neutral,angry,3,0.140625,0.03125,-0.15625,-0.015625,0.015625,-0.171875,0.25
a06_s1_neutral_angry,6,1,neutral,angry,4,1.515625,1.21875,1.21875,1.25,-0.1328125,-0.1328125,0.328125
a06_s1_neutral_angry,6,1,neutral,angry,5,0.875,0.40625,0.59375,0.3125,-0.375,-0.1875,0.1875
a06_s1_neutral_angry,6,1,neutral,angry,6,-0.28125,-0.5625,-0.5,-0.65625,-0.21875,-0.15625,0.125
a06_s1_neutral_angry,6,1,neutral,angry,7,0.6875,0.125,0.65625,0.3125,-0.453125,0.078125,0.21875
a06_s1_neutral_angry,6,1,neutral,angry,8,1.0,0.625,0.9375,0.71875,-0.296875,0.015625,0.15625
a06_s1_neutral_angry,6,1,neutral,angry,9,2.09375,1.203125,2.078125,1.078125,-0.9453125,-0.0703125,-0.109375
a06_s1_neutral_angry,6,1,neutral,angry,10,1.015625,0.359375,0.8125,0.46875,-0.5,-0.046875,0.3125
a06_s1_neutral_angry,6,1,neutral,angry,11,1.125,0.515625,1.0,0.390625,-0.609375,-0.125,0.0
a06_s1_neutral_angry,6,1,neutral,angry,12,-0.46875,-0.84375,-0.53125,-1.21875,-0.53125,-0.21875,-0.3125
a06_s1_neutral_angry,6,1,neutral,angry,13,-0.5625,-0.296875,-0.578125,-0.640625,0.1015625,-0.1796875,-0.328125
a06_s1_neutral_angry,6,1,neutral,angry,14,-1.1875,-1.1328125,-1.390625,-1.203125,0.12109375,-0.13671875,0.1328125
a06_s1_neutral_angry,6,1,neutral,angry,15,-1.1718740463256836,-0.546875,-1.5156240463256836,-0.6093740463256836,0.7656245231628418,-0.2031245231628418,0.2812509536743164
a06_s1_neutral_angry,6,1,neutral,angry,16,-1.4375,-1.6640625,-1.5234375,-1.7109375,-0.20703125,-0.06640625,0.0390625
a06_s1_neutral_angry,6,1,neutral,angry,17,-1.3984375,-0.7421875,-1.359375,-1.1015625,0.45703125,-0.16015625,-0.3984375
a06_s1_neutral_angry,6,1,neutral,angry,18,0.609375,-0.015625,0.625,-0.21875,-0.734375,-0.09375,-0.21875
a06_s1_neutral_angry,6,1,neutral,angry,19,-1.0,-0.74609375,-0.3359375,-1.09375,-0.251953125,0.158203125,-1.01171875
a06_s1_neutral_angry,6,1,neutral,angry,20,-3.25,-2.8671875,-3.703125,-2.8203125,0.6328125,-0.203125,0.5
a06_s1_neutral_angry,6,1,neutral,angry,21,-2.265625,-1.876953125,-2.79296875,-2.02734375,0.5771484375,-0.3388671875,0.376953125
a06_s1_neutral_angry,6,1,neutral,angry,22,-2.306640625,-1.84375,-3.9375,-1.6796875,1.3603515625,-0.7333984375,1.794921875
a06_s1_neutral_angry,6,1,neutral,angry,23,-3.7011728286743164,-2.26953125,-4.046875,-2.232421875,1.6230473518371582,-0.1542963981628418,0.3828115463256836
a06_s1_neutral_angry,6,1,neutral,angry,24,-4.3203125,-4.58203125,-3.1953125,-4.193358898162842,-0.6298825740814209,0.7568361759185791,-0.7363276481628418
a06_s1_neutral_angry,6,1,neutral,angry,25,-3.6796875,-2.3359375,-2.640625,-1.625,1.1796875,0.875,-0.328125
a06_s1_neutral_angry,6,1,neutral,angry,26,-4.119140625,-1.0,-3.39453125,0.53125,3.5224609375,1.1279296875,0.806640625
a06_s1_neutral_angry,6,1,neutral,angry,27,-3.53125,-0.78125,-1.875,-0.5937504768371582,2.015624761581421,0.9218747615814209,-1.4687504768371582
a06_s1_neutral_angry,6,1,neutral,angry,28,-2.0,-1.0,-1.125,-1.0625,0.53125,0.40625,-0.9375
a06_s2_happy_sad,6,2,happy,sad,0,2.3046875,2.3046875,2.3046875,2.3046875,0.0,0.0,0.0
a06_s2_happy_sad,6,2,happy,sad,1,-0.390625,-0.2265625,-0.375,-0.203125,0.16796875,0.01953125,0.0078125
a06_s2_happy_sad,6,2,happy,sad,2,-0.71484375,-0.58203125,-0.681640625,-0.54296875,0.1357421875,0.0361328125,0.005859375
a06_s2_happy_sad,6,2,happy,sad,3,-0.96875,-0.6328125,-0.9374990463256836,-0.6171875,0.3281245231628418,0.023437976837158203,-0.015625953674316406
a06_s2_happy_sad,6,2,happy,sad,4,-0.84375,-0.4375,-0.765625,-0.390625,0.390625,0.0625,-0.03125
a06_s2_happy_sad,6,2,happy,sad,5,-1.234375,-0.859375,-1.21875,-0.84375,0.375,0.015625,0.0
a06_s2_happy_sad,6,2,happy,sad,6,-2.09375,-2.0,-2.0625,-2.0,0.078125,0.015625,-0.03125
a06_s2_happy_sad,6,2,happy,sad,7,-0.84375,-0.78125,-0.9375,-0.84375,0.078125,-0.078125,0.03125
a06_s2_happy_sad,6,2,happy,sad,8,-1.375,-1.53125,-1.375,-1.484375,-0.1328125,0.0234375,0.046875
a06_s2_happy_sad,6,2,happy,sad,9,0.578125,0.8125,0.703125,0.90625,0.21875,0.109375,-0.03125
a06_s2_happy_sad,6,2,happy,sad,10,-1.6015625,-1.6093740463256836,-1.5078125,-1.4296875,0.0351567268371582,0.1367182731628418,0.0859365463256836
a06_s2_happy_sad,6,2,happy,sad,11,-1.6875,-1.671875,-1.671875,-1.515625,0.0859375,0.0859375,0.140625
a06_s2_happy_sad,6,2,happy,sad,12,-2.859375,-2.359375,-2.8125,-2.265625,0.5234375,0.0703125,0.046875
a06_s2_happy_sad,6,2,happy,sad,13,-3.28125,-2.015625,-3.34375,-2.015625,1.296875,-0.03125,0.0625
a06_s2_happy_sad,6,2,happy,sad,14,-2.5312490463256836,-1.4609375,-2.72265625,-1.609375,1.0917963981628418,-0.1699223518371582,0.042969703674316406
a06_s2_happy_sad,6,2,happy,sad,15,-1.3437509536743164,-0.8046875,-1.765625,-1.1640625,0.5703129768371582,-0.3906245231628418,0.062499046325683594
a06_s2_happy_sad,6,2,happy,sad,16,-3.052734375,-2.37890625,-3.1759023666381836,-2.359375,0.7451777458190918,-0.0518183708190918,0.1426992416381836
a06_s2_happy_sad,6,2,happy,sad,17,-2.40625,-2.101318359375,-2.5107421875,-2.044921875,0.3853759765625,-0.0240478515625,0.160888671875
a06_s2_happy_sad,6,2,happy,sad,18,-3.0234375,-2.771484375,-3.1015625,-2.8038330078125,0.27484130859375,-0.05523681640625,0.0457763671875
a06_s2_happy_sad,6,2,happy,sad,19,-3.0673828125,-1.67578125,-3.1914072036743164,-1.650390625,1.4663090705871582,-0.0493168830871582,0.1494150161743164
a06_s2_happy_sad,6,2,happy,sad,20,-1.42578125,-0.56640625,-1.21484375,-0.35546875,0.859375,0.2109375,0.0
a06_s2_happy_sad,6,2,happy,sad,21,-2.3828125,-2.0,-2.0390625,-1.796875,0.3125,0.2734375,-0.140625
a06_s2_happy_sad,6,2,happy,sad,22,-1.8740234375,-1.4306640625,-1.50390625,-1.1796875,0.3837890625,0.310546875,-0.119140625
a06_s2_happy_sad,6,2,happy,sad,23,-1.96484375,-2.119140625,-1.306640625,-1.861328125,-0.3544921875,0.4580078125,-0.400390625
a06_s2_happy_sad,6,2,happy,sad,24,-0.84375,-0.5908203125,-0.28125,-0.499267578125,0.0174560546875,0.3270263671875,-0.470947265625
a06_s2_happy_sad,6,2,happy,sad,25,-0.923828125,-0.8017578125,-0.61328125,-0.353515625,0.19091796875,0.37939453125,0.1376953125
a06_s2_happy_sad,6,2,happy,sad,26,-2.259765625,-1.953125,-1.97265625,-1.73828125,0.2705078125,0.2509765625,-0.072265625
a06_s2_happy_sad,6,2,happy,sad,27,-2.109375,-2.203125,-1.99609375,-1.765625,0.068359375,0.275390625,0.32421875
a06_s2_happy_sad,6,2,happy,sad,28,-0.875,-0.875,-1.0625,-0.75,0.15625,-0.03125,0.3125
a06_s2_neutral_angry,6,2,neutral,angry,0,0.951171875,0.951171875,0.951171875,0.951171875,0.0,0.0,0.0
a06_s2_neutral_angry,6,2,neutral,angry,1,0.23974609375,0.0107421875,0.06640625,-0.0364990234375,-0.16595458984375,-0.11029052734375,0.1260986328125
a06_s2_neutral_angry,6,2,neutral,angry,2,-0.27734375,-0.62890625,-0.3115234375,-0.6611328125,-0.3505859375,-0.033203125,0.001953125
a06_s2_neutral_angry,6,2,neutral,angry,3,0.21875,-0.0625,0.125,-0.109375,-0.2578125,-0.0703125,0.046875
a06_s2_neutral_angry,6,2,neutral,angry,4,1.4375,1.0625,0.9375,0.84375,-0.234375,-0.359375,0.28125
a06_s2_neutral_angry,6,2,neutral,angry,5,0.71875,0.625,0.3125,0.34375,-0.03125,-0.34375,0.125
a06_s2_neutral_angry,6,2,neutral,angry,6,-0.5625,-0.5625,-0.78125,-0.625,0.078125,-0.140625,0.15625
a06_s2_neutral_angry,6,2,neutral,angry,7,0.6875,0.0,0.65625,0.3125,-0.515625,0.140625,0.34375
a06_s2_neutral_angry,6,2,neutral,angry,8,1.0,0.65625,0.96875,0.84375,-0.234375,0.078125,0.21875
a06_s2_neutral_angry,6,2,neutral,angry,9,1.96875,1.421875,1.734375,1.046875,-0.6171875,-0.3046875,-0.140625
a06_s2_neutral_angry,6,2,neutral,angry,10,0.703125,0.328125,0.9375,0.453125,-0.4296875,0.1796875,-0.109375
a06_s2_neutral_angry,6,2,neutral,angry,11,0.8125,0.4375,1.421875,0.609375,-0.59375,0.390625,-0.4375
a06_s2_neutral_angry,6,2,neutral,angry,12,-0.65625,-1.078125,-0.40625,-1.078125,-0.546875,0.125,-0.25
a06_s2_neutral_angry,6,2,neutral,angry,13,-1.1875,-0.65625,-0.890625,-0.546875,0.4375,0.203125,-0.1875
a06_s2_neutral_angry,6,2,neutral,angry,14,-1.265625,-1.203125,-1.5234375,-1.2578125,0.1640625,-0.15625,0.203125
a06_s2_neutral_angry,6,2,neutral,angry,15,-1.078125,-0.6640625,-1.0703125,-0.8203125,0.33203125,-0.07421875,-0.1640625
a06_s2_neutral_angry,6,2,neutral,angry,16,-1.265625,-1.5859375,-0.96875,-1.6962890625,-0.52392578125,0.09326171875,-0.4072265625
a06_s2_neutral_angry,6,2,neutral,angry,17,-1.5625,-0.6484375,-1.328125,-0.69921875,0.771484375,0.091796875,-0.28515625
a06_s2_neutral_angry,6,2,neutral,angry,18,0.21875,0.171875,0.3984375,0.0703125,-0.1875,0.0390625,-0.28125
a06_s2_neutral_angry,6,2,neutral,angry,19,-0.9765625,-0.916015625,-0.9765625,-0.833984375,0.1015625,0.041015625,0.08203125
a06_s2_neutral_angry,6,2,neutral,angry,20,-3.0078125,-2.734375,-3.15625,-2.8125,0.30859375,-0.11328125,0.0703125
a06_s2_neutral_angry,6,2,neutral,angry,21,-2.29296875,-2.03515625,-2.3369140625,-1.96875,0.31298828125,0.01123046875,0.1103515625
a06_s2_neutral_angry,6,2,neutral,angry,22,-2.111328125,-1.921875,-2.3261709213256836,-1.7421875,0.3867182731628418,-0.017577648162841797,0.3945302963256836
a06_s2_neutral_angry,6,2,neutral,angry,23,-3.30078125,-2.53515625,-3.78125,-1.96484375,1.291015625,0.044921875,1.05078125
a06_s2_neutral_angry,6,2,neutral,angry,24,-3.6640625,-3.884033203125,-4.0390625,-3.78125,0.0189208984375,-0.1361083984375,0.477783203125
a06_s2_neutral_angry,6,2,neutral,angry,25,-1.11328125,-2.578124523162842,-1.13671875,-1.671875,-0.9999997615814209,0.4414060115814209,0.9296870231628418
a06_s2_neutral_angry,6,2,neutral,angry,26,-2.375,-1.25,-2.5859375,-0.53125,1.58984375,0.25390625,0.9296875
a06_s2_neutral_angry,6,2,neutral,angry,27,-0.703125,-1.03125,-1.359375,-0.8125004768371582,0.1093747615814209,-0.2187502384185791,0.8749995231628418
a06_s2_neutral_angry,6,2,neutral,angry,28,0.375,-0.5625,0.4375,-0.4375,-0.90625,0.09375,0.0625
a07_s1_happy_sad,7,1,happy,sad,0,2.3046875,2.3046875,2.3046875,2.3046875,0.0,0.0,0.0
a07_s1_happy_sad,7,1,happy,sad,1,-0.25,-0.25,-0.2109375,-0.15625,0.02734375,0.06640625,0.0546875
a07_s1_happy_sad,7,1,happy,sad,2,-0.697265625,-0.69140625,-0.6015625,-0.59375,0.0068359375,0.0966796875,0.001953125
a07_s1_happy_sad,7,1,happy,sad,3,-0.6171875,-0.6328115463256836,-0.484375,-0.5625009536743164,-0.046875,0.1015615463256836,-0.06250190734863281
a07_s1_happy_sad,7,1,happy,sad,4,-0.171875,-0.234375,-0.171875,-0.28125,-0.0859375,-0.0234375,-0.046875
a07_s1_happy_sad,7,1,happy,sad,5,-0.71875,-0.875,-0.75,-0.953125,-0.1796875,-0.0546875,-0.046875
a07_s1_happy_sad,7,1,happy,sad,6,-1.78125,-1.84375,-1.9375,-1.90625,-0.015625,-0.109375,0.09375
a07_s1_happy_sad,7,1,happy,sad,7,-0.84375,-0.75,-0.9375,-0.90625,0.0625,-0.125,-0.0625
a07_s1_happy_sad,7,1,happy,sad,8,-1.5,-1.1875,-1.6875,-1.21875,0.390625,-0.109375,0.15625
a07_s1_happy_sad,7,1,happy,sad,9,0.53125,1.078125,0.375,0.96875,0.5703125,-0.1328125,0.046875
a07_s1_happy_sad,7,1,happy,sad,10,-2.4375,-1.609375,-2.4140625,-1.515625,0.86328125,0.05859375,0.0703125
a07_s1_happy_sad,7,1,happy,sad,11,-1.8125,-1.828125,-1.890625,-1.625,0.125,0.0625,0.28125
a07_s1_happy_sad,7,1,happy,sad,12,-2.46875,-2.28125,-2.59375,-2.0625,0.359375,0.046875,0.34375
a07_s1_happy_sad,7,1,happy,sad,13,-2.828125,-2.1875,-3.0312509536743164,-2.09375,0.7890629768371582,-0.0546879768371582,0.2968759536743164
a07_s1_happy_sad,7,1,happy,sad,14,-2.0390625,-1.5624990463256836,-2.3281240463256836,-1.609375,0.59765625,-0.16796875,0.2421855926513672
a07_s1_happy_sad,7,1,happy,sad,15,-1.703125,-0.875,-1.7265634536743164,-0.953125,0.8007817268371582,-0.0507817268371582,-0.054686546325683594
a07_s1_happy_sad,7,1,happy,sad,16,-2.9599609375,-1.9296875,-2.6357421875,-1.8671875,0.8994140625,0.193359375,-0.26171875
a07_s1_happy_sad,7,1,happy,sad,17,-2.58203125,-1.9140625,-2.3485107421875,-1.8125,0.60198974609375,0.16754150390625,-0.1319580078125
a07_s1_happy_sad,7,1,happy,sad,18,-3.0322265625,-2.8203125,-2.982421875,-2.6328125,0.28076171875,0.11865234375,0.1376953125
a07_s1_happy_sad,7,1,happy,sad,19,-1.69140625,-1.3203125,-1.54931640625,-1.2265625,0.346923828125,0.117919921875,-0.04833984375
a07_s1_happy_sad,7,1,happy,sad,20,-0.62890625,0.125,-0.3359375,0.078125,0.583984375,0.123046875,-0.33984375
a07_s1_happy_sad,7,1,happy,sad,21,-2.474609375,-1.046875,-2.02734375,-0.796875,1.3291015625,0.3486328125,-0.197265625
a07_s1_happy_sad,7,1,happy,sad,22,-1.642578125,-0.1875,-1.5390625,-0.564453125,1.21484375,-0.13671875,-0.48046875
a07_s1_happy_sad,7,1,happy,sad,23,-2.6484375,-1.04296875,-2.26953125,-1.94775390625,0.963623046875,-0.262939453125,-1.28369140625
a07_s1_happy_sad,7,1,happy,sad,24,-0.304931640625,0.40234375,0.21044921875,0.03125,0.2640380859375,0.0721435546875,-0.886474609375
a07_s1_happy_sad,7,1,happy,sad,25,-0.8779296875,-0.8056640625,-0.2734375,-0.6875,-0.1708984375,0.361328125,-0.486328125
a07_s1_happy_sad,7,1,happy,sad,26,-1.515625,-1.29296875,-1.0625,-0.9375,0.173828125,0.404296875,-0.09765625
a07_s1_happy_sad,7,1,happy,sad,27,-1.59375,-1.015625,-0.84375,-0.875,0.2734375,0.4453125,-0.609375
a07_s1_happy_sad,7,1,happy,sad,28,-0.8125,-0.875,-0.4375,-0.75,-0.1875,0.25,-0.25
a07_s1_neutral_angry,7,1,neutral,angry,0,0.951171875,0.951171875,0.951171875,0.951171875,0.0,0.0,0.0
a07_s1_neutral_angry,7,1,neutral,angry,1,0.17041015625,0.0068359375,0.1962890625,0.04931640625,-0.1552734375,0.0341796875,0.0166015625
a07_s1_neutral_angry,7,1,neutral,angry,2,-0.34765625,-0.447265625,-0.271484375,-0.37109375,-0.099609375,0.076171875,0.0
a07_s1_neutral_angry,7,1,neutral,angry,3,0.3125,0.09375,0.34375,0.234375,-0.1640625,0.0859375,0.109375
a07_s1_neutral_angry,7,1,neutral,angry,4,1.546875,1.34375,1.4375,1.375,-0.1328125,-0.0390625,0.140625
a07_s1_neutral_angry,7,1,neutral,angry,5,0.71875,0.25,0.625,0.15625,-0.46875,-0.09375,0.0
a07_s1_neutral_angry,7,1,neutral,angry,6,-0.40625,-0.78125,-0.53125,-0.8125,-0.328125,-0.078125,0.09375
a07_s1_neutral_angry,7,1,neutral,angry,7,0.5625,0.34375,0.4375,0.59375,-0.03125,0.0625,0.375
a07_s1_neutral_angry,7,1,neutral,angry,8,0.84375,0.5,0.75,0.5,-0.296875,-0.046875,0.09375
a07_s1_neutral_angry,7,1,neutral,angry,9,1.375,1.421875,1.40625,1.140625,-0.109375,-0.125,-0.3125
a07_s1_neutral_angry,7,1,neutral,angry,10,0.625,0.328125,0.953125,0.40625,-0.421875,0.203125,-0.25
a07_s1_neutral_angry,7,1,neutral,angry,11,1.75,0.734375,1.5625,0.59375,-0.9921875,-0.1640625,0.046875
a07_s1_neutral_angry,7,1,neutral,angry,12,-0.0625,-0.9375,-0.15625,-0.96875,-0.84375,-0.0625,0.0625
a07_s1_neutral_angry,7,1,neutral,angry,13,-0.03125,-1.0625,-0.3125,-1.140625,-0.9296875,-0.1796875,0.203125
a07_s1_neutral_angry,7,1,neutral,angry,14,-1.140625,-1.40625,-1.1875,-1.4453125,-0.26171875,-0.04296875,0.0078125
a07_s1_neutral_angry,7,1,neutral,angry,15,-1.265625,-1.2578115463256836,-1.140625,-1.2109384536743164,-0.03125,0.0859365463256836,-0.07812690734863281
a07_s1_neutral_angry,7,1,neutral,angry,16,-1.7500009536743164,-1.73828125,-1.90625,-1.794921875,0.0615239143371582,-0.1064448356628418,0.0996084213256836
a07_s1_neutral_angry,7,1,neutral,angry,17,-0.8828125,-1.65625,-1.3828125,-2.060546875,-0.7255859375,-0.4521484375,0.095703125
a07_s1_neutral_angry,7,1,neutral,angry,18,0.234375,0.2421875,0.09375,0.0546875,-0.015625,-0.1640625,-0.046875
a07_s1_neutral_angry,7,1,neutral,angry,19,-0.9453125,-0.93359375,-1.3828125,-1.046875,0.173828125,-0.275390625,0.32421875
a07_s1_neutral_angry,7,1,neutral,angry,20,-3.30859375,-2.7265625,-2.6796875,-2.9453125,0.158203125,0.205078125,-0.84765625
a07_s1_neutral_angry,7,1,neutral,angry,21,-2.109375,-1.9609375,-1.7421875,-1.681640625,0.1044921875,0.3232421875,-0.087890625
a07_s1_neutral_angry,7,1,neutral,angry,22,-2.921875,-1.77734375,-2.0078125,-1.53759765625,0.807373046875,0.576904296875,-0.67431640625
a07_s1_neutral_angry,7,1,neutral,angry,23,-2.609375,-3.859375,-2.9375,-4.0859375,-1.19921875,-0.27734375,0.1015625
a07_s1_neutral_angry,7,1,neutral,angry,24,-2.92578125,-4.7890625,-4.0703125,-4.86328125,-1.328125,-0.609375,1.0703125
a07_s1_neutral_angry,7,1,neutral,angry,25,-2.875,-3.7490234375,-2.818359375,-4.607421875,-1.33154296875,-0.40087890625,-0.9150390625
a07_s1_neutral_angry,7,1,neutral,angry,26,-3.89453125,-3.75,-2.6796875,-4.234375,-0.705078125,0.365234375,-1.69921875
a07_s1_neutral_angry,7,1,neutral,angry,27,-2.4375,-4.296874523162842,-2.09375,-4.328125476837158,-2.046875,0.1562495231628418,-0.3750009536743164
a07_s1_neutral_angry,7,1,neutral,angry,28,-1.25,-2.562499761581421,-1.0625,-2.5625,-1.4062498807907104,0.09374988079071045,-0.1875002384185791
a07_s2_happy_sad,7,2,happy,sad,0,2.3046875,2.3046875,2.3046875,2.3046875,0.0,0.0,0.0
a07_s2_happy_sad,7,2,happy,sad,1,-0.3125,-0.15625,-0.2734375,-0.1015625,0.1640625,0.046875,0.015625
a07_s2_happy_sad,7,2,happy,sad,2,-0.796875,-0.63671875,-0.623046875,-0.458984375,0.162109375,0.17578125,0.00390625
a07_s2_happy_sad,7,2,happy,sad,3,-0.8515625,-0.609375,-0.6953125,-0.453125,0.2421875,0.15625,0.0
a07_s2_happy_sad,7,2,happy,sad,4,-0.53125,-0.1875,-0.390625,-0.046875,0.34375,0.140625,0.0
a07_s2_happy_sad,7,2,happy,sad,5,-0.890625,-0.8125,-0.84375,-0.6875,0.1171875,0.0859375,0.078125
a07_s2_happy_sad,7,2,happy,sad,6,-1.84375,-1.9375,-1.8125,-1.78125,-0.03125,0.09375,0.125
a07_s2_happy_sad,7,2,happy,sad,7,-0.90625,-0.71875,-0.9375,-0.6875,0.21875,0.0,0.0625
a07_s2_happy_sad,7,2,happy,sad,8,-0.875,-1.0625,-1.1875,-1.375,-0.1875,-0.3125,0.0
a07_s2_happy_sad,7,2,happy,sad,9,0.65625,1.0625,0.609375,0.96875,0.3828125,-0.0703125,-0.046875
a07_s2_happy_sad,7,2,happy,sad,10,-2.1171884536743164,-1.9062509536743164,-1.9453125,-1.75,0.203125,0.1640634536743164,-0.015625
a07_s2_happy_sad,7,2,happy,sad,11,-1.9375,-1.546875,-1.90625,-1.546875,0.375,0.015625,-0.03125
a07_s2_happy_sad,7,2,happy,sad,12,-2.375,-2.0625,-2.71875,-1.9375,0.546875,-0.109375,0.46875
a07_s2_happy_sad,7,2,happy,sad,13,-2.640625,-2.03125,-2.890625,-1.828125,0.8359375,-0.0234375,0.453125
a07_s2_happy_sad,7,2,happy,sad,14,-1.6875,-1.203125,-1.7734375,-1.296875,0.48046875,-0.08984375,-0.0078125
a07_s2_happy_sad,7,2,happy,sad,15,-1.0546875,-0.34375,-1.1562509536743164,-0.6796875,0.5937504768371582,-0.2187504768371582,-0.2343740463256836
a07_s2_happy_sad,7,2,happy,sad,16,-2.6328125,-1.7031240463256836,-2.6328125,-1.65625,0.9531254768371582,0.023437023162841797,0.046874046325683594
a07_s2_happy_sad,7,2,happy,sad,17,-2.4814453125,-1.97265625,-2.6230010986328125,-1.8828125,0.6244888305664062,-0.02585601806640625,0.2313995361328125
a07_s2_happy_sad,7,2,happy,sad,18,-2.755859375,-2.51953125,-2.73046875,-2.65234375,0.1572265625,-0.0537109375,-0.158203125
a07_s2_happy_sad,7,2,happy,sad,19,-1.94140625,-0.94140625,-2.0,-1.12890625,0.935546875,-0.123046875,-0.12890625
a07_s2_happy_sad,7,2,happy,sad,20,-0.794921875,0.09375,-0.6171875,-0.2109375,0.6474609375,-0.0634765625,-0.482421875
a07_s2_happy_sad,7,2,happy,sad,21,-1.9609375,-1.3749990463256836,-2.03125,-1.375,0.6210942268371582,-0.0351567268371582,0.0703115463256836
a07_s2_happy_sad,7,2,happy,sad,22,-1.279052734375,-0.9267578125,-1.6015625,-1.1171875,0.4183349609375,-0.2564697265625,0.132080078125
a07_s2_happy_sad,7,2,happy,sad,23,-1.6328125,-2.3828125,-2.2109375,-2.23046875,-0.384765625,-0.212890625,0.73046875
a07_s2_happy_sad,7,2,happy,sad,24,-0.765625,-1.2998046875,-0.80859375,-1.02081298828125,-0.373199462890625,0.118011474609375,0.32196044921875
a07_s2_happy_sad,7,2,happy,sad,25,-0.84375,-0.75,-1.107421875,-1.035888671875,0.0826416015625,-0.2747802734375,-0.022216796875
a07_s2_happy_sad,7,2,happy,sad,26,-2.6796875,-1.609375,-2.67578125,-1.921875,0.912109375,-0.154296875,-0.31640625
a07_s2_happy_sad,7,2,happy,sad,27,-2.1328125,-1.4375,-2.13671875,-1.4296875,0.701171875,0.001953125,0.01171875
a07_s2_happy_sad,7,2,happy,sad,28,-1.375,-0.6875,-1.3125,-0.5,0.75,0.125,0.125
a07_s2_neutral_angry,7,2,neutral,angry,0,0.951171875,0.951171875,0.951171875,0.951171875,0.0,0.0,0.0
a07_s2_neutral_angry,7,2,neutral,angry,1,0.0966796875,0.20654296875,0.052734375,0.13720703125,0.09716796875,-0.056640625,-0.025390625
a07_s2_neutral_angry,7,2,neutral,angry,2,-0.6201171875,-0.4677734375,-0.654296875,-0.4658203125,0.17041015625,-0.01611328125,0.0361328125
a07_s2_neutral_angry,7,2,neutral,angry,3,0.109375,0.203125,0.015625,0.3125,0.1953125,0.0078125,0.203125
a07_s2_neutral_angry,7,2,neutral,angry,4,1.25,1.359375,1.15625,1.5625,0.2578125,0.0546875,0.296875
a07_s2_neutral_angry,7,2,neutral,angry,5,0.25,0.4375,0.40625,0.75,0.265625,0.234375,0.15625
a07_s2_neutral_angry,7,2,neutral,angry,6,-0.875,-0.59375,-0.8125,-0.46875,0.3125,0.09375,0.0625
a07_s2_neutral_angry,7,2,neutral,angry,7,0.34375,0.25,0.1875,0.375,0.046875,-0.015625,0.28125
a07_s2_neutral_angry,7,2,neutral,angry,8,0.96875,0.84375,0.5,0.65625,0.015625,-0.328125,0.28125
a07_s2_neutral_angry,7,2,neutral,angry,9,1.28125,1.09375,1.5,1.03125,-0.328125,0.078125,-0.28125
a07_s2_neutral_angry,7,2,neutral,angry,10,0.90625,0.828125,0.921875,1.0625,0.03125,0.125,0.21875
a07_s2_neutral_angry,7,2,neutral,angry,11,1.890625,1.03125,1.296875,1.0,-0.578125,-0.3125,0.5625
a07_s2_neutral_angry,7,2,neutral,angry,12,-0.125,-0.53125,-0.15625,-0.40625,-0.328125,0.046875,0.15625
a07_s2_neutral_angry,7,2,neutral,angry,13,0.03125,-0.1875,-0.1875,-0.15625,-0.09375,-0.09375,0.25
a07_s2_neutral_angry,7,2,neutral,angry,14,-1.125,-1.078125,-1.046875,-0.9687490463256836,0.0625004768371582,0.0937504768371582,0.031250953674316406
a07_s2_neutral_angry,7,2,neutral,angry,15,-1.03125,-1.046875,-0.75,-0.75,-0.0078125,0.2890625,0.015625
a07_s2_neutral_angry,7,2,neutral,angry,16,-1.6171875,-1.6328125,-1.4843759536743164,-1.4453125,0.011719226837158203,0.1601557731628418,0.054688453674316406
a07_s2_neutral_angry,7,2,neutral,angry,17,-1.015625,-1.0625,-1.3984375,-0.9765625,0.1875,-0.1484375,0.46875
a07_s2_neutral_angry,7,2,neutral,angry,18,0.2109375,0.28125,-0.03125,0.40625,0.25390625,-0.05859375,0.3671875
a07_s2_neutral_angry,7,2,neutral,angry,19,-1.1328125,-0.94921875,-1.671875,-0.953125,0.451171875,-0.271484375,0.53515625
a07_s2_neutral_angry,7,2,neutral,angry,20,-3.15234375,-2.859375,-2.890625,-2.666015625,0.2587890625,0.2275390625,-0.068359375
a07_s2_neutral_angry,7,2,neutral,angry,21,-2.1875,-1.921875,-2.154296875,-1.921875,0.2490234375,0.0166015625,-0.033203125
a07_s2_neutral_angry,7,2,neutral,angry,22,-2.1767578125,-1.8798828125,-1.765625,-2.187255859375,-0.0623779296875,0.0518798828125,-0.718505859375
a07_s2_neutral_angry,7,2,neutral,angry,23,-2.8544921875,-2.6640625,-2.8984375,-2.9453125,0.07177734375,-0.16259765625,-0.2373046875
a07_s2_neutral_angry,7,2,neutral,angry,24,-3.9296875,-4.859375,-4.34375,-4.5234375,-0.5546875,-0.0390625,0.75
a07_s2_neutral_angry,7,2,neutral,angry,25,-2.4609375,-2.40234375,-1.4140625,-2.2109375,-0.369140625,0.619140625,-0.85546875
a07_s2_neutral_angry,7,2,neutral,angry,26,-3.8203125,-2.09375,-1.5781254768371582,-2.078125476837158,0.61328125,1.1289057731628418,-2.2265625
a07_s2_neutral_angry,7,2,neutral,angry,27,-1.546875,-0.6875,-0.59375,-0.453125,0.5,0.59375,-0.71875
a07_s2_neutral_angry,7,2,neutral,angry,28,-0.1875,0.0,0.375,0.3125,0.0625,0.4375,-0.25
a08_s1_happy_sad,8,1,happy,sad,0,2.3046875,2.3046875,2.3046875,2.3046875,0.0,0.0,0.0
a08_s1_happy_sad,8,1,happy,sad,1,-0.25,-0.171875,-0.26953125,-0.1484375,0.099609375,0.001953125,0.04296875
a08_s1_happy_sad,8,1,happy,sad,2,-0.513671875,-0.4140625,-0.525390625,-0.375,0.125,0.013671875,0.05078125
a08_s1_happy_sad,8,1,happy,sad,3,-0.6171875,-0.421875,-0.5078125,-0.3203125,0.19140625,0.10546875,-0.0078125
a08_s1_happy_sad,8,1,happy,sad,4,-0.53125,-0.25,-0.34375,0.03125,0.328125,0.234375,0.09375
a08_s1_happy_sad,8,1,happy,sad,5,-0.9375,-0.828125,-0.78125,-0.78125,0.0546875,0.1015625,-0.109375
a08_s1_happy_sad,8,1,happy,sad,6,-1.8125,-1.4375,-1.75,-1.4375,0.34375,0.03125,-0.0625
a08_s1_happy_sad,8,1,happy,sad,7,-0.78125,-0.5,-1.0,-0.75,0.265625,-0.234375,-0.03125
a08_s1_happy_sad,8,1,happy,sad,8,-1.34375,-0.9375,-1.4375,-1.03125,0.40625,-0.09375,0.0
a08_s1_happy_sad,8,1,happy,sad,9,0.546875,0.875,0.5625,0.828125,0.296875,-0.015625,-0.0625
a08_s1_happy_sad,8,1,happy,sad,10,-1.8359384536743164,-1.4375,-1.828125,-1.6562509536743164,0.28515625,-0.10546875,-0.2265644073486328
a08_s1_happy_sad,8,1,happy,sad,11,-1.671875,-1.234375,-1.2656240463256836,-1.1875,0.2578120231628418,0.2265629768371582,-0.3593759536743164
a08_s1_happy_sad,8,1,happy,sad,12,-2.5625,-2.390625,-2.1875,-1.984375,0.1875,0.390625,0.03125
a08_s1_happy_sad,8,1,happy,sad,13,-2.9453115463256836,-2.34375,-2.7343740463256836,-2.1875,0.5742177963256836,0.18359375,-0.0546875
a08_s1_happy_sad,8,1,happy,sad,14,-1.94921875,-1.6796884536743164,-1.375,-1.3046875,0.1699213981628418,0.4746098518371582,-0.1992177963256836
a08_s1_happy_sad,8,1,happy,sad,15,-1.078125,-0.921875,-0.5859375,-0.7265625,0.0078125,0.34375,-0.296875
a08_s1_happy_sad,8,1,happy,sad,16,-2.640625,-2.861328125,-2.504638671875,-2.61328125,-0.1646728515625,0.1920166015625,0.112060546875
a08_s1_happy_sad,8,1,happy,sad,17,-2.15625,-2.505859375,-2.282958984375,-2.203125,-0.1348876953125,0.0880126953125,0.429443359375
a08_s1_happy_sad,8,1,happy,sad,18,-2.6396484375,-3.03125,-2.458984375,-2.76953125,-0.35107421875,0.22119140625,0.0810546875
a08_s1_happy_sad,8,1,happy,sad,19,-1.791015625,-2.601318359375,-1.55078125,-2.623046875,-0.9412841796875,0.1092529296875,-0.261962890625
a08_s1_happy_sad,8,1,happy,sad,20,-0.7421875,-1.0390625,-0.3203125,-0.7734375,-0.375,0.34375,-0.15625
a08_s1_happy_sad,8,1,happy,sad,21,-2.65625,-2.328125,-1.953125,-1.953125,0.1640625,0.5390625,-0.328125
a08_s1_happy_sad,8,1,happy,sad,22,-1.83984375,-1.3359375,-1.25,-1.390625,0.181640625,0.267578125,-0.64453125
a08_s1_happy_sad,8,1,happy,sad,23,-1.8720703125,-1.8046875,-1.815673828125,-1.6484375,0.1173095703125,0.1063232421875,0.099853515625
a08_s1_happy_sad,8,1,happy,sad,24,-0.20166015625,-0.3203125,-0.169921875,0.0078125,0.029541015625,0.179931640625,0.29638671875
a08_s1_happy_sad,8,1,happy,sad,25,-0.8515625,-1.21875,-0.85546875,-1.28515625,-0.3984375,-0.03515625,-0.0625
a08_s1_happy_sad,8,1,happy,sad,26,-1.90234375,-1.54296875,-1.615234375,-1.755859375,0.109375,0.037109375,-0.5
a08_s1_happy_sad,8,1,happy,sad,27,-1.703125,-1.4609375,-1.5546875,-1.86328125,-0.033203125,-0.126953125,-0.55078125
a08_s1_happy_sad,8,1,happy,sad,28,-0.75,-0.6875,-0.75,-1.1875,-0.1875,-0.25,-0.5
a08_s1_neutral_angry,8,1,neutral,angry,0,0.951171875,0.951171875,0.951171875,0.951171875,0.0,0.0,0.0
a08_s1_neutral_angry,8,1,neutral,angry,1,0.05078125,0.09375,-0.087890625,0.027099609375,0.0789794921875,-0.1026611328125,0.072021484375
a08_s1_neutral_angry,8,1,neutral,angry,2,-0.33203125,-0.32421875,-0.38671875,-0.34375,0.025390625,-0.037109375,0.03515625
a08_s1_neutral_angry,8,1,neutral,angry,3,0.140625,0.1875,-0.046875,0.21875,0.15625,-0.078125,0.21875
a08_s1_neutral_angry,8,1,neutral,angry,4,1.46875,1.234375,1.359375,1.359375,-0.1171875,0.0078125,0.234375
a08_s1_neutral_angry,8,1,neutral,angry,5,0.875,0.59375,0.8125,0.5,-0.296875,-0.078125,-0.03125
a08_s1_neutral_angry,8,1,neutral,angry,6,-0.53125,-0.59375,-0.71875,-0.75,-0.046875,-0.171875,0.03125
a08_s1_neutral_angry,8,1,neutral,angry,7,0.75,0.3125,0.4375,0.40625,-0.234375,-0.109375,0.40625
a08_s1_neutral_angry,8,1,neutral,angry,8,1.0,0.78125,0.6875,0.75,-0.078125,-0.171875,0.28125
a08_s1_neutral_angry,8,1,neutral,angry,9,2.21875,1.90625,1.9375,1.640625,-0.3046875,-0.2734375,0.015625
a08_s1_neutral_angry,8,1,neutral,angry,10,1.5,0.359375,1.453125,0.546875,-1.0234375,0.0703125,0.234375
a08_s1_neutral_angry,8,1,neutral,angry,11,1.65625,0.46875,1.078125,0.65625,-0.8046875,-0.1953125,0.765625
a08_s1_neutral_angry,8,1,neutral,angry,12,0.0,-1.09375,-0.375,-1.53125,-1.125,-0.40625,-0.0625
a08_s1_neutral_angry,8,1,neutral,angry,13,-0.0625,-0.75,-0.875,-1.484375,-0.6484375,-0.7734375,0.078125
a08_s1_neutral_angry,8,1,neutral,angry,14,-0.453125,-0.3437490463256836,-1.265625,-0.59375,0.3906254768371582,-0.5312504768371582,0.5624990463256836
a08_s1_neutral_angry,8,1,neutral,angry,15,-0.421875,-0.140625,-1.140625,-0.703125,0.359375,-0.640625,0.15625
a08_s1_neutral_angry,8,1,neutral,angry,16,-0.5390625,-0.6328125,-0.625,-1.0625,-0.265625,-0.2578125,-0.34375
a08_s1_neutral_angry,8,1,neutral,angry,17,-0.65625,-0.6171875,-0.9687509536743164,-1.0,0.003906726837158203,-0.3476567268371582,-0.0703115463256836
a08_s1_neutral_angry,8,1,neutral,angry,18,1.46875,0.59375,0.984375,0.6171875,-0.62109375,-0.23046875,0.5078125
a08_s1_neutral_angry,8,1,neutral,angry,19,-0.2734375,-0.9296875,-0.640625,-0.3984375,-0.20703125,0.08203125,0.8984375
a08_s1_neutral_angry,8,1,neutral,angry,20,-2.7861328125,-2.337371826171875,-1.7734384536743164,-2.52734375,-0.1525721549987793,0.4113612174987793,-1.2026662826538086
a08_s1_neutral_angry,8,1,neutral,angry,21,-2.1796875,-1.9687509536743164,-1.859375,-2.0078134536743164,0.031249046325683594,0.140625,-0.359375
a08_s1_neutral_angry,8,1,neutral,angry,22,-3.21875,-2.4541015625,-2.4140625,-2.43359375,0.37255859375,0.41259765625,-0.7841796875
a08_s1_neutral_angry,8,1,neutral,angry,23,-4.07421875,-4.0658416748046875,-2.9765625,-3.16796875,-0.09151458740234375,0.9977645874023438,-0.1997833251953125
a08_s1_neutral_angry,8,1,neutral,angry,24,-4.0302734375,-4.5859375,-2.203125,-3.419921875,-0.88623046875,1.49658203125,-0.6611328125
a08_s1_neutral_angry,8,1,neutral,angry,25,-3.80078125,-3.53125,-2.09375,-3.3515625,-0.494140625,0.943359375,-1.52734375
a08_s1_neutral_angry,8,1,neutral,angry,26,-4.0,-3.748046875,-2.4921875,-4.4140625,-0.8349609375,0.4208984375,-2.173828125
a08_s1_neutral_angry,8,1,neutral,angry,27,-3.2265625,-2.546875,-1.234375,-2.6875,-0.38671875,0.92578125,-2.1328125
a08_s1_neutral_angry,8,1,neutral,angry,28,-1.625,-1.375,-0.5625,-1.375,-0.28125,0.53125,-1.0625
a08_s2_happy_sad,8,2,happy,sad,0,2.3046875,2.3046875,2.3046875,2.3046875,0.0,0.0,0.0
a08_s2_happy_sad,8,2,happy,sad,1,-0.2578125,-0.25,-0.2265625,-0.25,-0.0078125,0.015625,-0.03125
a08_s2_happy_sad,8,2,happy,sad,2,-0.544921875,-0.455078125,-0.4853515625,-0.46484375,0.05517578125,0.02490234375,-0.0693359375
a08_s2_happy_sad,8,2,happy,sad,3,-0.7890625,-0.578125,-0.65625,-0.5625,0.15234375,0.07421875,-0.1171875
a08_s2_happy_sad,8,2,happy,sad,4,-0.6875,-0.25,-0.546875,-0.296875,0.34375,0.046875,-0.1875
a08_s2_happy_sad,8,2,happy,sad,5,-1.03125,-1.09375,-1.15625,-1.1875,-0.046875,-0.109375,0.03125
a08_s2_happy_sad,8,2,happy,sad,6,-1.90625,-1.78125,-1.84375,-1.78125,0.09375,0.03125,-0.0625
a08_s2_happy_sad,8,2,happy,sad,7,-0.6875,-0.625,-0.6875,-0.75,0.0,-0.0625,-0.125
a08_s2_happy_sad,8,2,happy,sad,8,-1.40625,-1.15625,-1.25,-1.21875,0.140625,0.046875,-0.21875
a08_s2_happy_sad,8,2,happy,sad,9,0.71875,0.8125,0.8125,0.734375,0.0078125,0.0078125,-0.171875
a08_s2_happy_sad,8,2,happy,sad,10,-1.6796875,-1.359375,-1.765625,-1.6171884536743164,0.2343745231628418,-0.1718754768371582,-0.1718759536743164
a08_s2_happy_sad,8,2,happy,sad,11,-1.484375,-1.109375,-1.421875,-1.234375,0.28125,-0.03125,-0.1875
a08_s2_happy_sad,8,2,happy,sad,12,-2.546875,-2.0625,-2.6875,-2.265625,0.453125,-0.171875,-0.0625
a08_s2_happy_sad,8,2,happy,sad,13,-2.859375,-2.015625,-2.625,-2.046875,0.7109375,0.1015625,-0.265625
a08_s2_happy_sad,8,2,happy,sad,14,-2.3359365463256836,-1.453125,-1.875,-1.4453125,0.6562495231628418,0.2343745231628418,-0.4531240463256836
a08_s2_happy_sad,8,2,happy,sad,15,-1.4453125,-0.9375,-1.015625,-0.921875,0.30078125,0.22265625,-0.4140625
a08_s2_happy_sad,8,2,happy,sad,16,-2.875,-2.6113290786743164,-2.8125,-2.62646484375,0.2248530387878418,0.023682117462158203,-0.0776357650756836
a08_s2_happy_sad,8,2,happy,sad,17,-2.333984375,-2.08203125,-2.208984375,-2.1259765625,0.16748046875,0.04052734375,-0.1689453125
a08_s2_happy_sad,8,2,happy,sad,18,-3.24609375,-2.7500009536743164,-3.0078125,-2.7304697036743164,0.3867177963256836,0.12890625,-0.21875
a08_s2_happy_sad,8,2,happy,sad,19,-2.419921875,-2.13525390625,-2.45703125,-1.977294921875,0.3822021484375,0.0604248046875,0.195068359375
a08_s2_happy_sad,8,2,happy,sad,20,-1.015625,-0.5859375,-1.0078125,-0.5234375,0.45703125,0.03515625,0.0546875
a08_s2_happy_sad,8,2,happy,sad,21,-2.03125,-1.921875,-2.171875,-1.7656259536743164,0.2578120231628418,0.007812023162841797,0.2968740463256836
a08_s2_happy_sad,8,2,happy,sad,22,-1.6015634536743164,-1.2265625,-1.609375,-1.5156240463256836,0.2343759536743164,-0.1484365463256836,-0.28125
a08_s2_happy_sad,8,2,happy,sad,23,-1.59375,-1.5859375,-1.6249990463256836,-1.9140625,-0.1406254768371582,-0.1796870231628418,-0.2968759536743164
a08_s2_happy_sad,8,2,happy,sad,24,-0.140625,-0.0625,-0.46875,-0.353515625,0.0966796875,-0.3095703125,0.037109375
a08_s2_happy_sad,8,2,happy,sad,25,-0.421875,-0.2421875,-0.6953125,-0.4990234375,0.18798828125,-0.26513671875,0.0166015625
a08_s2_happy_sad,8,2,happy,sad,26,-1.5625,-1.21875,-1.8671875,-1.68359375,0.263671875,-0.384765625,-0.16015625
a08_s2_happy_sad,8,2,happy,sad,27,-1.86328125,-1.31640625,-1.97265625,-1.52734375,0.49609375,-0.16015625,-0.1015625
a08_s2_happy_sad,8,2,happy,sad,28,-0.875,-0.8125,-0.9375,-0.6875,0.15625,0.03125,0.1875
a08_s2_neutral_angry,8,2,neutral,angry,0,0.951171875,0.951171875,0.951171875,0.951171875,0.0,0.0,0.0
a08_s2_neutral_angry,8,2,neutral,angry,1,0.15625,0.111328125,0.1123046875,0.07568359375,-0.040771484375,-0.039794921875,0.00830078125
a08_s2_neutral_angry,8,2,neutral,angry,2,-0.3125,-0.330078125,-0.24609375,-0.2958984375,-0.03369140625,0.05029296875,-0.0322265625
a08_s2_neutral_angry,8,2,neutral,angry,3,0.25,0.109375,0.21875,0.140625,-0.109375,0.0,0.0625
a08_s2_neutral_angry,8,2,neutral,angry,4,1.59375,1.46875,1.46875,1.4375,-0.078125,-0.078125,0.09375
a08_s2_neutral_angry,8,2,neutral,angry,5,0.875,0.71875,0.875,0.625,-0.203125,-0.046875,-0.09375
a08_s2_neutral_angry,8,2,neutral,angry,6,-0.59375,-0.875,-0.6875,-0.9375,-0.265625,-0.078125,0.03125
a08_s2_neutral_angry,8,2,neutral,angry,7,0.75,0.1875,0.5625,0.28125,-0.421875,-0.046875,0.28125
a08_s2_neutral_angry,8,2,neutral,angry,8,1.21875,0.65625,0.9375,0.5625,-0.46875,-0.1875,0.1875
a08_s2_neutral_angry,8,2,neutral,angry,9,1.875,1.265625,1.671875,1.140625,-0.5703125,-0.1640625,0.078125
a08_s2_neutral_angry,8,2,neutral,angry,10,1.03125,0.265625,0.90625,0.390625,-0.640625,0.0,0.25
a08_s2_neutral_angry,8,2,neutral,angry,11,0.765625,0.21875,0.796875,0.3125,-0.515625,0.0625,0.0625
a08_s2_neutral_angry,8,2,neutral,angry,12,-0.5625,-1.09375,-0.59375,-1.21875,-0.578125,-0.078125,-0.09375
a08_s2_neutral_angry,8,2,neutral,angry,13,-0.53125,-0.4375,-0.8125,-0.625,0.140625,-0.234375,0.09375
a08_s2_neutral_angry,8,2,neutral,angry,14,-0.890625,-0.421875,-1.59375,-0.921875,0.5703125,-0.6015625,0.203125
a08_s2_neutral_angry,8,2,neutral,angry,15,-0.59375,0.078125,-1.546875,-0.3125,0.953125,-0.671875,0.5625
a08_s2_neutral_angry,8,2,neutral,angry,16,-0.8984375,-0.0703125,-1.65625,-0.4453125,1.01953125,-0.56640625,0.3828125
a08_s2_neutral_angry,8,2,neutral,angry,17,-1.0859375,0.09375,-1.796875,-0.296875,1.33984375,-0.55078125,0.3203125
a08_s2_neutral_angry,8,2,neutral,angry,18,0.296875,0.890625,-0.078125,0.78125,0.7265625,-0.2421875,0.265625
a08_s2_neutral_angry,8,2,neutral,angry,19,-0.703125,-0.0078125,-1.4765625,-0.27734375,0.947265625,-0.521484375,0.50390625
a08_s2_neutral_angry,8,2,neutral,angry,20,-2.8193359375,-1.6142578125,-2.9013671875,-1.810546875,1.14794921875,-0.13916015625,-0.1142578125
a08_s2_neutral_angry,8,2,neutral,angry,21,-2.3906259536743164,-2.0703115463256836,-2.375,-2.0703115463256836,0.3125014305114746,0.007812976837158203,-0.015625953674316406
a08_s2_neutral_angry,8,2,neutral,angry,22,-3.1562490463256836,-3.0351552963256836,-3.1875,-2.9374990463256836,0.1855473518371582,0.0332026481628418,0.1289072036743164
a08_s2_neutral_angry,8,2,neutral,angry,23,-4.42578125,-3.8007822036743164,-4.671875953674316,-3.8437509536743164,0.7265620231628418,-0.1445317268371582,0.2031259536743164
a08_s2_neutral_angry,8,2,neutral,angry,24,-4.0263671875,-3.181640625,-4.2626953125,-3.8564453125,0.62548828125,-0.45556640625,-0.4384765625
a08_s2_neutral_angry,8,2,neutral,angry,25,-2.21875,-0.3740234375,-2.7421875,-1.671875,1.45751953125,-0.91064453125,-0.7744140625
a08_s2_neutral_angry,8,2,neutral,angry,26,-3.80859375,-2.24609375,-4.203125,-3.1875,1.2890625,-0.66796875,-0.546875
a08_s2_neutral_angry,8,2,neutral,angry,27,-1.0078125,-0.234375,-1.109375,-0.6875,0.59765625,-0.27734375,-0.3515625
a08_s2_neutral_angry,8,2,neutral,angry,28,0.1875,0.8125,0.25,0.5,0.4375,-0.125,-0.375
a09_s1_happy_sad,9,1,happy,sad,0,2.3046875,2.3046875,2.3046875,2.3046875,0.0,0.0,0.0
a09_s1_happy_sad,9,1,happy,sad,1,-0.41015625,-0.21875,-0.43359375,-0.1796875,0.22265625,0.0078125,0.0625
a09_s1_happy_sad,9,1,happy,sad,2,-0.7421875,-0.617431640625,-0.748046875,-0.6240234375,0.1243896484375,-0.0062255859375,-0.000732421875
a09_s1_happy_sad,9,1,happy,sad,3,-0.7421875,-0.4453125,-0.6640625,-0.4296875,0.265625,0.046875,-0.0625
a09_s1_happy_sad,9,1,happy,sad,4,-0.296875,0.21875,-0.328125,0.109375,0.4765625,-0.0703125,-0.078125
a09_s1_happy_sad,9,1,happy,sad,5,-0.75,-0.78125,-0.8125,-0.890625,-0.0546875,-0.0859375,-0.046875
a09_s1_happy_sad,9,1,happy,sad,6,-1.4375,-1.75,-1.34375,-1.75,-0.359375,0.046875,-0.09375
a09_s1_happy_sad,9,1,happy,sad,7,-0.625,-0.59375,-0.59375,-0.65625,-0.015625,-0.015625,-0.09375
a09_s1_happy_sad,9,1,happy,sad,8,-0.15625,-0.625,-0.25,-0.75,-0.484375,-0.109375,-0.03125
a09_s1_happy_sad,9,1,happy,sad,9,1.46875,1.375,1.546875,1.28125,-0.1796875,-0.0078125,-0.171875
a09_s1_happy_sad,9,1,happy,sad,10,-0.828125,-1.515625,-0.6875,-1.59375,-0.796875,0.03125,-0.21875
a09_s1_happy_sad,9,1,happy,sad,11,-1.578125,-1.84375,-1.453125,-1.78125,-0.296875,0.09375,-0.0625
a09_s1_happy_sad,9,1,happy,sad,12,-2.453125,-2.203125,-2.609375,-2.34375,0.2578125,-0.1484375,0.015625
a09_s1_happy_sad,9,1,happy,sad,13,-2.71875,-2.421875,-2.90625,-2.328125,0.4375,-0.046875,0.28125
a09_s1_happy_sad,9,1,happy,sad,14,-1.8593740463256836,-1.375,-2.0625,-1.375,0.5859370231628418,-0.1015629768371582,0.2031259536743164
a09_s1_happy_sad,9,1,happy,sad,15,-1.015625,-1.328125,-1.34375,-1.34375,-0.15625,-0.171875,0.3125
a09_s1_happy_sad,9,1,happy,sad,16,-3.041015625,-2.9921884536743164,-3.259765625,-2.984375,0.1621088981628418,-0.1054682731628418,0.2265634536743164
a09_s1_happy_sad,9,1,happy,sad,17,-2.84375,-2.7734375,-3.0390625,-2.921875,0.09375,-0.171875,0.046875
a09_s1_happy_sad,9,1,happy,sad,18,-3.2578115463256836,-3.1328125,-3.0781259536743164,-2.8828125,0.16015625,0.2148427963256836,0.07031440734863281
a09_s1_happy_sad,9,1,happy,sad,19,-2.9375,-2.9716796875,-2.64453125,-2.38671875,0.11181640625,0.43896484375,0.2919921875
a09_s1_happy_sad,9,1,happy,sad,20,-1.4453125,-1.65625,-1.2265625,-1.140625,-0.0625,0.3671875,0.296875
a09_s1_happy_sad,9,1,happy,sad,21,-2.1171875,-2.390625,-2.3046875,-2.21875,-0.09375,-0.0078125,0.359375
a09_s1_happy_sad,9,1,happy,sad,22,-1.69921875,-1.5234375,-1.6922607421875,-1.3740234375,0.24700927734375,0.07818603515625,0.1424560546875
a09_s1_happy_sad,9,1,happy,sad,23,-1.83984375,-1.55859375,-1.712890625,-1.375,0.3095703125,0.1552734375,0.056640625
a09_s1_happy_sad,9,1,happy,sad,24,0.369140625,0.515625,0.3564453125,0.853515625,0.32177734375,0.16259765625,0.3505859375
a09_s1_happy_sad,9,1,happy,sad,25,0.1484375,-0.359375,-0.51953125,-0.1484375,-0.068359375,-0.228515625,0.87890625
a09_s1_happy_sad,9,1,happy,sad,26,-0.4375,-0.7734375,-1.0,-1.03125,-0.18359375,-0.41015625,0.3046875
a09_s1_happy_sad,9,1,happy,sad,27,-0.65625,-0.5625,-0.9296875,-0.953125,0.03515625,-0.33203125,-0.1171875
a09_s1_happy_sad,9,1,happy,sad,28,-0.625,-0.4375,-0.8125,-0.75,0.125,-0.25,-0.125
a09_s1_neutral_angry,9,1,neutral,angry,0,0.951171875,0.951171875,0.951171875,0.951171875,0.0,0.0,0.0
a09_s1_neutral_angry,9,1,neutral,angry,1,0.130859375,0.19140625,-0.09375,0.0185546875,0.08642578125,-0.19873046875,0.0517578125
a09_s1_neutral_angry,9,1,neutral,angry,2,-0.3359375,-0.21875,-0.359375,-0.2578125,0.109375,-0.03125,-0.015625
a09_s1_neutral_angry,9,1,neutral,angry,3,0.109375,0.3125,0.046875,0.25,0.203125,-0.0625,0.0
a09_s1_neutral_angry,9,1,neutral,angry,4,1.40625,1.625,1.0,1.421875,0.3203125,-0.3046875,0.203125
a09_s1_neutral_angry,9,1,neutral,angry,5,0.9375,1.1875,0.625,0.875,0.25,-0.3125,0.0
a09_s1_neutral_angry,9,1,neutral,angry,6,-0.625,-0.53125,-0.96875,-0.84375,0.109375,-0.328125,0.03125
a09_s1_neutral_angry,9,1,neutral,angry,7,0.09375,-0.375,0.03125,-0.21875,-0.359375,0.046875,0.21875
a09_s1_neutral_angry,9,1,neutral,angry,8,0.34375,0.3125,0.3125,0.4375,0.046875,0.046875,0.15625
a09_s1_neutral_angry,9,1,neutral,angry,9,1.125,0.6875,1.03125,0.59375,-0.4375,-0.09375,0.0
a09_s1_neutral_angry,9,1,neutral,angry,10,-0.03125,-0.90625,-0.15625,-0.578125,-0.6484375,0.1015625,0.453125
a09_s1_neutral_angry,9,1,neutral,angry,11,0.875,0.1875,0.71875,0.40625,-0.5,0.03125,0.375
a09_s1_neutral_angry,9,1,neutral,angry,12,-0.375,-0.9375,-0.375,-0.78125,-0.484375,0.078125,0.15625
a09_s1_neutral_angry,9,1,neutral,angry,13,-0.34375,-0.4375,-0.15625,-0.375,-0.15625,0.125,-0.125
a09_s1_neutral_angry,9,1,neutral,angry,14,-1.515625,-1.59375,-1.3593740463256836,-1.203125,0.0390620231628418,0.2734379768371582,0.2343740463256836
a09_s1_neutral_angry,9,1,neutral,angry,15,-1.34375,-0.8125,-1.296875,-0.53125,0.6484375,0.1640625,0.234375
a09_s1_neutral_angry,9,1,neutral,angry,16,-1.4140625,-1.828125,-1.2890625,-1.8046875,-0.46484375,0.07421875,-0.1015625
a09_s1_neutral_angry,9,1,neutral,angry,17,-0.984375,-1.2265625,-1.046875,-1.34375,-0.26953125,-0.08984375,-0.0546875
a09_s1_neutral_angry,9,1,neutral,angry,18,0.21875,-0.046875,0.4140625,-0.046875,-0.36328125,0.09765625,-0.1953125
a09_s1_neutral_angry,9,1,neutral,angry,19,-0.7890625,-1.265625,-0.6484375,-1.203125,-0.515625,0.1015625,-0.078125
a09_s1_neutral_angry,9,1,neutral,angry,20,-3.169921875,-2.7080078125,-2.966796875,-2.173828125,0.62744140625,0.36865234375,0.3310546875
a09_s1_neutral_angry,9,1,neutral,angry,21,-2.125,-1.875,-2.203125,-1.359375,0.546875,0.21875,0.59375
a09_s1_neutral_angry,9,1,neutral,angry,22,-3.18359375,-3.109973907470703,-3.07421875,-2.337890625,0.40497398376464844,0.44072914123535156,0.6627082824707031
a09_s1_neutral_angry,9,1,neutral,angry,23,-3.4462890625,-2.42578125,-3.62109375,-1.296875,1.67236328125,0.47705078125,1.3037109375
a09_s1_neutral_angry,9,1,neutral,angry,24,-3.03076171875,-2.033203125,-3.546875,-1.16015625,1.692138671875,0.178466796875,1.38916015625
a09_s1_neutral_angry,9,1,neutral,angry,25,-2.6328125,-1.7734375,-3.015625,-1.0419921875,1.41650390625,0.17431640625,1.1142578125
a09_s1_neutral_angry,9,1,neutral,angry,26,-3.5546875,-3.16796875,-3.98828125,-2.5625,0.90625,0.0859375,1.0390625
a09_s1_neutral_angry,9,1,neutral,angry,27,-1.4453125,-1.78125,-1.796875,-1.34375,0.05859375,0.04296875,0.7890625
a09_s1_neutral_angry,9,1,neutral,angry,28,-0.75,-0.6875,-0.8125,-0.625,0.125,0.0,0.125
a09_s2_happy_sad,9,2,happy,sad,0,2.3046875,2.3046875,2.3046875,2.3046875,0.0,0.0,0.0
a09_s2_happy_sad,9,2,happy,sad,1,-0.2734375,-0.265625,-0.3046875,-0.26953125,0.021484375,-0.017578125,0.02734375
a09_s2_happy_sad,9,2,happy,sad,2,-0.509765625,-0.53564453125,-0.447265625,-0.57568359375,-0.0771484375,0.01123046875,-0.1025390625
a09_s2_happy_sad,9,2,happy,sad,3,-0.484375,-0.4921875,-0.359375,-0.4765634536743164,-0.0625004768371582,0.0703120231628418,-0.1093759536743164
a09_s2_happy_sad,9,2,happy,sad,4,-0.046875,0.125,-0.03125,0.015625,0.109375,-0.046875,-0.125
a09_s2_happy_sad,9,2,happy,sad,5,-1.0,-0.953125,-1.109375,-1.140625,0.0078125,-0.1484375,-0.078125
a09_s2_happy_sad,9,2,happy,sad,6,-1.890625,-1.859375,-2.0625,-2.046875,0.0234375,-0.1796875,-0.015625
a09_s2_happy_sad,9,2,happy,sad,7,-0.65625,-0.75,-0.71875,-0.84375,-0.109375,-0.078125,-0.03125
a09_s2_happy_sad,9,2,happy,sad,8,-0.8125,-0.71875,-0.6875,-0.8125,-0.015625,0.015625,-0.21875
a09_s2_happy_sad,9,2,happy,sad,9,0.765625,1.0,1.03125,0.953125,0.078125,0.109375,-0.3125
a09_s2_happy_sad,9,2,happy,sad,10,-1.53125,-1.5,-1.515625,-1.5625,-0.0078125,-0.0234375,-0.078125
a09_s2_happy_sad,9,2,happy,sad,11,-0.984375,-1.078125,-1.375,-1.5,-0.109375,-0.40625,-0.03125
a09_s2_happy_sad,9,2,happy,sad,12,-1.71875,-1.75,-1.9375,-1.78125,0.0625,-0.125,0.1875
a09_s2_happy_sad,9,2,happy,sad,13,-2.234375,-2.203125,-1.84375,-2.09375,-0.109375,0.25,-0.28125
a09_s2_happy_sad,9,2,happy,sad,14,-1.5937490463256836,-1.390625,-1.28125,-1.3281259536743164,0.0781240463256836,0.1874990463256836,-0.25
a09_s2_happy_sad,9,2,happy,sad,15,-0.65625,-0.796875,-0.84375,-1.109375,-0.203125,-0.25,-0.125
a09_s2_happy_sad,9,2,happy,sad,16,-2.7187490463256836,-2.4140634536743164,-2.3906240463256836,-2.5078125,0.09374856948852539,0.1171879768371582,-0.4218740463256836
a09_s2_happy_sad,9,2,happy,sad,17,-2.83203125,-2.5859375,-2.59375,-2.4375,0.201171875,0.193359375,-0.08984375
a09_s2_happy_sad,9,2,happy,sad,18,-2.6093740463256836,-2.25,-2.4375009536743164,-2.0234375,0.38671875,0.1992177963256836,0.05468940734863281
a09_s2_happy_sad,9,2,happy,sad,19,-1.4921884536743164,-1.40625,-1.3359375,-1.375,0.023437976837158203,0.0937504768371582,-0.1250009536743164
a09_s2_happy_sad,9,2,happy,sad,20,-1.15625,-0.5078125,-1.1640625,-0.4609375,0.67578125,0.01953125,0.0546875
a09_s2_happy_sad,9,2,happy,sad,21,-1.21875,-1.390625,-1.078125,-1.34375,-0.21875,0.09375,-0.09375
a09_s2_happy_sad,9,2,happy,sad,22,-0.5625,-0.4921875,0.0625,-0.3828125,-0.1875,0.3671875,-0.515625
a09_s2_happy_sad,9,2,happy,sad,23,-0.734375,-0.5625,-0.2265625,-0.34375,0.02734375,0.36328125,-0.2890625
a09_s2_happy_sad,9,2,happy,sad,24,0.32421875,1.13671875,0.9765625,1.251953125,0.5439453125,0.3837890625,-0.537109375
a09_s2_happy_sad,9,2,happy,sad,25,-0.6796875,0.23046875,-0.2578125,-0.05859375,0.5546875,0.06640625,-0.7109375
a09_s2_happy_sad,9,2,happy,sad,26,-1.98046875,-0.7216796875,-1.395599365234375,-1.08203125,0.7861785888671875,0.1122589111328125,-0.945220947265625
a09_s2_happy_sad,9,2,happy,sad,27,-1.73046875,-1.125,-1.515625,-1.2109375,0.455078125,0.064453125,-0.30078125
a09_s2_happy_sad,9,2,happy,sad,28,-1.125,-0.9375,-1.1875,-1.125,0.125,-0.125,-0.125
a09_s2_neutral_angry,9,2,neutral,angry,0,0.951171875,0.951171875,0.951171875,0.951171875,0.0,0.0,0.0
a09_s2_neutral_angry,9,2,neutral,angry,1,0.060546875,-0.1103515625,-0.00390625,-0.155029296875,-0.1610107421875,-0.0545654296875,0.019775390625
a09_s2_neutral_angry,9,2,neutral,angry,2,-0.390625,-0.458984375,-0.427734375,-0.548828125,-0.0947265625,-0.0634765625,-0.052734375
a09_s2_neutral_angry,9,2,neutral,angry,3,0.0,0.234375,0.015625,0.265625,0.2421875,0.0234375,0.015625
a09_s2_neutral_angry,9,2,neutral,angry,4,1.03125,1.65625,0.96875,1.53125,0.59375,-0.09375,-0.0625
a09_s2_neutral_angry,9,2,neutral,angry,5,0.34375,1.0,0.34375,0.71875,0.515625,-0.140625,-0.28125
a09_s2_neutral_angry,9,2,neutral,angry,6,-1.4375,-0.9375,-1.34375,-0.96875,0.4375,0.03125,-0.125
a09_s2_neutral_angry,9,2,neutral,angry,7,-0.3125,-0.21875,-0.03125,0.15625,0.140625,0.328125,0.09375
a09_s2_neutral_angry,9,2,neutral,angry,8,-0.03125,-0.03125,0.46875,0.40625,-0.03125,0.46875,-0.0625
a09_s2_neutral_angry,9,2,neutral,angry,9,0.40625,0.640625,0.65625,0.609375,0.09375,0.109375,-0.28125
a09_s2_neutral_angry,9,2,neutral,angry,10,-0.828125,-0.84375,-0.5625,-0.671875,-0.0625,0.21875,-0.09375
a09_s2_neutral_angry,9,2,neutral,angry,11,0.0625,0.09375,0.3125,0.3125,0.015625,0.234375,-0.03125
a09_s2_neutral_angry,9,2,neutral,angry,12,-0.6875,-0.96875,-0.65625,-0.96875,-0.296875,0.015625,-0.03125
a09_s2_neutral_angry,9,2,neutral,angry,13,-0.53125,-0.65625,-0.4375,-1.0,-0.34375,-0.125,-0.4375
a09_s2_neutral_angry,9,2,neutral,angry,14,-1.4375,-2.0625,-0.953125,-1.734375,-0.703125,0.40625,-0.15625
a09_s2_neutral_angry,9,2,neutral,angry,15,-0.78125,-1.125,-0.6875,-1.140625,-0.3984375,0.0390625,-0.109375
a09_s2_neutral_angry,9,2,neutral,angry,16,-1.1953125,-1.53125,-0.9921875,-1.8984375,-0.62109375,-0.08203125,-0.5703125
a09_s2_neutral_angry,9,2,neutral,angry,17,-1.484375,-1.203125,-1.1875,-1.578125,-0.0546875,-0.0390625,-0.671875
a09_s2_neutral_angry,9,2,neutral,angry,18,-0.09375,-0.03125,0.15625,-0.109375,-0.1015625,0.0859375,-0.328125
a09_s2_neutral_angry,9,2,neutral,angry,19,-0.9999990463256836,-1.4140625,-0.90625,-1.3359375,-0.4218754768371582,0.0859370231628418,-0.015624046325683594
a09_s2_neutral_angry,9,2,neutral,angry,20,-2.65234375,-3.70703125,-2.1484375,-3.265625,-1.0859375,0.47265625,-0.0625
a09_s2_neutral_angry,9,2,neutral,angry,21,-2.3203125,-2.759765625,-1.609375,-2.51171875,-0.6708984375,0.4794921875,-0.462890625
a09_s2_neutral_angry,9,2,neutral,angry,22,-2.46875,-3.09765625,-1.7265625,-2.5703125,-0.736328125,0.634765625,-0.21484375
a09_s2_neutral_angry,9,2,neutral,angry,23,-3.01953125,-2.7109375,-3.1308584213256836,-2.875,0.2822260856628418,-0.1376948356628418,-0.052735328674316406
a09_s2_neutral_angry,9,2,neutral,angry,24,-3.37109375,-3.8046875,-4.15625,-4.90625,-0.591796875,-0.943359375,-0.31640625
a09_s2_neutral_angry,9,2,neutral,angry,25,-1.86328125,-2.234375,-1.23046875,-2.6171875,-0.87890625,0.125,-1.015625
a09_s2_neutral_angry,9,2,neutral,angry,26,-3.1640625,-3.066406726837158,-2.59765625,-3.265625,-0.2851564884185791,0.1835939884185791,-0.7656245231628418
a09_s2_neutral_angry,9,2,neutral,angry,27,-1.265625,-0.9375,-1.234375,-1.546875,0.0078125,-0.2890625,-0.640625
a09_s2_neutral_angry,9,2,neutral,angry,28,0.1875,0.5625,0.25,0.0625,0.09375,-0.21875,-0.5625
a10_s1_happy_sad,10,1,happy,sad,0,2.3046875,2.3046875,2.3046875,2.3046875,0.0,0.0,0.0
a10_s1_happy_sad,10,1,happy,sad,1,-0.328125,-0.2578125,-0.296875,-0.2109375,0.078125,0.0390625,0.015625
a10_s1_happy_sad,10,1,happy,sad,2,-0.74609375,-0.60546875,-0.750244140625,-0.6376953125,0.1265869140625,-0.0181884765625,-0.028076171875
a10_s1_happy_sad,10,1,happy,sad,3,-0.7578125,-0.5859375,-0.8046875,-0.6953125,0.140625,-0.078125,-0.0625
a10_s1_happy_sad,10,1,happy,sad,4,-0.625,-0.171875,-0.796875,-0.46875,0.390625,-0.234375,-0.125
a10_s1_happy_sad,10,1,happy,sad,5,-0.984375,-0.859375,-1.140625,-0.9375,0.1640625,-0.1171875,0.078125
a10_s1_happy_sad,10,1,happy,sad,6,-1.65625,-1.6875,-1.71875,-1.625,0.03125,0.0,0.125
a10_s1_happy_sad,10,1,happy,sad,7,-0.5,-0.46875,-0.40625,-0.3125,0.0625,0.125,0.0625
a10_s1_happy_sad,10,1,happy,sad,8,-0.875,-0.9375,-0.875,-0.875,-0.03125,0.03125,0.0625
a10_s1_happy_sad,10,1,happy,sad,9,1.09375,1.171875,1.109375,1.296875,0.1328125,0.0703125,0.109375
a10_s1_happy_sad,10,1,happy,sad,10,-1.296875,-1.125,-1.3124990463256836,-1.125,0.1796870231628418,-0.007812023162841797,0.015624046325683594
a10_s1_happy_sad,10,1,happy,sad,11,-1.40625,-0.703125,-1.5625,-1.265625,0.5,-0.359375,-0.40625
a10_s1_happy_sad,10,1,happy,sad,12,-2.046875,-1.890625,-2.21875,-2.3125,0.03125,-0.296875,-0.25
a10_s1_happy_sad,10,1,happy,sad,13,-2.390625,-2.109375,-2.265625,-2.3125,0.1171875,-0.0390625,-0.328125
a10_s1_happy_sad,10,1,happy,sad,14,-1.3359375,-1.125,-1.6484375,-1.7187509536743164,0.0703120231628418,-0.4531254768371582,-0.2812509536743164
a10_s1_happy_sad,10,1,happy,sad,15,-0.7499990463256836,-0.765625,-1.265625,-1.46875,-0.1093754768371582,-0.6093754768371582,-0.1874990463256836
a10_s1_happy_sad,10,1,happy,sad,16,-2.52734375,-2.4257802963256836,-2.5781259536743164,-2.7578125,-0.039061546325683594,-0.1914072036743164,-0.28125
a10_s1_happy_sad,10,1,happy,sad,17,-2.57421875,-2.3515625,-2.5625,-2.6640625,0.060546875,-0.150390625,-0.32421875
a10_s1_happy_sad,10,1,happy,sad,18,-2.88671875,-2.6484375,-3.09375,-3.3125009536743164,0.009765148162841797,-0.4355473518371582,-0.4570322036743164
a10_s1_happy_sad,10,1,happy,sad,19,-1.66796875,-2.2109375,-1.7802734375,-2.5595703125,-0.6611328125,-0.23046875,-0.236328125
a10_s1_happy_sad,10,1,happy,sad,20,-0.8125,-1.2890625,-0.7734375,-1.4296875,-0.56640625,-0.05078125,-0.1796875
a10_s1_happy_sad,10,1,happy,sad,21,-2.40625,-2.7187509536743164,-2.265625,-2.703125,-0.3750004768371582,0.0781254768371582,-0.1249990463256836
a10_s1_happy_sad,10,1,happy,sad,22,-1.62890625,-1.296875,-0.799072265625,-1.25,-0.0594482421875,0.4383544921875,-0.782958984375
a10_s1_happy_sad,10,1,happy,sad,23,-1.7421875,-1.6406259536743164,-1.18994140625,-1.09375,0.0988764762878418,0.5495610237121582,-0.005370140075683594
a10_s1_happy_sad,10,1,happy,sad,24,0.076171875,0.3671875,0.794921875,1.046875,0.271484375,0.69921875,-0.0390625
a10_s1_happy_sad,10,1,happy,sad,25,-0.65234375,-0.6484375,-0.555908203125,0.0078125,0.2838134765625,0.3763427734375,0.559814453125
a10_s1_happy_sad,10,1,happy,sad,26,-1.421875,-1.0234375,-0.9296875,-0.14453125,0.591796875,0.685546875,0.38671875
a10_s1_happy_sad,10,1,happy,sad,27,-1.6953125,-1.125,-1.015625,-0.71484375,0.435546875,0.544921875,-0.26953125
a10_s1_happy_sad,10,1,happy,sad,28,-1.125,-0.625,-0.5625,-0.4375,0.3125,0.375,-0.375
a10_s1_neutral_angry,10,1,neutral,angry,0,0.951171875,0.951171875,0.951171875,0.951171875,0.0,0.0,0.0
a10_s1_neutral_angry,10,1,neutral,angry,1,-0.0439453125,-0.0177001953125,-0.048583984375,-0.013427734375,0.03070068359375,-0.00018310546875,0.0089111328125
a10_s1_neutral_angry,10,1,neutral,angry,2,-0.546875,-0.4912109375,-0.5390625,-0.5458984375,0.0244140625,-0.0234375,-0.0625
a10_s1_neutral_angry,10,1,neutral,angry,3,-0.078125,0.0,-0.0625,0.0,0.0703125,0.0078125,-0.015625
a10_s1_neutral_angry,10,1,neutral,angry,4,1.21875,1.296875,1.28125,1.453125,0.125,0.109375,0.09375
a10_s1_neutral_angry,10,1,neutral,angry,5,0.4375,0.625,0.28125,0.5,0.203125,-0.140625,0.03125
a10_s1_neutral_angry,10,1,neutral,angry,6,-0.90625,-0.96875,-0.9375,-0.875,0.0,0.03125,0.125
a10_s1_neutral_angry,10,1,neutral,angry,7,0.5,0.0625,0.5625,0.3125,-0.34375,0.15625,0.1875
a10_s1_neutral_angry,10,1,neutral,angry,8,0.71875,0.625,0.78125,0.65625,-0.109375,0.046875,-0.03125
a10_s1_neutral_angry,10,1,neutral,angry,9,1.578125,1.578125,1.34375,1.34375,0.0,-0.234375,0.0
a10_s1_neutral_angry,10,1,neutral,angry,10,0.625,-0.15625,0.59375,0.1875,-0.59375,0.15625,0.375
a10_s1_neutral_angry,10,1,neutral,angry,11,0.625,0.4375,0.703125,0.8125,-0.0390625,0.2265625,0.296875
a10_s1_neutral_angry,10,1,neutral,angry,12,-0.78125,-1.09375,-0.875,-0.90625,-0.171875,0.046875,0.28125
a10_s1_neutral_angry,10,1,neutral,angry,13,-0.796875,-0.875,-0.90625,-0.5625,0.1328125,0.1015625,0.421875
a10_s1_neutral_angry,10,1,neutral,angry,14,-1.09375,-1.546875,-1.453125,-1.0781240463256836,-0.0390620231628418,0.0546879768371582,0.8281259536743164
a10_s1_neutral_angry,10,1,neutral,angry,15,-0.796875,-1.09375,-1.078125,-0.671875,0.0546875,0.0703125,0.703125
a10_s1_neutral_angry,10,1,neutral,angry,16,-1.1875,-1.5703125,-1.3828125,-1.0546875,-0.02734375,0.16015625,0.7109375
a10_s1_neutral_angry,10,1,neutral,angry,17,-1.3359375,-1.140625,-1.44921875,-0.6875,0.478515625,0.169921875,0.56640625
a10_s1_neutral_angry,10,1,neutral,angry,18,0.0,-0.078125,-0.171875,0.59375,0.34375,0.25,0.84375
a10_s1_neutral_angry,10,1,neutral,angry,19,-1.40625,-1.1640625,-1.5546875,-0.8046875,0.49609375,0.10546875,0.5078125
a10_s1_neutral_angry,10,1,neutral,angry,20,-3.060546875,-2.75390625,-3.09765625,-2.248046875,0.578125,0.234375,0.54296875
a10_s1_neutral_angry,10,1,neutral,angry,21,-2.078125,-2.015625,-2.1015625,-1.4609375,0.3515625,0.265625,0.578125
a10_s1_neutral_angry,10,1,neutral,angry,22,-2.7923583984375,-2.181640625,-2.5078134536743164,-1.3544921875,0.8820195198059082,0.5558466911315918,0.5426034927368164
a10_s1_neutral_angry,10,1,neutral,angry,23,-4.1533203125,-4.103515625,-4.30859375,-3.2226552963256836,0.5678715705871582,0.3627934455871582,1.0361337661743164
a10_s1_neutral_angry,10,1,neutral,angry,24,-4.828125,-5.203125,-4.625,-4.2734375,-0.01171875,0.56640625,0.7265625
a10_s1_neutral_angry,10,1,neutral,angry,25,-3.765625,-2.859375,-3.2421875,-2.138671875,1.0048828125,0.6220703125,0.197265625
a10_s1_neutral_angry,10,1,neutral,angry,26,-3.89013671875,-2.783203125,-3.6865234375,-2.093749523162842,1.349853754043579,0.4465334415435791,0.4858403205871582
a10_s1_neutral_angry,10,1,neutral,angry,27,-3.40625,-2.515625,-3.0,-2.09375,0.8984375,0.4140625,0.015625
a10_s1_neutral_angry,10,1,neutral,angry,28,-1.875,-1.4375,-1.75,-1.5625,0.3125,0.0,-0.25
a10_s2_happy_sad,10,2,happy,sad,0,2.3046875,2.3046875,2.3046875,2.3046875,0.0,0.0,0.0
a10_s2_happy_sad,10,2,happy,sad,1,-0.375,-0.1875,-0.3671875,-0.125,0.21484375,0.03515625,0.0546875
a10_s2_happy_sad,10,2,happy,sad,2,-0.7744140625,-0.728515625,-0.626953125,-0.5,0.08642578125,0.18798828125,0.0810546875
a10_s2_happy_sad,10,2,happy,sad,3,-0.9375009536743164,-0.796875,-0.7734375,-0.6406259536743164,0.13671875,0.16015625,-0.007814407348632812
a10_s2_happy_sad,10,2,happy,sad,4,-0.703125,-0.5,-0.703125,-0.515625,0.1953125,-0.0078125,-0.015625
a10_s2_happy_sad,10,2,happy,sad,5,-0.875,-0.90625,-0.90625,-0.890625,-0.0078125,-0.0078125,0.046875
a10_s2_happy_sad,10,2,happy,sad,6,-1.59375,-1.75,-1.65625,-1.84375,-0.171875,-0.078125,-0.03125
a10_s2_happy_sad,10,2,happy,sad,7,-0.375,-0.46875,-0.40625,-0.53125,-0.109375,-0.046875,-0.03125
a10_s2_happy_sad,10,2,happy,sad,8,-0.59375,-0.875,-0.78125,-1.28125,-0.390625,-0.296875,-0.21875
a10_s2_happy_sad,10,2,happy,sad,9,0.953125,1.5,0.203125,0.921875,0.6328125,-0.6640625,0.171875
a10_s2_happy_sad,10,2,happy,sad,10,-1.109375,-1.15625,-1.1875,-1.515625,-0.1875,-0.21875,-0.28125
a10_s2_happy_sad,10,2,happy,sad,11,-1.5,-1.328125,-0.734375,-1.15625,-0.125,0.46875,-0.59375
a10_s2_happy_sad,10,2,happy,sad,12,-2.734375,-2.5625,-1.84375,-2.0625,-0.0234375,0.6953125,-0.390625
a10_s2_happy_sad,10,2,happy,sad,13,-2.46875,-2.109375,-1.953125,-1.84375,0.234375,0.390625,-0.25
a10_s2_happy_sad,10,2,happy,sad,14,-1.7265625,-1.4374990463256836,-1.234375,-1.3281259536743164,0.09765625,0.3007802963256836,-0.3828144073486328
a10_s2_happy_sad,10,2,happy,sad,15,-1.25,-1.359375,-0.59375,-0.625,-0.0703125,0.6953125,0.078125
a10_s2_happy_sad,10,2,happy,sad,16,-3.021484375,-3.1108407974243164,-2.15234375,-2.32421875,-0.1306157112121582,0.8278813362121582,-0.0825185775756836
a10_s2_happy_sad,10,2,happy,sad,17,-2.26953125,-2.62890625,-2.34765625,-2.09375,-0.052734375,0.228515625,0.61328125
a10_s2_happy_sad,10,2,happy,sad,18,-3.7148427963256836,-3.5742197036743164,-3.2265625,-2.9921865463256836,0.1874995231628418,0.5351567268371582,0.09375286102294922
a10_s2_happy_sad,10,2,happy,sad,19,-3.3964853286743164,-3.0546875,-2.513671875,-2.1328125,0.3613286018371582,0.9023442268371582,0.039061546325683594
a10_s2_happy_sad,10,2,happy,sad,20,-1.734375,-1.546875,-1.4921875,-0.9375,0.37109375,0.42578125,0.3671875
a10_s2_happy_sad,10,2,happy,sad,21,-2.34375,-2.171875,-2.203125,-2.234375,0.0703125,0.0390625,-0.203125
a10_s2_happy_sad,10,2,happy,sad,22,-1.734375,-1.6484375,-1.5390625,-1.2109375,0.20703125,0.31640625,0.2421875
a10_s2_happy_sad,10,2,happy,sad,23,-1.9374990463256836,-1.609375,-1.9921875,-1.765625,0.2773432731628418,-0.1054692268371582,-0.1015615463256836
a10_s2_happy_sad,10,2,happy,sad,24,-0.4375,-0.171875,-0.32421875,-0.45703125,0.06640625,-0.0859375,-0.3984375
a10_s2_happy_sad,10,2,happy,sad,25,-1.255859375,-0.44921875,-1.1484375,-0.17578125,0.8896484375,0.1904296875,0.166015625
a10_s2_happy_sad,10,2,happy,sad,26,-2.2890625,-1.115234375,-2.015625,-1.220703125,0.984375,0.083984375,-0.37890625
a10_s2_happy_sad,10,2,happy,sad,27,-1.86328125,-1.2470703125,-1.51171875,-0.921875,0.60302734375,0.33837890625,-0.0263671875
a10_s2_happy_sad,10,2,happy,sad,28,-1.1875,-0.71875,-0.625,-0.375,0.359375,0.453125,-0.21875
a10_s2_neutral_angry,10,2,neutral,angry,0,0.951171875,0.951171875,0.951171875,0.951171875,0.0,0.0,0.0
a10_s2_neutral_angry,10,2,neutral,angry,1,-0.075927734375,-0.0439453125,-0.01904296875,-0.0302734375,0.0103759765625,0.0352783203125,-0.043212890625
a10_s2_neutral_angry,10,2,neutral,angry,2,-0.537109375,-0.396484375,-0.498046875,-0.408203125,0.115234375,0.013671875,-0.05078125
a10_s2_neutral_angry,10,2,neutral,angry,3,-0.046875,0.109375,0.1875,0.296875,0.1328125,0.2109375,-0.046875
a10_s2_neutral_angry,10,2,neutral,angry,4,1.34375,1.53125,1.15625,1.375,0.203125,-0.171875,0.03125
a10_s2_neutral_angry,10,2,neutral,angry,5,0.8125,1.0,0.40625,0.625,0.203125,-0.390625,0.03125
a10_s2_neutral_angry,10,2,neutral,angry,6,-0.78125,-0.96875,-0.875,-0.90625,-0.109375,-0.015625,0.15625
a10_s2_neutral_angry,10,2,neutral,angry,7,0.5,0.21875,0.5,0.53125,-0.125,0.15625,0.3125
a10_s2_neutral_angry,10,2,neutral,angry,8,0.75,0.65625,0.75,1.125,0.140625,0.234375,0.46875
a10_s2_neutral_angry,10,2,neutral,angry,9,1.84375,1.65625,1.796875,1.546875,-0.21875,-0.078125,-0.0625
a10_s2_neutral_angry,10,2,neutral,angry,10,0.5,0.265625,0.546875,1.109375,0.1640625,0.4453125,0.796875
a10_s2_neutral_angry,10,2,neutral,angry,11,1.0625,0.5625,1.265625,1.5,-0.1328125,0.5703125,0.734375
a10_s2_neutral_angry,10,2,neutral,angry,12,-0.3125,-0.96875,-0.21875,-0.5625,-0.5,0.25,0.3125
a10_s2_neutral_angry,10,2,neutral,angry,13,-0.21875,-0.875,-0.21875,-0.625,-0.53125,0.125,0.25
a10_s2_neutral_angry,10,2,neutral,angry,14,-0.859375,-0.5,-1.265625,-0.5,0.5625,-0.203125,0.40625
a10_s2_neutral_angry,10,2,neutral,angry,15,-0.265625,-0.578125,-0.625,-0.53125,-0.109375,-0.15625,0.40625
a10_s2_neutral_angry,10,2,neutral,angry,16,-0.9375009536743164,-1.171875,-1.1796875,-1.125,-0.0898432731628418,-0.0976557731628418,0.2890615463256836
a10_s2_neutral_angry,10,2,neutral,angry,17,-0.8203125,-1.09375,-1.09375,-0.90625,-0.04296875,-0.04296875,0.4609375
a10_s2_neutral_angry,10,2,neutral,angry,18,1.125,0.6249990463256836,0.46875,0.46875,-0.2500004768371582,-0.4062495231628418,0.5000009536743164
a10_s2_neutral_angry,10,2,neutral,angry,19,-0.1796875,-0.578125,-0.2265625,-0.5546875,-0.36328125,-0.01171875,0.0703125
a10_s2_neutral_angry,10,2,neutral,angry,20,-2.55078125,-3.10546875,-2.1796875,-2.9140625,-0.64453125,0.28125,-0.1796875
a10_s2_neutral_angry,10,2,neutral,angry,21,-2.08984375,-2.63671875,-1.49609375,-2.16015625,-0.60546875,0.53515625,-0.1171875
a10_s2_neutral_angry,10,2,neutral,angry,22,-2.43359375,-3.171875,-1.9609375,-2.51171875,-0.64453125,0.56640625,0.1875
a10_s2_neutral_angry,10,2,neutral,angry,23,-3.2578125,-4.359375,-3.09375,-3.2890625,-0.6484375,0.6171875,0.90625
a10_s2_neutral_angry,10,2,neutral,angry,24,-4.21875,-4.8125,-4.40625,-4.96875,-0.578125,-0.171875,0.03125
a10_s2_neutral_angry,10,2,neutral,angry,25,-2.1953125,-2.6015625,-1.720703125,-2.2568359375,-0.47119140625,0.40966796875,-0.1298828125
a10_s2_neutral_angry,10,2,neutral,angry,26,-3.1396484375,-4.1484375,-2.90234375,-2.9375,-0.52197265625,0.72412109375,0.9736328125
a10_s2_neutral_angry,10,2,neutral,angry,27,-1.546875,-2.8984375,-1.59375,-1.625,-0.69140625,0.61328125,1.3203125
a10_s2_neutral_angry,10,2,neutral,angry,28,0.125,-0.5,0.125,-0.25,-0.5,0.125,0.25
a11_s1_happy_sad,11,1,happy,sad,0,2.3046875,2.3046875,2.3046875,2.3046875,0.0,0.0,0.0
a11_s1_happy_sad,11,1,happy,sad,1,-0.2578125,-0.2265625,-0.3203125,-0.2421875,0.0546875,-0.0390625,0.046875
a11_s1_happy_sad,11,1,happy,sad,2,-0.64453125,-0.626953125,-0.720703125,-0.68359375,0.02734375,-0.06640625,0.01953125
a11_s1_happy_sad,11,1,happy,sad,3,-0.53515625,-0.37890625,-0.65234375,-0.5078125,0.150390625,-0.123046875,-0.01171875
a11_s1_happy_sad,11,1,happy,sad,4,-0.125,-0.03125,-0.171875,-0.15625,0.0546875,-0.0859375,-0.078125
a11_s1_happy_sad,11,1,happy,sad,5,-0.859375,-0.859375,-0.796875,-0.828125,-0.015625,0.046875,-0.03125
a11_s1_happy_sad,11,1,happy,sad,6,-1.71875,-1.71875,-1.625,-1.65625,-0.015625,0.078125,-0.03125
a11_s1_happy_sad,11,1,happy,sad,7,-0.4375,-0.40625,-0.53125,-0.5625,0.0,-0.125,-0.0625
a11_s1_happy_sad,11,1,happy,sad,8,-0.65625,-0.5625,-0.625,-0.625,0.046875,-0.015625,-0.09375
a11_s1_happy_sad,11,1,happy,sad,9,0.84375,0.890625,1.0625,1.015625,0.0,0.171875,-0.09375
a11_s1_happy_sad,11,1,happy,sad,10,-1.5703134536743164,-1.9140615463256836,-1.2421875,-1.890625,-0.4960927963256836,0.17578125,-0.3046894073486328
a11_s1_happy_sad,11,1,happy,sad,11,-1.90625,-1.65625,-1.546875,-1.421875,0.1875,0.296875,-0.125
a11_s1_happy_sad,11,1,happy,sad,12,-2.53125,-2.03125,-2.078125,-1.78125,0.3984375,0.3515625,-0.203125
a11_s1_happy_sad,11,1,happy,sad,13,-2.28125,-1.796875,-1.984375,-1.796875,0.3359375,0.1484375,-0.296875
a11_s1_happy_sad,11,1,happy,sad,14,-1.5546875,-1.109375,-1.1953125,-1.21875,0.2109375,0.125,-0.46875
a11_s1_happy_sad,11,1,happy,sad,15,-1.28125,-0.953125,-0.40625,-0.625,0.0546875,0.6015625,-0.546875
a11_s1_happy_sad,11,1,happy,sad,16,-2.8203125,-2.2343759536743164,-2.41015625,-2.40625,0.2949213981628418,0.1191411018371582,-0.5820302963256836
a11_s1_happy_sad,11,1,happy,sad,17,-2.6328125,-2.16796875,-2.1640625,-2.296875,0.166015625,0.169921875,-0.59765625
a11_s1_happy_sad,11,1,happy,sad,18,-2.8984384536743164,-2.40625,-2.359375,-2.46875,0.1914067268371582,0.2382817268371582,-0.6015634536743164
a11_s1_happy_sad,11,1,happy,sad,19,-2.349609375,-1.0078125,-2.548828125,-1.3125,1.2890625,-0.251953125,-0.10546875
a11_s1_happy_sad,11,1,happy,sad,20,-0.40625,-0.40625,-0.65625,-0.4921875,0.08203125,-0.16796875,0.1640625
a11_s1_happy_sad,11,1,happy,sad,21,-1.9765625,-0.90625,-1.75,-1.75,0.53515625,-0.30859375,-1.0703125
a11_s1_happy_sad,11,1,happy,sad,22,-1.16796875,-0.53125,-1.16796875,-0.703125,0.55078125,-0.0859375,-0.171875
a11_s1_happy_sad,11,1,happy,sad,23,-1.896484375,-0.75,-1.953125,-0.765625,1.1669921875,-0.0361328125,0.041015625
a11_s1_happy_sad,11,1,happy,sad,24,0.712890625,0.984375,0.263671875,1.09765625,0.552734375,-0.16796875,0.5625
a11_s1_happy_sad,11,1,happy,sad,25,-0.8046875,0.15625,-0.9453125,0.1875,1.046875,-0.0546875,0.171875
a11_s1_happy_sad,11,1,happy,sad,26,-1.0,-0.25390625,-0.984375,-0.298828125,0.7158203125,-0.0146484375,-0.060546875
a11_s1_happy_sad,11,1,happy,sad,27,-1.234375,-1.21875,-1.015625,-1.1015625,-0.03515625,0.16796875,-0.1015625
a11_s1_happy_sad,11,1,happy,sad,28,-0.6875,-0.8125,-0.625,-0.75,-0.125,0.0625,0.0
a11_s1_neutral_angry,11,1,neutral,angry,0,0.951171875,0.951171875,0.951171875,0.951171875,0.0,0.0,0.0
a11_s1_neutral_angry,11,1,neutral,angry,1,0.1396484375,0.00927734375,0.025390625,-0.037109375,-0.096435546875,-0.080322265625,0.06787109375
a11_s1_neutral_angry,11,1,neutral,angry,2,-0.2734375,-0.40625,-0.291015625,-0.4580078125,-0.14990234375,-0.03466796875,-0.0341796875
a11_s1_neutral_angry,11,1,neutral,angry,3,0.21875,0.234375,0.140625,0.125,0.0,-0.09375,-0.03125
a11_s1_neutral_angry,11,1,neutral,angry,4,1.40625,1.5625,1.15625,1.421875,0.2109375,-0.1953125,0.109375
a11_s1_neutral_angry,11,1,neutral,angry,5,1.0,0.71875,0.65625,0.28125,-0.328125,-0.390625,-0.09375
a11_s1_neutral_angry,11,1,neutral,angry,6,-0.59375,-0.65625,-0.84375,-0.9375,-0.078125,-0.265625,-0.03125
a11_s1_neutral_angry,11,1,neutral,angry,7,0.34375,-0.125,0.46875,0.0,-0.46875,0.125,0.0
a11_s1_neutral_angry,11,1,neutral,angry,8,0.5625,0.09375,0.78125,0.25,-0.5,0.1875,-0.0625
a11_s1_neutral_angry,11,1,neutral,angry,9,1.671875,1.015625,1.65625,0.78125,-0.765625,-0.125,-0.21875
a11_s1_neutral_angry,11,1,neutral,angry,10,0.484375,-0.125,0.546875,0.0625,-0.546875,0.125,0.125
a11_s1_neutral_angry,11,1,neutral,angry,11,1.0625,0.8125,1.03125,0.390625,-0.4453125,-0.2265625,-0.390625
a11_s1_neutral_angry,11,1,neutral,angry,12,-0.3125,-0.15625,-0.21875,-0.875,-0.25,-0.3125,-0.8125
a11_s1_neutral_angry,11,1,neutral,angry,13,-0.03125,-0.0625,-0.25,-0.515625,-0.1484375,-0.3359375,-0.234375
a11_s1_neutral_angry,11,1,neutral,angry,14,-1.03125,-0.640625,-1.203125,-1.15625,0.21875,-0.34375,-0.34375
a11_s1_neutral_angry,11,1,neutral,angry,15,-0.6875,-0.109375,-1.1875,-0.875,0.4453125,-0.6328125,-0.265625
a11_s1_neutral_angry,11,1,neutral,angry,16,-0.8828125,-1.21875,-1.1875,-1.46875,-0.30859375,-0.27734375,0.0546875
a11_s1_neutral_angry,11,1,neutral,angry,17,-0.7109375,-0.3359375,-1.1640625,-0.8984375,0.3203125,-0.5078125,-0.109375
a11_s1_neutral_angry,11,1,neutral,angry,18,0.75,0.6875,0.3125,0.265625,-0.0546875,-0.4296875,0.015625
a11_s1_neutral_angry,11,1,neutral,angry,19,-0.7421875,-0.83203125,-1.1015625,-1.51171875,-0.25,-0.51953125,-0.3203125
a11_s1_neutral_angry,11,1,neutral,angry,20,-2.87353515625,-2.48828125,-2.787109375,-2.87109375,0.150634765625,-0.148193359375,-0.46923828125
a11_s1_neutral_angry,11,1,neutral,angry,21,-2.4374990463256836,-1.8671875,-2.1562509536743164,-2.21875,0.25390625,-0.035157203674316406,-0.6328105926513672
a11_s1_neutral_angry,11,1,neutral,angry,22,-3.7421884536743164,-2.32421875,-3.5859375,-2.62890625,1.1875004768371582,-0.0742182731628418,-0.4609384536743164
a11_s1_neutral_angry,11,1,neutral,angry,23,-4.515625,-3.25,-4.359374046325684,-3.26171875,1.1816401481628418,0.0722661018371582,-0.1679697036743164
a11_s1_neutral_angry,11,1,neutral,angry,24,-3.846923828125,-4.4140625,-3.58203125,-4.8046875,-0.8948974609375,-0.0628662109375,-0.655517578125
a11_s1_neutral_angry,11,1,neutral,angry,25,-3.296875,-2.734375,-3.3583984375,-2.28369140625,0.818603515625,0.194580078125,0.51220703125
a11_s1_neutral_angry,11,1,neutral,angry,26,-4.1640625,-2.5703125,-4.203125,-1.6406254768371582,2.078124761581421,0.4453122615814209,0.9687495231628418
a11_s1_neutral_angry,11,1,neutral,angry,27,-2.83984375,-1.9999995231628418,-2.44140625,-1.53125,0.8750002384185791,0.4335935115814209,0.0703120231628418
a11_s1_neutral_angry,11,1,neutral,angry,28,-1.4375004768371582,-1.0625,-1.375,-1.0,0.3750002384185791,0.0625002384185791,-4.76837158203125e-07
a11_s2_happy_sad,11,2,happy,sad,0,2.3046875,2.3046875,2.3046875,2.3046875,0.0,0.0,0.0
a11_s2_happy_sad,11,2,happy,sad,1,-0.2421875,-0.1171875,-0.2734375,-0.1640625,0.1171875,-0.0390625,-0.015625
a11_s2_happy_sad,11,2,happy,sad,2,-0.65625,-0.4296875,-0.671875,-0.4921875,0.203125,-0.0390625,-0.046875
a11_s2_happy_sad,11,2,happy,sad,3,-0.59375,-0.3046875,-0.5625,-0.40625,0.22265625,-0.03515625,-0.1328125
a11_s2_happy_sad,11,2,happy,sad,4,-0.171875,0.171875,-0.046875,-0.015625,0.1875,-0.03125,-0.3125
a11_s2_happy_sad,11,2,happy,sad,5,-0.953125,-0.71875,-0.984375,-0.875,0.171875,-0.09375,-0.125
a11_s2_happy_sad,11,2,happy,sad,6,-1.8125,-1.609375,-2.09375,-1.859375,0.21875,-0.265625,0.03125
a11_s2_happy_sad,11,2,happy,sad,7,-0.46875,-0.34375,-0.84375,-0.6875,0.140625,-0.359375,0.03125
a11_s2_happy_sad,11,2,happy,sad,8,-0.8125,-0.46875,-0.96875,-0.8125,0.25,-0.25,-0.1875
a11_s2_happy_sad,11,2,happy,sad,9,1.140625,1.046875,0.984375,0.875,-0.1015625,-0.1640625,-0.015625
a11_s2_happy_sad,11,2,happy,sad,10,-1.546875,-2.0390625,-1.734375,-2.140625,-0.44921875,-0.14453125,0.0859375
a11_s2_happy_sad,11,2,happy,sad,11,-1.4375,-1.59375,-1.609375,-1.5625,-0.0546875,-0.0703125,0.203125
a11_s2_happy_sad,11,2,happy,sad,12,-2.046875,-2.125,-2.25,-1.84375,0.1640625,0.0390625,0.484375
a11_s2_happy_sad,11,2,happy,sad,13,-1.75,-1.734375,-2.125,-1.921875,0.109375,-0.28125,0.1875
a11_s2_happy_sad,11,2,happy,sad,14,-1.3984384536743164,-1.1249990463256836,-1.4765615463256836,-1.3125,0.2187504768371582,-0.1328120231628418,-0.10937786102294922
a11_s2_happy_sad,11,2,happy,sad,15,-0.984375,-0.9375,-1.0625,-1.015625,0.046875,-0.078125,0.0
a11_s2_happy_sad,11,2,happy,sad,16,-2.37109375,-2.203125,-2.51171875,-2.5703134536743164,0.0546870231628418,-0.2539067268371582,-0.2265634536743164
a11_s2_happy_sad,11,2,happy,sad,17,-1.8046875,-2.0,-2.16796875,-2.203125,-0.115234375,-0.283203125,0.16015625
a11_s2_happy_sad,11,2,happy,sad,18,-2.5,-2.1640625,-2.5078134536743164,-2.3046875,0.2695317268371582,-0.0742192268371582,-0.1328115463256836
a11_s2_happy_sad,11,2,happy,sad,19,-2.267578125,-1.109375,-2.396484375,-1.2890625,1.1328125,-0.154296875,-0.05078125
a11_s2_happy_sad,11,2,happy,sad,20,-0.59375,-0.5234375,-0.7578125,-0.328125,0.25,0.015625,0.359375
a11_s2_happy_sad,11,2,happy,sad,21,-1.125,-1.359375,-1.5937509536743164,-1.8125,-0.2265620231628418,-0.4609379768371582,0.015625953674316406
a11_s2_happy_sad,11,2,happy,sad,22,-1.2031240463256836,-0.546875,-1.91015625,-0.515625,1.0253901481628418,-0.3378911018371582,0.7382822036743164
a11_s2_happy_sad,11,2,happy,sad,23,-1.802734375,-0.546875,-2.17578125,-0.671875,1.3798828125,-0.2490234375,0.248046875
a11_s2_happy_sad,11,2,happy,sad,24,-0.2744140625,0.890625,-0.314453125,0.8125,1.14599609375,-0.05908203125,-0.0380859375
a11_s2_happy_sad,11,2,happy,sad,25,-0.359375,0.3515625,-0.5859375,0.6796875,0.98828125,0.05078125,0.5546875
a11_s2_happy_sad,11,2,happy,sad,26,-1.25,-0.671875,-1.234375,-0.43505859375,0.688720703125,0.126220703125,0.22119140625
a11_s2_happy_sad,11,2,happy,sad,27,-1.03125,-1.44140625,-1.046875,-0.890625,-0.126953125,0.267578125,0.56640625
a11_s2_happy_sad,11,2,happy,sad,28,-0.25,-1.0,-0.25,-0.5625,-0.53125,0.21875,0.4375
a11_s2_neutral_angry,11,2,neutral,angry,0,0.951171875,0.951171875,0.951171875,0.951171875,0.0,0.0,0.0
a11_s2_neutral_angry,11,2,neutral,angry,1,0.1298828125,0.085693359375,-0.001953125,0.0667724609375,0.01226806640625,-0.07537841796875,0.1129150390625
a11_s2_neutral_angry,11,2,neutral,angry,2,-0.34765625,-0.357421875,-0.310546875,-0.3388671875,-0.01904296875,0.02783203125,-0.0185546875
a11_s2_neutral_angry,11,2,neutral,angry,3,0.171875,0.1875,0.1875,0.28125,0.0546875,0.0546875,0.078125
a11_s2_neutral_angry,11,2,neutral,angry,4,1.34375,1.421875,1.0625,1.34375,0.1796875,-0.1796875,0.203125
a11_s2_neutral_angry,11,2,neutral,angry,5,0.71875,0.65625,0.40625,0.34375,-0.0625,-0.3125,0.0
a11_s2_neutral_angry,11,2,neutral,angry,6,-0.625,-0.625,-1.03125,-0.9375,0.046875,-0.359375,0.09375
a11_s2_neutral_angry,11,2,neutral,angry,7,0.46875,-0.03125,0.5625,0.15625,-0.453125,0.140625,0.09375
a11_s2_neutral_angry,11,2,neutral,angry,8,0.78125,0.1875,0.75,0.15625,-0.59375,-0.03125,0.0
a11_s2_neutral_angry,11,2,neutral,angry,9,1.8125,1.078125,1.71875,0.890625,-0.78125,-0.140625,-0.09375
a11_s2_neutral_angry,11,2,neutral,angry,10,0.859375,-0.078125,0.859375,0.359375,-0.71875,0.21875,0.4375
a11_s2_neutral_angry,11,2,neutral,angry,11,1.546875,0.3125,1.46875,0.640625,-1.03125,0.125,0.40625
a11_s2_neutral_angry,11,2,neutral,angry,12,0.0625,-0.8125,0.21875,-0.875,-0.984375,0.046875,-0.21875
a11_s2_neutral_angry,11,2,neutral,angry,13,-0.21875,-0.75,0.09375,-0.796875,-0.7109375,0.1328125,-0.359375
a11_s2_neutral_angry,11,2,neutral,angry,14,-0.71875,-0.796875,-0.703125,-1.1953125,-0.28515625,-0.19140625,-0.4140625
a11_s2_neutral_angry,11,2,neutral,angry,15,-0.203125,-0.515625,-0.1875,-0.5781259536743164,-0.3515629768371582,-0.023437976837158203,-0.0781259536743164
a11_s2_neutral_angry,11,2,neutral,angry,16,-0.390625,-1.34375,-0.5,-1.33984375,-0.896484375,-0.052734375,0.11328125
a11_s2_neutral_angry,11,2,neutral,angry,17,-0.484375,-1.0078125,-0.90625,-0.9921875,-0.3046875,-0.203125,0.4375
a11_s2_neutral_angry,11,2,neutral,angry,18,0.75,0.578125,0.859375,0.71875,-0.15625,0.125,0.03125
a11_s2_neutral_angry,11,2,neutral,angry,19,-0.265625,-0.6328125,-0.4375,-0.87109375,-0.400390625,-0.205078125,-0.06640625
a11_s2_neutral_angry,11,2,neutral,angry,20,-1.98046875,-2.203125,-1.95703125,-2.25390625,-0.259765625,-0.013671875,-0.07421875
a11_s2_neutral_angry,11,2,neutral,angry,21,-1.4375,-2.015625,-1.6953125,-2.166015625,-0.5244140625,-0.2041015625,0.107421875
a11_s2_neutral_angry,11,2,neutral,angry,22,-1.6640625,-2.091796875,-2.328125,-2.30859375,-0.2041015625,-0.4404296875,0.447265625
a11_s2_neutral_angry,11,2,neutral,angry,23,-3.2949209213256836,-3.921875,-3.810546875,-3.46875,-0.1425786018371582,-0.0312504768371582,0.9687509536743164
a11_s2_neutral_angry,11,2,neutral,angry,24,-4.0390625,-5.0859375,-4.2421875,-5.21875,-1.01171875,-0.16796875,0.0703125
a11_s2_neutral_angry,11,2,neutral,angry,25,-1.3193359375,-2.849609375,-1.041015625,-2.0390625,-1.26416015625,0.54443359375,0.5322265625
a11_s2_neutral_angry,11,2,neutral,angry,26,-2.265625,-3.746094226837158,-2.109375,-2.03125,-0.7011721134185791,0.9355471134185791,1.5585942268371582
a11_s2_neutral_angry,11,2,neutral,angry,27,-1.15625,-1.671875,-1.375,-1.1874995231628418,-0.1640622615814209,0.1328127384185791,0.7031254768371582
a11_s2_neutral_angry,11,2,neutral,angry,28,0.25,-0.0625,0.125,0.0,-0.21875,-0.03125,0.1875
a12_s1_happy_sad,12,1,happy,sad,0,2.3046875,2.3046875,2.3046875,2.3046875,0.0,0.0,0.0
a12_s1_happy_sad,12,1,happy,sad,1,-0.1953125,-0.140625,-0.2265625,-0.1640625,0.05859375,-0.02734375,0.0078125
a12_s1_happy_sad,12,1,happy,sad,2,-0.400390625,-0.30859375,-0.427734375,-0.40625,0.056640625,-0.0625,-0.0703125
a12_s1_happy_sad,12,1,happy,sad,3,-0.5390625,-0.421875,-0.5703125,-0.5078125,0.08984375,-0.05859375,-0.0546875
a12_s1_happy_sad,12,1,happy,sad,4,-0.4375,-0.375,-0.375,-0.390625,0.0234375,0.0234375,-0.078125
a12_s1_happy_sad,12,1,happy,sad,5,-0.9375,-0.953125,-0.90625,-0.953125,-0.03125,0.015625,-0.03125
a12_s1_happy_sad,12,1,happy,sad,6,-2.15625,-1.84375,-2.125,-1.90625,0.265625,-0.015625,-0.09375
a12_s1_happy_sad,12,1,happy,sad,7,-0.90625,-0.71875,-0.8125,-0.71875,0.140625,0.046875,-0.09375
a12_s1_happy_sad,12,1,happy,sad,8,-1.75,-1.28125,-1.78125,-1.34375,0.453125,-0.046875,-0.03125
a12_s1_happy_sad,12,1,happy,sad,9,0.3125,0.71875,0.40625,0.5625,0.28125,-0.03125,-0.25
a12_s1_happy_sad,12,1,happy,sad,10,-1.875,-1.984375,-1.734375,-1.984375,-0.1796875,0.0703125,-0.140625
a12_s1_happy_sad,12,1,happy,sad,11,-1.59375,-1.40625,-1.65625,-1.3125,0.265625,0.015625,0.15625
a12_s1_happy_sad,12,1,happy,sad,12,-2.3125,-2.34375,-2.21875,-2.125,0.03125,0.15625,0.125
a12_s1_happy_sad,12,1,happy,sad,13,-2.53125,-2.09375,-2.34375,-1.953125,0.4140625,0.1640625,-0.046875
a12_s1_happy_sad,12,1,happy,sad,14,-1.8046875,-1.5937490463256836,-1.546875,-1.3906259536743164,0.18359375,0.2304677963256836,-0.05468940734863281
a12_s1_happy_sad,12,1,happy,sad,15,-0.953125,-0.953125,-0.7187490463256836,-0.65625,0.031249523162841797,0.2656254768371582,0.062499046325683594
a12_s1_happy_sad,12,1,happy,sad,16,-2.5078125,-2.7343759536743164,-2.203125,-2.609375,-0.3164067268371582,0.2148442268371582,-0.1796865463256836
a12_s1_happy_sad,12,1,happy,sad,17,-2.125,-2.8320302963256836,-1.9140625,-2.4453125,-0.6191401481628418,0.2988276481628418,0.1757802963256836
a12_s1_happy_sad,12,1,happy,sad,18,-2.7968740463256836,-2.8515615463256836,-2.8359375,-2.5078125,0.13671875,0.1523427963256836,0.3828125
a12_s1_happy_sad,12,1,happy,sad,19,-1.60546875,-1.57421875,-1.67578125,-1.2578125,0.224609375,0.123046875,0.38671875
a12_s1_happy_sad,12,1,happy,sad,20,-0.5625,-0.7421875,-0.59375,-0.5859375,-0.0859375,0.0625,0.1875
a12_s1_happy_sad,12,1,happy,sad,21,-1.7343740463256836,-1.734375,-1.65625,-1.8515625,-0.0976567268371582,-0.019531726837158203,-0.1953115463256836
a12_s1_happy_sad,12,1,happy,sad,22,-0.9765625,-0.84375,-0.74609375,-0.921875,-0.021484375,0.076171875,-0.30859375
a12_s1_happy_sad,12,1,happy,sad,23,-1.5703125,-0.75,-1.1796875,-0.796875,0.6015625,0.171875,-0.4375
a12_s1_happy_sad,12,1,happy,sad,24,0.1640625,0.7265625,0.546875,1.05078125,0.533203125,0.353515625,-0.05859375
a12_s1_happy_sad,12,1,happy,sad,25,-0.65625,-0.1875,-0.3515625,0.1171875,0.46875,0.3046875,0.0
a12_s1_happy_sad,12,1,happy,sad,26,-1.662109375,-0.767578125,-1.005859375,-0.33349609375,0.783447265625,0.545166015625,-0.22216796875
a12_s1_happy_sad,12,1,happy,sad,27,-1.671875,-1.3984375,-0.875,-1.078125,0.03515625,0.55859375,-0.4765625
a12_s1_happy_sad,12,1,happy,sad,28,-0.8125,-1.125,-0.5625,-0.625,-0.1875,0.375,0.25
a12_s1_neutral_angry,12,1,neutral,angry,0,0.951171875,0.951171875,0.951171875,0.951171875,0.0,0.0,0.0
a12_s1_neutral_angry,12,1,neutral,angry,1,-0.0283203125,-0.035400390625,-0.0771484375,-0.0947265625,-0.0123291015625,-0.0540771484375,-0.010498046875
a12_s1_neutral_angry,12,1,neutral,angry,2,-0.4453125,-0.5234375,-0.44921875,-0.541015625,-0.0849609375,-0.0107421875,-0.013671875
a12_s1_neutral_angry,12,1,neutral,angry,3,0.1875,-0.078125,0.140625,-0.078125,-0.2421875,-0.0234375,0.046875
a12_s1_neutral_angry,12,1,neutral,angry,4,1.5,1.234375,1.21875,1.109375,-0.1875,-0.203125,0.15625
a12_s1_neutral_angry,12,1,neutral,angry,5,0.71875,0.28125,0.4375,0.09375,-0.390625,-0.234375,0.09375
a12_s1_neutral_angry,12,1,neutral,angry,6,-0.65625,-0.875,-0.78125,-1.0,-0.21875,-0.125,0.0
a12_s1_neutral_angry,12,1,neutral,angry,7,0.71875,0.0625,0.71875,0.28125,-0.546875,0.109375,0.21875
a12_s1_neutral_angry,12,1,neutral,angry,8,0.90625,0.5625,0.9375,0.6875,-0.296875,0.078125,0.09375
a12_s1_neutral_angry,12,1,neutral,angry,9,1.671875,1.109375,1.421875,0.9375,-0.5234375,-0.2109375,0.078125
a12_s1_neutral_angry,12,1,neutral,angry,10,0.921875,0.640625,0.875,0.8125,-0.171875,0.0625,0.21875
a12_s1_neutral_angry,12,1,neutral,angry,11,1.515625,0.515625,1.75,1.015625,-0.8671875,0.3671875,0.265625
a12_s1_neutral_angry,12,1,neutral,angry,12,-0.28125,-0.90625,-0.15625,-0.59375,-0.53125,0.21875,0.1875
a12_s1_neutral_angry,12,1,neutral,angry,13,-0.625,-0.59375,-0.59375,-0.390625,0.1171875,0.1171875,0.171875
a12_s1_neutral_angry,12,1,neutral,angry,14,-0.84375,-1.0859375,-1.046875,-0.8046875,0.0,0.0390625,0.484375
a12_s1_neutral_angry,12,1,neutral,angry,15,-0.859375,-0.609375,-1.140625,-0.46875,0.4609375,-0.0703125,0.421875
a12_s1_neutral_angry,12,1,neutral,angry,16,-1.0625,-1.515625,-1.0078115463256836,-1.3125,-0.3789067268371582,0.1289067268371582,0.1484365463256836
a12_s1_neutral_angry,12,1,neutral,angry,17,-1.28125,-0.78125,-1.3671875,-0.59375,0.63671875,0.05078125,0.2734375
a12_s1_neutral_angry,12,1,neutral,angry,18,0.296875,1.1015625,0.1875,1.2265625,0.921875,0.0078125,0.234375
a12_s1_neutral_angry,12,1,neutral,angry,19,-0.578125,0.015625,-0.609375,0.0859375,0.64453125,0.01953125,0.1015625
a12_s1_neutral_angry,12,1,neutral,angry,20,-2.8505859375,-2.11328125,-3.3486328125,-2.34765625,0.869140625,-0.3662109375,0.263671875
a12_s1_neutral_angry,12,1,neutral,angry,21,-2.2265634536743164,-1.74609375,-2.484375,-2.0234375,0.4707036018371582,-0.2675776481628418,-0.019532203674316406
a12_s1_neutral_angry,12,1,neutral,angry,22,-2.9472665786743164,-1.8046875,-3.3251962661743164,-2.3359375,1.0659189224243164,-0.45458984375,-0.1533203125
a12_s1_neutral_angry,12,1,neutral,angry,23,-3.890625,-2.94921875,-4.414061546325684,-2.9716796875,1.1918940544128418,-0.2729487419128418,0.5009756088256836
a12_s1_neutral_angry,12,1,neutral,angry,24,-4.092041015625,-4.453125,-4.2578125,-4.4609375,-0.2821044921875,-0.0867919921875,0.157958984375
a12_s1_neutral_angry,12,1,neutral,angry,25,-3.875,-3.82421875,-3.583984375,-3.7265625,-0.0458984375,0.1943359375,-0.193359375
a12_s1_neutral_angry,12,1,neutral,angry,26,-4.484375,-3.5546875,-4.265625,-3.874999523162842,0.6601564884185791,-0.0507810115814209,-0.5390620231628418
a12_s1_neutral_angry,12,1,neutral,angry,27,-2.93359375,-2.468750476837158,-3.1300048828125,-3.468750476837158,0.0630488395690918,-0.59820556640625,-0.8035888671875
a12_s1_neutral_angry,12,1,neutral,angry,28,-1.53125,-1.4375,-1.6875004768371582,-2.1875,-0.2031247615814209,-0.4531252384185791,-0.5937495231628418
a12_s2_happy_sad,12,2,happy,sad,0,2.3046875,2.3046875,2.3046875,2.3046875,0.0,0.0,0.0
a12_s2_happy_sad,12,2,happy,sad,1,-0.3203125,-0.3203125,-0.265625,-0.21875,0.0234375,0.078125,0.046875
a12_s2_happy_sad,12,2,happy,sad,2,-0.611328125,-0.560546875,-0.47265625,-0.4296875,0.046875,0.134765625,-0.0078125
a12_s2_happy_sad,12,2,happy,sad,3,-0.75,-0.6328125,-0.59375,-0.51171875,0.099609375,0.138671875,-0.03515625
a12_s2_happy_sad,12,2,happy,sad,4,-0.546875,-0.296875,-0.234375,-0.140625,0.171875,0.234375,-0.15625
a12_s2_happy_sad,12,2,happy,sad,5,-1.125,-0.875,-1.0625,-0.921875,0.1953125,0.0078125,-0.109375
a12_s2_happy_sad,12,2,happy,sad,6,-2.21875,-1.71875,-2.15625,-1.8125,0.421875,-0.015625,-0.15625
a12_s2_happy_sad,12,2,happy,sad,7,-0.71875,-0.40625,-0.90625,-0.625,0.296875,-0.203125,-0.03125
a12_s2_happy_sad,12,2,happy,sad,8,-1.15625,-0.75,-1.53125,-1.15625,0.390625,-0.390625,-0.03125
a12_s2_happy_sad,12,2,happy,sad,9,0.6875,1.0625,0.46875,0.828125,0.3671875,-0.2265625,-0.015625
a12_s2_happy_sad,12,2,happy,sad,10,-1.484375,-1.703125,-1.625,-1.8593759536743164,-0.2265629768371582,-0.1484379768371582,-0.015625953674316406
a12_s2_happy_sad,12,2,happy,sad,11,-1.359375,-1.25,-1.265625,-1.140625,0.1171875,0.1015625,0.015625
a12_s2_happy_sad,12,2,happy,sad,12,-2.0,-1.9375,-2.046875,-2.0625,0.0234375,-0.0859375,-0.078125
a12_s2_happy_sad,12,2,happy,sad,13,-2.453125,-2.171875,-2.140625,-2.015625,0.203125,0.234375,-0.15625
a12_s2_happy_sad,12,2,happy,sad,14,-1.7343759536743164,-1.4062509536743164,-1.515625,-1.3125,0.265625,0.1562509536743164,-0.125
a12_s2_happy_sad,12,2,happy,sad,15,-0.71875,-0.75,-0.6718740463256836,-0.765625,-0.0625004768371582,0.015625476837158203,-0.0625009536743164
a12_s2_happy_sad,12,2,happy,sad,16,-2.75,-2.4140615463256836,-2.5039072036743164,-2.2890625,0.2753915786743164,0.1855459213256836,-0.12109375
a12_s2_happy_sad,12,2,happy,sad,17,-2.61328125,-2.68359375,-2.53125,-2.31640625,0.072265625,0.224609375,0.28515625
a12_s2_happy_sad,12,2,happy,sad,18,-3.3749990463256836,-2.765625,-3.22265625,-2.375,0.7285151481628418,0.2714838981628418,0.2382822036743164
a12_s2_happy_sad,12,2,happy,sad,19,-2.1328125,-1.4765625,-2.052734375,-1.0546875,0.8271484375,0.2509765625,0.341796875
a12_s2_happy_sad,12,2,happy,sad,20,-0.640625,-1.0625,-0.7109375,-0.5546875,-0.1328125,0.21875,0.578125
a12_s2_happy_sad,12,2,happy,sad,21,-1.9296875,-1.203125,-1.8046875,-1.1875,0.671875,0.0703125,-0.109375
a12_s2_happy_sad,12,2,happy,sad,22,-1.201171875,-0.46875,-1.357421875,-0.546875,0.771484375,-0.1171875,0.078125
a12_s2_happy_sad,12,2,happy,sad,23,-1.9296875,-0.578125,-1.71875,-0.640625,1.21484375,0.07421875,-0.2734375
a12_s2_happy_sad,12,2,happy,sad,24,-0.7890625,0.44140625,-0.4453125,0.5390625,1.107421875,0.220703125,-0.24609375
a12_s2_happy_sad,12,2,happy,sad,25,-0.78125,-0.61328125,-0.328125,-0.234375,0.130859375,0.416015625,-0.07421875
a12_s2_happy_sad,12,2,happy,sad,26,-2.1796875,-1.8603515625,-1.88671875,-1.71435546875,0.245849609375,0.219482421875,-0.14697265625
a12_s2_happy_sad,12,2,happy,sad,27,-1.625,-1.78515625,-1.7734375,-1.572265625,0.0205078125,0.0322265625,0.361328125
a12_s2_happy_sad,12,2,happy,sad,28,-0.9375,-1.3437495231628418,-0.9375,-1.25,-0.3593747615814209,0.0468747615814209,0.0937495231628418
a12_s2_neutral_angry,12,2,neutral,angry,0,0.951171875,0.951171875,0.951171875,0.951171875,0.0,0.0,0.0
a12_s2_neutral_angry,12,2,neutral,angry,1,-0.03564453125,-0.11767578125,-0.09326171875,-0.01416015625,-0.00146484375,0.02294921875,0.1611328125
a12_s2_neutral_angry,12,2,neutral,angry,2,-0.482421875,-0.583984375,-0.46875,-0.486328125,-0.0595703125,0.0556640625,0.083984375
a12_s2_neutral_angry,12,2,neutral,angry,3,0.09375,-0.15625,0.21875,0.09375,-0.1875,0.1875,0.125
a12_s2_neutral_angry,12,2,neutral,angry,4,1.328125,1.03125,1.21875,1.265625,-0.125,0.0625,0.34375
a12_s2_neutral_angry,12,2,neutral,angry,5,0.46875,0.21875,0.25,0.1875,-0.15625,-0.125,0.1875
a12_s2_neutral_angry,12,2,neutral,angry,6,-0.75,-0.90625,-1.0,-0.96875,-0.0625,-0.15625,0.1875
a12_s2_neutral_angry,12,2,neutral,angry,7,0.90625,0.15625,0.71875,0.34375,-0.5625,0.0,0.375
a12_s2_neutral_angry,12,2,neutral,angry,8,1.0625,0.90625,0.90625,1.0,-0.03125,-0.03125,0.25
a12_s2_neutral_angry,12,2,neutral,angry,9,1.96875,1.21875,1.78125,1.1875,-0.671875,-0.109375,0.15625
a12_s2_neutral_angry,12,2,neutral,angry,10,0.859375,0.390625,0.78125,0.703125,-0.2734375,0.1171875,0.390625
a12_s2_neutral_angry,12,2,neutral,angry,11,1.25,0.625,1.25,0.921875,-0.4765625,0.1484375,0.296875
a12_s2_neutral_angry,12,2,neutral,angry,12,-0.71875,-0.96875,-0.71875,-0.84375,-0.1875,0.0625,0.125
a12_s2_neutral_angry,12,2,neutral,angry,13,-0.75,-0.65625,-0.6875,-0.59375,0.09375,0.0625,0.0
a12_s2_neutral_angry,12,2,neutral,angry,14,-0.75,-1.265625,-0.90625,-1.1406240463256836,-0.3749995231628418,-0.015624523162841797,0.2812509536743164
a12_s2_neutral_angry,12,2,neutral,angry,15,-0.484375,-1.0,-0.515625,-0.640625,-0.3203125,0.1640625,0.390625
a12_s2_neutral_angry,12,2,neutral,angry,16,-0.9609375,-1.3828125,-1.0390625,-1.0078125,-0.1953125,0.1484375,0.453125
a12_s2_neutral_angry,12,2,neutral,angry,17,-1.359375,-1.046875,-1.15625,-0.765625,0.3515625,0.2421875,0.078125
a12_s2_neutral_angry,12,2,neutral,angry,18,0.09375,0.359375,0.296875,0.59375,0.28125,0.21875,0.03125
a12_s2_neutral_angry,12,2,neutral,angry,19,-0.453125,-0.84375,-0.25,-0.359375,-0.25,0.34375,0.28125
a12_s2_neutral_angry,12,2,neutral,angry,20,-2.6650390625,-2.4208984375,-2.5732421875,-2.1728515625,0.322265625,0.169921875,0.15625
a12_s2_neutral_angry,12,2,neutral,angry,21,-1.59375,-2.1484375,-1.3046875,-2.015625,-0.6328125,0.2109375,-0.15625
a12_s2_neutral_angry,12,2,neutral,angry,22,-1.2578125,-2.669921875,-0.9609375,-2.462890625,-1.45703125,0.251953125,-0.08984375
a12_s2_neutral_angry,12,2,neutral,angry,23,-3.0625,-3.5957021713256836,-2.6796875,-3.41796875,-0.6357417106628418,0.2802729606628418,-0.2050790786743164
a12_s2_neutral_angry,12,2,neutral,angry,24,-4.15625,-4.25,-4.078125,-4.39453125,-0.205078125,-0.033203125,-0.22265625
a12_s2_neutral_angry,12,2,neutral,angry,25,-1.603515625,-2.59375,-1.1015625,-2.23046875,-1.0595703125,0.4326171875,-0.138671875
a12_s2_neutral_angry,12,2,neutral,angry,26,-2.125,-4.078125,-1.109375,-3.65234375,-2.248046875,0.720703125,-0.58984375
a12_s2_neutral_angry,12,2,neutral,angry,27,-0.953125,-1.65625,-1.1875,-1.453125,-0.484375,-0.015625,0.4375
a12_s2_neutral_angry,12,2,neutral,angry,28,0.0,-0.125,-0.3125,0.0625,0.125,-0.0625,0.5
a13_s1_happy_sad,13,1,happy,sad,0,2.3046875,2.3046875,2.3046875,2.3046875,0.0,0.0,0.0
a13_s1_happy_sad,13,1,happy,sad,1,-0.28125,-0.28125,-0.359375,-0.265625,0.046875,-0.03125,0.09375
a13_s1_happy_sad,13,1,happy,sad,2,-0.74609375,-0.56640625,-0.7392578125,-0.5224609375,0.1982421875,0.025390625,0.037109375
a13_s1_happy_sad,13,1,happy,sad,3,-0.6953125,-0.4921875,-0.640625,-0.4843740463256836,0.1796879768371582,0.0312504768371582,-0.046874046325683594
a13_s1_happy_sad,13,1,happy,sad,4,-0.4375,-0.03125,-0.4375,-0.171875,0.3359375,-0.0703125,-0.140625
a13_s1_happy_sad,13,1,happy,sad,5,-0.828125,-0.6875,-0.9375,-0.890625,0.09375,-0.15625,-0.09375
a13_s1_happy_sad,13,1,happy,sad,6,-1.8125,-1.625,-2.0,-1.84375,0.171875,-0.203125,-0.03125
a13_s1_happy_sad,13,1,happy,sad,7,-0.78125,-0.375,-0.84375,-0.65625,0.296875,-0.171875,-0.21875
a13_s1_happy_sad,13,1,happy,sad,8,-1.0,-0.90625,-1.28125,-1.28125,0.046875,-0.328125,-0.09375
a13_s1_happy_sad,13,1,happy,sad,9,0.921875,0.96875,0.921875,0.734375,-0.0703125,-0.1171875,-0.234375
a13_s1_happy_sad,13,1,happy,sad,10,-1.6875,-1.984375,-1.6875,-2.0859375,-0.34765625,-0.05078125,-0.1015625
a13_s1_happy_sad,13,1,happy,sad,11,-1.890625,-1.765625,-1.9375,-1.84375,0.109375,-0.0625,-0.03125
a13_s1_happy_sad,13,1,happy,sad,12,-2.5,-2.03125,-2.4375,-2.03125,0.4375,0.03125,-0.0625
a13_s1_happy_sad,13,1,happy,sad,13,-2.3125,-1.78125,-2.140625,-1.640625,0.515625,0.15625,-0.03125
a13_s1_happy_sad,13,1,happy,sad,14,-1.84375,-1.3906259536743164,-1.671875,-1.28125,0.4218745231628418,0.1406254768371582,-0.062499046325683594
a13_s1_happy_sad,13,1,happy,sad,15,-1.09375,-1.03125,-0.90625,-0.9375,0.015625,0.140625,-0.09375
a13_s1_happy_sad,13,1,happy,sad,16,-2.54296875,-2.3398447036743164,-2.3867197036743164,-2.2578134536743164,0.1660151481628418,0.1191401481628418,-0.0742177963256836
a13_s1_happy_sad,13,1,happy,sad,17,-2.15234375,-2.046875,-2.18359375,-1.8671875,0.2109375,0.07421875,0.2109375
a13_s1_happy_sad,13,1,happy,sad,18,-3.1640625,-2.8359375,-3.140625,-2.796875,0.3359375,0.03125,0.015625
a13_s1_happy_sad,13,1,happy,sad,19,-2.33203125,-1.5390625,-2.4404296875,-1.4609375,0.88623046875,-0.01513671875,0.1865234375
a13_s1_happy_sad,13,1,happy,sad,20,-0.03125,-0.359375,-0.15625,-0.046875,-0.109375,0.09375,0.4375
a13_s1_happy_sad,13,1,happy,sad,21,-1.46875,-1.359375,-1.5000009536743164,-1.5000009536743164,0.0546875,-0.0859384536743164,-0.109375
a13_s1_happy_sad,13,1,happy,sad,22,-0.6796875,-0.703125,-1.173828125,-0.75,0.2001953125,-0.2705078125,0.447265625
a13_s1_happy_sad,13,1,happy,sad,23,-1.6953125,-1.125,-2.0595703125,-1.1796875,0.72509765625,-0.20947265625,0.3095703125
a13_s1_happy_sad,13,1,happy,sad,24,-0.0703125,0.6484375,-0.27734375,0.4296875,0.712890625,-0.212890625,-0.01171875
a13_s1_happy_sad,13,1,happy,sad,25,-1.33203125,-0.28515625,-1.71484375,-0.40625,1.177734375,-0.251953125,0.26171875
a13_s1_happy_sad,13,1,happy,sad,26,-1.7421875,-0.69464111328125,-2.3515625,-1.15625,1.121429443359375,-0.535491943359375,0.14776611328125
a13_s1_happy_sad,13,1,happy,sad,27,-1.78125,-1.140625,-1.84375,-1.46875,0.5078125,-0.1953125,-0.265625
a13_s1_happy_sad,13,1,happy,sad,28,-1.0625,-0.6875,-1.0625,-0.75,0.34375,-0.03125,-0.0625
a13_s1_neutral_angry,13,1,neutral,angry,0,0.951171875,0.951171875,0.951171875,0.951171875,0.0,0.0,0.0
a13_s1_neutral_angry,13,1,neutral,angry,1,0.2255859375,0.060546875,0.20703125,0.04345703125,-0.164306640625,-0.017822265625,0.00146484375
a13_s1_neutral_angry,13,1,neutral,angry,2,-0.171875,-0.3046875,-0.16796875,-0.369140625,-0.1669921875,-0.0302734375,-0.068359375
a13_s1_neutral_angry,13,1,neutral,angry,3,0.265625,0.1875,0.21875,0.15625,-0.0703125,-0.0390625,0.015625
a13_s1_neutral_angry,13,1,neutral,angry,4,1.59375,1.40625,1.28125,1.375,-0.046875,-0.171875,0.28125
a13_s1_neutral_angry,13,1,neutral,angry,5,1.0,0.59375,0.59375,0.375,-0.3125,-0.3125,0.1875
a13_s1_neutral_angry,13,1,neutral,angry,6,-0.5,-0.78125,-0.71875,-0.875,-0.21875,-0.15625,0.125
a13_s1_neutral_angry,13,1,neutral,angry,7,0.21875,-0.15625,0.46875,0.25,-0.296875,0.328125,0.15625
a13_s1_neutral_angry,13,1,neutral,angry,8,0.5625,0.28125,0.75,0.53125,-0.25,0.21875,0.0625
a13_s1_neutral_angry,13,1,neutral,angry,9,1.25,1.359375,1.234375,1.328125,0.1015625,-0.0234375,-0.015625
a13_s1_neutral_angry,13,1,neutral,angry,10,0.4375,0.328125,0.640625,0.59375,-0.078125,0.234375,0.0625
a13_s1_neutral_angry,13,1,neutral,angry,11,1.375,1.046875,1.453125,1.171875,-0.3046875,0.1015625,0.046875
a13_s1_neutral_angry,13,1,neutral,angry,12,0.0,-0.25,0.1875,-0.40625,-0.421875,0.015625,-0.34375
a13_s1_neutral_angry,13,1,neutral,angry,13,-0.0625,-0.25,-0.03125,-0.390625,-0.2734375,-0.0546875,-0.171875
a13_s1_neutral_angry,13,1,neutral,angry,14,-0.75,-0.96875,-0.9687509536743164,-0.984375,-0.1171870231628418,-0.1171879768371582,0.2031259536743164
a13_s1_neutral_angry,13,1,neutral,angry,15,-0.640625,-1.109375,-1.25,-1.1406240463256836,-0.1796870231628418,-0.3203120231628418,0.5781259536743164
a13_s1_neutral_angry,13,1,neutral,angry,16,-0.765625,-1.7578125,-0.953125,-1.69140625,-0.865234375,-0.060546875,0.25390625
a13_s1_neutral_angry,13,1,neutral,angry,17,-0.671875,-1.4375,-1.0859375,-1.34765625,-0.513671875,-0.162109375,0.50390625
a13_s1_neutral_angry,13,1,neutral,angry,18,0.8593759536743164,0.03125,0.453125,0.21875,-0.5312504768371582,-0.1093754768371582,0.5937509536743164
a13_s1_neutral_angry,13,1,neutral,angry,19,-0.875,-1.43359375,-1.1640625,-1.29296875,-0.34375,-0.07421875,0.4296875
a13_s1_neutral_angry,13,1,neutral,angry,20,-2.86669921875,-3.6015625,-2.814453125,-3.3359375,-0.628173828125,0.158935546875,0.21337890625
a13_s1_neutral_angry,13,1,neutral,angry,21,-1.7578125,-2.31640625,-1.890625,-2.51953125,-0.59375,-0.16796875,-0.0703125
a13_s1_neutral_angry,13,1,neutral,angry,22,-2.5048828125,-2.4140625,-2.4843740463256836,-2.73046875,-0.0776371955871582,-0.1479487419128418,-0.3369150161743164
a13_s1_neutral_angry,13,1,neutral,angry,23,-3.7734375,-4.1328125,-3.5078125,-4.21875,-0.53515625,0.08984375,-0.3515625
a13_s1_neutral_angry,13,1,neutral,angry,24,-3.84375,-5.687500476837158,-3.5625,-5.390625,-1.835937738418579,0.2890627384185791,0.015625476837158203
a13_s1_neutral_angry,13,1,neutral,angry,25,-2.7734375,-3.5869140625,-3.052734375,-3.65625,-0.70849609375,-0.17431640625,0.2099609375
a13_s1_neutral_angry,13,1,neutral,angry,26,-3.3466796875,-3.171875,-3.8515625,-3.707031726837158,0.1596677303314209,-0.5200197696685791,-0.030273914337158203
a13_s1_neutral_angry,13,1,neutral,angry,27,-3.046875,-1.828125,-3.1484375,-2.234375,1.06640625,-0.25390625,-0.3046875
a13_s1_neutral_angry,13,1,neutral,angry,28,-1.3125,-1.125,-1.6249995231628418,-1.3125,0.2499997615814209,-0.2499997615814209,0.1249995231628418
a13_s2_happy_sad,13,2,happy,sad,0,2.3046875,2.3046875,2.3046875,2.3046875,0.0,0.0,0.0
a13_s2_happy_sad,13,2,happy,sad,1,-0.3515625,-0.25,-0.390625,-0.2421875,0.125,-0.015625,0.046875
a13_s2_happy_sad,13,2,happy,sad,2,-0.826171875,-0.609375,-0.8759765625,-0.65283203125,0.219970703125,-0.046630859375,0.00634765625
a13_s2_happy_sad,13,2,happy,sad,3,-0.7578125,-0.578125,-0.8125009536743164,-0.7265634536743164,0.1328125,-0.1015634536743164,-0.09375
a13_s2_happy_sad,13,2,happy,sad,4,-0.375,-0.21875,-0.53125,-0.53125,0.078125,-0.234375,-0.15625
a13_s2_happy_sad,13,2,happy,sad,5,-0.9375,-0.90625,-1.078125,-1.15625,-0.0234375,-0.1953125,-0.109375
a13_s2_happy_sad,13,2,happy,sad,6,-1.84375,-1.890625,-1.875,-2.03125,-0.1015625,-0.0859375,-0.109375
a13_s2_happy_sad,13,2,happy,sad,7,-0.78125,-0.5625,-0.90625,-0.78125,0.171875,-0.171875,-0.09375
a13_s2_happy_sad,13,2,happy,sad,8,-0.96875,-0.8125,-1.09375,-0.90625,0.171875,-0.109375,0.03125
a13_s2_happy_sad,13,2,happy,sad,9,0.96875,1.0,1.109375,1.03125,-0.0234375,0.0859375,-0.109375
a13_s2_happy_sad,13,2,happy,sad,10,-1.265625,-1.6875,-1.21875,-1.6953134536743164,-0.4492192268371582,0.019530773162841797,-0.054688453674316406
a13_s2_happy_sad,13,2,happy,sad,11,-1.546875,-1.3125,-1.984375,-1.609375,0.3046875,-0.3671875,0.140625
a13_s2_happy_sad,13,2,happy,sad,12,-2.15625,-1.75,-2.203125,-1.71875,0.4453125,-0.0078125,0.078125
a13_s2_happy_sad,13,2,happy,sad,13,-2.375,-1.609375,-2.1875,-1.65625,0.6484375,0.0703125,-0.234375
a13_s2_happy_sad,13,2,happy,sad,14,-1.9609384536743164,-1.078125,-1.7890625,-1.4140615463256836,0.6289072036743164,-0.0820302963256836,-0.5078125
a13_s2_happy_sad,13,2,happy,sad,15,-0.8125,-0.765625,-0.578125,-1.0,-0.1875,0.0,-0.46875
a13_s2_happy_sad,13,2,happy,sad,16,-2.03515625,-2.283203125,-1.76953125,-2.4921865463256836,-0.4853510856628418,0.028320789337158203,-0.4746084213256836
a13_s2_happy_sad,13,2,happy,sad,17,-2.4619140625,-2.466796875,-2.234375,-2.453125,-0.11181640625,0.12060546875,-0.2138671875
a13_s2_happy_sad,13,2,happy,sad,18,-3.2539072036743164,-2.8593740463256836,-3.09375,-2.8593759536743164,0.3144536018371582,0.0800776481628418,-0.16015911102294922
a13_s2_happy_sad,13,2,happy,sad,19,-1.953125,-1.16015625,-2.515625,-1.6015625,0.853515625,-0.501953125,0.12109375
a13_s2_happy_sad,13,2,happy,sad,20,-0.1171875,-0.890625,-0.4453125,-0.515625,-0.421875,0.0234375,0.703125
a13_s2_happy_sad,13,2,happy,sad,21,-1.3828125,-1.578125,-1.2734375,-1.4375,-0.1796875,0.125,0.03125
a13_s2_happy_sad,13,2,happy,sad,22,-0.3203125,-0.53125,-1.2373046875,-0.6796875,0.17333984375,-0.53271484375,0.7685546875
a13_s2_happy_sad,13,2,happy,sad,23,-1.328125,-0.8203125,-1.9453125,-1.18359375,0.634765625,-0.490234375,0.25390625
a13_s2_happy_sad,13,2,happy,sad,24,-0.23828125,-0.03125,-0.03369140625,-0.0546875,0.093017578125,0.090576171875,-0.22802734375
a13_s2_happy_sad,13,2,happy,sad,25,-0.40185546875,-0.59765625,-0.171875,-0.125,-0.074462890625,0.351318359375,0.24267578125
a13_s2_happy_sad,13,2,happy,sad,26,-1.4140625,-1.96484375,-1.2890625,-1.341796875,-0.3017578125,0.3740234375,0.498046875
a13_s2_happy_sad,13,2,happy,sad,27,-1.46875,-1.71875,-1.28125,-1.3125,-0.140625,0.296875,0.21875
a13_s2_happy_sad,13,2,happy,sad,28,-0.6875,-1.125,-0.5,-0.6875,-0.3125,0.3125,0.25
a13_s2_neutral_angry,13,2,neutral,angry,0,0.951171875,0.951171875,0.951171875,0.951171875,0.0,0.0,0.0
a13_s2_neutral_angry,13,2,neutral,angry,1,0.146484375,-0.0517578125,-0.00244140625,-0.140869140625,-0.1683349609375,-0.1190185546875,0.059814453125
a13_s2_neutral_angry,13,2,neutral,angry,2,-0.3203125,-0.521484375,-0.275390625,-0.56787109375,-0.246826171875,-0.000732421875,-0.09130859375
a13_s2_neutral_angry,13,2,neutral,angry,3,0.171875,0.171875,0.125,0.09375,-0.015625,-0.0625,-0.03125
a13_s2_neutral_angry,13,2,neutral,angry,4,1.46875,1.28125,1.125,1.25,-0.03125,-0.1875,0.3125
a13_s2_neutral_angry,13,2,neutral,angry,5,0.9375,0.46875,0.53125,0.1875,-0.40625,-0.34375,0.125
a13_s2_neutral_angry,13,2,neutral,angry,6,-0.6875,-0.96875,-0.96875,-1.0,-0.15625,-0.15625,0.25
a13_s2_neutral_angry,13,2,neutral,angry,7,0.28125,-0.09375,0.375,0.34375,-0.203125,0.265625,0.34375
a13_s2_neutral_angry,13,2,neutral,angry,8,0.4375,0.40625,0.5,0.625,0.046875,0.140625,0.15625
a13_s2_neutral_angry,13,2,neutral,angry,9,1.40625,1.453125,1.34375,1.21875,-0.0390625,-0.1484375,-0.171875
a13_s2_neutral_angry,13,2,neutral,angry,10,0.546875,0.296875,0.78125,0.8125,-0.109375,0.375,0.28125
a13_s2_neutral_angry,13,2,neutral,angry,11,1.4375,1.046875,1.28125,0.96875,-0.3515625,-0.1171875,0.078125
a13_s2_neutral_angry,13,2,neutral,angry,12,0.09375,-0.125,0.0,-0.5625,-0.390625,-0.265625,-0.34375
a13_s2_neutral_angry,13,2,neutral,angry,13,-0.25,-0.109375,-0.21875,-0.484375,-0.0625,-0.171875,-0.40625
a13_s2_neutral_angry,13,2,neutral,angry,14,-1.046875,-0.578125,-1.046875,-0.8515625,0.33203125,-0.13671875,-0.2734375
a13_s2_neutral_angry,13,2,neutral,angry,15,-0.34375,-0.3125,-0.734375,-0.5703125,0.09765625,-0.32421875,0.1328125
a13_s2_neutral_angry,13,2,neutral,angry,16,-0.9296875,-1.2265625,-0.9296875,-1.1953125,-0.28125,0.015625,0.03125
a13_s2_neutral_angry,13,2,neutral,angry,17,-0.9140625,-1.04296875,-1.09375,-1.140625,-0.087890625,-0.138671875,0.08203125
a13_s2_neutral_angry,13,2,neutral,angry,18,0.390625,0.8046875,0.5546875,0.609375,0.234375,-0.015625,-0.359375
a13_s2_neutral_angry,13,2,neutral,angry,19,-0.6796875,-0.234375,-1.046875,-1.1328125,0.1796875,-0.6328125,-0.53125
a13_s2_neutral_angry,13,2,neutral,angry,20,-2.630859375,-2.3828125,-3.20703125,-2.7421875,0.3564453125,-0.4677734375,0.216796875
a13_s2_neutral_angry,13,2,neutral,angry,21,-1.890625,-1.8203125,-2.125,-2.2578125,-0.03125,-0.3359375,-0.203125
a13_s2_neutral_angry,13,2,neutral,angry,22,-2.40234375,-1.75,-2.5000009536743164,-2.3515625,0.4003911018371582,-0.3496098518371582,-0.5039052963256836
a13_s2_neutral_angry,13,2,neutral,angry,23,-3.8095703125,-3.375,-3.919921875,-3.73046875,0.31201171875,-0.23291015625,-0.2451171875
a13_s2_neutral_angry,13,2,neutral,angry,24,-3.828125,-5.03125,-4.015625,-4.515625,-0.8515625,0.1640625,0.703125
a13_s2_neutral_angry,13,2,neutral,angry,25,-1.31982421875,-2.8515625,-1.3515625,-2.34332275390625,-1.261749267578125,0.238250732421875,0.53997802734375
a13_s2_neutral_angry,13,2,neutral,angry,26,-2.400390625,-2.59375,-2.52880859375,-3.234374523162842,-0.4494626522064209,-0.3845212459564209,-0.5122065544128418
a13_s2_neutral_angry,13,2,neutral,angry,27,-1.1875,-1.84375,-0.7421875,-1.390625,-0.65234375,0.44921875,0.0078125
a13_s2_neutral_angry,13,2,neutral,angry,28,0.3125,-0.3125,0.3125,0.0625,-0.4375,0.1875,0.375
a14_s1_happy_sad,14,1,happy,sad,0,2.3046875,2.3046875,2.3046875,2.3046875,0.0,0.0,0.0
a14_s1_happy_sad,14,1,happy,sad,1,-0.265625,-0.2265625,-0.15625,-0.1328125,0.03125,0.1015625,-0.015625
a14_s1_happy_sad,14,1,happy,sad,2,-0.64453125,-0.625,-0.41015625,-0.421875,0.00390625,0.21875,-0.03125
a14_s1_happy_sad,14,1,happy,sad,3,-0.5703125,-0.5859375,-0.421875,-0.4375,-0.015625,0.1484375,0.0
a14_s1_happy_sad,14,1,happy,sad,4,-0.25,-0.265625,-0.34375,-0.34375,-0.0078125,-0.0859375,0.015625
a14_s1_happy_sad,14,1,happy,sad,5,-0.75,-0.984375,-0.71875,-0.859375,-0.1875,0.078125,0.09375
a14_s1_happy_sad,14,1,happy,sad,6,-1.578125,-1.90625,-1.5,-1.84375,-0.3359375,0.0703125,-0.015625
a14_s1_happy_sad,14,1,happy,sad,7,-0.75,-0.8125,-0.75,-0.90625,-0.109375,-0.046875,-0.09375
a14_s1_happy_sad,14,1,happy,sad,8,-1.09375,-1.21875,-1.421875,-1.53125,-0.1171875,-0.3203125,0.015625
a14_s1_happy_sad,14,1,happy,sad,9,0.703125,0.609375,0.15625,0.25,0.0,-0.453125,0.1875
a14_s1_happy_sad,14,1,happy,sad,10,-1.4687490463256836,-1.5312509536743164,-1.3203125,-1.5546875,-0.1484384536743164,0.0625,-0.1718730926513672
a14_s1_happy_sad,14,1,happy,sad,11,-1.90625,-1.1249990463256836,-1.890625,-1.265625,0.7031254768371582,-0.0625004768371582,-0.1562509536743164
a14_s1_happy_sad,14,1,happy,sad,12,-2.5937509536743164,-1.984375,-2.703125,-1.984375,0.6640629768371582,-0.0546870231628418,0.1093740463256836
a14_s1_happy_sad,14,1,happy,sad,13,-3.1874990463256836,-2.0,-3.4453125,-2.328125,1.1523432731628418,-0.2929692268371582,-0.0703115463256836
a14_s1_happy_sad,14,1,happy,sad,14,-1.59375,-1.3203125,-2.1953134536743164,-1.8046875,0.3320317268371582,-0.5429692268371582,0.1171884536743164
a14_s1_happy_sad,14,1,happy,sad,15,-0.609375,-0.7734375,-1.0078125,-1.2890625,-0.22265625,-0.45703125,-0.1171875
a14_s1_happy_sad,14,1,happy,sad,16,-2.431640625,-2.671875,-2.6953115463256836,-2.9970703125,-0.2709965705871582,-0.2944331169128418,-0.061524391174316406
a14_s1_happy_sad,14,1,happy,sad,17,-2.0546875,-2.11328125,-2.44140625,-2.54296875,-0.080078125,-0.408203125,-0.04296875
a14_s1_happy_sad,14,1,happy,sad,18,-2.890625,-2.51953125,-3.2421865463256836,-2.8046875,0.4042963981628418,-0.3183588981628418,0.0664052963256836
a14_s1_happy_sad,14,1,happy,sad,19,-1.9296875,-1.875,-2.34765625,-1.751953125,0.3251953125,-0.1474609375,0.541015625
a14_s1_happy_sad,14,1,happy,sad,20,-1.24609375,-0.68359375,-1.015625,-0.2890625,0.64453125,0.3125,0.1640625
a14_s1_happy_sad,14,1,happy,sad,21,-2.6015625,-2.1796875,-2.3828125,-2.265625,0.26953125,0.06640625,-0.3046875
a14_s1_happy_sad,14,1,happy,sad,22,-1.9697265625,-1.49072265625,-1.5546875,-1.521484375,0.256103515625,0.192138671875,-0.44580078125
a14_s1_happy_sad,14,1,happy,sad,23,-2.01171875,-1.9287109375,-2.1767578125,-2.150390625,0.0546875,-0.193359375,-0.056640625
a14_s1_happy_sad,14,1,happy,sad,24,0.17578125,-0.0546875,-0.0830078125,-0.59375,-0.37060546875,-0.39892578125,-0.2802734375
a14_s1_happy_sad,14,1,happy,sad,25,-0.1708984375,-1.0009765625,-0.77734375,-0.71875,-0.3857421875,-0.162109375,0.888671875
a14_s1_happy_sad,14,1,happy,sad,26,-1.0234375,-1.3515625,-1.171875,-1.1875,-0.171875,0.0078125,0.3125
a14_s1_happy_sad,14,1,happy,sad,27,-1.703125,-1.4375,-1.4375,-1.8125,-0.0546875,-0.0546875,-0.640625
a14_s1_happy_sad,14,1,happy,sad,28,-0.5625,-0.5,-0.25,-0.625,-0.15625,0.09375,-0.4375
a14_s1_neutral_angry,14,1,neutral,angry,0,0.951171875,0.951171875,0.951171875,0.951171875,0.0,0.0,0.0
a14_s1_neutral_angry,14,1,neutral,angry,1,0.121826171875,0.05816650390625,-0.00634765625,-0.049774169921875,-0.0535430908203125,-0.1180572509765625,0.020233154296875
a14_s1_neutral_angry,14,1,neutral,angry,2,-0.279296875,-0.39453125,-0.337890625,-0.4765625,-0.126953125,-0.0703125,-0.0234375
a14_s1_neutral_angry,14,1,neutral,angry,3,0.28125,0.109375,0.078125,0.078125,-0.0859375,-0.1171875,0.171875
a14_s1_neutral_angry,14,1,neutral,angry,4,1.640625,1.34375,1.390625,1.390625,-0.1484375,-0.1015625,0.296875
a14_s1_neutral_angry,14,1,neutral,angry,5,0.59375,0.59375,0.5625,0.6875,0.0625,0.03125,0.125
a14_s1_neutral_angry,14,1,neutral,angry,6,-0.46875,-0.28125,-0.53125,-0.3125,0.203125,-0.046875,0.03125
a14_s1_neutral_angry,14,1,neutral,angry,7,0.8125,0.375,0.75,0.375,-0.40625,-0.03125,0.0625
a14_s1_neutral_angry,14,1,neutral,angry,8,0.875,0.4375,0.75,0.34375,-0.421875,-0.109375,0.03125
a14_s1_neutral_angry,14,1,neutral,angry,9,1.6875,0.703125,1.71875,0.78125,-0.9609375,0.0546875,0.046875
a14_s1_neutral_angry,14,1,neutral,angry,10,0.625,-0.3125,0.6875,-0.078125,-0.8515625,0.1484375,0.171875
a14_s1_neutral_angry,14,1,neutral,angry,11,0.90625,-0.171875,1.09375,0.234375,-0.96875,0.296875,0.21875
a14_s1_neutral_angry,14,1,neutral,angry,12,-0.71875,-1.359375,-0.5625,-1.296875,-0.6875,0.109375,-0.09375
a14_s1_neutral_angry,14,1,neutral,angry,13,-0.75,-0.6875,-0.59375,-0.671875,-0.0078125,0.0859375,-0.140625
a14_s1_neutral_angry,14,1,neutral,angry,14,-1.6093759536743164,-1.421875,-1.5468740463256836,-1.375,0.1796875,0.054688453674316406,-0.015626907348632812
a14_s1_neutral_angry,14,1,neutral,angry,15,-1.1328115463256836,-0.8515625,-1.40625,-0.78125,0.4531245231628418,-0.1015629768371582,0.3437509536743164
a14_s1_neutral_angry,14,1,neutral,angry,16,-1.1953125,-1.654296875,-1.203125,-1.51953125,-0.3876953125,0.0634765625,0.142578125
a14_s1_neutral_angry,14,1,neutral,angry,17,-1.17578125,-0.9140625,-1.0546875,-0.9453125,0.185546875,0.044921875,-0.15234375
a14_s1_neutral_angry,14,1,neutral,angry,18,0.4140625,-0.1875,0.6328125,-0.328125,-0.78125,0.0390625,-0.359375
a14_s1_neutral_angry,14,1,neutral,angry,19,-0.453125,-1.259765625,-0.71875,-1.30078125,-0.6943359375,-0.1533203125,0.224609375
a14_s1_neutral_angry,14,1,neutral,angry,20,-2.5537109375,-2.3758544921875,-2.651123046875,-2.162109375,0.33343505859375,0.05816650390625,0.3111572265625
a14_s1_neutral_angry,14,1,neutral,angry,21,-1.921875,-1.796875,-2.13671875,-1.828125,0.216796875,-0.123046875,0.18359375
a14_s1_neutral_angry,14,1,neutral,angry,22,-2.3574228286743164,-2.0390625,-3.115234375,-1.8828125,0.7753911018371582,-0.3007807731628418,0.9140615463256836
a14_s1_neutral_angry,14,1,neutral,angry,23,-4.026368141174316,-2.587890625,-4.083984375,-2.38671875,1.5678715705871582,0.0717778205871582,0.2587881088256836
a14_s1_neutral_angry,14,1,neutral,angry,24,-4.203125,-3.4609375,-3.58203125,-3.16796875,0.578125,0.45703125,-0.328125
a14_s1_neutral_angry,14,1,neutral,angry,25,-3.4140625,-1.95703125,-3.125,-1.375,1.603515625,0.435546875,0.29296875
a14_s1_neutral_angry,14,1,neutral,angry,26,-3.83203125,-1.71875,-3.38812255859375,-0.09375,2.703826904296875,1.034454345703125,1.18109130859375
a14_s1_neutral_angry,14,1,neutral,angry,27,-2.6328125,-1.796875,-1.96875,-0.96875,0.91796875,0.74609375,0.1640625
a14_s1_neutral_angry,14,1,neutral,angry,28,-1.5625,-1.375,-1.0,-1.0,0.09375,0.46875,-0.1875
a14_s2_happy_sad,14,2,happy,sad,0,2.3046875,2.3046875,2.3046875,2.3046875,0.0,0.0,0.0
a14_s2_happy_sad,14,2,happy,sad,1,-0.3671875,-0.21875,-0.34375,-0.125,0.18359375,0.05859375,0.0703125
a14_s2_happy_sad,14,2,happy,sad,2,-0.58984375,-0.50390625,-0.50390625,-0.38671875,0.1015625,0.1015625,0.03125
a14_s2_happy_sad,14,2,happy,sad,3,-0.45703125,-0.4765625,-0.392578125,-0.390625,-0.0087890625,0.0751953125,0.021484375
a14_s2_happy_sad,14,2,happy,sad,4,-0.140625,-0.125,-0.171875,-0.15625,0.015625,-0.03125,0.0
a14_s2_happy_sad,14,2,happy,sad,5,-0.859375,-0.765625,-0.921875,-0.796875,0.109375,-0.046875,0.03125
a14_s2_happy_sad,14,2,happy,sad,6,-1.703125,-1.59375,-1.6875,-1.53125,0.1328125,0.0390625,0.046875
a14_s2_happy_sad,14,2,happy,sad,7,-0.9375,-0.65625,-1.0625,-0.78125,0.28125,-0.125,0.0
a14_s2_happy_sad,14,2,happy,sad,8,-1.015625,-0.8125,-1.296875,-1.15625,0.171875,-0.3125,-0.0625
a14_s2_happy_sad,14,2,happy,sad,9,0.84375,0.953125,0.546875,0.59375,0.078125,-0.328125,-0.0625
a14_s2_happy_sad,14,2,happy,sad,10,-1.3046875,-1.4609375,-1.09375,-1.5625,-0.3125,0.0546875,-0.3125
a14_s2_happy_sad,14,2,happy,sad,11,-1.6406259536743164,-1.2031259536743164,-1.359375,-1.234375,0.28125,0.1250009536743164,-0.3125
a14_s2_happy_sad,14,2,happy,sad,12,-2.46875,-2.125,-2.4375,-2.0625,0.359375,0.046875,0.03125
a14_s2_happy_sad,14,2,happy,sad,13,-2.9609365463256836,-2.0937490463256836,-2.828125,-2.234375,0.73046875,-0.003907203674316406,-0.2734375
a14_s2_happy_sad,14,2,happy,sad,14,-1.96875,-1.140625,-1.6953125,-1.1171875,0.703125,0.1484375,-0.25
a14_s2_happy_sad,14,2,happy,sad,15,-1.1874990463256836,-0.7812490463256836,-0.6875,-0.5,0.296875,0.3906240463256836,-0.21875
a14_s2_happy_sad,14,2,happy,sad,16,-2.46875,-2.343017578125,-2.265625,-2.140625,0.1253662109375,0.2027587890625,-0.000732421875
a14_s2_happy_sad,14,2,happy,sad,17,-1.88671875,-1.93359375,-2.0625,-1.80078125,0.107421875,-0.021484375,0.30859375
a14_s2_happy_sad,14,2,happy,sad,18,-2.43359375,-2.125,-2.59375,-2.1953125,0.353515625,-0.115234375,0.08984375
a14_s2_happy_sad,14,2,happy,sad,19,-1.4853515625,-1.319091796875,-1.859375,-1.228515625,0.3985595703125,-0.1417236328125,0.464599609375
a14_s2_happy_sad,14,2,happy,sad,20,-0.625,-0.34375,-0.7890625,-0.68359375,0.193359375,-0.251953125,-0.17578125
a14_s2_happy_sad,14,2,happy,sad,21,-2.0703125,-2.0703125,-2.046875,-2.3984375,-0.17578125,-0.15234375,-0.3515625
a14_s2_happy_sad,14,2,happy,sad,22,-1.015625,-1.123046875,-1.0703125,-1.2578125,-0.1474609375,-0.0947265625,-0.080078125
a14_s2_happy_sad,14,2,happy,sad,23,-1.5,-1.2265625,-1.3593740463256836,-1.2421875,0.1953120231628418,0.0625004768371582,-0.1562509536743164
a14_s2_happy_sad,14,2,happy,sad,24,-0.046875,0.515625,0.0546875,0.50390625,0.505859375,0.044921875,-0.11328125
a14_s2_happy_sad,14,2,happy,sad,25,-0.3671875,0.015625,-0.34375,-0.0390625,0.34375,-0.015625,-0.078125
a14_s2_happy_sad,14,2,happy,sad,26,-1.4609375,-1.23828125,-0.9375,-0.974609375,0.0927734375,0.3935546875,-0.259765625
a14_s2_happy_sad,14,2,happy,sad,27,-1.46875,-1.5546875,-2.522705078125,-0.859375,0.7886962890625,-0.1793212890625,1.749267578125
a14_s2_happy_sad,14,2,happy,sad,28,-0.4375,-0.875,-0.9375,-0.3125,0.09375,0.03125,1.0625
a14_s2_neutral_angry,14,2,neutral,angry,0,0.951171875,0.951171875,0.951171875,0.951171875,0.0,0.0,0.0
a14_s2_neutral_angry,14,2,neutral,angry,1,0.0966796875,-0.025146484375,-0.130859375,-0.18359375,-0.0872802734375,-0.1929931640625,0.069091796875
a14_s2_neutral_angry,14,2,neutral,angry,2,-0.25390625,-0.431640625,-0.4140625,-0.591796875,-0.177734375,-0.16015625,0.0
a14_s2_neutral_angry,14,2,neutral,angry,3,0.46875,0.125,0.140625,0.015625,-0.234375,-0.21875,0.21875
a14_s2_neutral_angry,14,2,neutral,angry,4,1.78125,1.265625,1.421875,1.203125,-0.3671875,-0.2109375,0.296875
a14_s2_neutral_angry,14,2,neutral,angry,5,0.78125,0.25,0.5625,0.28125,-0.40625,-0.09375,0.25
a14_s2_neutral_angry,14,2,neutral,angry,6,-0.4375,-0.75,-0.625,-0.84375,-0.265625,-0.140625,0.09375
a14_s2_neutral_angry,14,2,neutral,angry,7,0.875,0.5625,0.625,0.4375,-0.25,-0.1875,0.125
a14_s2_neutral_angry,14,2,neutral,angry,8,0.84375,0.25,0.75,0.1875,-0.578125,-0.078125,0.03125
a14_s2_neutral_angry,14,2,neutral,angry,9,1.90625,1.109375,1.65625,0.671875,-0.890625,-0.34375,-0.1875
a14_s2_neutral_angry,14,2,neutral,angry,10,1.078125,0.109375,0.4375,-0.296875,-0.8515625,-0.5234375,0.234375
a14_s2_neutral_angry,14,2,neutral,angry,11,1.375,0.265625,0.859375,0.25,-0.859375,-0.265625,0.5
a14_s2_neutral_angry,14,2,neutral,angry,12,-0.4375,-1.625,-0.5625,-1.328125,-0.9765625,0.0859375,0.421875
a14_s2_neutral_angry,14,2,neutral,angry,13,-0.6875,-1.09375,-0.328125,-0.84375,-0.4609375,0.3046875,-0.109375
a14_s2_neutral_angry,14,2,neutral,angry,14,-0.90625,-1.9453125,-0.8750009536743164,-1.8125,-0.9882807731628418,0.0820307731628418,0.1015634536743164
a14_s2_neutral_angry,14,2,neutral,angry,15,-0.375,-1.2968759536743164,-0.546875,-1.0625,-0.7187504768371582,0.0312504768371582,0.4062509536743164
a14_s2_neutral_angry,14,2,neutral,angry,16,-0.3671875,-1.90625,-0.6484375,-1.80078125,-1.345703125,-0.087890625,0.38671875
a14_s2_neutral_angry,14,2,neutral,angry,17,-0.8515625,-1.484375,-0.8359375,-1.3046875,-0.55078125,0.09765625,0.1640625
a14_s2_neutral_angry,14,2,neutral,angry,18,0.3671875,-0.390625,0.2890625,-0.671875,-0.859375,-0.1796875,-0.203125
a14_s2_neutral_angry,14,2,neutral,angry,19,-0.5703125,-1.3515625,-0.5,-1.60205078125,-0.941650390625,-0.090087890625,-0.32080078125
a14_s2_neutral_angry,14,2,neutral,angry,20,-2.568359375,-2.34375,-2.9921875,-2.49609375,0.3603515625,-0.2880859375,0.271484375
a14_s2_neutral_angry,14,2,neutral,angry,21,-1.3515625,-2.18359375,-1.87890625,-2.0908203125,-0.52197265625,-0.21728515625,0.6201171875
a14_s2_neutral_angry,14,2,neutral,angry,22,-1.0859375,-2.599365234375,-1.705078125,-2.625,-1.2166748046875,-0.3223876953125,0.593505859375
a14_s2_neutral_angry,14,2,neutral,angry,23,-2.30859375,-2.6025381088256836,-2.8984375,-2.3359375,0.1342778205871582,-0.1616215705871582,0.8564443588256836
a14_s2_neutral_angry,14,2,neutral,angry,24,-3.0234375,-3.78125,-3.828125,-3.76953125,-0.349609375,-0.396484375,0.81640625
a14_s2_neutral_angry,14,2,neutral,angry,25,-1.25,-2.2578125,-0.8828125,-2.0,-1.0625,0.3125,-0.109375
a14_s2_neutral_angry,14,2,neutral,angry,26,-2.5625,-2.0390625,-2.046875,-1.2656254768371582,0.6523435115814209,0.6445310115814209,0.2578120231628418
a14_s2_neutral_angry,14,2,neutral,angry,27,-1.765625,-0.25,-1.40625,-1.28125,0.8203125,-0.3359375,-1.390625
a14_s2_neutral_angry,14,2,neutral,angry,28,-0.1875,-0.0625,-0.1875,-0.8125,-0.25,-0.375,-0.75
a15_s1_happy_sad,15,1,happy,sad,0,2.3046875,2.3046875,2.3046875,2.3046875,0.0,0.0,0.0
a15_s1_happy_sad,15,1,happy,sad,1,-0.2734375,-0.2265625,-0.2890625,-0.21875,0.05859375,-0.00390625,0.0234375
a15_s1_happy_sad,15,1,happy,sad,2,-0.68359375,-0.65625,-0.7001953125,-0.65234375,0.03759765625,-0.00634765625,0.0205078125
a15_s1_happy_sad,15,1,happy,sad,3,-0.6796875,-0.671875,-0.6171875,-0.703125,-0.0390625,0.015625,-0.09375
a15_s1_happy_sad,15,1,happy,sad,4,-0.453125,-0.234375,-0.4375,-0.21875,0.21875,0.015625,0.0
a15_s1_happy_sad,15,1,happy,sad,5,-0.5625,-0.4375,-0.6875,-0.59375,0.109375,-0.140625,-0.03125
a15_s1_happy_sad,15,1,happy,sad,6,-1.34375,-1.5625,-1.34375,-1.6875,-0.28125,-0.0625,-0.125
a15_s1_happy_sad,15,1,happy,sad,7,-0.28125,-0.4375,-0.34375,-0.625,-0.21875,-0.125,-0.125
a15_s1_happy_sad,15,1,happy,sad,8,-0.59375,-0.8125,-0.59375,-0.875,-0.25,-0.03125,-0.0625
a15_s1_happy_sad,15,1,happy,sad,9,0.6875,1.03125,0.59375,0.875,0.3125,-0.125,-0.0625
a15_s1_happy_sad,15,1,happy,sad,10,-2.1875,-1.7187509536743164,-1.921875,-1.609375,0.3906245231628418,0.1875004768371582,-0.1562490463256836
a15_s1_happy_sad,15,1,happy,sad,11,-1.578125,-1.28125,-1.59375,-1.3125,0.2890625,-0.0234375,-0.015625
a15_s1_happy_sad,15,1,happy,sad,12,-2.03125,-2.0,-2.25,-1.96875,0.15625,-0.09375,0.25
a15_s1_happy_sad,15,1,happy,sad,13,-2.796875,-2.375,-2.953125,-2.28125,0.546875,-0.03125,0.25
a15_s1_happy_sad,15,1,happy,sad,14,-1.5625,-1.0625,-1.9921884536743164,-1.53125,0.4804692268371582,-0.4492192268371582,-0.039061546325683594
a15_s1_happy_sad,15,1,happy,sad,15,-0.9375,-0.46875,-1.53125,-0.84375,0.578125,-0.484375,0.21875
a15_s1_happy_sad,15,1,happy,sad,16,-2.439453125,-2.1328125,-2.6367177963256836,-1.8046875,0.5693354606628418,0.0654301643371582,0.5253896713256836
a15_s1_happy_sad,15,1,happy,sad,17,-2.8642578125,-2.21484375,-2.984375,-2.02734375,0.80322265625,0.03369140625,0.3076171875
a15_s1_happy_sad,15,1,happy,sad,18,-3.138671875,-2.5781259536743164,-3.5449209213256836,-2.5781240463256836,0.7636713981628418,-0.2031235694885254,0.4062509536743164
a15_s1_happy_sad,15,1,happy,sad,19,-1.8779296875,-1.55078125,-1.80078125,-1.1953125,0.46630859375,0.21630859375,0.2783203125
a15_s1_happy_sad,15,1,happy,sad,20,-0.88671875,-0.3203125,-0.69140625,-0.09375,0.58203125,0.2109375,0.03125
a15_s1_happy_sad,15,1,happy,sad,21,-2.4609375,-2.2421875,-2.29296875,-1.984375,0.263671875,0.212890625,0.08984375
a15_s1_happy_sad,15,1,happy,sad,22,-1.50390625,-1.2265625,-1.541015625,-1.09423828125,0.362060546875,0.047607421875,0.16943359375
a15_s1_happy_sad,15,1,happy,sad,23,-2.40625,-1.6328125,-2.1328125,-1.2705078125,0.81787109375,0.31787109375,0.0888671875
a15_s1_happy_sad,15,1,happy,sad,24,-0.8359375,-0.1015625,-0.360595703125,-0.0009765625,0.5469970703125,0.2879638671875,-0.374755859375
a15_s1_happy_sad,15,1,happy,sad,25,-1.28125,-0.53125,-0.7578125,-0.431640625,0.5380859375,0.3115234375,-0.423828125
a15_s1_happy_sad,15,1,happy,sad,26,-1.7812504768371582,-1.4169921875,-1.640625,-1.5078125,0.2485353946685791,0.0249025821685791,-0.2314457893371582
a15_s1_happy_sad,15,1,happy,sad,27,-1.5,-1.7421875,-2.28125,-1.6484375,0.1953125,-0.34375,0.875
a15_s1_happy_sad,15,1,happy,sad,28,-0.75,-0.8125,-1.25,-0.9375,0.125,-0.3125,0.375
a15_s1_neutral_angry,15,1,neutral,angry,0,0.951171875,0.951171875,0.951171875,0.951171875,0.0,0.0,0.0
a15_s1_neutral_angry,15,1,neutral,angry,1,0.1083984375,-0.0087890625,0.0068359375,-0.04388427734375,-0.083953857421875,-0.068328857421875,0.06646728515625
a15_s1_neutral_angry,15,1,neutral,angry,2,-0.2578125,-0.3671875,-0.306640625,-0.380859375,-0.091796875,-0.03125,0.03515625
a15_s1_neutral_angry,15,1,neutral,angry,3,0.265625,0.125,0.0625,0.09375,-0.0546875,-0.1171875,0.171875
a15_s1_neutral_angry,15,1,neutral,angry,4,1.671875,1.28125,1.359375,1.328125,-0.2109375,-0.1328125,0.359375
a15_s1_neutral_angry,15,1,neutral,angry,5,0.84375,0.40625,0.53125,0.1875,-0.390625,-0.265625,0.09375
a15_s1_neutral_angry,15,1,neutral,angry,6,-0.75,-1.0,-1.0625,-1.15625,-0.171875,-0.234375,0.15625
a15_s1_neutral_angry,15,1,neutral,angry,7,0.65625,-0.03125,0.5,0.21875,-0.484375,0.046875,0.40625
a15_s1_neutral_angry,15,1,neutral,angry,8,1.0,0.5,0.71875,0.5625,-0.328125,-0.109375,0.34375
a15_s1_neutral_angry,15,1,neutral,angry,9,1.9375,1.484375,1.6875,1.09375,-0.5234375,-0.3203125,-0.140625
a15_s1_neutral_angry,15,1,neutral,angry,10,1.09375,0.0625,0.84375,0.296875,-0.7890625,-0.0078125,0.484375
a15_s1_neutral_angry,15,1,neutral,angry,11,1.109375,0.296875,1.109375,0.578125,-0.671875,0.140625,0.28125
a15_s1_neutral_angry,15,1,neutral,angry,12,-0.28125,-0.8125,-0.15625,-0.65625,-0.515625,0.140625,0.03125
a15_s1_neutral_angry,15,1,neutral,angry,13,-0.5,-0.546875,-0.5,-0.53125,-0.0390625,0.0078125,0.015625
a15_s1_neutral_angry,15,1,neutral,angry,14,-0.90625,-0.71875,-1.21875,-0.84375,0.28125,-0.21875,0.1875
a15_s1_neutral_angry,15,1,neutral,angry,15,-1.03125,-0.65625,-1.40625,-0.8125,0.484375,-0.265625,0.21875
a15_s1_neutral_angry,15,1,neutral,angry,16,-0.8359375,-1.60546875,-1.0859375,-1.75,-0.716796875,-0.197265625,0.10546875
a15_s1_neutral_angry,15,1,neutral,angry,17,-0.921875,-0.9375,-1.3515625,-1.1328125,0.1015625,-0.3125,0.234375
a15_s1_neutral_angry,15,1,neutral,angry,18,0.671875,0.5,0.6796875,0.296875,-0.27734375,-0.09765625,-0.2109375
a15_s1_neutral_angry,15,1,neutral,angry,19,-0.7421875,-1.1796875,-0.7890625,-1.4140625,-0.53125,-0.140625,-0.1875
a15_s1_neutral_angry,15,1,neutral,angry,20,-3.69921875,-2.47265625,-3.763671875,-2.703125,1.1435546875,-0.1474609375,-0.166015625
a15_s1_neutral_angry,15,1,neutral,angry,21,-2.6484375,-1.421875,-2.859375,-1.662109375,1.2119140625,-0.2255859375,-0.029296875
a15_s1_neutral_angry,15,1,neutral,angry,22,-3.3232421875,-1.2080078125,-3.9111337661743164,-1.45849609375,2.283936023712158,-0.4191899299621582,0.3374032974243164
a15_s1_neutral_angry,15,1,neutral,angry,23,-4.248045921325684,-3.01171875,-4.2587890625,-2.8828125,1.3061518669128418,0.0590815544128418,0.1396493911743164
a15_s1_neutral_angry,15,1,neutral,angry,24,-4.04296875,-3.95703125,-3.61767578125,-3.795166015625,-0.0457763671875,0.2935791015625,-0.263427734375
a15_s1_neutral_angry,15,1,neutral,angry,25,-3.3828125,-2.671875,-2.9990234375,-2.28125,0.71435546875,0.38720703125,0.0068359375
a15_s1_neutral_angry,15,1,neutral,angry,26,-4.1953125,-2.390625,-3.8828125,-1.71875,1.984375,0.4921875,0.359375
a15_s1_neutral_angry,15,1,neutral,angry,27,-1.93359375,-1.4374995231628418,-1.990234375,-1.8437495231628418,0.3212895393371582,-0.2314453125,-0.349609375
a15_s1_neutral_angry,15,1,neutral,angry,28,-0.78125,-1.0625,-0.96875,-1.4375,-0.375,-0.28125,-0.1875
a15_s2_happy_sad,15,2,happy,sad,0,2.3046875,2.3046875,2.3046875,2.3046875,0.0,0.0,0.0
a15_s2_happy_sad,15,2,happy,sad,1,-0.265625,-0.2578125,-0.2578125,-0.2421875,0.01171875,0.01171875,0.0078125
a15_s2_happy_sad,15,2,happy,sad,2,-0.697265625,-0.685546875,-0.6552734375,-0.626953125,0.02001953125,0.05029296875,0.0166015625
a15_s2_happy_sad,15,2,happy,sad,3,-0.8203125,-0.7734375,-0.7578125,-0.6796875,0.0625,0.078125,0.03125
a15_s2_happy_sad,15,2,happy,sad,4,-0.6875,-0.4375,-0.609375,-0.4375,0.2109375,0.0390625,-0.078125
a15_s2_happy_sad,15,2,happy,sad,5,-0.875,-0.9375,-0.796875,-0.84375,-0.0546875,0.0859375,0.015625
a15_s2_happy_sad,15,2,happy,sad,6,-1.65625,-1.78125,-1.5625,-1.6875,-0.125,0.09375,0.0
a15_s2_happy_sad,15,2,happy,sad,7,-0.3125,-0.375,-0.25,-0.34375,-0.078125,0.046875,-0.03125
a15_s2_happy_sad,15,2,happy,sad,8,-0.59375,-0.5625,-0.65625,-0.65625,0.015625,-0.078125,-0.03125
a15_s2_happy_sad,15,2,happy,sad,9,0.828125,1.140625,0.859375,1.171875,0.3125,0.03125,0.0
a15_s2_happy_sad,15,2,happy,sad,10,-1.8125,-1.40625,-1.71875,-1.53125,0.296875,-0.015625,-0.21875
a15_s2_happy_sad,15,2,happy,sad,11,-1.359375,-1.21875,-1.4375,-1.296875,0.140625,-0.078125,0.0
a15_s2_happy_sad,15,2,happy,sad,12,-2.1875,-1.875,-2.375,-2.125,0.28125,-0.21875,-0.0625
a15_s2_happy_sad,15,2,happy,sad,13,-2.5625,-2.125,-2.96875,-2.390625,0.5078125,-0.3359375,0.140625
a15_s2_happy_sad,15,2,happy,sad,14,-1.8984375,-1.3437509536743164,-2.28515625,-1.6875009536743164,0.5761709213256836,-0.365234375,0.04296875
a15_s2_happy_sad,15,2,happy,sad,15,-0.96875,-0.359375,-1.234375,-0.5,0.671875,-0.203125,0.125
a15_s2_happy_sad,15,2,happy,sad,16,-3.044921875,-2.3437490463256836,-3.0581045150756836,-2.28515625,0.737060546875,0.022705078125,0.07177543640136719
a15_s2_happy_sad,15,2,happy,sad,17,-3.4980459213256836,-2.3828125,-3.06640625,-2.1328125,1.0244135856628418,0.3408198356628418,-0.1816396713256836
a15_s2_happy_sad,15,2,happy,sad,18,-3.453125,-2.9375,-3.328125,-2.7265615463256836,0.5585942268371582,0.1679692268371582,0.0859384536743164
a15_s2_happy_sad,15,2,happy,sad,19,-2.41015625,-1.8125,-1.9462890625,-1.833984375,0.35498046875,0.22119140625,-0.4853515625
a15_s2_happy_sad,15,2,happy,sad,20,-1.6484375,-0.7734375,-1.09765625,-0.390625,0.791015625,0.466796875,-0.16796875
a15_s2_happy_sad,15,2,happy,sad,21,-2.6484365463256836,-1.890625,-2.0859375,-1.7968759536743164,0.5234365463256836,0.3281240463256836,-0.46875
a15_s2_happy_sad,15,2,happy,sad,22,-1.25,-0.734375,-0.63671875,-0.734375,0.208984375,0.306640625,-0.61328125
a15_s2_happy_sad,15,2,happy,sad,23,-1.625,-1.0703125,-1.5390625,-1.8046875,0.14453125,-0.32421875,-0.8203125
a15_s2_happy_sad,15,2,happy,sad,24,-0.0078125,-0.0625,-0.15234375,-0.56640625,-0.234375,-0.32421875,-0.359375
a15_s2_happy_sad,15,2,happy,sad,25,-0.85546875,-0.5234375,-0.548828125,-0.59765625,0.1416015625,0.1162109375,-0.380859375
a15_s2_happy_sad,15,2,happy,sad,26,-2.19140625,-1.734375,-1.8984375,-1.111328125,0.6220703125,0.4580078125,0.330078125
a15_s2_happy_sad,15,2,happy,sad,27,-2.1171875,-2.109375,-1.53125,-1.828125,-0.14453125,0.43359375,-0.3046875
a15_s2_happy_sad,15,2,happy,sad,28,-1.1875,-0.9375,-0.8125,-0.75,0.15625,0.28125,-0.1875
a15_s2_neutral_angry,15,2,neutral,angry,0,0.951171875,0.951171875,0.951171875,0.951171875,0.0,0.0,0.0
a15_s2_neutral_angry,15,2,neutral,angry,1,0.0830078125,0.0662841796875,-0.1387786865234375,0.0068359375,0.06444549560546875,-0.14061737060546875,0.1623382568359375
a15_s2_neutral_angry,15,2,neutral,angry,2,-0.37109375,-0.357421875,-0.48828125,-0.4619140625,0.02001953125,-0.11083984375,0.0126953125
a15_s2_neutral_angry,15,2,neutral,angry,3,0.21875,0.328125,0.0,0.25,0.1796875,-0.1484375,0.140625
a15_s2_neutral_angry,15,2,neutral,angry,4,1.625,1.625,1.21875,1.53125,0.15625,-0.25,0.3125
a15_s2_neutral_angry,15,2,neutral,angry,5,0.71875,0.75,0.40625,0.59375,0.109375,-0.234375,0.15625
a15_s2_neutral_angry,15,2,neutral,angry,6,-0.96875,-0.5,-1.28125,-0.78125,0.484375,-0.296875,0.03125
a15_s2_neutral_angry,15,2,neutral,angry,7,0.53125,0.34375,0.375,0.3125,-0.125,-0.09375,0.125
a15_s2_neutral_angry,15,2,neutral,angry,8,0.65625,0.6875,0.53125,0.625,0.0625,-0.09375,0.0625
a15_s2_neutral_angry,15,2,neutral,angry,9,1.734375,1.03125,1.703125,0.78125,-0.8125,-0.140625,-0.21875
a15_s2_neutral_angry,15,2,neutral,angry,10,1.28125,0.265625,0.90625,0.125,-0.8984375,-0.2578125,0.234375
a15_s2_neutral_angry,15,2,neutral,angry,11,1.5,0.890625,1.375,0.875,-0.5546875,-0.0703125,0.109375
a15_s2_neutral_angry,15,2,neutral,angry,12,-0.375,-0.09375,-0.28125,-0.21875,0.171875,-0.015625,-0.21875
a15_s2_neutral_angry,15,2,neutral,angry,13,-0.5,0.0625,-0.40625,0.03125,0.5,0.03125,-0.125
a15_s2_neutral_angry,15,2,neutral,angry,14,-0.84375,-0.53125,-1.1562509536743164,-0.40625,0.5312504768371582,-0.0937504768371582,0.4375009536743164
a15_s2_neutral_angry,15,2,neutral,angry,15,-0.546875,-0.21875,-0.859375,-0.3125,0.4375,-0.203125,0.21875
a15_s2_neutral_angry,15,2,neutral,angry,16,-0.21875,-0.6328125,-0.75,-0.8203125,-0.2421875,-0.359375,0.34375
a15_s2_neutral_angry,15,2,neutral,angry,17,-0.75,-0.078125,-0.9375,-0.328125,0.640625,-0.21875,-0.0625
a15_s2_neutral_angry,15,2,neutral,angry,18,1.2968759536743164,1.4765625,1.234375,0.921875,-0.0664067268371582,-0.3085942268371582,-0.4921865463256836
a15_s2_neutral_angry,15,2,neutral,angry,19,-0.09375,-0.484375,0.171875,-1.1015625,-0.83203125,-0.17578125,-0.8828125
a15_s2_neutral_angry,15,2,neutral,angry,20,-3.53125,-2.02734375,-3.796875,-2.052734375,1.6240234375,-0.1455078125,0.240234375
a15_s2_neutral_angry,15,2,neutral,angry,21,-2.8906240463256836,-1.3203125,-3.2734375,-1.6875,1.5781245231628418,-0.3750004768371582,0.015625953674316406
a15_s2_neutral_angry,15,2,neutral,angry,22,-2.8798837661743164,-1.63720703125,-2.64453125,-1.78515625,1.0510258674621582,0.0437016487121582,-0.3833017349243164
a15_s2_neutral_angry,15,2,neutral,angry,23,-4.382813453674316,-2.3828125,-4.437500953674316,-2.4140625,2.0117197036743164,-0.04296875,0.0234375
a15_s2_neutral_angry,15,2,neutral,angry,24,-5.375,-4.4296875,-5.609375,-3.1875,1.68359375,0.50390625,1.4765625
a15_s2_neutral_angry,15,2,neutral,angry,25,-1.16796875,-1.359375,-1.42578125,-1.033203125,0.1005859375,0.0341796875,0.583984375
a15_s2_neutral_angry,15,2,neutral,angry,26,-2.31640625,-0.984375,-3.0,-1.5703125,1.380859375,-0.634765625,0.09765625
a15_s2_neutral_angry,15,2,neutral,angry,27,-1.0625,-0.015625,-1.21875,0.0,1.1328125,-0.0703125,0.171875
a15_s2_neutral_angry,15,2,neutral,angry,28,0.375,0.375,0.3125,0.4375,0.0625,0.0,0.125
a16_s1_happy_sad,16,1,happy,sad,0,2.3046875,2.3046875,2.3046875,2.3046875,0.0,0.0,0.0
a16_s1_happy_sad,16,1,happy,sad,1,-0.171875,-0.1328125,-0.2421875,-0.2421875,0.01953125,-0.08984375,-0.0390625
a16_s1_happy_sad,16,1,happy,sad,2,-0.544921875,-0.43359375,-0.59765625,-0.55859375,0.0751953125,-0.0888671875,-0.072265625
a16_s1_happy_sad,16,1,happy,sad,3,-0.6640625,-0.16015625,-0.6328125,-0.28125,0.427734375,-0.044921875,-0.15234375
a16_s1_happy_sad,16,1,happy,sad,4,-0.6875,0.125,-0.46875,0.140625,0.7109375,0.1171875,-0.203125
a16_s1_happy_sad,16,1,happy,sad,5,-1.09375,-0.578125,-1.09375,-0.359375,0.625,0.109375,0.21875
a16_s1_happy_sad,16,1,happy,sad,6,-2.0625,-1.5625,-2.125,-1.40625,0.609375,0.046875,0.21875
a16_s1_happy_sad,16,1,happy,sad,7,-0.9375,-0.84375,-0.90625,-0.75,0.125,0.0625,0.0625
a16_s1_happy_sad,16,1,happy,sad,8,-1.703125,-1.515625,-1.84375,-1.6875,0.171875,-0.15625,-0.03125
a16_s1_happy_sad,16,1,happy,sad,9,0.203125,0.140625,0.1875,0.109375,-0.0703125,-0.0234375,-0.015625
a16_s1_happy_sad,16,1,happy,sad,10,-2.0390625,-1.78125,-1.9531259536743164,-1.7968740463256836,0.2070322036743164,0.03515625,-0.10156059265136719
a16_s1_happy_sad,16,1,happy,sad,11,-1.9687490463256836,-1.4062490463256836,-2.03125,-1.6093740463256836,0.4921879768371582,-0.1328129768371582,-0.1406240463256836
a16_s1_happy_sad,16,1,happy,sad,12,-2.625,-2.15625,-2.640625,-2.484375,0.3125,-0.171875,-0.3125
a16_s1_happy_sad,16,1,happy,sad,13,-3.0078125,-2.5781240463256836,-2.90625,-2.7109384536743164,0.3125,-0.015625953674316406,-0.2343769073486328
a16_s1_happy_sad,16,1,happy,sad,14,-1.94140625,-1.671875,-2.01953125,-1.78125,0.25390625,-0.09375,-0.03125
a16_s1_happy_sad,16,1,happy,sad,15,-1.3125,-1.0078125,-1.2890625,-1.140625,0.2265625,-0.0546875,-0.15625
a16_s1_happy_sad,16,1,happy,sad,16,-2.6669921875,-2.6259765625,-2.41015625,-2.875,-0.2119140625,0.00390625,-0.505859375
a16_s1_happy_sad,16,1,happy,sad,17,-1.9921875,-2.07421875,-1.974609375,-2.27734375,-0.1923828125,-0.0927734375,-0.220703125
a16_s1_happy_sad,16,1,happy,sad,18,-2.7812509536743164,-2.23046875,-2.53125,-2.59326171875,0.2443852424621582,-0.0563960075378418,-0.6127939224243164
a16_s1_happy_sad,16,1,happy,sad,19,-1.828125,-1.6292724609375,-1.5687255859375,-2.234375,-0.2333984375,-0.1728515625,-0.864501953125
a16_s1_happy_sad,16,1,happy,sad,20,-0.5703125,-0.9765625,0.0703125,-1.27734375,-0.876953125,0.169921875,-0.94140625
a16_s1_happy_sad,16,1,happy,sad,21,-2.1484375,-2.78125,-1.8984375,-2.7109375,-0.72265625,0.16015625,-0.1796875
a16_s1_happy_sad,16,1,happy,sad,22,-1.86328125,-1.783203125,-1.72265625,-1.9228515625,-0.06005859375,0.00048828125,-0.2802734375
a16_s1_happy_sad,16,1,happy,sad,23,-2.88671875,-2.4755859375,-2.8359375,-2.181640625,0.53271484375,0.17236328125,0.2431640625
a16_s1_happy_sad,16,1,happy,sad,24,-0.6806640625,-0.24609375,-0.345703125,-0.00390625,0.38818359375,0.28857421875,-0.0927734375
a16_s1_happy_sad,16,1,happy,sad,25,-1.44921875,-0.81640625,-1.2578125,-1.0986328125,0.39599609375,-0.04541015625,-0.4736328125
a16_s1_happy_sad,16,1,happy,sad,26,-1.9374995231628418,-0.640625,-1.9687504768371582,-1.40625,0.9296875,-0.3984379768371582,-0.7343740463256836
a16_s1_happy_sad,16,1,happy,sad,27,-1.6875,-1.140625,-1.625,-2.1015625,0.03515625,-0.44921875,-1.0234375
a16_s1_happy_sad,16,1,happy,sad,28,-0.6875,-0.1875,-0.8125,-0.75,0.28125,-0.34375,-0.4375
a16_s1_neutral_angry,16,1,neutral,angry,0,0.951171875,0.951171875,0.951171875,0.951171875,0.0,0.0,0.0
a16_s1_neutral_angry,16,1,neutral,angry,1,-0.0068359375,-0.091552734375,0.076171875,0.043975830078125,-0.0584564208984375,0.1092681884765625,0.052520751953125
a16_s1_neutral_angry,16,1,neutral,angry,2,-0.419921875,-0.55859375,-0.275390625,-0.421875,-0.142578125,0.140625,-0.0078125
a16_s1_neutral_angry,16,1,neutral,angry,3,0.046875,-0.03125,0.046875,0.0625,-0.03125,0.046875,0.09375
a16_s1_neutral_angry,16,1,neutral,angry,4,1.640625,1.3125,1.5,1.390625,-0.21875,-0.03125,0.21875
a16_s1_neutral_angry,16,1,neutral,angry,5,0.5625,0.09375,0.46875,0.09375,-0.421875,-0.046875,0.09375
a16_s1_neutral_angry,16,1,neutral,angry,6,-0.59375,-0.84375,-0.53125,-0.75,-0.234375,0.078125,0.03125
a16_s1_neutral_angry,16,1,neutral,angry,7,0.78125,0.09375,0.90625,0.3125,-0.640625,0.171875,0.09375
a16_s1_neutral_angry,16,1,neutral,angry,8,1.15625,0.21875,1.3125,0.4375,-0.90625,0.1875,0.0625
a16_s1_neutral_angry,16,1,neutral,angry,9,2.375,0.875,2.375,0.78125,-1.546875,-0.046875,-0.09375
a16_s1_neutral_angry,16,1,neutral,angry,10,1.53125,0.171875,1.546875,0.4375,-1.234375,0.140625,0.25
a16_s1_neutral_angry,16,1,neutral,angry,11,1.6875,0.359375,1.515625,0.421875,-1.2109375,-0.0546875,0.234375
a16_s1_neutral_angry,16,1,neutral,angry,12,-0.3125,-1.25,-0.1875,-1.125,-0.9375,0.125,0.0
a16_s1_neutral_angry,16,1,neutral,angry,13,-0.140625,-0.640625,-0.078125,-0.578125,-0.5,0.0625,0.0
a16_s1_neutral_angry,16,1,neutral,angry,14,-0.96875,-1.203125,-0.84375,-1.09375,-0.2421875,0.1171875,-0.015625
a16_s1_neutral_angry,16,1,neutral,angry,15,-0.9374990463256836,-0.8437490463256836,-1.0,-0.84375,0.125,-0.031250953674316406,0.0625
a16_s1_neutral_angry,16,1,neutral,angry,16,-1.41015625,-1.80078125,-1.1796875,-1.375,-0.29296875,0.328125,0.1953125
a16_s1_neutral_angry,16,1,neutral,angry,17,-0.92578125,-1.2734375,-1.0,-0.921875,-0.134765625,0.138671875,0.42578125
a16_s1_neutral_angry,16,1,neutral,angry,18,0.921875,0.078125,0.8671875,0.203125,-0.75390625,0.03515625,0.1796875
a16_s1_neutral_angry,16,1,neutral,angry,19,-0.5234375,-1.1015625,-0.671875,-1.2421875,-0.57421875,-0.14453125,0.0078125
a16_s1_neutral_angry,16,1,neutral,angry,20,-2.26953125,-2.513671875,-3.04296875,-2.6513671875,0.07373046875,-0.45556640625,0.6357421875
a16_s1_neutral_angry,16,1,neutral,angry,21,-1.634765625,-1.67578125,-2.24609375,-1.908203125,0.1484375,-0.421875,0.37890625
a16_s1_neutral_angry,16,1,neutral,angry,22,-2.2421875,-1.58203125,-3.609375,-2.0234375,1.123046875,-0.904296875,0.92578125
a16_s1_neutral_angry,16,1,neutral,angry,23,-2.854248046875,-2.20703125,-3.875,-2.640625,0.9407958984375,-0.7271728515625,0.587158203125
a16_s1_neutral_angry,16,1,neutral,angry,24,-3.28515625,-3.578125,-3.375,-4.048828125,-0.4833984375,-0.2802734375,-0.380859375
a16_s1_neutral_angry,16,1,neutral,angry,25,-2.71484375,-2.203125,-3.0,-1.53125,0.990234375,0.193359375,0.95703125
a16_s1_neutral_angry,16,1,neutral,angry,26,-2.578125,-1.375,-3.1708984375,-0.125,2.12451171875,0.32861328125,1.8427734375
a16_s1_neutral_angry,16,1,neutral,angry,27,-2.687499523162842,-1.40625,-2.015624523162842,-0.5625,1.3671870231628418,0.7578125,0.171875
a16_s1_neutral_angry,16,1,neutral,angry,28,-1.4375,-1.1875,-1.125,-0.6875,0.34375,0.40625,0.1875
a16_s2_happy_sad,16,2,happy,sad,0,2.3046875,2.3046875,2.3046875,2.3046875,0.0,0.0,0.0
a16_s2_happy_sad,16,2,happy,sad,1,-0.1171875,-0.171875,-0.2265625,-0.28125,-0.0546875,-0.109375,0.0
a16_s2_happy_sad,16,2,happy,sad,2,-0.3984375,-0.45703125,-0.4765625,-0.580078125,-0.0810546875,-0.1005859375,-0.044921875
a16_s2_happy_sad,16,2,happy,sad,3,-0.5859375,-0.61328125,-0.65234375,-0.765625,-0.0703125,-0.109375,-0.0859375
a16_s2_happy_sad,16,2,happy,sad,4,-0.578125,-0.53125,-0.453125,-0.53125,-0.015625,0.0625,-0.125
a16_s2_happy_sad,16,2,happy,sad,5,-1.25,-1.171875,-1.140625,-1.125,0.046875,0.078125,-0.0625
a16_s2_happy_sad,16,2,happy,sad,6,-2.21875,-2.21875,-2.1875,-2.125,0.03125,0.0625,0.0625
a16_s2_happy_sad,16,2,happy,sad,7,-0.9375,-0.90625,-0.6875,-0.84375,-0.0625,0.15625,-0.1875
a16_s2_happy_sad,16,2,happy,sad,8,-1.609375,-1.46875,-1.65625,-1.625,0.0859375,-0.1015625,-0.109375
a16_s2_happy_sad,16,2,happy,sad,9,0.46875,0.609375,0.28125,0.453125,0.15625,-0.171875,0.03125
a16_s2_happy_sad,16,2,happy,sad,10,-2.0234375,-1.9296875,-1.9765625,-1.7890625,0.140625,0.09375,0.09375
a16_s2_happy_sad,16,2,happy,sad,11,-1.734375,-1.4843759536743164,-1.78125,-1.421875,0.3046870231628418,0.007812976837158203,0.1093759536743164
a16_s2_happy_sad,16,2,happy,sad,12,-2.390625,-2.46875,-2.59375,-2.34375,0.0859375,-0.0390625,0.328125
a16_s2_happy_sad,16,2,happy,sad,13,-2.40625,-2.484375,-2.578125,-2.515625,-0.0078125,-0.1015625,0.140625
a16_s2_happy_sad,16,2,happy,sad,14,-1.76953125,-1.515625,-1.87890625,-1.7109375,0.2109375,-0.15234375,-0.0859375
a16_s2_happy_sad,16,2,happy,sad,15,-0.8828125,-0.8749990463256836,-1.234375,-1.1328125,0.0546879768371582,-0.3046879768371582,0.0937490463256836
a16_s2_happy_sad,16,2,happy,sad,16,-2.5263671875,-2.484375,-2.38623046875,-2.65234375,-0.112060546875,-0.013916015625,-0.30810546875
a16_s2_happy_sad,16,2,happy,sad,17,-2.12646484375,-2.1748046875,-2.272216796875,-2.3321533203125,-0.05413818359375,-0.15155029296875,-0.0115966796875
a16_s2_happy_sad,16,2,happy,sad,18,-2.4492197036743164,-2.4140625,-2.5507822036743164,-2.75,-0.0820302963256836,-0.21875,-0.234375
a16_s2_happy_sad,16,2,happy,sad,19,-1.2587890625,-1.43359375,-1.1895751953125,-1.4930419921875,-0.2391357421875,0.0048828125,-0.128662109375
a16_s2_happy_sad,16,2,happy,sad,20,-0.328125,-0.59375,-0.45703125,-0.546875,-0.177734375,-0.041015625,0.17578125
a16_s2_happy_sad,16,2,happy,sad,21,-1.7734375,-2.046875,-1.8359375,-1.8828134536743164,-0.1601567268371582,0.0507807731628418,0.2265615463256836
a16_s2_happy_sad,16,2,happy,sad,22,-1.39599609375,-1.84375,-1.22265625,-1.27734375,-0.251220703125,0.369873046875,0.39306640625
a16_s2_happy_sad,16,2,happy,sad,23,-2.3232421875,-2.6015625,-2.179931640625,-1.7109375,0.0953369140625,0.5169677734375,0.747314453125
a16_s2_happy_sad,16,2,happy,sad,24,-0.798828125,-1.22265625,-0.576171875,-0.25,-0.048828125,0.59765625,0.75
a16_s2_happy_sad,16,2,happy,sad,25,-0.3896484375,-0.546875,-0.4140625,-0.0703125,0.09326171875,0.22607421875,0.5009765625
a16_s2_happy_sad,16,2,happy,sad,26,-1.67578125,-1.03125,-1.5859375,-1.009765625,0.6103515625,0.0556640625,-0.068359375
a16_s2_happy_sad,16,2,happy,sad,27,-2.593750476837158,-1.84375,-1.953125,-1.3671875,0.6679689884185791,0.5585939884185791,-0.1640629768371582
a16_s2_happy_sad,16,2,happy,sad,28,-0.9375,-0.625,-0.6875,-0.4375,0.28125,0.21875,-0.0625
a16_s2_neutral_angry,16,2,neutral,angry,0,0.951171875,0.951171875,0.951171875,0.951171875,0.0,0.0,0.0
a16_s2_neutral_angry,16,2,neutral,angry,1,0.0390625,0.037109375,0.0263671875,0.08056640625,0.026123046875,0.015380859375,0.05615234375
a16_s2_neutral_angry,16,2,neutral,angry,2,-0.296875,-0.427734375,-0.322265625,-0.44140625,-0.125,-0.01953125,0.01171875
a16_s2_neutral_angry,16,2,neutral,angry,3,0.125,-0.0625,0.046875,0.0,-0.1171875,-0.0078125,0.140625
a16_s2_neutral_angry,16,2,neutral,angry,4,1.59375,1.375,1.203125,1.265625,-0.078125,-0.25,0.28125
a16_s2_neutral_angry,16,2,neutral,angry,5,0.53125,0.34375,0.28125,0.21875,-0.125,-0.1875,0.125
a16_s2_neutral_angry,16,2,neutral,angry,6,-0.5625,-0.6875,-0.6875,-0.65625,-0.046875,-0.046875,0.15625
a16_s2_neutral_angry,16,2,neutral,angry,7,0.84375,0.1875,0.78125,0.375,-0.53125,0.0625,0.25
a16_s2_neutral_angry,16,2,neutral,angry,8,1.125,0.28125,1.0,0.3125,-0.765625,-0.046875,0.15625
a16_s2_neutral_angry,16,2,neutral,angry,9,2.484375,0.90625,2.3125,0.59375,-1.6484375,-0.2421875,-0.140625
a16_s2_neutral_angry,16,2,neutral,angry,10,1.125,0.34375,1.0625,0.40625,-0.71875,0.0,0.125
a16_s2_neutral_angry,16,2,neutral,angry,11,1.1875,0.359375,1.296875,0.34375,-0.890625,0.046875,-0.125
a16_s2_neutral_angry,16,2,neutral,angry,12,-0.625,-1.0625,-0.5,-0.78125,-0.359375,0.203125,0.15625
a16_s2_neutral_angry,16,2,neutral,angry,13,-0.40625,-0.28125,-0.25,-0.1875,0.09375,0.125,-0.0625
a16_s2_neutral_angry,16,2,neutral,angry,14,-1.1171875,-1.078125,-1.125,-0.9609375,0.1015625,0.0546875,0.125
a16_s2_neutral_angry,16,2,neutral,angry,15,-0.546875,-0.65625,-0.7890625,-0.6249990463256836,0.027344226837158203,-0.1054682731628418,0.2734384536743164
a16_s2_neutral_angry,16,2,neutral,angry,16,-0.921875,-1.1953125,-1.02734375,-1.296875,-0.271484375,-0.103515625,0.00390625
a16_s2_neutral_angry,16,2,neutral,angry,17,-1.05078125,-0.8046875,-1.0078125,-0.78125,0.236328125,0.033203125,-0.01953125
a16_s2_neutral_angry,16,2,neutral,angry,18,0.703125,0.140625,0.80078125,-0.09375,-0.728515625,-0.068359375,-0.33203125
a16_s2_neutral_angry,16,2,neutral,angry,19,-0.5546875,-1.0234375,-0.5546875,-1.13671875,-0.525390625,-0.056640625,-0.11328125
a16_s2_neutral_angry,16,2,neutral,angry,20,-2.7890625,-2.83203125,-2.66015625,-2.83984375,-0.111328125,0.060546875,-0.13671875
a16_s2_neutral_angry,16,2,neutral,angry,21,-2.34375,-2.080078125,-2.1953125,-2.2578125,0.1005859375,-0.0146484375,-0.326171875
a16_s2_neutral_angry,16,2,neutral,angry,22,-2.8515625,-2.2890625,-2.501953125,-2.451171875,0.306640625,0.09375,-0.51171875
a16_s2_neutral_angry,16,2,neutral,angry,23,-4.1796875,-2.71484375,-3.7656240463256836,-2.90234375,1.1640620231628418,0.1132817268371582,-0.6015634536743164
a16_s2_neutral_angry,16,2,neutral,angry,24,-4.6875,-4.076171875,-4.453125,-4.28125,0.3916015625,0.0146484375,-0.439453125
a16_s2_neutral_angry,16,2,neutral,angry,25,-2.2255859375,-1.8125,-2.001953125,-1.5078125,0.45361328125,0.26416015625,0.0810546875
a16_s2_neutral_angry,16,2,neutral,angry,26,-3.46875,-0.9375,-3.117187023162842,-1.375,2.136718511581421,-0.0429685115814209,-0.7890629768371582
a16_s2_neutral_angry,16,2,neutral,angry,27,-1.7187504768371582,0.15625,-1.28125,0.3125,1.734375238418579,0.2968752384185791,-0.2812504768371582
a16_s2_neutral_angry,16,2,neutral,angry,28,-0.0625,0.25,-0.0625,0.5625,0.46875,0.15625,0.3125
a17_s1_happy_sad,17,1,happy,sad,0,2.3046875,2.3046875,2.3046875,2.3046875,0.0,0.0,0.0
a17_s1_happy_sad,17,1,happy,sad,1,-0.2109375,-0.3125,-0.2265625,-0.3515625,-0.11328125,-0.02734375,-0.0234375
a17_s1_happy_sad,17,1,happy,sad,2,-0.4765625,-0.515625,-0.48828125,-0.591796875,-0.0712890625,-0.0439453125,-0.064453125
a17_s1_happy_sad,17,1,happy,sad,3,-0.3984375,-0.4453125,-0.34375,-0.5,-0.1015625,0.0,-0.109375
a17_s1_happy_sad,17,1,happy,sad,4,-0.046875,-0.0625,-0.09375,-0.25,-0.0859375,-0.1171875,-0.140625
a17_s1_happy_sad,17,1,happy,sad,5,-0.71875,-0.984375,-0.6875,-0.984375,-0.28125,0.015625,-0.03125
a17_s1_happy_sad,17,1,happy,sad,6,-1.65625,-2.0625,-1.71875,-2.125,-0.40625,-0.0625,0.0
a17_s1_happy_sad,17,1,happy,sad,7,-0.59375,-0.6875,-0.65625,-0.78125,-0.109375,-0.078125,-0.03125
a17_s1_happy_sad,17,1,happy,sad,8,-1.0,-1.15625,-1.03125,-1.125,-0.125,0.0,0.0625
a17_s1_happy_sad,17,1,happy,sad,9,0.8125,0.875,0.859375,0.921875,0.0625,0.046875,0.0
a17_s1_happy_sad,17,1,happy,sad,10,-1.8203134536743164,-2.03125,-2.0078125,-2.0703125,-0.1367182731628418,-0.1132807731628418,0.1484365463256836
a17_s1_happy_sad,17,1,happy,sad,11,-1.40625,-1.453125,-1.609375,-1.5,0.03125,-0.125,0.15625
a17_s1_happy_sad,17,1,happy,sad,12,-2.09375,-1.9375,-2.296875,-1.9375,0.2578125,-0.1015625,0.203125
a17_s1_happy_sad,17,1,happy,sad,13,-2.375,-2.390625,-2.296875,-2.1875,0.046875,0.140625,0.125
a17_s1_happy_sad,17,1,happy,sad,14,-1.640625,-1.7265625,-1.7421875,-1.484375,0.0859375,0.0703125,0.34375
a17_s1_happy_sad,17,1,happy,sad,15,-1.0234375,-1.2031259536743164,-1.2421884536743164,-0.8906240463256836,0.0859379768371582,0.0468754768371582,0.5312528610229492
a17_s1_happy_sad,17,1,happy,sad,16,-2.138671875,-2.54296875,-2.7080078125,-2.5546875,-0.12548828125,-0.29052734375,0.5576171875
a17_s1_happy_sad,17,1,happy,sad,17,-2.04296875,-2.5859375,-2.552734375,-2.466796875,-0.228515625,-0.1953125,0.62890625
a17_s1_happy_sad,17,1,happy,sad,18,-2.3828125,-3.1171865463256836,-3.1249990463256836,-2.7578125,-0.18359375,-0.19140625,1.1015605926513672
a17_s1_happy_sad,17,1,happy,sad,19,-1.80078125,-1.6796875,-2.6640625,-1.8359375,0.474609375,-0.509765625,0.70703125
a17_s1_happy_sad,17,1,happy,sad,20,-0.59375,-0.5625,-1.3046875,-0.8671875,0.234375,-0.5078125,0.40625
a17_s1_happy_sad,17,1,happy,sad,21,-2.0703125,-2.1406259536743164,-2.8203125,-2.34375,0.2031245231628418,-0.4765620231628418,0.5468759536743164
a17_s1_happy_sad,17,1,happy,sad,22,-0.953125,-1.203125,-1.64453125,-1.28125,0.056640625,-0.384765625,0.61328125
a17_s1_happy_sad,17,1,happy,sad,23,-1.578125,-1.83203125,-2.32421875,-1.82421875,0.123046875,-0.369140625,0.75390625
a17_s1_happy_sad,17,1,happy,sad,24,0.31640625,0.3203125,-0.36474609375,-0.015625,0.176513671875,-0.508544921875,0.34521484375
a17_s1_happy_sad,17,1,happy,sad,25,-0.203125,0.44921875,-1.265625,-0.0546875,0.931640625,-0.783203125,0.55859375
a17_s1_happy_sad,17,1,happy,sad,26,-0.578125,-0.203125,-1.1875,-0.6171875,0.47265625,-0.51171875,0.1953125
a17_s1_happy_sad,17,1,happy,sad,27,-1.03125,-0.84375,-1.28125,-1.203125,0.1328125,-0.3046875,-0.109375
a17_s1_happy_sad,17,1,happy,sad,28,-0.375,-0.4375,-0.5,-0.4375,0.0,-0.0625,0.125
a17_s1_neutral_angry,17,1,neutral,angry,0,0.951171875,0.951171875,0.951171875,0.951171875,0.0,0.0,0.0
a17_s1_neutral_angry,17,1,neutral,angry,1,-0.0068359375,0.02734375,0.0126953125,0.09765625,0.0595703125,0.044921875,0.05078125
a17_s1_neutral_angry,17,1,neutral,angry,2,-0.46875,-0.421875,-0.37109375,-0.34375,0.037109375,0.087890625,-0.01953125
a17_s1_neutral_angry,17,1,neutral,angry,3,-0.09375,-0.265625,0.078125,0.015625,-0.1171875,0.2265625,0.109375
a17_s1_neutral_angry,17,1,neutral,angry,4,1.46875,1.09375,1.34375,1.1875,-0.265625,-0.015625,0.21875
a17_s1_neutral_angry,17,1,neutral,angry,5,0.9375,0.78125,0.96875,0.84375,-0.140625,0.046875,0.03125
a17_s1_neutral_angry,17,1,neutral,angry,6,-0.75,-0.84375,-0.84375,-0.75,0.0,0.0,0.1875
a17_s1_neutral_angry,17,1,neutral,angry,7,0.375,0.28125,0.15625,0.28125,0.015625,-0.109375,0.21875
a17_s1_neutral_angry,17,1,neutral,angry,8,0.78125,0.625,0.75,0.78125,-0.0625,0.0625,0.1875
a17_s1_neutral_angry,17,1,neutral,angry,9,1.703125,1.203125,1.65625,1.21875,-0.46875,-0.015625,0.0625
a17_s1_neutral_angry,17,1,neutral,angry,10,0.578125,0.078125,0.421875,0.5,-0.2109375,0.1328125,0.578125
a17_s1_neutral_angry,17,1,neutral,angry,11,1.375,0.40625,0.9375,0.640625,-0.6328125,-0.1015625,0.671875
a17_s1_neutral_angry,17,1,neutral,angry,12,0.125,-0.21875,-0.3125,-0.125,-0.078125,-0.171875,0.53125
a17_s1_neutral_angry,17,1,neutral,angry,13,0.09375,-0.0625,-0.25,0.0625,0.078125,-0.109375,0.46875
a17_s1_neutral_angry,17,1,neutral,angry,14,-0.75,-1.21875,-1.1875009536743164,-0.9375009536743164,-0.109375,-0.0781259536743164,0.71875
a17_s1_neutral_angry,17,1,neutral,angry,15,-0.859375,-1.015625,-1.171875,-0.765625,0.125,-0.03125,0.5625
a17_s1_neutral_angry,17,1,neutral,angry,16,-0.5781240463256836,-1.5078125,-1.2968740463256836,-1.2109375,-0.4218759536743164,-0.2109375,1.015625
a17_s1_neutral_angry,17,1,neutral,angry,17,-0.28125,-0.984375,-0.7734375,-0.7421875,-0.3359375,-0.125,0.734375
a17_s1_neutral_angry,17,1,neutral,angry,18,1.2421875,0.0,0.5859375,0.203125,-0.8125,-0.2265625,0.859375
a17_s1_neutral_angry,17,1,neutral,angry,19,-0.2734375,-1.234375,-0.453125,-1.359375,-0.93359375,-0.15234375,0.0546875
a17_s1_neutral_angry,17,1,neutral,angry,20,-3.34375,-2.6943359375,-3.5625,-2.78125,0.71533203125,-0.15283203125,0.1318359375
a17_s1_neutral_angry,17,1,neutral,angry,21,-2.6015625,-1.5312509536743164,-3.1484365463256836,-1.6406240463256836,1.2890620231628418,-0.3281235694885254,0.4375009536743164
a17_s1_neutral_angry,17,1,neutral,angry,22,-3.2265625,-2.328125,-4.1875,-2.6015615463256836,1.2421879768371582,-0.6171870231628418,0.6875009536743164
a17_s1_neutral_angry,17,1,neutral,angry,23,-3.78570556640625,-2.8203115463256836,-3.9868173599243164,-3.2968740463256836,0.8276686668395996,-0.3388371467590332,-0.2754507064819336
a17_s1_neutral_angry,17,1,neutral,angry,24,-3.6328125,-3.40576171875,-3.544921875,-3.2734375,0.249267578125,0.110107421875,0.04443359375
a17_s1_neutral_angry,17,1,neutral,angry,25,-3.31640625,-2.59765625,-3.126953125,-2.7626953125,0.54150390625,0.01220703125,-0.3544921875
a17_s1_neutral_angry,17,1,neutral,angry,26,-4.3515625,-3.533203125,-4.203125,-3.9609375,0.5302734375,-0.1396484375,-0.576171875
a17_s1_neutral_angry,17,1,neutral,angry,27,-2.718750476837158,-2.125,-2.8515625,-2.046875,0.6992189884185791,-0.0273435115814209,0.2109370231628418
a17_s1_neutral_angry,17,1,neutral,angry,28,-1.375,-1.125,-1.4375,-1.0,0.34375,0.03125,0.1875
a17_s2_happy_sad,17,2,happy,sad,0,2.3046875,2.3046875,2.3046875,2.3046875,0.0,0.0,0.0
a17_s2_happy_sad,17,2,happy,sad,1,-0.2421875,-0.3046875,-0.3046875,-0.3046875,-0.03125,-0.03125,0.0625
a17_s2_happy_sad,17,2,happy,sad,2,-0.5703125,-0.546875,-0.55859375,-0.578125,0.001953125,-0.009765625,-0.04296875
a17_s2_happy_sad,17,2,happy,sad,3,-0.5390625,-0.46875,-0.4453125,-0.46875,0.0234375,0.046875,-0.09375
a17_s2_happy_sad,17,2,happy,sad,4,-0.203125,-0.046875,-0.1875,-0.125,0.109375,-0.03125,-0.09375
a17_s2_happy_sad,17,2,happy,sad,5,-1.0,-0.953125,-1.03125,-0.9375,0.0703125,-0.0078125,0.046875
a17_s2_happy_sad,17,2,happy,sad,6,-2.0,-2.15625,-1.875,-2.0625,-0.171875,0.109375,-0.03125
a17_s2_happy_sad,17,2,happy,sad,7,-0.84375,-0.71875,-0.75,-0.71875,0.078125,0.046875,-0.09375
a17_s2_happy_sad,17,2,happy,sad,8,-0.84375,-1.09375,-0.8125,-1.0625,-0.25,0.03125,0.0
a17_s2_happy_sad,17,2,happy,sad,9,0.8125,1.09375,0.875,1.171875,0.2890625,0.0703125,0.015625
a17_s2_happy_sad,17,2,happy,sad,10,-1.765625,-1.6640615463256836,-1.9140615463256836,-1.828125,0.09375,-0.15625,-0.015626907348632812
a17_s2_happy_sad,17,2,happy,sad,11,-1.5625,-1.296875,-1.75,-1.25,0.3828125,-0.0703125,0.234375
a17_s2_happy_sad,17,2,happy,sad,12,-2.203125,-1.8125,-2.296875,-1.765625,0.4609375,-0.0234375,0.140625
a17_s2_happy_sad,17,2,happy,sad,13,-2.6875,-2.078125,-2.328125,-1.78125,0.578125,0.328125,-0.0625
a17_s2_happy_sad,17,2,happy,sad,14,-1.89453125,-1.3828125,-1.75,-1.2734365463256836,0.4941411018371582,0.1269536018371582,-0.035155296325683594
a17_s2_happy_sad,17,2,happy,sad,15,-0.7734375,-0.796875,-1.0781259536743164,-0.765625,0.1445317268371582,-0.1367192268371582,0.3359384536743164
a17_s2_happy_sad,17,2,happy,sad,16,-1.8623046875,-1.984375,-2.439453125,-2.3525390625,-0.017578125,-0.47265625,0.208984375
a17_s2_happy_sad,17,2,happy,sad,17,-1.609375,-1.75,-2.171875,-2.296875,-0.1328125,-0.5546875,0.015625
a17_s2_happy_sad,17,2,happy,sad,18,-2.203125,-2.1953134536743164,-2.5234365463256836,-2.515625,0.007811546325683594,-0.3203115463256836,0.0
a17_s2_happy_sad,17,2,happy,sad,19,-1.31640625,-1.203125,-2.06982421875,-1.8857421875,0.148681640625,-0.718017578125,0.07080078125
a17_s2_happy_sad,17,2,happy,sad,20,-0.3671875,-0.1640625,-0.640625,-0.73046875,0.056640625,-0.419921875,-0.29296875
a17_s2_happy_sad,17,2,happy,sad,21,-1.59375,-1.4453125,-2.0,-2.203125,-0.02734375,-0.58203125,-0.3515625
a17_s2_happy_sad,17,2,happy,sad,22,-0.65625,-0.5234375,-1.125,-1.046875,0.10546875,-0.49609375,-0.0546875
a17_s2_happy_sad,17,2,happy,sad,23,-1.453125,-1.3046875,-1.484375,-2.08984375,-0.228515625,-0.408203125,-0.75390625
a17_s2_happy_sad,17,2,happy,sad,24,0.658203125,0.5234375,-0.328125,-0.46484375,-0.1357421875,-0.9873046875,-0.001953125
a17_s2_happy_sad,17,2,happy,sad,25,0.38671875,0.15625,-0.5712890625,-0.2578125,0.04150390625,-0.68603515625,0.5439453125
a17_s2_happy_sad,17,2,happy,sad,26,-0.3515625,-0.7392578125,-1.37890625,-0.81640625,0.08740234375,-0.55224609375,0.9501953125
a17_s2_happy_sad,17,2,happy,sad,27,-1.0156254768371582,-1.234375,-1.75,-1.359375,0.0859377384185791,-0.4296872615814209,0.6093745231628418
a17_s2_happy_sad,17,2,happy,sad,28,-0.4375,-0.625,-0.6875,-0.4375,0.03125,-0.03125,0.4375
a17_s2_neutral_angry,17,2,neutral,angry,0,0.951171875,0.951171875,0.951171875,0.951171875,0.0,0.0,0.0
a17_s2_neutral_angry,17,2,neutral,angry,1,0.07421875,-0.00341796875,-0.0634765625,-0.091552734375,-0.0528564453125,-0.1129150390625,0.049560546875
a17_s2_neutral_angry,17,2,neutral,angry,2,-0.3671875,-0.369140625,-0.451171875,-0.494140625,-0.0224609375,-0.1044921875,-0.041015625
a17_s2_neutral_angry,17,2,neutral,angry,3,0.140625,0.03125,-0.015625,-0.0625,-0.078125,-0.125,0.0625
a17_s2_neutral_angry,17,2,neutral,angry,4,1.46875,1.125,1.375,1.125,-0.296875,-0.046875,0.09375
a17_s2_neutral_angry,17,2,neutral,angry,5,0.9375,0.65625,0.90625,0.6875,-0.25,0.0,0.0625
a17_s2_neutral_angry,17,2,neutral,angry,6,-0.71875,-1.0,-0.9375,-1.0625,-0.203125,-0.140625,0.15625
a17_s2_neutral_angry,17,2,neutral,angry,7,0.59375,0.125,0.1875,0.0625,-0.296875,-0.234375,0.34375
a17_s2_neutral_angry,17,2,neutral,angry,8,0.78125,0.5625,0.65625,0.59375,-0.140625,-0.046875,0.15625
a17_s2_neutral_angry,17,2,neutral,angry,9,2.046875,1.40625,1.828125,1.21875,-0.625,-0.203125,0.03125
a17_s2_neutral_angry,17,2,neutral,angry,10,0.765625,0.15625,0.84375,0.34375,-0.5546875,0.1328125,0.109375
a17_s2_neutral_angry,17,2,neutral,angry,11,1.421875,0.765625,1.28125,0.609375,-0.6640625,-0.1484375,-0.015625
a17_s2_neutral_angry,17,2,neutral,angry,12,0.21875,-0.25,-0.1875,-0.4375,-0.359375,-0.296875,0.21875
a17_s2_neutral_angry,17,2,neutral,angry,13,0.09375,0.0625,-0.09375,-0.15625,-0.046875,-0.203125,-0.03125
a17_s2_neutral_angry,17,2,neutral,angry,14,-0.640625,-0.953125,-1.03125,-1.09375,-0.1875,-0.265625,0.25
a17_s2_neutral_angry,17,2,neutral,angry,15,-0.421875,-0.375,-0.984375,-0.90625,0.0625,-0.546875,0.03125
a17_s2_neutral_angry,17,2,neutral,angry,16,-0.4296875,-0.78125,-0.9921884536743164,-1.2578125,-0.3085932731628418,-0.5195317268371582,0.0859384536743164
a17_s2_neutral_angry,17,2,neutral,angry,17,-0.4765625,-0.5390625,-0.7265625,-1.03125,-0.18359375,-0.37109375,-0.2421875
a17_s2_neutral_angry,17,2,neutral,angry,18,1.7421875,0.65625,1.1640625,0.125,-1.0625,-0.5546875,0.046875
a17_s2_neutral_angry,17,2,neutral,angry,19,0.109375,-0.71875,-0.2734375,-1.078125,-0.81640625,-0.37109375,0.0234375
a17_s2_neutral_angry,17,2,neutral,angry,20,-2.81640625,-2.80078125,-3.771484375,-2.9140625,0.4365234375,-0.5341796875,0.841796875
a17_s2_neutral_angry,17,2,neutral,angry,21,-2.2109375,-2.09375,-3.375,-2.1875,0.65234375,-0.62890625,1.0703125
a17_s2_neutral_angry,17,2,neutral,angry,22,-2.7099609375,-2.68359375,-3.357421875,-2.8945322036743164,0.2446284294128418,-0.4291996955871582,0.4365224838256836
a17_s2_neutral_angry,17,2,neutral,angry,23,-3.857421875,-4.06640625,-4.593749046325684,-3.9023447036743164,0.2412099838256836,-0.2861328125,0.9003887176513672
a17_s2_neutral_angry,17,2,neutral,angry,24,-4.0,-4.46875,-5.2890625,-4.1640625,0.328125,-0.4921875,1.59375
a17_s2_neutral_angry,17,2,neutral,angry,25,-1.70703125,-1.629638671875,-2.75,-2.015625,0.4058837890625,-0.7144775390625,0.656982421875
a17_s2_neutral_angry,17,2,neutral,angry,26,-3.11865234375,-2.89453125,-4.296875,-3.7294921875,0.395751953125,-1.006591796875,0.34326171875
a17_s2_neutral_angry,17,2,neutral,angry,27,-0.390625,-1.203125,-1.03125,-1.046875,-0.4140625,-0.2421875,0.796875
a17_s2_neutral_angry,17,2,neutral,angry,28,0.75,0.3125,0.5,0.375,-0.28125,-0.09375,0.3125
a18_s1_happy_sad,18,1,happy,sad,0,2.3046875,2.3046875,2.3046875,2.3046875,0.0,0.0,0.0
a18_s1_happy_sad,18,1,happy,sad,1,-0.1875,-0.171875,-0.2265625,-0.21875,0.01171875,-0.04296875,-0.0078125
a18_s1_happy_sad,18,1,happy,sad,2,-0.4765625,-0.5078125,-0.4609375,-0.544921875,-0.0576171875,-0.0107421875,-0.052734375
a18_s1_happy_sad,18,1,happy,sad,3,-0.4375,-0.578125,-0.2734375,-0.5078125,-0.1875,0.1171875,-0.09375
a18_s1_happy_sad,18,1,happy,sad,4,-0.03125,-0.015625,0.0625,-0.03125,-0.0390625,0.0390625,-0.109375
a18_s1_happy_sad,18,1,happy,sad,5,-0.609375,-0.578125,-0.703125,-0.734375,0.0,-0.125,-0.0625
a18_s1_happy_sad,18,1,happy,sad,6,-1.625,-1.59375,-1.78125,-1.8125,0.0,-0.1875,-0.0625
a18_s1_happy_sad,18,1,happy,sad,7,-0.6875,-0.84375,-0.8125,-1.03125,-0.1875,-0.15625,-0.0625
a18_s1_happy_sad,18,1,happy,sad,8,-1.25,-1.515625,-1.375,-1.5625,-0.2265625,-0.0859375,0.078125
a18_s1_happy_sad,18,1,happy,sad,9,0.609375,0.265625,0.3125,0.03125,-0.3125,-0.265625,0.0625
a18_s1_happy_sad,18,1,happy,sad,10,-1.3125,-1.6484384536743164,-1.4921875,-1.7968740463256836,-0.3203125,-0.1640615463256836,0.03125190734863281
a18_s1_happy_sad,18,1,happy,sad,11,-1.484375,-1.2343759536743164,-1.5,-1.2812490463256836,0.234375,-0.031249046325683594,-0.031248092651367188
a18_s1_happy_sad,18,1,happy,sad,12,-2.203125,-1.984375,-2.296875,-2.046875,0.234375,-0.078125,0.03125
a18_s1_happy_sad,18,1,happy,sad,13,-2.296875,-2.21875,-2.21875,-2.234375,0.03125,0.03125,-0.09375
a18_s1_happy_sad,18,1,happy,sad,14,-1.9375,-1.640625,-1.9453125,-1.78125,0.23046875,-0.07421875,-0.1328125
a18_s1_happy_sad,18,1,happy,sad,15,-1.015625,-1.234375,-1.34375,-1.6484375,-0.26171875,-0.37109375,-0.0859375
a18_s1_happy_sad,18,1,happy,sad,16,-2.537109375,-2.84765625,-2.501953125,-2.67578125,-0.2421875,0.103515625,0.13671875
a18_s1_happy_sad,18,1,happy,sad,17,-1.67578125,-2.290771484375,-1.91796875,-2.216796875,-0.4569091796875,-0.0841064453125,0.316162109375
a18_s1_happy_sad,18,1,happy,sad,18,-2.8359375,-2.7578125,-3.06640625,-2.6914072036743164,0.2265620231628418,-0.0820317268371582,0.2968740463256836
a18_s1_happy_sad,18,1,happy,sad,19,-1.94140625,-1.888916015625,-2.119140625,-1.76953125,0.2010498046875,-0.0291748046875,0.297119140625
a18_s1_happy_sad,18,1,happy,sad,20,0.015625,-0.5,-0.5859375,-0.5078125,-0.21875,-0.3046875,0.59375
a18_s1_happy_sad,18,1,happy,sad,21,-1.375,-1.734375,-1.8046875,-1.5859375,-0.0703125,-0.140625,0.578125
a18_s1_happy_sad,18,1,happy,sad,22,-1.21484375,-1.115234375,-1.02734375,-1.0546875,0.0361328125,0.1240234375,-0.126953125
a18_s1_happy_sad,18,1,happy,sad,23,-2.26171875,-1.44140625,-1.59765625,-1.53515625,0.44140625,0.28515625,-0.7578125
a18_s1_happy_sad,18,1,happy,sad,24,0.32611083984375,0.50390625,0.6953125,0.66015625,0.071319580078125,0.262725830078125,-0.21295166015625
a18_s1_happy_sad,18,1,happy,sad,25,-0.9609375,-0.4580078125,-1.15234375,-0.3515625,0.65185546875,-0.04248046875,0.2978515625
a18_s1_happy_sad,18,1,happy,sad,26,-1.265625,-0.9921875,-1.8125,-0.8125,0.63671875,-0.18359375,0.7265625
a18_s1_happy_sad,18,1,happy,sad,27,-0.859375,-1.171875,-1.4375,-0.46875,0.328125,0.0625,1.28125
a18_s1_happy_sad,18,1,happy,sad,28,-0.375,-0.875,-0.875,-0.4375,-0.03125,-0.03125,0.9375
a18_s1_neutral_angry,18,1,neutral,angry,0,0.951171875,0.951171875,0.951171875,0.951171875,0.0,0.0,0.0
a18_s1_neutral_angry,18,1,neutral,angry,1,0.0546875,-0.03125,0.025390625,-0.029296875,-0.0703125,-0.013671875,0.03125
a18_s1_neutral_angry,18,1,neutral,angry,2,-0.37890625,-0.5625,-0.341796875,-0.517578125,-0.1796875,0.041015625,0.0078125
a18_s1_neutral_angry,18,1,neutral,angry,3,0.125,-0.09375,0.203125,0.1875,-0.1171875,0.1796875,0.203125
a18_s1_neutral_angry,18,1,neutral,angry,4,1.59375,1.40625,1.5625,1.6875,-0.03125,0.125,0.3125
a18_s1_neutral_angry,18,1,neutral,angry,5,1.0625,0.6875,0.71875,0.4375,-0.328125,-0.296875,0.09375
a18_s1_neutral_angry,18,1,neutral,angry,6,-0.5625,-0.6875,-0.65625,-0.5625,-0.015625,0.015625,0.21875
a18_s1_neutral_angry,18,1,neutral,angry,7,0.65625,0.09375,0.75,0.53125,-0.390625,0.265625,0.34375
a18_s1_neutral_angry,18,1,neutral,angry,8,1.15625,0.375,1.1875,0.5,-0.734375,0.078125,0.09375
a18_s1_neutral_angry,18,1,neutral,angry,9,2.25,1.515625,1.984375,0.984375,-0.8671875,-0.3984375,-0.265625
a18_s1_neutral_angry,18,1,neutral,angry,10,0.46875,-0.3593759536743164,0.453125,-0.15625,-0.7187504768371582,0.0937504768371582,0.2187509536743164
a18_s1_neutral_angry,18,1,neutral,angry,11,1.125,-0.0625,1.125,0.265625,-1.0234375,0.1640625,0.328125
a18_s1_neutral_angry,18,1,neutral,angry,12,-0.125,-1.1875,-0.09375,-0.96875,-0.96875,0.125,0.1875
a18_s1_neutral_angry,18,1,neutral,angry,13,0.09375,-1.0,0.0625,-0.625,-0.890625,0.171875,0.40625
a18_s1_neutral_angry,18,1,neutral,angry,14,-1.015625,-1.7734375,-1.109375,-1.65625,-0.65234375,0.01171875,0.2109375
a18_s1_neutral_angry,18,1,neutral,angry,15,-0.8125,-0.921875,-1.28125,-0.9687509536743164,0.1015620231628418,-0.2578129768371582,0.4218740463256836
a18_s1_neutral_angry,18,1,neutral,angry,16,-1.125,-1.8203125,-1.609375,-1.640625,-0.36328125,-0.15234375,0.6640625
a18_s1_neutral_angry,18,1,neutral,angry,17,-1.15625,-1.40625,-1.4296884536743164,-1.1015625,0.0390629768371582,0.015624523162841797,0.5781259536743164
a18_s1_neutral_angry,18,1,neutral,angry,18,0.3125,0.21875,-0.03125,0.140625,0.0390625,-0.2109375,0.265625
a18_s1_neutral_angry,18,1,neutral,angry,19,-0.734375,-1.4453125,-0.78125,-1.390625,-0.66015625,0.00390625,0.1015625
a18_s1_neutral_angry,18,1,neutral,angry,20,-2.853515625,-2.76171875,-2.607421875,-2.9375,-0.119140625,0.03515625,-0.421875
a18_s1_neutral_angry,18,1,neutral,angry,21,-1.796875,-2.05859375,-1.703125,-2.5703125,-0.564453125,-0.208984375,-0.60546875
a18_s1_neutral_angry,18,1,neutral,angry,22,-3.3671875,-2.4375,-2.9375,-2.81640625,0.525390625,0.025390625,-0.80859375
a18_s1_neutral_angry,18,1,neutral,angry,23,-3.380859375,-3.8125,-3.6992197036743164,-3.9999990463256836,-0.3662099838256836,-0.2529296875,0.1308612823486328
a18_s1_neutral_angry,18,1,neutral,angry,24,-2.7421875,-4.5,-3.17724609375,-4.4453125,-1.512939453125,-0.190185546875,0.48974609375
a18_s1_neutral_angry,18,1,neutral,angry,25,-2.34375,-3.322265625,-2.69921875,-3.7578125,-1.0185546875,-0.3955078125,-0.080078125
a18_s1_neutral_angry,18,1,neutral,angry,26,-3.4609375,-3.273437976837158,-3.7421875,-3.902344226837158,0.013671398162841797,-0.455078125,-0.34765625
a18_s1_neutral_angry,18,1,neutral,angry,27,-2.09375,-2.125,-2.359375,-3.531249523162842,-0.6015622615814209,-0.8359372615814209,-1.1406245231628418
a18_s1_neutral_angry,18,1,neutral,angry,28,-1.125,-1.312500238418579,-1.1875,-2.312500238418579,-0.6562502384185791,-0.53125,-0.9375
a18_s2_happy_sad,18,2,happy,sad,0,2.3046875,2.3046875,2.3046875,2.3046875,0.0,0.0,0.0
a18_s2_happy_sad,18,2,happy,sad,1,-0.2578125,-0.2265625,-0.2578125,-0.25,0.01953125,-0.01171875,-0.0234375
a18_s2_happy_sad,18,2,happy,sad,2,-0.46484375,-0.548828125,-0.40625,-0.5859375,-0.1318359375,0.0107421875,-0.095703125
a18_s2_happy_sad,18,2,happy,sad,3,-0.453125,-0.4765625,-0.3515625,-0.4921875,-0.08203125,0.04296875,-0.1171875
a18_s2_happy_sad,18,2,happy,sad,4,-0.125,0.015625,-0.015625,-0.078125,0.0390625,0.0078125,-0.203125
a18_s2_happy_sad,18,2,happy,sad,5,-0.890625,-0.78125,-0.921875,-0.953125,0.0390625,-0.1015625,-0.140625
a18_s2_happy_sad,18,2,happy,sad,6,-1.6875,-1.65625,-1.8125,-1.890625,-0.0234375,-0.1796875,-0.109375
a18_s2_happy_sad,18,2,happy,sad,7,-0.6875,-0.78125,-0.8125,-0.96875,-0.125,-0.15625,-0.0625
a18_s2_happy_sad,18,2,happy,sad,8,-1.0625,-1.359375,-1.21875,-1.453125,-0.265625,-0.125,0.0625
a18_s2_happy_sad,18,2,happy,sad,9,0.828125,1.109375,0.734375,0.953125,0.25,-0.125,-0.0625
a18_s2_happy_sad,18,2,happy,sad,10,-1.53125,-1.6249990463256836,-1.6171884536743164,-1.6875,-0.0820302963256836,-0.0742197036743164,0.0234375
a18_s2_happy_sad,18,2,happy,sad,11,-1.34375,-1.0625,-1.390625,-1.1875,0.2421875,-0.0859375,-0.078125
a18_s2_happy_sad,18,2,happy,sad,12,-2.1875,-1.875,-2.296875,-1.9375,0.3359375,-0.0859375,0.046875
a18_s2_happy_sad,18,2,happy,sad,13,-2.3125,-1.828125,-2.1875,-1.828125,0.421875,0.0625,-0.125
a18_s2_happy_sad,18,2,happy,sad,14,-1.7812509536743164,-1.359375,-1.53125,-1.2343740463256836,0.3593759536743164,0.1875009536743164,-0.125
a18_s2_happy_sad,18,2,happy,sad,15,-0.859375,-0.671875,-0.890625,-0.859375,0.109375,-0.109375,-0.15625
a18_s2_happy_sad,18,2,happy,sad,16,-2.24609375,-2.1015634536743164,-2.171875,-2.3671875,-0.025391101837158203,-0.0957026481628418,-0.3398427963256836
a18_s2_happy_sad,18,2,happy,sad,17,-1.9296875,-2.021484375,-1.96875,-2.40625,-0.2646484375,-0.2119140625,-0.345703125
a18_s2_happy_sad,18,2,happy,sad,18,-2.578125,-2.484375,-2.5703134536743164,-2.5390634536743164,0.0625,-0.023438453674316406,-0.0625
a18_s2_happy_sad,18,2,happy,sad,19,-1.76953125,-1.6640625,-1.41015625,-1.578125,-0.03125,0.22265625,-0.2734375
a18_s2_happy_sad,18,2,happy,sad,20,-0.7421875,-0.9296875,-0.1796875,-0.9765625,-0.4921875,0.2578125,-0.609375
a18_s2_happy_sad,18,2,happy,sad,21,-1.953125,-1.578125,-1.671875,-1.421875,0.3125,0.21875,-0.125
a18_s2_happy_sad,18,2,happy,sad,22,-1.0859375,-0.75,-0.95703125,-0.578125,0.357421875,0.150390625,0.04296875
a18_s2_happy_sad,18,2,happy,sad,23,-1.9375,-0.921875,-1.63525390625,-0.453125,1.098876953125,0.385498046875,0.16650390625
a18_s2_happy_sad,18,2,happy,sad,24,-0.203125,0.5078125,-0.150634765625,0.59765625,0.7296142578125,0.0711669921875,0.037353515625
a18_s2_happy_sad,18,2,happy,sad,25,-0.55419921875,-0.2109375,-0.78125,-0.3984375,0.363037109375,-0.207275390625,0.03955078125
a18_s2_happy_sad,18,2,happy,sad,26,-1.8291015625,-1.1875,-1.765625,-1.568359375,0.41943359375,-0.15869140625,-0.4443359375
a18_s2_happy_sad,18,2,happy,sad,27,-1.59375,-1.1484375,-1.015625,-1.421875,0.01953125,0.15234375,-0.8515625
a18_s2_happy_sad,18,2,happy,sad,28,-0.6875,-0.875,-0.5,-1.125,-0.40625,-0.03125,-0.4375
a18_s2_neutral_angry,18,2,neutral,angry,0,0.951171875,0.951171875,0.951171875,0.951171875,0.0,0.0,0.0
a18_s2_neutral_angry,18,2,neutral,angry,1,0.060546875,0.0234375,-0.17919921875,-0.08172607421875,0.030181884765625,-0.172454833984375,0.13458251953125
a18_s2_neutral_angry,18,2,neutral,angry,2,-0.41796875,-0.359375,-0.525390625,-0.3427734375,0.12060546875,-0.04541015625,0.1240234375
a18_s2_neutral_angry,18,2,neutral,angry,3,0.21875,0.1875,0.0,0.28125,0.125,-0.0625,0.3125
a18_s2_neutral_angry,18,2,neutral,angry,4,1.53125,1.484375,1.09375,1.484375,0.171875,-0.21875,0.4375
a18_s2_neutral_angry,18,2,neutral,angry,5,0.9375,0.78125,0.5625,0.625,-0.046875,-0.265625,0.21875
a18_s2_neutral_angry,18,2,neutral,angry,6,-0.46875,-0.4375,-0.90625,-0.65625,0.140625,-0.328125,0.21875
a18_s2_neutral_angry,18,2,neutral,angry,7,0.78125,0.3125,0.4375,0.40625,-0.25,-0.125,0.4375
a18_s2_neutral_angry,18,2,neutral,angry,8,0.96875,0.34375,0.65625,0.34375,-0.46875,-0.15625,0.3125
a18_s2_neutral_angry,18,2,neutral,angry,9,2.015625,0.671875,1.71875,0.25,-1.40625,-0.359375,-0.125
a18_s2_neutral_angry,18,2,neutral,angry,10,0.6875,-0.3125,0.578125,-0.390625,-0.984375,-0.09375,0.03125
a18_s2_neutral_angry,18,2,neutral,angry,11,1.0,0.0625,1.125,0.125,-0.96875,0.09375,-0.0625
a18_s2_neutral_angry,18,2,neutral,angry,12,-0.21875,-0.96875,-0.09375,-0.84375,-0.75,0.125,0.0
a18_s2_neutral_angry,18,2,neutral,angry,13,-0.09375,-0.390625,-0.0625,-0.3125,-0.2734375,0.0546875,0.046875
a18_s2_neutral_angry,18,2,neutral,angry,14,-1.046875,-0.96875,-1.0,-1.2734375,-0.09765625,-0.12890625,-0.3515625
a18_s2_neutral_angry,18,2,neutral,angry,15,-0.609375,-0.125,-0.828125,-0.515625,0.3984375,-0.3046875,-0.171875
a18_s2_neutral_angry,18,2,neutral,angry,16,-1.0937490463256836,-0.6796875,-1.28125,-0.98828125,0.3535151481628418,-0.2480473518371582,-0.1210927963256836
a18_s2_neutral_angry,18,2,neutral,angry,17,-1.328125,-0.1328125,-1.4765625,-0.2890625,1.19140625,-0.15234375,-0.0078125
a18_s2_neutral_angry,18,2,neutral,angry,18,0.203125,0.3515625,0.4062509536743164,0.3515625,0.0468745231628418,0.1015629768371582,-0.2031259536743164
a18_s2_neutral_angry,18,2,neutral,angry,19,-0.6953125,-1.103515625,-0.5703125,-1.0263671875,-0.43212890625,0.10107421875,-0.0478515625
a18_s2_neutral_angry,18,2,neutral,angry,20,-2.681640625,-1.98828125,-2.8603515625,-2.10546875,0.72412109375,-0.14794921875,0.0615234375
a18_s2_neutral_angry,18,2,neutral,angry,21,-2.1875,-1.4765625,-2.09375,-1.66796875,0.568359375,-0.048828125,-0.28515625
a18_s2_neutral_angry,18,2,neutral,angry,22,-3.28125,-2.15478515625,-2.7421875,-2.1494140625,0.859619140625,0.272216796875,-0.53369140625
a18_s2_neutral_angry,18,2,neutral,angry,23,-4.37109375,-2.380859375,-3.9804697036743164,-1.900390625,2.035156726837158,0.4355463981628418,0.0898447036743164
a18_s2_neutral_angry,18,2,neutral,angry,24,-4.1640625,-3.0625,-4.484375,-3.13671875,1.224609375,-0.197265625,0.24609375
a18_s2_neutral_angry,18,2,neutral,angry,25,-2.5390625,-1.515625,-2.6015625,-0.984375,1.3203125,0.234375,0.59375
a18_s2_neutral_angry,18,2,neutral,angry,26,-3.734375,-2.0,-3.9453125,-1.03125,2.32421875,0.37890625,1.1796875
a18_s2_neutral_angry,18,2,neutral,angry,27,-1.046875,-0.3125,-1.15625,0.0625,0.9765625,0.1328125,0.484375
a18_s2_neutral_angry,18,2,neutral,angry,28,0.3125,0.0625,0.3125,0.125,-0.21875,0.03125,0.0625
a19_s1_happy_sad,19,1,happy,sad,0,2.3046875,2.3046875,2.3046875,2.3046875,0.0,0.0,0.0
a19_s1_happy_sad,19,1,happy,sad,1,-0.3203125,-0.140625,-0.34375,-0.171875,0.17578125,-0.02734375,-0.0078125
a19_s1_happy_sad,19,1,happy,sad,2,-0.5986328125,-0.470703125,-0.647705078125,-0.53515625,0.1202392578125,-0.0567626953125,-0.015380859375
a19_s1_happy_sad,19,1,happy,sad,3,-0.625,-0.3671875,-0.7109365463256836,-0.53125,0.2187495231628418,-0.1249995231628418,-0.0781259536743164
a19_s1_happy_sad,19,1,happy,sad,4,-0.421875,0.046875,-0.40625,-0.171875,0.3515625,-0.1015625,-0.234375
a19_s1_happy_sad,19,1,happy,sad,5,-0.75,-0.6875,-0.875,-0.703125,0.1171875,-0.0703125,0.109375
a19_s1_happy_sad,19,1,happy,sad,6,-1.6875,-1.8125,-1.625,-1.59375,-0.046875,0.140625,0.15625
a19_s1_happy_sad,19,1,happy,sad,7,-0.6875,-0.5625,-0.6875,-0.59375,0.109375,-0.015625,-0.03125
a19_s1_happy_sad,19,1,happy,sad,8,-1.28125,-0.9375,-1.21875,-0.875,0.34375,0.0625,0.0
a19_s1_happy_sad,19,1,happy,sad,9,0.5625,0.890625,0.5625,0.859375,0.3125,-0.015625,-0.03125
a19_s1_happy_sad,19,1,happy,sad,10,-1.6250009536743164,-1.890625,-1.53125,-1.9531240463256836,-0.3437490463256836,0.015625953674316406,-0.15625
a19_s1_happy_sad,19,1,happy,sad,11,-1.84375,-1.515625,-1.875,-1.375,0.4140625,0.0546875,0.171875
a19_s1_happy_sad,19,1,happy,sad,12,-2.5625,-2.125,-2.8125,-1.9375,0.65625,-0.03125,0.4375
a19_s1_happy_sad,19,1,happy,sad,13,-2.421875,-2.265625,-2.375,-1.8125,0.359375,0.25,0.40625
a19_s1_happy_sad,19,1,happy,sad,14,-2.171875,-1.5,-2.28125,-1.203125,0.875,0.09375,0.40625
a19_s1_happy_sad,19,1,happy,sad,15,-1.828125,-0.984375,-1.9765625,-0.78125,1.01953125,0.02734375,0.3515625
a19_s1_happy_sad,19,1,happy,sad,16,-3.25390625,-2.2109375,-3.3359365463256836,-2.28125,1.0488276481628418,-0.0761713981628418,0.011717796325683594
a19_s1_happy_sad,19,1,happy,sad,17,-2.51171875,-2.67578125,-2.671875,-2.22265625,0.142578125,0.146484375,0.61328125
a19_s1_happy_sad,19,1,happy,sad,18,-3.40625,-3.09765625,-3.4257822036743164,-2.421875,0.6562504768371582,0.3281245231628418,0.6953134536743164
a19_s1_happy_sad,19,1,happy,sad,19,-3.142578125,-1.10546875,-3.1029043197631836,-0.7890625,2.175475597381592,0.1780400276184082,0.2767324447631836
a19_s1_happy_sad,19,1,happy,sad,20,-1.1640625,-0.3203125,-1.0468759536743164,-0.46875,0.7109379768371582,-0.015625476837158203,-0.2656240463256836
a19_s1_happy_sad,19,1,happy,sad,21,-1.9531240463256836,-0.9375,-1.890625,-1.140625,0.8828120231628418,-0.0703129768371582,-0.2656240463256836
a19_s1_happy_sad,19,1,happy,sad,22,-1.9609384536743164,-0.328125,-1.78125,-0.34375,1.5351567268371582,0.0820317268371582,-0.1953134536743164
a19_s1_happy_sad,19,1,happy,sad,23,-1.8179931640625,-0.5,-1.625,-0.6875,1.12774658203125,0.00274658203125,-0.3804931640625
a19_s1_happy_sad,19,1,happy,sad,24,0.453125,1.21875,0.07421875,1.046875,0.869140625,-0.275390625,0.20703125
a19_s1_happy_sad,19,1,happy,sad,25,-0.59375,0.3125,-0.875,0.15625,0.96875,-0.21875,0.125
a19_s1_happy_sad,19,1,happy,sad,26,-0.484375,0.0078125,-0.890625,-0.3359375,0.5234375,-0.375,0.0625
a19_s1_happy_sad,19,1,happy,sad,27,-1.03125,-0.5859375,-1.2890625,-1.103515625,0.3154296875,-0.3876953125,-0.259765625
a19_s1_happy_sad,19,1,happy,sad,28,-0.625,-0.625,-0.9375,-0.78125,0.078125,-0.234375,0.15625
a19_s1_neutral_angry,19,1,neutral,angry,0,0.951171875,0.951171875,0.951171875,0.951171875,0.0,0.0,0.0
a19_s1_neutral_angry,19,1,neutral,angry,1,0.16796875,0.02294921875,-0.091796875,-0.099365234375,-0.0762939453125,-0.1910400390625,0.137451171875
a19_s1_neutral_angry,19,1,neutral,angry,2,-0.20703125,-0.3359375,-0.26171875,-0.2890625,-0.078125,-0.00390625,0.1015625
a19_s1_neutral_angry,19,1,neutral,angry,3,0.265625,0.140625,0.09375,0.28125,0.03125,-0.015625,0.3125
a19_s1_neutral_angry,19,1,neutral,angry,4,1.40625,1.4375,1.125,1.4375,0.171875,-0.140625,0.28125
a19_s1_neutral_angry,19,1,neutral,angry,5,0.8125,0.65625,0.4375,0.34375,-0.125,-0.34375,0.0625
a19_s1_neutral_angry,19,1,neutral,angry,6,-0.65625,-0.75,-0.96875,-0.90625,-0.015625,-0.234375,0.15625
a19_s1_neutral_angry,19,1,neutral,angry,7,0.625,-0.21875,0.5625,0.125,-0.640625,0.140625,0.40625
a19_s1_neutral_angry,19,1,neutral,angry,8,0.71875,-0.21875,0.625,0.03125,-0.765625,0.078125,0.34375
a19_s1_neutral_angry,19,1,neutral,angry,9,1.65625,0.515625,1.28125,0.171875,-1.125,-0.359375,0.03125
a19_s1_neutral_angry,19,1,neutral,angry,10,0.671875,-0.171875,0.703125,-0.578125,-1.0625,-0.1875,-0.4375
a19_s1_neutral_angry,19,1,neutral,angry,11,1.015625,0.1875,1.21875,0.25,-0.8984375,0.1328125,-0.140625
a19_s1_neutral_angry,19,1,neutral,angry,12,-0.4375,-1.15625,-0.21875,-0.90625,-0.703125,0.234375,0.03125
a19_s1_neutral_angry,19,1,neutral,angry,13,-0.40625,-0.40625,-0.375,-0.4375,-0.03125,0.0,-0.0625
a19_s1_neutral_angry,19,1,neutral,angry,14,-1.078125,-1.078125,-1.3125,-1.40625,-0.046875,-0.28125,-0.09375
a19_s1_neutral_angry,19,1,neutral,angry,15,-0.671875,-0.6093759536743164,-1.375,-1.0781240463256836,0.1796875,-0.5859365463256836,0.2343769073486328
a19_s1_neutral_angry,19,1,neutral,angry,16,-0.65625,-1.671875,-1.1562509536743164,-1.890625,-0.8749995231628418,-0.3593754768371582,0.2812509536743164
a19_s1_neutral_angry,19,1,neutral,angry,17,-0.671875,-1.140625,-1.0546875,-1.3359375,-0.375,-0.2890625,0.1875
a19_s1_neutral_angry,19,1,neutral,angry,18,0.4140625,0.109375,0.4609375,0.015625,-0.375,-0.0234375,-0.140625
a19_s1_neutral_angry,19,1,neutral,angry,19,-1.0625,-1.62109375,-1.25,-1.37890625,-0.34375,0.02734375,0.4296875
a19_s1_neutral_angry,19,1,neutral,angry,20,-3.32421875,-2.80078125,-3.76171875,-2.529296875,0.8779296875,-0.0830078125,0.708984375
a19_s1_neutral_angry,19,1,neutral,angry,21,-2.3828125,-2.51171875,-2.75,-1.8515625,0.384765625,0.146484375,1.02734375
a19_s1_neutral_angry,19,1,neutral,angry,22,-2.787109375,-2.21875,-3.07470703125,-1.65625,0.993408203125,0.137451171875,0.85009765625
a19_s1_neutral_angry,19,1,neutral,angry,23,-4.6640625,-2.4140625,-4.2435302734375,-2.44140625,2.02606201171875,0.19659423828125,-0.4478759765625
a19_s1_neutral_angry,19,1,neutral,angry,24,-5.125,-3.80859375,-4.30078125,-4.275390625,0.6708984375,0.1787109375,-1.291015625
a19_s1_neutral_angry,19,1,neutral,angry,25,-3.4765625,-1.3125,-3.4296875,-0.921875,2.3359375,0.21875,0.34375
a19_s1_neutral_angry,19,1,neutral,angry,26,-4.041808605194092,0.578125,-4.23828125,0.765625,4.811919927597046,-0.0044863224029541016,0.3839726448059082
a19_s1_neutral_angry,19,1,neutral,angry,27,-2.3828125,-0.21875,-2.828125,-0.4375,2.27734375,-0.33203125,0.2265625
a19_s1_neutral_angry,19,1,neutral,angry,28,-1.0625,-0.625,-1.375,-0.9375,0.4375,-0.3125,0.0
a19_s2_happy_sad,19,2,happy,sad,0,2.3046875,2.3046875,2.3046875,2.3046875,0.0,0.0,0.0
a19_s2_happy_sad,19,2,happy,sad,1,-0.3203125,-0.1796875,-0.3671875,-0.1640625,0.171875,-0.015625,0.0625
a19_s2_happy_sad,19,2,happy,sad,2,-0.65673828125,-0.525390625,-0.6318359375,-0.5205078125,0.121337890625,0.014892578125,-0.02001953125
a19_s2_happy_sad,19,2,happy,sad,3,-0.7109375,-0.5,-0.6171875,-0.4609375,0.18359375,0.06640625,-0.0546875
a19_s2_happy_sad,19,2,happy,sad,4,-0.15625,0.125,-0.171875,0.0,0.2265625,-0.0703125,-0.109375
a19_s2_happy_sad,19,2,happy,sad,5,-0.78125,-0.78125,-0.78125,-0.765625,0.0078125,0.0078125,0.015625
a19_s2_happy_sad,19,2,happy,sad,6,-1.59375,-1.53125,-1.5,-1.53125,0.015625,0.046875,-0.09375
a19_s2_happy_sad,19,2,happy,sad,7,-0.5625,-0.5,-0.375,-0.4375,0.0,0.125,-0.125
a19_s2_happy_sad,19,2,happy,sad,8,-0.4375,-0.5,-0.5,-0.71875,-0.140625,-0.140625,-0.15625
a19_s2_happy_sad,19,2,happy,sad,9,0.984375,1.0,1.015625,1.03125,0.015625,0.03125,0.0
a19_s2_happy_sad,19,2,happy,sad,10,-1.375,-1.421875,-1.296875,-1.3984375,-0.07421875,0.05078125,-0.0546875
a19_s2_happy_sad,19,2,happy,sad,11,-1.359375,-1.203125,-1.453125,-1.40625,0.1015625,-0.1484375,-0.109375
a19_s2_happy_sad,19,2,happy,sad,12,-2.15625,-2.0625,-2.328125,-2.125,0.1484375,-0.1171875,0.109375
a19_s2_happy_sad,19,2,happy,sad,13,-1.890625,-2.109375,-2.109375,-2.109375,-0.109375,-0.109375,0.21875
a19_s2_happy_sad,19,2,happy,sad,14,-1.0625,-1.203125,-1.5781259536743164,-1.3671865463256836,0.035157203674316406,-0.33984375,0.3515644073486328
a19_s2_happy_sad,19,2,happy,sad,15,-0.5,-0.828125,-0.796875,-1.0625,-0.296875,-0.265625,0.0625
a19_s2_happy_sad,19,2,happy,sad,16,-2.5390625,-2.16015625,-2.8359375,-1.9765625,0.619140625,-0.056640625,0.48046875
a19_s2_happy_sad,19,2,happy,sad,17,-2.4296875,-2.078125,-2.7265625,-1.65625,0.7109375,0.0625,0.71875
a19_s2_happy_sad,19,2,happy,sad,18,-2.6875,-1.9609384536743164,-2.9062509536743164,-1.8125009536743164,0.9101557731628418,-0.0351567268371582,0.3671884536743164
a19_s2_happy_sad,19,2,happy,sad,19,-2.4921884536743164,-1.0390625,-2.5195322036743164,-1.1796875,1.3964853286743164,-0.083984375,-0.11328125
a19_s2_happy_sad,19,2,happy,sad,20,-1.0703125,-0.09375,-0.921875,-0.15625,0.87109375,0.04296875,-0.2109375
a19_s2_happy_sad,19,2,happy,sad,21,-1.8750009536743164,-1.265625,-1.8750009536743164,-1.3125,0.5859384536743164,-0.0234375,-0.046875
a19_s2_happy_sad,19,2,happy,sad,22,-1.0546875,-0.921875,-0.5546875,-0.8125,-0.0625,0.3046875,-0.390625
a19_s2_happy_sad,19,2,happy,sad,23,-1.0703125,-0.859375,-0.609375,-0.921875,-0.05078125,0.19921875,-0.5234375
a19_s2_happy_sad,19,2,happy,sad,24,0.078125,0.671875,0.34375,0.8125,0.53125,0.203125,-0.125
a19_s2_happy_sad,19,2,happy,sad,25,-0.994140625,-0.140625,-0.79815673828125,0.28125,0.966461181640625,0.308929443359375,0.22589111328125
a19_s2_happy_sad,19,2,happy,sad,26,-2.58203125,-1.1640625,-2.271484375,-0.8125,1.4384765625,0.3310546875,0.041015625
a19_s2_happy_sad,19,2,happy,sad,27,-1.515625,-1.046875,-1.390625,-0.75390625,0.552734375,0.208984375,0.16796875
a19_s2_happy_sad,19,2,happy,sad,28,-0.875,-0.90625,-0.875,-0.71875,0.0625,0.09375,0.1875
a19_s2_neutral_angry,19,2,neutral,angry,0,0.951171875,0.951171875,0.951171875,0.951171875,0.0,0.0,0.0
a19_s2_neutral_angry,19,2,neutral,angry,1,0.21484375,0.193359375,0.1953125,0.1708984375,-0.02294921875,-0.02099609375,-0.0029296875
a19_s2_neutral_angry,19,2,neutral,angry,2,-0.2109375,-0.35546875,-0.1171875,-0.296875,-0.162109375,0.076171875,-0.03515625
a19_s2_neutral_angry,19,2,neutral,angry,3,0.421875,0.21875,0.4375,0.3125,-0.1640625,0.0546875,0.078125
a19_s2_neutral_angry,19,2,neutral,angry,4,1.78125,1.71875,1.5625,1.625,0.0,-0.15625,0.125
a19_s2_neutral_angry,19,2,neutral,angry,5,0.96875,0.96875,0.90625,0.78125,-0.0625,-0.125,-0.125
a19_s2_neutral_angry,19,2,neutral,angry,6,-0.71875,-0.6875,-0.90625,-0.84375,0.046875,-0.171875,0.03125
a19_s2_neutral_angry,19,2,neutral,angry,7,0.59375,-0.03125,0.46875,0.15625,-0.46875,0.03125,0.3125
a19_s2_neutral_angry,19,2,neutral,angry,8,1.0,0.78125,0.71875,0.59375,-0.171875,-0.234375,0.09375
a19_s2_neutral_angry,19,2,neutral,angry,9,1.828125,1.125,1.46875,0.84375,-0.6640625,-0.3203125,0.078125
a19_s2_neutral_angry,19,2,neutral,angry,10,0.78125,0.046875,0.625,-0.1875,-0.7734375,-0.1953125,-0.078125
a19_s2_neutral_angry,19,2,neutral,angry,11,1.375,0.78125,1.375,0.671875,-0.6484375,-0.0546875,-0.109375
a19_s2_neutral_angry,19,2,neutral,angry,12,0.0625,-0.09375,0.1875,0.0625,-0.140625,0.140625,0.03125
a19_s2_neutral_angry,19,2,neutral,angry,13,-0.21875,-0.203125,0.0,-0.109375,-0.046875,0.15625,-0.125
a19_s2_neutral_angry,19,2,neutral,angry,14,-1.125,-0.71875,-1.109375,-0.703125,0.40625,0.015625,0.0
a19_s2_neutral_angry,19,2,neutral,angry,15,-0.609375,0.1875,-0.6875,-0.125,0.6796875,-0.1953125,-0.234375
a19_s2_neutral_angry,19,2,neutral,angry,16,-0.8125,-0.8828125,-0.9062490463256836,-1.08203125,-0.1230473518371582,-0.1464838981628418,-0.1054697036743164
a19_s2_neutral_angry,19,2,neutral,angry,17,-0.71875,-0.8203125,-0.796875,-0.7890625,-0.046875,-0.0234375,0.109375
a19_s2_neutral_angry,19,2,neutral,angry,18,0.8906240463256836,1.046875,0.984375,1.1484375,0.1601567268371582,0.0976567268371582,0.007811546325683594
a19_s2_neutral_angry,19,2,neutral,angry,19,-0.3125,-0.5625,-0.15625,-0.501953125,-0.2978515625,0.1083984375,-0.095703125
a19_s2_neutral_angry,19,2,neutral,angry,20,-3.05126953125,-2.1015625,-3.064453125,-2.7578125,0.628173828125,-0.334716796875,-0.64306640625
a19_s2_neutral_angry,19,2,neutral,angry,21,-2.5078125,-2.064453125,-2.4218759536743164,-2.427734375,0.2187504768371582,-0.1386723518371582,-0.4492177963256836
a19_s2_neutral_angry,19,2,neutral,angry,22,-2.9375009536743164,-2.42431640625,-2.8749990463256836,-2.912109375,0.238037109375,-0.2126455307006836,-0.5502948760986328
a19_s2_neutral_angry,19,2,neutral,angry,23,-3.7539052963256836,-2.79296875,-3.75390625,-3.01171875,0.8515620231628418,-0.1093754768371582,-0.2187490463256836
a19_s2_neutral_angry,19,2,neutral,angry,24,-3.828125,-3.1640625,-4.59375,-3.5390625,0.859375,-0.5703125,0.390625
a19_s2_neutral_angry,19,2,neutral,angry,25,-1.2578125,-1.48828125,-2.609375,-1.9970703125,0.19091796875,-0.93017578125,0.8427734375
a19_s2_neutral_angry,19,2,neutral,angry,26,-3.25,-2.96484375,-4.609375,-3.146484375,0.8740234375,-0.7705078125,1.177734375
a19_s2_neutral_angry,19,2,neutral,angry,27,-0.328125,-0.078125,-1.09375,-0.5625,0.390625,-0.625,0.28125
a19_s2_neutral_angry,19,2,neutral,angry,28,0.9375,0.4375,0.4375,0.1875,-0.375,-0.375,0.25
a20_s1_happy_sad,20,1,happy,sad,0,2.3046875,2.3046875,2.3046875,2.3046875,0.0,0.0,0.0
a20_s1_happy_sad,20,1,happy,sad,1,-0.2421875,-0.0703125,-0.3046875,-0.0078125,0.234375,0.0,0.125
a20_s1_happy_sad,20,1,happy,sad,2,-0.5078125,-0.38671875,-0.498046875,-0.3359375,0.1416015625,0.0302734375,0.041015625
a20_s1_happy_sad,20,1,happy,sad,3,-0.4375,-0.41015625,-0.3515625,-0.3515625,0.013671875,0.072265625,-0.02734375
a20_s1_happy_sad,20,1,happy,sad,4,-0.21875,0.125,-0.21875,0.03125,0.296875,-0.046875,-0.09375
a20_s1_happy_sad,20,1,happy,sad,5,-0.609375,-0.65625,-0.734375,-0.71875,-0.015625,-0.09375,0.0625
a20_s1_happy_sad,20,1,happy,sad,6,-1.34375,-1.5,-1.40625,-1.5625,-0.15625,-0.0625,0.0
a20_s1_happy_sad,20,1,happy,sad,7,-0.5,-0.5625,-0.6875,-0.65625,-0.015625,-0.140625,0.09375
a20_s1_happy_sad,20,1,happy,sad,8,-1.0,-0.84375,-1.34375,-1.15625,0.171875,-0.328125,0.03125
a20_s1_happy_sad,20,1,happy,sad,9,0.78125,1.109375,0.53125,0.90625,0.3515625,-0.2265625,0.046875
a20_s1_happy_sad,20,1,happy,sad,10,-1.484375,-1.21875,-0.9765625,-1.328125,-0.04296875,0.19921875,-0.6171875
a20_s1_happy_sad,20,1,happy,sad,11,-1.5781240463256836,-1.03125,-1.8124990463256836,-1.1875,0.5859365463256836,-0.1953125,0.078125
a20_s1_happy_sad,20,1,happy,sad,12,-2.28125,-2.046875,-2.921875,-2.515625,0.3203125,-0.5546875,0.171875
a20_s1_happy_sad,20,1,happy,sad,13,-2.6640615463256836,-2.515625,-3.0625009536743164,-2.765625,0.22265625,-0.3242197036743164,0.1484394073486328
a20_s1_happy_sad,20,1,happy,sad,14,-1.3203125,-1.2265625,-1.9296875,-1.953125,0.03515625,-0.66796875,-0.1171875
a20_s1_happy_sad,20,1,happy,sad,15,-0.796875,-0.71875,-1.0937509536743164,-1.4531259536743164,-0.140625,-0.5156259536743164,-0.4375
a20_s1_happy_sad,20,1,happy,sad,16,-2.35693359375,-2.22265625,-2.529296875,-2.5234375,0.070068359375,-0.236572265625,-0.12841796875
a20_s1_happy_sad,20,1,happy,sad,17,-1.88671875,-1.9453125,-2.08984375,-2.0390625,-0.00390625,-0.1484375,0.109375
a20_s1_happy_sad,20,1,happy,sad,18,-2.6445322036743164,-2.140625,-2.9765625,-2.63671875,0.4218754768371582,-0.4140620231628418,-0.1640634536743164
a20_s1_happy_sad,20,1,happy,sad,19,-1.46875,-1.494140625,-1.9031982421875,-1.4365234375,0.22064208984375,-0.18841552734375,0.4920654296875
a20_s1_happy_sad,20,1,happy,sad,20,-0.7431640625,-0.578125,-0.861328125,-0.40625,0.31005859375,0.02685546875,0.2900390625
a20_s1_happy_sad,20,1,happy,sad,21,-2.46875,-2.390625,-2.1328125,-2.125,0.04296875,0.30078125,-0.0703125
a20_s1_happy_sad,20,1,happy,sad,22,-1.84765625,-1.115234375,-1.228515625,-0.92578125,0.517578125,0.404296875,-0.4296875
a20_s1_happy_sad,20,1,happy,sad,23,-2.3203125,-1.44140625,-1.484375,-0.63623046875,0.863525390625,0.820556640625,-0.03076171875
a20_s1_happy_sad,20,1,happy,sad,24,-0.232421875,0.62451171875,0.19140625,1.2265625,0.946044921875,0.512939453125,0.17822265625
a20_s1_happy_sad,20,1,happy,sad,25,-0.8203125,-0.3359375,-0.48828125,0.2783203125,0.62548828125,0.47314453125,0.2822265625
a20_s1_happy_sad,20,1,happy,sad,26,-1.203125,-1.03759765625,-1.2421875,-0.38671875,0.510498046875,0.305908203125,0.68994140625
a20_s1_happy_sad,20,1,happy,sad,27,-1.4375,-1.271484375,-1.265625,-0.359375,0.5361328125,0.5419921875,0.740234375
a20_s1_happy_sad,20,1,happy,sad,28,-0.5625,-0.6875,-0.5625,-0.3125,0.0625,0.1875,0.375
a20_s1_neutral_angry,20,1,neutral,angry,0,0.951171875,0.951171875,0.951171875,0.951171875,0.0,0.0,0.0
a20_s1_neutral_angry,20,1,neutral,angry,1,-0.03125,0.097900390625,0.0087890625,0.1220703125,0.1212158203125,0.0321044921875,-0.015869140625
a20_s1_neutral_angry,20,1,neutral,angry,2,-0.3515625,-0.169921875,-0.451171875,-0.361328125,0.1357421875,-0.1455078125,-0.091796875
a20_s1_neutral_angry,20,1,neutral,angry,3,0.125,0.1875,-0.078125,0.015625,0.078125,-0.1875,0.03125
a20_s1_neutral_angry,20,1,neutral,angry,4,1.25,1.28125,1.0625,1.34375,0.15625,-0.0625,0.25
a20_s1_neutral_angry,20,1,neutral,angry,5,0.59375,0.8125,0.53125,0.875,0.28125,0.0,0.125
a20_s1_neutral_angry,20,1,neutral,angry,6,-0.59375,-0.4375,-0.71875,-0.4375,0.21875,-0.0625,0.125
a20_s1_neutral_angry,20,1,neutral,angry,7,0.5,0.375,0.125,0.3125,0.03125,-0.21875,0.3125
a20_s1_neutral_angry,20,1,neutral,angry,8,0.75,0.78125,0.375,0.6875,0.171875,-0.234375,0.28125
a20_s1_neutral_angry,20,1,neutral,angry,9,1.828125,1.328125,1.5625,1.328125,-0.3671875,-0.1328125,0.265625
a20_s1_neutral_angry,20,1,neutral,angry,10,0.5625,0.09375,0.1875,0.203125,-0.2265625,-0.1328125,0.484375
a20_s1_neutral_angry,20,1,neutral,angry,11,0.890625,0.90625,0.5625,1.03125,0.2421875,-0.1015625,0.453125
a20_s1_neutral_angry,20,1,neutral,angry,12,-0.71875,-0.21875,-0.90625,-0.15625,0.625,-0.0625,0.25
a20_s1_neutral_angry,20,1,neutral,angry,13,-0.40625,0.3125,-0.65625,0.5,0.9375,-0.03125,0.4375
a20_s1_neutral_angry,20,1,neutral,angry,14,-1.1875,-0.90625,-2.0,-0.9843740463256836,0.6484379768371582,-0.4453120231628418,0.7343759536743164
a20_s1_neutral_angry,20,1,neutral,angry,15,-1.03125,-0.484375,-1.421875,-0.28125,0.84375,-0.09375,0.59375
a20_s1_neutral_angry,20,1,neutral,angry,16,-1.1796875,-1.0390625,-1.640625,-0.671875,0.5546875,-0.046875,0.828125
a20_s1_neutral_angry,20,1,neutral,angry,17,-1.0703125,-0.65625,-1.3046875,-0.5,0.609375,-0.0390625,0.390625
a20_s1_neutral_angry,20,1,neutral,angry,18,0.53125,0.390625,0.1875,0.7812490463256836,0.2265620231628418,0.023437023162841797,0.7343740463256836
a20_s1_neutral_angry,20,1,neutral,angry,19,-0.6796875,-1.2578125,-0.65625,-0.984375,-0.453125,0.1484375,0.25
a20_s1_neutral_angry,20,1,neutral,angry,20,-3.0,-2.0390625,-3.5859375,-2.0625,1.2421875,-0.3046875,0.5625
a20_s1_neutral_angry,20,1,neutral,angry,21,-2.18359375,-1.296875,-2.625,-1.109375,1.201171875,-0.126953125,0.62890625
a20_s1_neutral_angry,20,1,neutral,angry,22,-3.58984375,-2.5078115463256836,-4.046875,-2.4921875,1.3183598518371582,-0.2207036018371582,0.4726552963256836
a20_s1_neutral_angry,20,1,neutral,angry,23,-4.275390625,-2.84375,-4.046875,-2.3749990463256836,1.5517582893371582,0.3486332893371582,0.2402353286743164
a20_s1_neutral_angry,20,1,neutral,angry,24,-3.85546875,-2.015625,-3.72265625,-1.3671875,2.09765625,0.390625,0.515625
a20_s1_neutral_angry,20,1,neutral,angry,25,-3.0859375,-1.6396484375,-3.328125,-1.015625,1.87939453125,0.19091796875,0.8662109375
a20_s1_neutral_angry,20,1,neutral,angry,26,-3.6171875,-3.15625,-4.2421875,-2.875,0.9140625,-0.171875,0.90625
a20_s1_neutral_angry,20,1,neutral,angry,27,-1.6640625,-1.80859375,-2.515625,-1.861328125,0.2548828125,-0.4521484375,0.798828125
a20_s1_neutral_angry,20,1,neutral,angry,28,-0.8125,-0.96875,-1.125,-1.0312504768371582,-0.0312502384185791,-0.1875002384185791,0.2499995231628418
a20_s2_happy_sad,20,2,happy,sad,0,2.3046875,2.3046875,2.3046875,2.3046875,0.0,0.0,0.0
a20_s2_happy_sad,20,2,happy,sad,1,-0.28125,-0.1171875,-0.2578125,-0.15625,0.1328125,-0.0078125,-0.0625
a20_s2_happy_sad,20,2,happy,sad,2,-0.5390625,-0.33984375,-0.578125,-0.3828125,0.197265625,-0.041015625,-0.00390625
a20_s2_happy_sad,20,2,happy,sad,3,-0.625,-0.41796875,-0.484375,-0.375,0.158203125,0.091796875,-0.09765625
a20_s2_happy_sad,20,2,happy,sad,4,-0.5,0.09375,-0.453125,0.015625,0.53125,-0.015625,-0.125
a20_s2_happy_sad,20,2,happy,sad,5,-1.03125,-0.6875,-1.25,-0.828125,0.3828125,-0.1796875,0.078125
a20_s2_happy_sad,20,2,happy,sad,6,-1.953125,-1.578125,-2.109375,-1.609375,0.4375,-0.09375,0.125
a20_s2_happy_sad,20,2,happy,sad,7,-0.75,-0.59375,-0.8125,-0.5625,0.203125,-0.015625,0.09375
a20_s2_happy_sad,20,2,happy,sad,8,-1.234375,-0.59375,-1.296875,-0.625,0.65625,-0.046875,0.03125
a20_s2_happy_sad,20,2,happy,sad,9,0.546875,1.328125,0.5,1.28125,0.78125,-0.046875,0.0
a20_s2_happy_sad,20,2,happy,sad,10,-1.69140625,-1.328125,-1.81640625,-1.09375,0.54296875,0.0546875,0.359375
a20_s2_happy_sad,20,2,happy,sad,11,-1.6015615463256836,-1.1875,-1.546875,-1.21875,0.3710932731628418,0.011718273162841797,-0.0859365463256836
a20_s2_happy_sad,20,2,happy,sad,12,-2.65625,-1.65625,-2.640625,-1.90625,0.8671875,-0.1171875,-0.265625
a20_s2_happy_sad,20,2,happy,sad,13,-2.8125009536743164,-1.8125,-2.546875,-2.0,0.7734379768371582,0.0390629768371582,-0.4531259536743164
a20_s2_happy_sad,20,2,happy,sad,14,-2.1249990463256836,-1.0078125,-1.9765625,-1.0937509536743164,0.9999990463256836,0.031249046325683594,-0.234375
a20_s2_happy_sad,20,2,happy,sad,15,-1.2421875,-0.59375,-1.59375,-1.015625,0.61328125,-0.38671875,-0.0703125
a20_s2_happy_sad,20,2,happy,sad,16,-2.6298828125,-2.23046875,-2.56640625,-2.3359375,0.31494140625,-0.02099609375,-0.1689453125
a20_s2_happy_sad,20,2,happy,sad,17,-2.470703125,-1.859375,-2.421875,-1.9765625,0.5283203125,-0.0341796875,-0.166015625
a20_s2_happy_sad,20,2,happy,sad,18,-2.4999990463256836,-1.65625,-2.6015615463256836,-1.7578125,0.8437490463256836,-0.1015625,0.0
a20_s2_happy_sad,20,2,happy,sad,19,-1.1796875,-1.2578125,-1.0625,-1.046875,-0.03125,0.1640625,0.09375
a20_s2_happy_sad,20,2,happy,sad,20,-0.578125,-0.640625,-0.4609375,-0.59375,-0.09765625,0.08203125,-0.0703125
a20_s2_happy_sad,20,2,happy,sad,21,-1.9687490463256836,-1.9765625,-1.375,-1.421875,-0.027344226837158203,0.5742182731628418,-0.039061546325683594
a20_s2_happy_sad,20,2,happy,sad,22,-0.6484375,-0.828125,-0.3203125,-0.6953125,-0.27734375,0.23046875,-0.1953125
a20_s2_happy_sad,20,2,happy,sad,23,-1.1171875,-1.140625,-0.60546875,-0.6875,-0.052734375,0.482421875,-0.05859375
a20_s2_happy_sad,20,2,happy,sad,24,0.289306640625,0.98828125,0.8038330078125,1.1513671875,0.52325439453125,0.33880615234375,-0.3514404296875
a20_s2_happy_sad,20,2,happy,sad,25,0.4716796875,0.296875,0.634765625,0.10546875,-0.35205078125,-0.01416015625,-0.3544921875
a20_s2_happy_sad,20,2,happy,sad,26,-0.125,-0.76171875,-0.484375,-0.9909515380859375,-0.5716476440429688,-0.29430389404296875,0.1301422119140625
a20_s2_happy_sad,20,2,happy,sad,27,-0.359375,-0.56640625,-1.2109375,-0.8743896484375,0.06475830078125,-0.57977294921875,0.5435791015625
a20_s2_happy_sad,20,2,happy,sad,28,-0.125,-0.65625,-0.75,-0.78125,-0.28125,-0.375,0.5
a20_s2_neutral_angry,20,2,neutral,angry,0,0.951171875,0.951171875,0.951171875,0.951171875,0.0,0.0,0.0
a20_s2_neutral_angry,20,2,neutral,angry,1,0.0791015625,-0.0224609375,-0.1746826171875,-0.105712890625,-0.01629638671875,-0.16851806640625,0.1705322265625
a20_s2_neutral_angry,20,2,neutral,angry,2,-0.421875,-0.36328125,-0.5791015625,-0.443359375,0.09716796875,-0.11865234375,0.0771484375
a20_s2_neutral_angry,20,2,neutral,angry,3,0.1875,0.109375,-0.078125,0.078125,0.0390625,-0.1484375,0.234375
a20_s2_neutral_angry,20,2,neutral,angry,4,1.375,1.1875,1.09375,1.21875,-0.03125,-0.125,0.3125
a20_s2_neutral_angry,20,2,neutral,angry,5,0.625,0.6875,0.375,0.625,0.15625,-0.15625,0.1875
a20_s2_neutral_angry,20,2,neutral,angry,6,-0.71875,-0.5625,-1.0,-0.65625,0.25,-0.1875,0.1875
a20_s2_neutral_angry,20,2,neutral,angry,7,0.53125,0.40625,0.3125,0.40625,-0.015625,-0.109375,0.21875
a20_s2_neutral_angry,20,2,neutral,angry,8,0.71875,0.84375,0.5,0.78125,0.203125,-0.140625,0.15625
a20_s2_neutral_angry,20,2,neutral,angry,9,1.796875,1.15625,1.6875,1.15625,-0.5859375,-0.0546875,0.109375
a20_s2_neutral_angry,20,2,neutral,angry,10,0.78125,0.171875,0.625,0.125,-0.5546875,-0.1015625,0.109375
a20_s2_neutral_angry,20,2,neutral,angry,11,1.21875,0.59375,1.15625,0.8125,-0.484375,0.078125,0.28125
a20_s2_neutral_angry,20,2,neutral,angry,12,-0.6875,-0.8125,-0.46875,-0.5,-0.078125,0.265625,0.09375
a20_s2_neutral_angry,20,2,neutral,angry,13,-0.5625,-0.46875,-0.15625,-0.21875,0.015625,0.328125,-0.15625
a20_s2_neutral_angry,20,2,neutral,angry,14,-1.21875,-1.75,-1.0156259536743164,-1.203125,-0.3593745231628418,0.3749995231628418,0.3437509536743164
a20_s2_neutral_angry,20,2,neutral,angry,15,-0.734375,-0.9375,-0.625,-0.546875,-0.0625,0.25,0.28125
a20_s2_neutral_angry,20,2,neutral,angry,16,-1.09375,-1.671875,-0.8828125,-1.2890625,-0.4921875,0.296875,0.171875
a20_s2_neutral_angry,20,2,neutral,angry,17,-1.0546875,-1.0234375,-0.859375,-0.8984375,-0.00390625,0.16015625,-0.0703125
a20_s2_neutral_angry,20,2,neutral,angry,18,0.8125,0.125,0.5,0.1875,-0.5,-0.125,0.375
a20_s2_neutral_angry,20,2,neutral,angry,19,0.21875,-0.986328125,-0.1640625,-1.13671875,-1.0888671875,-0.2666015625,0.232421875
a20_s2_neutral_angry,20,2,neutral,angry,20,-2.4765625,-2.2060546875,-2.78515625,-2.0615234375,0.4970703125,-0.08203125,0.453125
a20_s2_neutral_angry,20,2,neutral,angry,21,-1.93359375,-1.7890625,-2.2890625,-1.2578125,0.587890625,0.087890625,0.88671875
a20_s2_neutral_angry,20,2,neutral,angry,22,-2.6249990463256836,-2.734375,-2.6857900619506836,-2.171875,0.2022695541381836,0.2508544921875,0.623291015625
a20_s2_neutral_angry,20,2,neutral,angry,23,-3.505859375,-2.9843740463256836,-3.8847665786743164,-2.3359375,1.0351572036743164,0.1347646713256836,1.02734375
a20_s2_neutral_angry,20,2,neutral,angry,24,-4.56640625,-2.234375,-4.361327171325684,-1.71875,2.487304210662842,0.3603520393371582,0.3105459213256836
a20_s2_neutral_angry,20,2,neutral,angry,25,-2.875,-0.52783203125,-2.220703125,-0.063232421875,2.2523193359375,0.5594482421875,-0.189697265625
a20_s2_neutral_angry,20,2,neutral,angry,26,-3.8671875,-2.126953125,-3.65625,-1.4921875,1.9521484375,0.4228515625,0.423828125
a20_s2_neutral_angry,20,2,neutral,angry,27,-1.0,0.9375,-1.390625,1.28125,2.3046875,-0.0234375,0.734375
a20_s2_neutral_angry,20,2,neutral,angry,28,0.3125,1.0,0.3125,1.125,0.75,0.0625,0.125
a21_s1_happy_sad,21,1,happy,sad,0,2.3046875,2.3046875,2.3046875,2.3046875,0.0,0.0,0.0
a21_s1_happy_sad,21,1,happy,sad,1,-0.109375,-0.1015625,-0.1875,-0.15625,0.01953125,-0.06640625,0.0234375
a21_s1_happy_sad,21,1,happy,sad,2,-0.599609375,-0.529296875,-0.580078125,-0.58642578125,0.031982421875,-0.018798828125,-0.07666015625
a21_s1_happy_sad,21,1,happy,sad,3,-0.640625,-0.5390625,-0.4921875,-0.546875,0.0234375,0.0703125,-0.15625
a21_s1_happy_sad,21,1,happy,sad,4,-0.59375,-0.46875,-0.40625,-0.453125,0.0390625,0.1015625,-0.171875
a21_s1_happy_sad,21,1,happy,sad,5,-1.0,-0.859375,-0.875,-0.71875,0.1484375,0.1328125,0.015625
a21_s1_happy_sad,21,1,happy,sad,6,-1.90625,-1.46875,-1.96875,-1.40625,0.5,0.0,0.125
a21_s1_happy_sad,21,1,happy,sad,7,-0.96875,-0.8125,-0.90625,-0.9375,0.0625,-0.03125,-0.1875
a21_s1_happy_sad,21,1,happy,sad,8,-1.25,-1.03125,-1.375,-1.4375,0.078125,-0.265625,-0.28125
a21_s1_happy_sad,21,1,happy,sad,9,0.125,0.421875,0.078125,0.359375,0.2890625,-0.0546875,-0.015625
a21_s1_happy_sad,21,1,happy,sad,10,-2.234375,-2.4921884536743164,-2.265625,-2.4296875,-0.2109379768371582,0.015625476837158203,0.0937509536743164
a21_s1_happy_sad,21,1,happy,sad,11,-2.25,-1.765625,-2.390625,-1.953125,0.4609375,-0.1640625,-0.046875
a21_s1_happy_sad,21,1,happy,sad,12,-2.78125,-2.34375,-2.625,-2.46875,0.296875,0.015625,-0.28125
a21_s1_happy_sad,21,1,happy,sad,13,-2.96875,-2.546875,-2.84375,-2.625,0.3203125,0.0234375,-0.203125
a21_s1_happy_sad,21,1,happy,sad,14,-2.171875,-1.5312490463256836,-1.9843759536743164,-1.7343759536743164,0.4453129768371582,-0.00781393051147461,-0.3906259536743164
a21_s1_happy_sad,21,1,happy,sad,15,-1.234375,-1.015625,-1.171875,-1.078125,0.15625,0.0,-0.125
a21_s1_happy_sad,21,1,happy,sad,16,-2.9089365005493164,-2.8056640625,-2.7148427963256836,-3.0650634765625,-0.12347412109375,-0.032652854919433594,-0.4534931182861328
a21_s1_happy_sad,21,1,happy,sad,17,-2.93017578125,-2.908203125,-3.03125,-3.0166015625,0.018310546875,-0.104736328125,-0.00732421875
a21_s1_happy_sad,21,1,happy,sad,18,-3.67578125,-3.1503915786743164,-3.5625,-2.9648427963256836,0.5615234375,0.1494150161743164,0.07226753234863281
a21_s1_happy_sad,21,1,happy,sad,19,-2.4677734375,-1.68212890625,-2.3515625,-1.462890625,0.837158203125,0.167724609375,0.10302734375
a21_s1_happy_sad,21,1,happy,sad,20,-1.1328125,-0.828125,-0.953125,-0.6171875,0.3203125,0.1953125,0.03125
a21_s1_happy_sad,21,1,happy,sad,21,-2.46875,-2.69140625,-2.2265625,-2.3359375,-0.166015625,0.298828125,0.11328125
a21_s1_happy_sad,21,1,happy,sad,22,-1.734375,-1.88671875,-2.1328125,-1.71875,0.130859375,-0.115234375,0.56640625
a21_s1_happy_sad,21,1,happy,sad,23,-2.671875,-3.03125,-3.89453125,-2.6015625,0.466796875,-0.396484375,1.65234375
a21_s1_happy_sad,21,1,happy,sad,24,-0.94140625,-1.0390625,-1.18359375,-0.52880859375,0.278564453125,0.134033203125,0.75244140625
a21_s1_happy_sad,21,1,happy,sad,25,-1.677734375,-0.71875,-1.759765625,-0.2421875,1.23828125,0.197265625,0.55859375
a21_s1_happy_sad,21,1,happy,sad,26,-2.604248046875,-0.953125,-2.2265625,-0.671875,1.6029052734375,0.3294677734375,-0.096435546875
a21_s1_happy_sad,21,1,happy,sad,27,-1.9687504768371582,-1.28125,-1.0625,-0.7187495231628418,0.5156254768371582,0.7343754768371582,-0.34375
a21_s1_happy_sad,21,1,happy,sad,28,-1.0,-0.5625,-0.625,-0.4375,0.3125,0.25,-0.25
a21_s1_neutral_angry,21,1,neutral,angry,0,0.951171875,0.951171875,0.951171875,0.951171875,0.0,0.0,0.0
a21_s1_neutral_angry,21,1,neutral,angry,1,0.1123046875,-0.13232421875,0.052734375,-0.154296875,-0.225830078125,-0.040771484375,0.03759765625
a21_s1_neutral_angry,21,1,neutral,angry,2,-0.3984375,-0.423828125,-0.361328125,-0.4169921875,-0.04052734375,0.02197265625,-0.0302734375
a21_s1_neutral_angry,21,1,neutral,angry,3,-0.015625,0.203125,-0.125,0.1875,0.265625,-0.0625,0.09375
a21_s1_neutral_angry,21,1,neutral,angry,4,1.46875,1.375,1.09375,1.25,0.03125,-0.25,0.25
a21_s1_neutral_angry,21,1,neutral,angry,5,0.6875,0.59375,0.375,0.21875,-0.125,-0.34375,-0.0625
a21_s1_neutral_angry,21,1,neutral,angry,6,-0.71875,-0.8125,-1.0625,-1.09375,-0.0625,-0.3125,0.0625
a21_s1_neutral_angry,21,1,neutral,angry,7,0.53125,0.125,0.28125,0.15625,-0.265625,-0.109375,0.28125
a21_s1_neutral_angry,21,1,neutral,angry,8,0.90625,0.4375,0.875,0.46875,-0.4375,0.0,0.0625
a21_s1_neutral_angry,21,1,neutral,angry,9,2.0625,1.59375,2.140625,1.65625,-0.4765625,0.0703125,-0.015625
a21_s1_neutral_angry,21,1,neutral,angry,10,0.96875,0.203125,0.96875,0.6406240463256836,-0.5468754768371582,0.2187495231628418,0.4374990463256836
a21_s1_neutral_angry,21,1,neutral,angry,11,1.390625,0.6875,1.46875,1.375,-0.3984375,0.3828125,0.609375
a21_s1_neutral_angry,21,1,neutral,angry,12,-0.3125,-0.5,-0.09375,-0.171875,-0.1328125,0.2734375,0.109375
a21_s1_neutral_angry,21,1,neutral,angry,13,-0.34375,-0.265625,-0.3125,-0.515625,-0.0625,-0.109375,-0.28125
a21_s1_neutral_angry,21,1,neutral,angry,14,-1.0625,-0.84375,-1.328125,-0.8828125,0.33203125,-0.15234375,0.2265625
a21_s1_neutral_angry,21,1,neutral,angry,15,-0.875,-0.59375,-1.203125,-0.8125,0.3359375,-0.2734375,0.109375
a21_s1_neutral_angry,21,1,neutral,angry,16,-1.0390625,-1.1640625,-1.2187509536743164,-1.34375,-0.1249995231628418,-0.1796879768371582,9.5367431640625e-07
a21_s1_neutral_angry,21,1,neutral,angry,17,-0.703125,-0.16796875,-0.6015625,-0.330078125,0.4033203125,-0.0302734375,-0.263671875
a21_s1_neutral_angry,21,1,neutral,angry,18,1.34375,1.45947265625,1.0859375,1.0908203125,0.060302734375,-0.313232421875,-0.11083984375
a21_s1_neutral_angry,21,1,neutral,angry,19,-0.234375,-0.5498046875,-0.6640625,-0.50537109375,-0.078369140625,-0.192626953125,0.47412109375
a21_s1_neutral_angry,21,1,neutral,angry,20,-3.859375,-2.8671875,-4.0625,-2.5703125,1.2421875,0.046875,0.5
a21_s1_neutral_angry,21,1,neutral,angry,21,-3.2001953125,-1.724609375,-2.6640625,-1.13671875,1.50146484375,0.56201171875,0.0517578125
a21_s1_neutral_angry,21,1,neutral,angry,22,-3.6875,-1.723388671875,-2.578125,-1.12109375,1.7105712890625,0.8558349609375,-0.507080078125
a21_s1_neutral_angry,21,1,neutral,angry,23,-4.19140625,-2.9765625,-3.92578125,-2.4453125,1.34765625,0.3984375,0.265625
a21_s1_neutral_angry,21,1,neutral,angry,24,-3.953125,-4.4921875,-4.4296875,-4.9296875,-0.51953125,-0.45703125,0.0390625
a21_s1_neutral_angry,21,1,neutral,angry,25,-3.4140625,-3.70703125,-3.5078125,-4.304687023162842,-0.5449216365814209,-0.3457028865814209,-0.5039057731628418
a21_s1_neutral_angry,21,1,neutral,angry,26,-4.44140625,-3.453125,-3.2578125,-3.5625,0.341796875,0.537109375,-1.29296875
a21_s1_neutral_angry,21,1,neutral,angry,27,-3.671875,-2.1875,-2.828124523162842,-2.750000476837158,0.7812495231628418,0.140625,-1.4062509536743164
a21_s1_neutral_angry,21,1,neutral,angry,28,-1.9375,-1.75,-1.5625,-1.8125,-0.03125,0.15625,-0.4375
a21_s2_happy_sad,21,2,happy,sad,0,2.3046875,2.3046875,2.3046875,2.3046875,0.0,0.0,0.0
a21_s2_happy_sad,21,2,happy,sad,1,-0.125,-0.09375,-0.09375,-0.046875,0.0390625,0.0390625,0.015625
a21_s2_happy_sad,21,2,happy,sad,2,-0.49609375,-0.431640625,-0.5029296875,-0.482421875,0.04248046875,-0.02880859375,-0.0439453125
a21_s2_happy_sad,21,2,happy,sad,3,-0.640625,-0.5390615463256836,-0.4453125,-0.53125,0.007812976837158203,0.1015620231628418,-0.1875009536743164
a21_s2_happy_sad,21,2,happy,sad,4,-0.546875,-0.359375,-0.453125,-0.46875,0.0859375,-0.0078125,-0.203125
a21_s2_happy_sad,21,2,happy,sad,5,-0.890625,-0.984375,-0.890625,-0.921875,-0.0625,0.03125,0.0625
a21_s2_happy_sad,21,2,happy,sad,6,-1.78125,-1.625,-1.78125,-1.65625,0.140625,-0.015625,-0.03125
a21_s2_happy_sad,21,2,happy,sad,7,-0.8125,-0.6875,-0.78125,-0.6875,0.109375,0.015625,-0.03125
a21_s2_happy_sad,21,2,happy,sad,8,-1.28125,-0.9375,-1.25,-1.0625,0.265625,-0.046875,-0.15625
a21_s2_happy_sad,21,2,happy,sad,9,0.125,0.453125,0.03125,0.421875,0.359375,-0.0625,0.0625
a21_s2_happy_sad,21,2,happy,sad,10,-2.2421865463256836,-2.3359375,-2.03125,-2.109375,-0.0859379768371582,0.2187495231628418,0.015625953674316406
a21_s2_happy_sad,21,2,happy,sad,11,-1.734375,-1.609375,-2.140625,-1.921875,0.171875,-0.359375,0.09375
a21_s2_happy_sad,21,2,happy,sad,12,-2.609375,-2.5,-2.90625,-2.21875,0.3984375,-0.0078125,0.578125
a21_s2_happy_sad,21,2,happy,sad,13,-2.796875,-2.265625,-2.734375,-2.0,0.6328125,0.1640625,0.203125
a21_s2_happy_sad,21,2,happy,sad,14,-1.7734375,-1.2187490463256836,-1.6796865463256836,-0.984375,0.625,0.1640625,0.1406230926513672
a21_s2_happy_sad,21,2,happy,sad,15,-1.265625,-0.796875,-1.375,-0.640625,0.6015625,0.0234375,0.265625
a21_s2_happy_sad,21,2,happy,sad,16,-2.7578125,-2.771484375,-2.55859375,-2.6523427963256836,-0.0537104606628418,0.1591801643371582,-0.0800771713256836
a21_s2_happy_sad,21,2,happy,sad,17,-2.98046875,-2.701904296875,-3.02734375,-2.6992197036743164,0.3033442497253418,-0.022095203399658203,0.049559593200683594
a21_s2_happy_sad,21,2,happy,sad,18,-3.2656240463256836,-2.44140625,-3.1953125,-2.5859365463256836,0.716796875,-0.037109375,-0.2148418426513672
a21_s2_happy_sad,21,2,happy,sad,19,-1.6171875,-1.701171875,-1.640625,-1.3515625,0.1025390625,0.1630859375,0.373046875
a21_s2_happy_sad,21,2,happy,sad,20,-1.0859375,-0.84375,-0.9375,-0.4140625,0.3828125,0.2890625,0.28125
a21_s2_happy_sad,21,2,happy,sad,21,-2.71484375,-2.46875,-2.2734375,-2.03125,0.244140625,0.439453125,-0.00390625
a21_s2_happy_sad,21,2,happy,sad,22,-1.634765625,-1.384765625,-1.1845703125,-1.326171875,0.05419921875,0.25439453125,-0.3916015625
a21_s2_happy_sad,21,2,happy,sad,23,-2.306640625,-2.83984375,-1.7578125,-2.17578125,-0.4755859375,0.6064453125,0.115234375
a21_s2_happy_sad,21,2,happy,sad,24,-0.546875,-0.6865234375,-0.15625,-0.18359375,-0.08349609375,0.44677734375,0.1123046875
a21_s2_happy_sad,21,2,happy,sad,25,-0.73046875,-0.5234375,-0.703125,-0.109375,0.400390625,0.220703125,0.38671875
a21_s2_happy_sad,21,2,happy,sad,26,-2.09765625,-1.40625,-1.99609375,-1.5859375,0.55078125,-0.0390625,-0.28125
a21_s2_happy_sad,21,2,happy,sad,27,-1.921875,-1.515625,-1.828125,-1.015625,0.609375,0.296875,0.40625
a21_s2_happy_sad,21,2,happy,sad,28,-1.25,-0.5625,-1.0625,-0.375,0.6875,0.1875,0.0
a21_s2_neutral_angry,21,2,neutral,angry,0,0.951171875,0.951171875,0.951171875,0.951171875,0.0,0.0,0.0
a21_s2_neutral_angry,21,2,neutral,angry,1,-0.005859375,-0.1893310546875,-0.037109375,-0.13922119140625,-0.142791748046875,0.009429931640625,0.08135986328125
a21_s2_neutral_angry,21,2,neutral,angry,2,-0.5078125,-0.51953125,-0.453125,-0.423828125,0.0087890625,0.0751953125,0.041015625
a21_s2_neutral_angry,21,2,neutral,angry,3,-0.09375,0.09375,-0.171875,0.21875,0.2890625,0.0234375,0.203125
a21_s2_neutral_angry,21,2,neutral,angry,4,1.28125,1.3125,0.84375,1.0625,0.125,-0.34375,0.1875
a21_s2_neutral_angry,21,2,neutral,angry,5,0.4375,0.5,0.09375,0.15625,0.0625,-0.34375,0.0
a21_s2_neutral_angry,21,2,neutral,angry,6,-1.125,-1.09375,-1.28125,-1.03125,0.140625,-0.046875,0.21875
a21_s2_neutral_angry,21,2,neutral,angry,7,0.40625,0.03125,0.40625,0.28125,-0.25,0.125,0.25
a21_s2_neutral_angry,21,2,neutral,angry,8,0.8125,0.34375,0.78125,0.4375,-0.40625,0.03125,0.125
a21_s2_neutral_angry,21,2,neutral,angry,9,2.09375,1.53125,2.015625,1.328125,-0.625,-0.140625,-0.125
a21_s2_neutral_angry,21,2,neutral,angry,10,1.109375,0.28125,1.140625,0.4687509536743164,-0.7499995231628418,0.1093754768371582,0.1562509536743164
a21_s2_neutral_angry,21,2,neutral,angry,11,1.265625,0.40625,1.484375,1.046875,-0.6484375,0.4296875,0.421875
a21_s2_neutral_angry,21,2,neutral,angry,12,-0.125,-0.65625,0.28125,-0.34375,-0.578125,0.359375,-0.09375
a21_s2_neutral_angry,21,2,neutral,angry,13,-0.1875,-0.28125,0.0,-0.25,-0.171875,0.109375,-0.15625
a21_s2_neutral_angry,21,2,neutral,angry,14,-0.859375,-0.875,-0.9062490463256836,-0.734375,0.0781245231628418,0.0468754768371582,0.1874990463256836
a21_s2_neutral_angry,21,2,neutral,angry,15,-0.453125,-0.328125,-0.59375,-0.5,0.109375,-0.15625,-0.03125
a21_s2_neutral_angry,21,2,neutral,angry,16,-0.8359375,-1.0234375,-0.73828125,-1.125,-0.287109375,-0.001953125,-0.19921875
a21_s2_neutral_angry,21,2,neutral,angry,17,-0.7421875,-0.5390625,-0.6328125,-0.58984375,0.123046875,0.029296875,-0.16015625
a21_s2_neutral_angry,21,2,neutral,angry,18,1.2109384536743164,1.359375,1.3046875,0.734375,-0.2109379768371582,-0.2656254768371582,-0.7187490463256836
a21_s2_neutral_angry,21,2,neutral,angry,19,0.1953125,0.0703125,-0.0546875,-0.58984375,-0.330078125,-0.455078125,-0.41015625
a21_s2_neutral_angry,21,2,neutral,angry,20,-2.68359375,-2.2734375,-3.03125,-2.8125,0.314453125,-0.443359375,-0.19140625
a21_s2_neutral_angry,21,2,neutral,angry,21,-1.76953125,-1.822265625,-2.06640625,-2.24609375,-0.1162109375,-0.3603515625,-0.126953125
a21_s2_neutral_angry,21,2,neutral,angry,22,-1.599609375,-1.78125,-2.08056640625,-2.109375,-0.105224609375,-0.404541015625,0.15283203125
a21_s2_neutral_angry,21,2,neutral,angry,23,-2.9453125,-2.7578125,-3.40234375,-2.69921875,0.4453125,-0.19921875,0.515625
a21_s2_neutral_angry,21,2,neutral,angry,24,-4.0703125,-3.4765625,-4.25,-3.59375,0.625,-0.1484375,0.0625
a21_s2_neutral_angry,21,2,neutral,angry,25,-1.0859375,-1.75,-0.703125,-1.265625,-0.61328125,0.43359375,0.1015625
a21_s2_neutral_angry,21,2,neutral,angry,26,-0.6249995231628418,-1.7031254768371582,-1.734375,-1.65625,-0.5000004768371582,-0.53125,1.1562509536743164
a21_s2_neutral_angry,21,2,neutral,angry,27,-1.09375,-1.0,-1.3124995231628418,-1.15625,0.1249997615814209,-0.1874997615814209,0.0624995231628418
a21_s2_neutral_angry,21,2,neutral,angry,28,-0.3125,0.0,-0.0625,-0.25,0.0625,0.0,-0.5
a22_s1_happy_sad,22,1,happy,sad,0,2.3046875,2.3046875,2.3046875,2.3046875,0.0,0.0,0.0
a22_s1_happy_sad,22,1,happy,sad,1,-0.3515625,-0.2265625,-0.3125,-0.1640625,0.13671875,0.05078125,0.0234375
a22_s1_happy_sad,22,1,happy,sad,2,-0.701171875,-0.67578125,-0.634765625,-0.61328125,0.0234375,0.064453125,-0.00390625
a22_s1_happy_sad,22,1,happy,sad,3,-0.6875,-0.5234375,-0.6953125,-0.53125,0.1640625,-0.0078125,0.0
a22_s1_happy_sad,22,1,happy,sad,4,-0.453125,-0.265625,-0.53125,-0.46875,0.125,-0.140625,-0.125
a22_s1_happy_sad,22,1,happy,sad,5,-0.84375,-0.796875,-0.90625,-0.90625,0.0234375,-0.0859375,-0.046875
a22_s1_happy_sad,22,1,happy,sad,6,-1.96875,-1.9375,-1.96875,-2.0,0.0,-0.03125,-0.0625
a22_s1_happy_sad,22,1,happy,sad,7,-0.78125,-0.75,-0.75,-0.875,-0.046875,-0.046875,-0.15625
a22_s1_happy_sad,22,1,happy,sad,8,-1.1875,-1.25,-1.3125,-1.28125,-0.015625,-0.078125,0.09375
a22_s1_happy_sad,22,1,happy,sad,9,0.78125,1.0625,0.5,0.875,0.328125,-0.234375,0.09375
a22_s1_happy_sad,22,1,happy,sad,10,-1.5781240463256836,-1.6718759536743164,-1.578125,-1.8125,-0.1640634536743164,-0.0703125,-0.1406230926513672
a22_s1_happy_sad,22,1,happy,sad,11,-1.59375,-1.40625,-1.71875,-1.625,0.140625,-0.171875,-0.09375
a22_s1_happy_sad,22,1,happy,sad,12,-2.453125,-2.296875,-2.59375,-2.4375,0.15625,-0.140625,0.0
a22_s1_happy_sad,22,1,happy,sad,13,-2.28125,-2.171875,-2.359375,-2.296875,0.0859375,-0.1015625,-0.046875
a22_s1_happy_sad,22,1,happy,sad,14,-1.5468740463256836,-1.421875,-1.7656240463256836,-1.5937509536743164,0.1484360694885254,-0.1953129768371582,0.046874046325683594
a22_s1_happy_sad,22,1,happy,sad,15,-1.1875,-1.140625,-1.40625,-1.359375,0.046875,-0.21875,0.0
a22_s1_happy_sad,22,1,happy,sad,16,-2.7421884536743164,-2.6406259536743164,-2.7734384536743164,-2.953125,-0.0390620231628418,-0.1718745231628418,-0.2812490463256836
a22_s1_happy_sad,22,1,happy,sad,17,-2.0625,-2.1015625,-2.2578125,-2.39453125,-0.087890625,-0.244140625,-0.09765625
a22_s1_happy_sad,22,1,happy,sad,18,-2.953125,-2.3828125,-3.15625,-2.6640625,0.53125,-0.2421875,-0.078125
a22_s1_happy_sad,22,1,happy,sad,19,-2.16943359375,-1.697265625,-2.2783203125,-1.453125,0.648681640625,0.067626953125,0.35302734375
a22_s1_happy_sad,22,1,happy,sad,20,-0.6953125,-0.6484375,-0.75,-0.6640625,0.06640625,-0.03515625,0.0390625
a22_s1_happy_sad,22,1,happy,sad,21,-2.09375,-2.5078115463256836,-2.1718740463256836,-2.3515625,-0.296875,0.0390625,0.2343730926513672
a22_s1_happy_sad,22,1,happy,sad,22,-2.056640625,-1.79296875,-2.17041015625,-1.078125,0.677978515625,0.300537109375,0.82861328125
a22_s1_happy_sad,22,1,happy,sad,23,-2.96875,-2.3359365463256836,-3.09375,-1.484375,1.1210942268371582,0.3632807731628418,0.9765615463256836
a22_s1_happy_sad,22,1,happy,sad,24,-0.89453125,-0.4765625,-0.33984375,0.234375,0.49609375,0.6328125,0.15625
a22_s1_happy_sad,22,1,happy,sad,25,-1.671875,-1.3193359375,-1.078125,-0.3671875,0.53173828125,0.77294921875,0.3583984375
a22_s1_happy_sad,22,1,happy,sad,26,-2.03125,-1.396484375,-1.640625,-0.94140625,0.6669921875,0.4228515625,0.064453125
a22_s1_happy_sad,22,1,happy,sad,27,-1.796875,-1.828125,-1.265625,-1.328125,-0.046875,0.515625,-0.03125
a22_s1_happy_sad,22,1,happy,sad,28,-0.875,-0.6875,-0.7812504768371582,-0.625,0.1718752384185791,0.0781247615814209,-0.031249523162841797
a22_s1_neutral_angry,22,1,neutral,angry,0,0.951171875,0.951171875,0.951171875,0.951171875,0.0,0.0,0.0
a22_s1_neutral_angry,22,1,neutral,angry,1,0.1015625,0.0634765625,0.0576171875,0.05389404296875,-0.020904541015625,-0.026763916015625,0.03436279296875
a22_s1_neutral_angry,22,1,neutral,angry,2,-0.3046875,-0.34765625,-0.2734375,-0.359375,-0.064453125,0.009765625,-0.04296875
a22_s1_neutral_angry,22,1,neutral,angry,3,0.109375,-0.0625,0.171875,0.09375,-0.125,0.109375,0.09375
a22_s1_neutral_angry,22,1,neutral,angry,4,1.59375,1.3125,1.46875,1.40625,-0.171875,-0.015625,0.21875
a22_s1_neutral_angry,22,1,neutral,angry,5,0.96875,0.78125,0.75,0.65625,-0.140625,-0.171875,0.09375
a22_s1_neutral_angry,22,1,neutral,angry,6,-0.5,-0.46875,-0.6875,-0.59375,0.0625,-0.15625,0.0625
a22_s1_neutral_angry,22,1,neutral,angry,7,0.78125,0.4375,0.6875,0.40625,-0.3125,-0.0625,0.0625
a22_s1_neutral_angry,22,1,neutral,angry,8,1.15625,1.03125,1.0625,0.90625,-0.140625,-0.109375,-0.03125
a22_s1_neutral_angry,22,1,neutral,angry,9,2.0625,1.609375,1.921875,1.21875,-0.578125,-0.265625,-0.25
a22_s1_neutral_angry,22,1,neutral,angry,10,1.03125,0.5625,0.734375,0.21875,-0.4921875,-0.3203125,-0.046875
a22_s1_neutral_angry,22,1,neutral,angry,11,1.40625,1.0625,1.21875,0.65625,-0.453125,-0.296875,-0.21875
a22_s1_neutral_angry,22,1,neutral,angry,12,-0.375,-0.71875,-0.46875,-0.71875,-0.296875,-0.046875,0.09375
a22_s1_neutral_angry,22,1,neutral,angry,13,-0.59375,-0.359375,-0.46875,-0.375,0.1640625,0.0546875,-0.140625
a22_s1_neutral_angry,22,1,neutral,angry,14,-0.90625,-0.84375,-1.203125,-1.0937509536743164,0.0859370231628418,-0.2734379768371582,0.046874046325683594
a22_s1_neutral_angry,22,1,neutral,angry,15,-0.96875,-0.515625,-1.109375,-0.5625,0.5,-0.09375,0.09375
a22_s1_neutral_angry,22,1,neutral,angry,16,-1.0,-1.4765625,-1.203125,-1.4609375,-0.3671875,-0.09375,0.21875
a22_s1_neutral_angry,22,1,neutral,angry,17,-0.953125,-0.9296875,-0.859375,-0.5859375,0.1484375,0.21875,0.25
a22_s1_neutral_angry,22,1,neutral,angry,18,0.65625,-0.421875,0.578125,0.1015625,-0.77734375,0.22265625,0.6015625
a22_s1_neutral_angry,22,1,neutral,angry,19,-0.7734375,-1.7734375,-0.265625,-0.9921875,-0.86328125,0.64453125,0.2734375
a22_s1_neutral_angry,22,1,neutral,angry,20,-2.8076171875,-2.3359375,-2.8447265625,-2.69921875,0.30859375,-0.2001953125,-0.326171875
a22_s1_neutral_angry,22,1,neutral,angry,21,-1.921875,-1.6484375,-1.8671875,-1.80859375,0.166015625,-0.052734375,-0.21484375
a22_s1_neutral_angry,22,1,neutral,angry,22,-2.5009765625,-2.02734375,-2.620361328125,-1.88671875,0.6036376953125,0.0106201171875,0.260009765625
a22_s1_neutral_angry,22,1,neutral,angry,23,-3.84765625,-3.0234375,-3.7626953125,-2.65625,0.96533203125,0.22607421875,0.2822265625
a22_s1_neutral_angry,22,1,neutral,angry,24,-4.26171875,-4.2890625,-4.390625,-4.39453125,-0.015625,-0.1171875,0.0234375
a22_s1_neutral_angry,22,1,neutral,angry,25,-3.44921875,-1.96875,-3.5,-1.984375,1.498046875,-0.033203125,0.03515625
a22_s1_neutral_angry,22,1,neutral,angry,26,-4.14453125,-1.09375,-3.9609375,-1.0625,2.974609375,0.107421875,-0.15234375
a22_s1_neutral_angry,22,1,neutral,angry,27,-2.6875,-1.28125,-3.140625,-1.625,1.4609375,-0.3984375,0.109375
a22_s1_neutral_angry,22,1,neutral,angry,28,-1.375,-1.0625,-1.7499995231628418,-1.1875,0.4374997615814209,-0.2499997615814209,0.2499995231628418
a22_s2_happy_sad,22,2,happy,sad,0,2.3046875,2.3046875,2.3046875,2.3046875,0.0,0.0,0.0
a22_s2_happy_sad,22,2,happy,sad,1,-0.328125,-0.2578125,-0.3046875,-0.171875,0.1015625,0.0546875,0.0625
a22_s2_happy_sad,22,2,happy,sad,2,-0.724609375,-0.546875,-0.673828125,-0.486328125,0.1826171875,0.0556640625,0.009765625
a22_s2_happy_sad,22,2,happy,sad,3,-0.7421865463256836,-0.6328125,-0.6875,-0.609375,0.0937495231628418,0.0390620231628418,-0.031249046325683594
a22_s2_happy_sad,22,2,happy,sad,4,-0.453125,-0.4375,-0.5625,-0.59375,-0.0078125,-0.1328125,-0.046875
a22_s2_happy_sad,22,2,happy,sad,5,-1.078125,-1.09375,-1.296875,-1.171875,0.0546875,-0.1484375,0.140625
a22_s2_happy_sad,22,2,happy,sad,6,-2.0,-2.09375,-2.1875,-2.15625,-0.03125,-0.125,0.125
a22_s2_happy_sad,22,2,happy,sad,7,-0.71875,-0.75,-0.90625,-0.78125,0.046875,-0.109375,0.15625
a22_s2_happy_sad,22,2,happy,sad,8,-1.09375,-1.25,-1.4375,-1.5,-0.109375,-0.296875,0.09375
a22_s2_happy_sad,22,2,happy,sad,9,0.84375,1.140625,0.71875,0.953125,0.265625,-0.15625,-0.0625
a22_s2_happy_sad,22,2,happy,sad,10,-1.546875,-1.828125,-1.578125,-1.78125,-0.2421875,0.0078125,0.078125
a22_s2_happy_sad,22,2,happy,sad,11,-1.703125,-1.21875,-2.015625,-1.5625,0.46875,-0.328125,-0.03125
a22_s2_happy_sad,22,2,happy,sad,12,-2.25,-2.21875,-2.5625,-2.46875,0.0625,-0.28125,0.0625
a22_s2_happy_sad,22,2,happy,sad,13,-2.390625,-2.1875,-2.203125,-2.09375,0.15625,0.140625,-0.09375
a22_s2_happy_sad,22,2,happy,sad,14,-2.25,-1.8125009536743164,-2.046875,-1.8437509536743164,0.3203115463256836,0.0859375,-0.234375
a22_s2_happy_sad,22,2,happy,sad,15,-1.2578125,-1.421875,-1.1875,-1.171875,-0.07421875,0.16015625,0.1796875
a22_s2_happy_sad,22,2,happy,sad,16,-2.505859375,-2.6679697036743164,-2.5859375,-2.4921875,-0.0341801643371582,0.0478520393371582,0.2558603286743164
a22_s2_happy_sad,22,2,happy,sad,17,-2.3203125,-2.55078125,-2.5390634536743164,-2.23828125,0.0351567268371582,0.0468745231628418,0.5312509536743164
a22_s2_happy_sad,22,2,happy,sad,18,-3.3828134536743164,-3.0898447036743164,-3.453125,-2.8671875,0.439453125,0.0761728286743164,0.29296875
a22_s2_happy_sad,22,2,happy,sad,19,-1.92547607421875,-1.4921875,-2.40283203125,-1.3671875,0.734466552734375,-0.176177978515625,0.60235595703125
a22_s2_happy_sad,22,2,happy,sad,20,-0.53125,-0.734375,-0.625,-0.7578125,-0.16796875,-0.05859375,0.0703125
a22_s2_happy_sad,22,2,happy,sad,21,-1.4531259536743164,-1.6015625,-1.4609375,-1.734375,-0.2109370231628418,-0.0703120231628418,-0.1250009536743164
a22_s2_happy_sad,22,2,happy,sad,22,-1.277099609375,-0.6875,-1.6875,-0.609375,0.8338623046875,-0.1661376953125,0.488525390625
a22_s2_happy_sad,22,2,happy,sad,23,-2.296875,-0.9296875,-2.59375,-0.8359375,1.5625,-0.1015625,0.390625
a22_s2_happy_sad,22,2,happy,sad,24,-0.791015625,0.42578125,-0.197265625,0.5078125,0.9609375,0.337890625,-0.51171875
a22_s2_happy_sad,22,2,happy,sad,25,-0.736328125,-0.11328125,-0.671875,0.1796875,0.7373046875,0.1787109375,0.228515625
a22_s2_happy_sad,22,2,happy,sad,26,-2.375,-1.29296875,-1.9375,-1.35546875,0.83203125,0.1875,-0.5
a22_s2_happy_sad,22,2,happy,sad,27,-1.328125,-1.0625,-2.15625,-1.21875,0.6015625,-0.4921875,0.671875
a22_s2_happy_sad,22,2,happy,sad,28,-0.3125,-0.625,-0.9375,-0.5625,0.03125,-0.28125,0.6875
a22_s2_neutral_angry,22,2,neutral,angry,0,0.951171875,0.951171875,0.951171875,0.951171875,0.0,0.0,0.0
a22_s2_neutral_angry,22,2,neutral,angry,1,-0.0205078125,-0.0828857421875,-0.1005859375,-0.04833984375,-0.00506591796875,-0.02276611328125,0.1146240234375
a22_s2_neutral_angry,22,2,neutral,angry,2,-0.51953125,-0.52734375,-0.568359375,-0.521484375,0.01953125,-0.021484375,0.0546875
a22_s2_neutral_angry,22,2,neutral,angry,3,-0.015625,-0.265625,-0.03125,-0.140625,-0.1796875,0.0546875,0.140625
a22_s2_neutral_angry,22,2,neutral,angry,4,1.4375,1.09375,1.375,1.3125,-0.203125,0.078125,0.28125
a22_s2_neutral_angry,22,2,neutral,angry,5,0.59375,0.46875,0.5625,0.53125,-0.078125,0.015625,0.09375
a22_s2_neutral_angry,22,2,neutral,angry,6,-0.71875,-0.71875,-0.65625,-0.5,0.078125,0.140625,0.15625
a22_s2_neutral_angry,22,2,neutral,angry,7,0.75,0.34375,0.96875,0.59375,-0.390625,0.234375,0.03125
a22_s2_neutral_angry,22,2,neutral,angry,8,0.71875,0.6875,0.90625,0.84375,-0.046875,0.171875,-0.03125
a22_s2_neutral_angry,22,2,neutral,angry,9,1.765625,1.734375,2.0625,1.75,-0.171875,0.15625,-0.28125
a22_s2_neutral_angry,22,2,neutral,angry,10,0.71875,0.765625,1.15625,1.25,0.0703125,0.4609375,0.046875
a22_s2_neutral_angry,22,2,neutral,angry,11,1.1875,1.0625,1.21875,1.171875,-0.0859375,0.0703125,0.078125
a22_s2_neutral_angry,22,2,neutral,angry,12,-0.59375,-0.625,-0.75,-0.8125,-0.046875,-0.171875,-0.03125
a22_s2_neutral_angry,22,2,neutral,angry,13,-0.65625,-0.375,-0.9375,-0.453125,0.3828125,-0.1796875,0.203125
a22_s2_neutral_angry,22,2,neutral,angry,14,-1.125,-1.2031240463256836,-1.0,-1.1015615463256836,-0.0898427963256836,0.11328125,-0.0234375
a22_s2_neutral_angry,22,2,neutral,angry,15,-0.4375,-0.34375,-0.46875,-0.328125,0.1171875,-0.0078125,0.046875
a22_s2_neutral_angry,22,2,neutral,angry,16,-0.4375,-1.21484375,-0.609375,-1.05078125,-0.609375,-0.00390625,0.3359375
a22_s2_neutral_angry,22,2,neutral,angry,17,-0.6171875,-0.84765625,-0.7890625,-0.77734375,-0.109375,-0.05078125,0.2421875
a22_s2_neutral_angry,22,2,neutral,angry,18,0.28125,0.8828125,0.265625,0.78125,0.55859375,-0.05859375,-0.0859375
a22_s2_neutral_angry,22,2,neutral,angry,19,-0.3515625,-0.3515625,-0.46875,-0.4375,0.015625,-0.1015625,0.03125
a22_s2_neutral_angry,22,2,neutral,angry,20,-2.431640625,-1.98046875,-2.420166015625,-1.468017578125,0.70166015625,0.261962890625,0.5009765625
a22_s2_neutral_angry,22,2,neutral,angry,21,-1.4765625,-1.546875,-1.71875,-1.296875,0.17578125,0.00390625,0.4921875
a22_s2_neutral_angry,22,2,neutral,angry,22,-1.5156259536743164,-1.83984375,-2.009765625,-1.681640625,0.001953601837158203,-0.1679682731628418,0.6523427963256836
a22_s2_neutral_angry,22,2,neutral,angry,23,-2.8125,-2.9453125,-3.27734375,-2.40625,0.369140625,0.037109375,1.00390625
a22_s2_neutral_angry,22,2,neutral,angry,24,-3.7265625,-4.171875,-3.625,-3.2421875,-0.03125,0.515625,0.828125
a22_s2_neutral_angry,22,2,neutral,angry,25,-0.8984375,-2.01953125,-1.07421875,-1.66015625,-0.853515625,0.091796875,0.53515625
a22_s2_neutral_angry,22,2,neutral,angry,26,-2.0,-2.515625,-2.1796875,-1.625,0.01953125,0.35546875,1.0703125
a22_s2_neutral_angry,22,2,neutral,angry,27,-0.09375,-1.5312504768371582,-0.78125,-1.21875,-0.9375002384185791,-0.1874997615814209,1.0000004768371582
a22_s2_neutral_angry,22,2,neutral,angry,28,1.0,-0.25,0.625,-0.375,-1.125,-0.25,0.25
a23_s1_happy_sad,23,1,happy,sad,0,2.3046875,2.3046875,2.3046875,2.3046875,0.0,0.0,0.0
a23_s1_happy_sad,23,1,happy,sad,1,-0.2578125,-0.1953125,-0.3125,-0.203125,0.0859375,-0.03125,0.046875
a23_s1_happy_sad,23,1,happy,sad,2,-0.685546875,-0.685546875,-0.62890625,-0.640625,-0.005859375,0.05078125,-0.01171875
a23_s1_happy_sad,23,1,happy,sad,3,-0.6640625,-0.5390625,-0.5234375,-0.421875,0.11328125,0.12890625,-0.0234375
a23_s1_happy_sad,23,1,happy,sad,4,-0.21875,-0.125,-0.1875,-0.140625,0.0703125,0.0078125,-0.046875
a23_s1_happy_sad,23,1,happy,sad,5,-0.828125,-0.71875,-1.03125,-0.78125,0.1796875,-0.1328125,0.140625
a23_s1_happy_sad,23,1,happy,sad,6,-1.71875,-1.5625,-1.78125,-1.625,0.15625,-0.0625,0.0
a23_s1_happy_sad,23,1,happy,sad,7,-0.875,-0.84375,-0.8125,-0.8125,0.015625,0.046875,-0.03125
a23_s1_happy_sad,23,1,happy,sad,8,-0.84375,-0.625,-1.125,-1.03125,0.15625,-0.34375,-0.125
a23_s1_happy_sad,23,1,happy,sad,9,0.65625,1.03125,0.5,0.6875,0.28125,-0.25,-0.1875
a23_s1_happy_sad,23,1,happy,sad,10,-1.8203125,-1.5390625,-1.734375,-1.6718740463256836,0.1718754768371582,-0.023437023162841797,-0.2187490463256836
a23_s1_happy_sad,23,1,happy,sad,11,-2.359375,-1.25,-2.140625,-1.359375,0.9453125,0.0546875,-0.328125
a23_s1_happy_sad,23,1,happy,sad,12,-2.59375,-1.9375,-2.421875,-1.8125,0.6328125,0.1484375,-0.046875
a23_s1_happy_sad,23,1,happy,sad,13,-2.671875,-2.296875,-2.3125,-1.9375,0.375,0.359375,0.0
a23_s1_happy_sad,23,1,happy,sad,14,-1.80859375,-1.4765625,-1.6328125,-1.4296865463256836,0.2675786018371582,0.1113286018371582,-0.1289052963256836
a23_s1_happy_sad,23,1,happy,sad,15,-0.9999990463256836,-0.9375,-0.953125,-1.09375,-0.0390629768371582,-0.0546879768371582,-0.2031240463256836
a23_s1_happy_sad,23,1,happy,sad,16,-2.48046875,-2.4375,-2.328125,-2.3281240463256836,0.021484851837158203,0.1308598518371582,-0.042967796325683594
a23_s1_happy_sad,23,1,happy,sad,17,-2.384765625,-2.533203125,-2.41015625,-2.4453125,-0.091796875,0.03125,0.11328125
a23_s1_happy_sad,23,1,happy,sad,18,-3.4140625,-2.9453125,-3.0625,-2.8515625,0.33984375,0.22265625,-0.2578125
a23_s1_happy_sad,23,1,happy,sad,19,-2.2578125,-2.1259765625,-2.203125,-1.84765625,0.24365234375,0.16650390625,0.2236328125
a23_s1_happy_sad,23,1,happy,sad,20,-0.8671875,-1.03125,-0.140625,-0.6953125,-0.359375,0.53125,-0.390625
a23_s1_happy_sad,23,1,happy,sad,21,-1.75,-2.015625,-1.546875,-1.8125,-0.265625,0.203125,0.0
a23_s1_happy_sad,23,1,happy,sad,22,-1.029296875,-1.255859375,-1.537109375,-1.0068359375,0.15185546875,-0.12939453125,0.7568359375
a23_s1_happy_sad,23,1,happy,sad,23,-2.63671875,-1.861328125,-2.728515625,-1.33203125,1.0859375,0.21875,0.62109375
a23_s1_happy_sad,23,1,happy,sad,24,-0.6484375,-0.11328125,-0.421875,0.41015625,0.68359375,0.375,0.296875
a23_s1_happy_sad,23,1,happy,sad,25,-1.328125,-0.6943359375,-1.40625,-0.56640625,0.73681640625,0.02490234375,0.2060546875
a23_s1_happy_sad,23,1,happy,sad,26,-1.3906245231628418,-1.177734375,-1.1875,-1.2578125,0.0712888240814209,0.0615231990814209,-0.2832026481628418
a23_s1_happy_sad,23,1,happy,sad,27,-1.015625,-1.40625,-1.21875,-0.9375,-0.0546875,0.1328125,0.671875
a23_s1_happy_sad,23,1,happy,sad,28,-0.6875,-0.8125,-0.875,-0.625,0.0625,0.0,0.375
a23_s1_neutral_angry,23,1,neutral,angry,0,0.951171875,0.951171875,0.951171875,0.951171875,0.0,0.0,0.0
a23_s1_neutral_angry,23,1,neutral,angry,1,-0.0029296875,-0.0357666015625,0.13916015625,0.134033203125,-0.01898193359375,0.15594482421875,0.0277099609375
a23_s1_neutral_angry,23,1,neutral,angry,2,-0.328125,-0.4990234375,-0.21484375,-0.2998046875,-0.1279296875,0.15625,0.0859375
a23_s1_neutral_angry,23,1,neutral,angry,3,0.140625,0.0,0.203125,0.21875,-0.0625,0.140625,0.15625
a23_s1_neutral_angry,23,1,neutral,angry,4,1.84375,1.59375,1.21875,1.46875,0.0,-0.375,0.5
a23_s1_neutral_angry,23,1,neutral,angry,5,1.15625,0.84375,0.9375,0.78125,-0.234375,-0.140625,0.15625
a23_s1_neutral_angry,23,1,neutral,angry,6,-0.5625,-0.6875,-0.71875,-0.71875,-0.0625,-0.09375,0.125
a23_s1_neutral_angry,23,1,neutral,angry,7,0.75,0.125,0.28125,0.09375,-0.40625,-0.25,0.4375
a23_s1_neutral_angry,23,1,neutral,angry,8,0.8125,0.15625,0.4375,0.09375,-0.5,-0.21875,0.3125
a23_s1_neutral_angry,23,1,neutral,angry,9,1.984375,0.8125,1.671875,0.828125,-1.0078125,-0.1484375,0.328125
a23_s1_neutral_angry,23,1,neutral,angry,10,0.875,-0.359375,0.625,0.09375,-0.8828125,0.1015625,0.703125
a23_s1_neutral_angry,23,1,neutral,angry,11,1.25,-0.46875,1.0625,0.171875,-1.3046875,0.2265625,0.828125
a23_s1_neutral_angry,23,1,neutral,angry,12,-0.3125,-1.0625,-0.28125,-0.6875,-0.578125,0.203125,0.34375
a23_s1_neutral_angry,23,1,neutral,angry,13,-0.5,-0.59375,-0.375,-0.0625,0.109375,0.328125,0.40625
a23_s1_neutral_angry,23,1,neutral,angry,14,-1.375,-1.6562509536743164,-1.5624990463256836,-1.515625,-0.1171884536743164,-0.023436546325683594,0.328125
a23_s1_neutral_angry,23,1,neutral,angry,15,-1.1875,-1.078125,-1.625,-0.9375,0.3984375,-0.1484375,0.578125
a23_s1_neutral_angry,23,1,neutral,angry,16,-0.6718740463256836,-1.666015625,-1.2265625,-1.14453125,-0.4560551643371582,-0.016602039337158203,1.0761728286743164
a23_s1_neutral_angry,23,1,neutral,angry,17,-0.609375,-1.2890625,-1.0625,-0.64453125,-0.130859375,0.095703125,1.09765625
a23_s1_neutral_angry,23,1,neutral,angry,18,1.0703125,-0.5,0.609375,0.5078125,-0.8359375,0.2734375,1.46875
a23_s1_neutral_angry,23,1,neutral,angry,19,-0.15625,-2.068359375,0.15625,-1.1884765625,-1.62841796875,0.59619140625,0.5673828125
a23_s1_neutral_angry,23,1,neutral,angry,20,-4.8359375,-2.279296875,-5.341796875,-2.609375,2.64453125,-0.41796875,0.17578125
a23_s1_neutral_angry,23,1,neutral,angry,21,-3.625,-1.9375,-3.722930908203125,-2.1220703125,1.6441802978515625,-0.1412506103515625,-0.086639404296875
a23_s1_neutral_angry,23,1,neutral,angry,22,-3.890625,-1.912109375,-4.0390625,-2.546875,1.7353515625,-0.3916015625,-0.486328125
a23_s1_neutral_angry,23,1,neutral,angry,23,-3.203125,-2.05029296875,-3.5546875,-2.7890625,0.959228515625,-0.545166015625,-0.38720703125
a23_s1_neutral_angry,23,1,neutral,angry,24,-3.08984375,-3.046875,-2.98828125,-4.3515625,-0.66015625,-0.6015625,-1.40625
a23_s1_neutral_angry,23,1,neutral,angry,25,-2.33984375,-1.6171875,-2.0,-2.37109375,0.17578125,-0.20703125,-1.09375
a23_s1_neutral_angry,23,1,neutral,angry,26,-3.24609375,-1.09375,-2.828125,-1.453125,1.763671875,0.029296875,-0.77734375
a23_s1_neutral_angry,23,1,neutral,angry,27,-1.828125,-0.84375,-1.515625,-2.21875,0.140625,-0.53125,-1.6875
a23_s1_neutral_angry,23,1,neutral,angry,28,-0.8125,-0.5,-0.75,-1.3125,-0.125,-0.375,-0.875
a23_s2_happy_sad,23,2,happy,sad,0,2.3046875,2.3046875,2.3046875,2.3046875,0.0,0.0,0.0
a23_s2_happy_sad,23,2,happy,sad,1,-0.1953125,-0.2265625,-0.171875,-0.2421875,-0.05078125,0.00390625,-0.0390625
a23_s2_happy_sad,23,2,happy,sad,2,-0.630859375,-0.66015625,-0.611328125,-0.662109375,-0.0400390625,0.0087890625,-0.021484375
a23_s2_happy_sad,23,2,happy,sad,3,-0.625,-0.546875,-0.6171875,-0.65625,0.01953125,-0.05078125,-0.1171875
a23_s2_happy_sad,23,2,happy,sad,4,-0.171875,-0.1875,-0.3125,-0.453125,-0.078125,-0.203125,-0.125
a23_s2_happy_sad,23,2,happy,sad,5,-0.5625,-0.671875,-0.78125,-0.890625,-0.109375,-0.21875,0.0
a23_s2_happy_sad,23,2,happy,sad,6,-1.375,-1.40625,-1.625,-1.6875,-0.046875,-0.265625,-0.03125
a23_s2_happy_sad,23,2,happy,sad,7,-0.46875,-0.1875,-0.65625,-0.5,0.21875,-0.25,-0.125
a23_s2_happy_sad,23,2,happy,sad,8,-0.53125,-0.1875,-0.59375,-0.71875,0.109375,-0.296875,-0.46875
a23_s2_happy_sad,23,2,happy,sad,9,0.84375,1.4453125,0.796875,1.0,0.40234375,-0.24609375,-0.3984375
a23_s2_happy_sad,23,2,happy,sad,10,-1.7031240463256836,-1.3984365463256836,-1.7890615463256836,-1.7421875,0.1757807731628418,-0.2148442268371582,-0.2578134536743164
a23_s2_happy_sad,23,2,happy,sad,11,-1.8593759536743164,-1.0,-2.0468759536743164,-1.296875,0.8046884536743164,-0.2421875,-0.109375
a23_s2_happy_sad,23,2,happy,sad,12,-2.484375,-1.78125,-2.5,-1.8125,0.6953125,-0.0234375,-0.015625
a23_s2_happy_sad,23,2,happy,sad,13,-2.65625,-2.03125,-2.734375,-1.84375,0.7578125,0.0546875,0.265625
a23_s2_happy_sad,23,2,happy,sad,14,-1.609375,-1.2578115463256836,-1.1796875,-1.03125,0.2500004768371582,0.3281245231628418,-0.2031259536743164
a23_s2_happy_sad,23,2,happy,sad,15,-1.3749990463256836,-0.734375,-0.53125,-0.453125,0.3593745231628418,0.5624995231628418,-0.5624990463256836
a23_s2_happy_sad,23,2,happy,sad,16,-2.9140625,-2.23828125,-2.15234375,-2.1015625,0.36328125,0.44921875,-0.625
a23_s2_happy_sad,23,2,happy,sad,17,-3.2041015625,-2.44921875,-2.6875,-2.2666015625,0.587890625,0.349609375,-0.333984375
a23_s2_happy_sad,23,2,happy,sad,18,-2.75390625,-2.58203125,-2.3359375,-2.6015625,-0.046875,0.19921875,-0.4375
a23_s2_happy_sad,23,2,happy,sad,19,-1.77734375,-1.799072265625,-1.46484375,-1.71484375,-0.1358642578125,0.1983642578125,-0.228271484375
a23_s2_happy_sad,23,2,happy,sad,20,-0.87109375,-1.24609375,-0.5,-1.078125,-0.4765625,0.26953125,-0.203125
a23_s2_happy_sad,23,2,happy,sad,21,-1.98046875,-2.2734375,-2.08203125,-2.2812490463256836,-0.2460932731628418,-0.0546870231628418,0.0937509536743164
a23_s2_happy_sad,23,2,happy,sad,22,-0.646484375,-1.8515625,-1.26123046875,-1.6015625,-0.772705078125,-0.182373046875,0.86474609375
a23_s2_happy_sad,23,2,happy,sad,23,-1.90234375,-2.3750009536743164,-2.14404296875,-2.015625,-0.1721196174621582,0.0588383674621582,0.6010751724243164
a23_s2_happy_sad,23,2,happy,sad,24,-0.6171875,-1.00390625,-0.595703125,-0.546875,-0.1689453125,0.2392578125,0.435546875
a23_s2_happy_sad,23,2,happy,sad,25,-1.03125,-1.0625,-1.0166015625,-0.8359375,0.07470703125,0.12060546875,0.2119140625
a23_s2_happy_sad,23,2,happy,sad,26,-1.8515625,-2.04296875,-2.046875,-1.99609375,-0.0703125,-0.07421875,0.2421875
a23_s2_happy_sad,23,2,happy,sad,27,-1.421875,-2.248046875,-2.1875,-1.6015625,-0.1201171875,-0.0595703125,1.412109375
a23_s2_happy_sad,23,2,happy,sad,28,-0.5625,-1.125,-1.0,-0.8125,-0.1875,-0.0625,0.75
a23_s2_neutral_angry,23,2,neutral,angry,0,0.951171875,0.951171875,0.951171875,0.951171875,0.0,0.0,0.0
a23_s2_neutral_angry,23,2,neutral,angry,1,-0.163330078125,-0.15704345703125,0.0166015625,0.0615234375,0.025604248046875,0.199249267578125,0.03863525390625
a23_s2_neutral_angry,23,2,neutral,angry,2,-0.580078125,-0.531982421875,-0.443359375,-0.412109375,0.0396728515625,0.1282958984375,-0.016845703125
a23_s2_neutral_angry,23,2,neutral,angry,3,0.0,-0.09375,0.0625,0.109375,-0.0234375,0.1328125,0.140625
a23_s2_neutral_angry,23,2,neutral,angry,4,1.46875,1.15625,1.09375,1.09375,-0.15625,-0.21875,0.3125
a23_s2_neutral_angry,23,2,neutral,angry,5,0.5625,0.59375,0.40625,0.53125,0.078125,-0.109375,0.09375
a23_s2_neutral_angry,23,2,neutral,angry,6,-1.1875,-0.8125,-1.28125,-0.71875,0.46875,0.0,0.1875
a23_s2_neutral_angry,23,2,neutral,angry,7,0.28125,0.1875,-0.09375,0.125,0.0625,-0.21875,0.3125
a23_s2_neutral_angry,23,2,neutral,angry,8,0.28125,0.3125,0.0625,0.125,0.046875,-0.203125,0.03125
a23_s2_neutral_angry,23,2,neutral,angry,9,1.484375,1.140625,1.34375,0.921875,-0.3828125,-0.1796875,-0.078125
a23_s2_neutral_angry,23,2,neutral,angry,10,0.859375,0.015625,0.625,0.234375,-0.6171875,-0.0078125,0.453125
a23_s2_neutral_angry,23,2,neutral,angry,11,1.25,0.46875,1.09375,0.65625,-0.609375,0.015625,0.34375
a23_s2_neutral_angry,23,2,neutral,angry,12,-0.53125,-0.25,-0.375,-0.1875,0.234375,0.109375,-0.09375
a23_s2_neutral_angry,23,2,neutral,angry,13,-0.59375,-0.25,-0.5,-0.34375,0.25,0.0,-0.1875
a23_s2_neutral_angry,23,2,neutral,angry,14,-1.2812490463256836,-1.53125,-1.640625,-1.4765625,-0.0429692268371582,-0.1523442268371582,0.4140634536743164
a23_s2_neutral_angry,23,2,neutral,angry,15,-0.96875,-0.953125,-1.359375,-1.0312490463256836,0.1718754768371582,-0.2343745231628418,0.3125009536743164
a23_s2_neutral_angry,23,2,neutral,angry,16,-0.671875,-0.84375,-1.25,-1.2421875,-0.08203125,-0.48828125,0.1796875
a23_s2_neutral_angry,23,2,neutral,angry,17,-0.578125,-0.421875,-0.984375,-0.625,0.2578125,-0.3046875,0.203125
a23_s2_neutral_angry,23,2,neutral,angry,18,1.234375,0.8125,0.7734375,0.7421875,-0.2265625,-0.265625,0.390625
a23_s2_neutral_angry,23,2,neutral,angry,19,0.171875,-0.95703125,0.1875,-0.755859375,-1.0361328125,0.1083984375,0.185546875
a23_s2_neutral_angry,23,2,neutral,angry,20,-3.7109375,-2.8359375,-4.449217796325684,-2.9453125,1.1894526481628418,-0.4238276481628418,0.6289052963256836
a23_s2_neutral_angry,23,2,neutral,angry,21,-2.76171875,-2.2890625,-2.94921875,-2.384765625,0.5185546875,-0.1416015625,0.091796875
a23_s2_neutral_angry,23,2,neutral,angry,22,-2.966796875,-2.7294921875,-2.865234375,-2.79296875,0.15478515625,0.01904296875,-0.1650390625
a23_s2_neutral_angry,23,2,neutral,angry,23,-4.234375,-3.5029287338256836,-4.28125,-3.53125,0.7407231330871582,-0.0375981330871582,0.018553733825683594
a23_s2_neutral_angry,23,2,neutral,angry,24,-4.546875,-4.515625,-6.296875,-5.0859375,0.62109375,-1.16015625,1.1796875
a23_s2_neutral_angry,23,2,neutral,angry,25,-1.1953125,-1.841796875,-3.06201171875,-2.45703125,-0.020751953125,-1.240966796875,1.25146484375
a23_s2_neutral_angry,23,2,neutral,angry,26,-2.27734375,-2.375,-3.4609375,-2.296875,0.533203125,-0.552734375,1.26171875
a23_s2_neutral_angry,23,2,neutral,angry,27,-0.46875,-0.421875,-1.296875,-0.1875,0.578125,-0.296875,1.0625
a23_s2_neutral_angry,23,2,neutral,angry,28,0.75,0.5625,0.375,0.375,-0.09375,-0.28125,0.1875
a24_s1_happy_sad,24,1,happy,sad,0,2.3046875,2.3046875,2.3046875,2.3046875,0.0,0.0,0.0
a24_s1_happy_sad,24,1,happy,sad,1,-0.1875,-0.0390625,-0.328125,-0.09375,0.19140625,-0.09765625,0.0859375
a24_s1_happy_sad,24,1,happy,sad,2,-0.439453125,-0.26953125,-0.583984375,-0.328125,0.212890625,-0.1015625,0.0859375
a24_s1_happy_sad,24,1,happy,sad,3,-0.59375,-0.3671875,-0.609375,-0.3828115463256836,0.2265629768371582,-0.015624523162841797,9.5367431640625e-07
a24_s1_happy_sad,24,1,happy,sad,4,-0.390625,-0.109375,-0.421875,-0.046875,0.328125,0.015625,0.09375
a24_s1_happy_sad,24,1,happy,sad,5,-0.8125,-0.625,-0.65625,-0.46875,0.1875,0.15625,0.0
a24_s1_happy_sad,24,1,happy,sad,6,-1.9375,-1.78125,-1.71875,-1.5,0.1875,0.25,0.0625
a24_s1_happy_sad,24,1,happy,sad,7,-1.0,-0.75,-1.0,-0.6875,0.28125,0.03125,0.0625
a24_s1_happy_sad,24,1,happy,sad,8,-1.734375,-1.15625,-1.875,-1.375,0.5390625,-0.1796875,-0.078125
a24_s1_happy_sad,24,1,happy,sad,9,0.375,0.40625,0.40625,0.46875,0.046875,0.046875,0.03125
a24_s1_happy_sad,24,1,happy,sad,10,-1.4453125,-1.8515634536743164,-1.3125,-1.78125,-0.4375004768371582,0.1015629768371582,-0.062499046325683594
a24_s1_happy_sad,24,1,happy,sad,11,-1.453125,-1.0625,-1.8906259536743164,-1.359375,0.4609379768371582,-0.3671879768371582,0.1406259536743164
a24_s1_happy_sad,24,1,happy,sad,12,-2.171875,-2.28125,-2.6875,-2.296875,0.140625,-0.265625,0.5
a24_s1_happy_sad,24,1,happy,sad,13,-2.984375,-2.5,-3.0,-2.1875,0.6484375,0.1484375,0.328125
a24_s1_happy_sad,24,1,happy,sad,14,-2.09765625,-1.890625,-1.65625,-1.765625,0.048828125,0.283203125,-0.31640625
a24_s1_happy_sad,24,1,happy,sad,15,-1.4609375,-1.03125,-1.125,-1.421875,0.06640625,-0.02734375,-0.7265625
a24_s1_happy_sad,24,1,happy,sad,16,-2.4248046875,-2.5625,-2.51171875,-2.7851552963256836,-0.2055659294128418,-0.1547846794128418,-0.1357412338256836
a24_s1_happy_sad,24,1,happy,sad,17,-1.748046875,-1.89453125,-2.001953125,-2.1171875,-0.130859375,-0.23828125,0.03125
a24_s1_happy_sad,24,1,happy,sad,18,-2.7265625,-2.1484384536743164,-2.62109375,-2.671875,0.2636713981628418,-0.2089838981628418,-0.6289052963256836
a24_s1_happy_sad,24,1,happy,sad,19,-1.69921875,-1.166015625,-1.94921875,-1.986328125,0.248046875,-0.53515625,-0.5703125
a24_s1_happy_sad,24,1,happy,sad,20,0.0078125,-0.15625,-0.21875,-0.5703125,-0.2578125,-0.3203125,-0.1875
a24_s1_happy_sad,24,1,happy,sad,21,-1.46875,-1.53125,-1.6640625,-1.984375,-0.19140625,-0.32421875,-0.2578125
a24_s1_happy_sad,24,1,happy,sad,22,-0.953125,-0.796875,-1.224609375,-1.0625,0.1591796875,-0.2685546875,0.005859375
a24_s1_happy_sad,24,1,happy,sad,23,-1.543701171875,-1.2109375,-2.5576171875,-1.4921875,0.6990966796875,-0.6475830078125,0.732666015625
a24_s1_happy_sad,24,1,happy,sad,24,0.498443603515625,0.826171875,-0.62109375,0.3671875,0.6580047607421875,-0.7892608642578125,0.660552978515625
a24_s1_happy_sad,24,1,happy,sad,25,-0.611328125,-0.2890625,-1.55078125,-0.765625,0.5537109375,-0.7080078125,0.462890625
a24_s1_happy_sad,24,1,happy,sad,26,-1.46875,-0.9765625,-1.8203125,-1.19140625,0.560546875,-0.283203125,0.13671875
a24_s1_happy_sad,24,1,happy,sad,27,-1.140625,-1.375,-1.171875,-0.8671875,0.03515625,0.23828125,0.5390625
a24_s1_happy_sad,24,1,happy,sad,28,-0.5,-0.8125,-0.625,-0.5,-0.09375,0.09375,0.4375
a24_s1_neutral_angry,24,1,neutral,angry,0,0.951171875,0.951171875,0.951171875,0.951171875,0.0,0.0,0.0
a24_s1_neutral_angry,24,1,neutral,angry,1,-0.0146484375,-0.048065185546875,-0.021484375,-0.06256103515625,-0.0372467041015625,-0.0106658935546875,-0.007659912109375
a24_s1_neutral_angry,24,1,neutral,angry,2,-0.41015625,-0.50390625,-0.392578125,-0.541015625,-0.12109375,-0.009765625,-0.0546875
a24_s1_neutral_angry,24,1,neutral,angry,3,0.125,-0.03125,0.078125,0.015625,-0.109375,0.0,0.09375
a24_s1_neutral_angry,24,1,neutral,angry,4,1.71875,1.328125,1.375,1.1875,-0.2890625,-0.2421875,0.203125
a24_s1_neutral_angry,24,1,neutral,angry,5,0.71875,0.375,0.4375,0.25,-0.265625,-0.203125,0.15625
a24_s1_neutral_angry,24,1,neutral,angry,6,-0.5,-0.6875,-0.65625,-0.71875,-0.125,-0.09375,0.125
a24_s1_neutral_angry,24,1,neutral,angry,7,0.6875,0.25,0.65625,0.1875,-0.453125,-0.046875,-0.03125
a24_s1_neutral_angry,24,1,neutral,angry,8,1.15625,0.5625,1.0,0.4375,-0.578125,-0.140625,0.03125
a24_s1_neutral_angry,24,1,neutral,angry,9,2.140625,0.984375,2.078125,0.890625,-1.171875,-0.078125,-0.03125
a24_s1_neutral_angry,24,1,neutral,angry,10,1.3125,0.203125,1.5625,0.390625,-1.140625,0.21875,-0.0625
a24_s1_neutral_angry,24,1,neutral,angry,11,1.59375,0.09375,2.203125,0.578125,-1.5625,0.546875,-0.125
a24_s1_neutral_angry,24,1,neutral,angry,12,-0.03125,-0.90625,0.46875,-0.609375,-0.9765625,0.3984375,-0.203125
a24_s1_neutral_angry,24,1,neutral,angry,13,0.03125,-0.234375,0.484375,-0.09375,-0.421875,0.296875,-0.3125
a24_s1_neutral_angry,24,1,neutral,angry,14,-0.59375,-1.3593759536743164,-0.234375,-1.0859375,-0.8085942268371582,0.3164067268371582,-0.0859365463256836
a24_s1_neutral_angry,24,1,neutral,angry,15,-0.671875,-0.828125,-0.4375,-0.640625,-0.1796875,0.2109375,-0.046875
a24_s1_neutral_angry,24,1,neutral,angry,16,-0.9609375,-1.9609375,-0.4375,-1.853515625,-1.2080078125,0.3154296875,-0.416015625
a24_s1_neutral_angry,24,1,neutral,angry,17,-0.7265625,-0.9765625,-0.3671875,-1.25390625,-0.568359375,0.041015625,-0.63671875
a24_s1_neutral_angry,24,1,neutral,angry,18,0.625,-0.203125,1.09375,-0.4921875,-1.20703125,0.08984375,-0.7578125
a24_s1_neutral_angry,24,1,neutral,angry,19,-0.3203125,-1.310546875,-0.078125,-1.44140625,-1.1767578125,0.0556640625,-0.373046875
a24_s1_neutral_angry,24,1,neutral,angry,20,-2.7890625,-2.94921875,-3.20703125,-3.078125,-0.015625,-0.2734375,0.2890625
a24_s1_neutral_angry,24,1,neutral,angry,21,-2.125,-2.267578125,-2.625,-1.9716796875,0.25537109375,-0.10205078125,0.7958984375
a24_s1_neutral_angry,24,1,neutral,angry,22,-2.19921875,-2.8125,-4.0078125,-2.3359375,0.529296875,-0.666015625,2.28515625
a24_s1_neutral_angry,24,1,neutral,angry,23,-3.6796875,-3.00390625,-4.457032203674316,-2.640625,1.2460942268371582,-0.2070317268371582,1.1406259536743164
a24_s1_neutral_angry,24,1,neutral,angry,24,-4.65625,-4.25,-3.9921875,-3.734375,0.33203125,0.58984375,-0.1484375
a24_s1_neutral_angry,24,1,neutral,angry,25,-3.96875,-2.56640625,-3.4140625,-2.140625,1.337890625,0.490234375,-0.12890625
a24_s1_neutral_angry,24,1,neutral,angry,26,-3.90234375,-2.484375,-3.859375,-2.140624523162842,1.568359613418579,0.1933596134185791,0.3007817268371582
a24_s1_neutral_angry,24,1,neutral,angry,27,-3.859375476837158,-1.375,-3.140625,-2.140625,1.742187738418579,-0.0234372615814209,-1.4843754768371582
a24_s1_neutral_angry,24,1,neutral,angry,28,-2.25,-0.875,-1.7187495231628418,-1.3125,0.8906247615814209,0.0468752384185791,-0.9687504768371582
a24_s2_happy_sad,24,2,happy,sad,0,2.3046875,2.3046875,2.3046875,2.3046875,0.0,0.0,0.0
a24_s2_happy_sad,24,2,happy,sad,1,-0.2578125,-0.078125,-0.37890625,-0.1640625,0.197265625,-0.103515625,0.03515625
a24_s2_happy_sad,24,2,happy,sad,2,-0.654296875,-0.412109375,-0.69921875,-0.466796875,0.2373046875,-0.0498046875,-0.009765625
a24_s2_happy_sad,24,2,happy,sad,3,-0.8828125,-0.5859365463256836,-0.8359375,-0.578125,0.2773442268371582,0.027343273162841797,-0.039063453674316406
a24_s2_happy_sad,24,2,happy,sad,4,-0.515625,-0.203125,-0.5,-0.265625,0.2734375,-0.0234375,-0.078125
a24_s2_happy_sad,24,2,happy,sad,5,-0.90625,-0.84375,-1.21875,-1.046875,0.1171875,-0.2578125,0.109375
a24_s2_happy_sad,24,2,happy,sad,6,-2.0625,-2.0625,-2.21875,-2.09375,0.0625,-0.09375,0.125
a24_s2_happy_sad,24,2,happy,sad,7,-1.0,-1.0,-1.0625,-1.0625,0.0,-0.0625,0.0
a24_s2_happy_sad,24,2,happy,sad,8,-1.65625,-1.546875,-1.5625,-1.5,0.0859375,0.0703125,-0.046875
a24_s2_happy_sad,24,2,happy,sad,9,0.21875,0.640625,0.328125,0.6875,0.390625,0.078125,-0.0625
a24_s2_happy_sad,24,2,happy,sad,10,-1.6093759536743164,-1.21875,-0.9375,-0.921875,0.2031254768371582,0.4843754768371582,-0.3750009536743164
a24_s2_happy_sad,24,2,happy,sad,11,-1.5156259536743164,-0.828125,-1.125,-0.75,0.5312504768371582,0.2343754768371582,-0.3125009536743164
a24_s2_happy_sad,24,2,happy,sad,12,-2.03125,-1.6875,-2.28125,-2.0,0.3125,-0.28125,-0.0625
a24_s2_happy_sad,24,2,happy,sad,13,-2.640625,-1.984375,-2.8125,-2.203125,0.6328125,-0.1953125,-0.046875
a24_s2_happy_sad,24,2,happy,sad,14,-2.1562490463256836,-1.4921875,-2.21875,-1.65625,0.6132807731628418,-0.1132817268371582,-0.1015615463256836
a24_s2_happy_sad,24,2,happy,sad,15,-1.140625,-0.875,-1.578125,-1.328125,0.2578125,-0.4453125,-0.015625
a24_s2_happy_sad,24,2,happy,sad,16,-2.607421875,-2.5869140625,-2.6484384536743164,-2.451171875,0.1088871955871582,0.0473628044128418,0.1767587661743164
a24_s2_happy_sad,24,2,happy,sad,17,-2.4755859375,-2.330078125,-2.8984375,-2.39453125,0.32470703125,-0.24365234375,0.3583984375
a24_s2_happy_sad,24,2,happy,sad,18,-3.2451171875,-2.9218740463256836,-3.2109375,-2.8828125,0.3256840705871582,0.0366206169128418,0.004881858825683594
a24_s2_happy_sad,24,2,happy,sad,19,-2.03125,-1.75,-2.17333984375,-1.873046875,0.290771484375,-0.132568359375,0.01904296875
a24_s2_happy_sad,24,2,happy,sad,20,-0.46484375,-0.3515625,-0.45703125,-0.515625,0.02734375,-0.078125,-0.171875
a24_s2_happy_sad,24,2,happy,sad,21,-1.234375,-1.6093740463256836,-1.28125,-1.3984375,-0.2460932731628418,0.0820307731628418,0.2578115463256836
a24_s2_happy_sad,24,2,happy,sad,22,-1.11328125,-0.88671875,-0.830078125,-0.513671875,0.271484375,0.328125,0.08984375
a24_s2_happy_sad,24,2,happy,sad,23,-2.171875,-1.7265625,-1.34375,-0.765625,0.51171875,0.89453125,0.1328125
a24_s2_happy_sad,24,2,happy,sad,24,-0.984375,-0.6015625,-0.45703125,0.203125,0.521484375,0.666015625,0.27734375
a24_s2_happy_sad,24,2,happy,sad,25,-1.0169677734375,-0.32421875,-0.404296875,0.0390625,0.56805419921875,0.48797607421875,-0.2493896484375
a24_s2_happy_sad,24,2,happy,sad,26,-2.1171875,-1.017578125,-1.671142578125,-1.052734375,0.8590087890625,0.2054443359375,-0.481201171875
a24_s2_happy_sad,24,2,happy,sad,27,-1.90625,-1.40625,-1.7421875,-0.9921875,0.625,0.2890625,0.25
a24_s2_happy_sad,24,2,happy,sad,28,-0.6875,-0.5625,-0.8125004768371582,-0.4375,0.2500002384185791,-2.384185791015625e-07,0.2500004768371582
a24_s2_neutral_angry,24,2,neutral,angry,0,0.951171875,0.951171875,0.951171875,0.951171875,0.0,0.0,0.0
a24_s2_neutral_angry,24,2,neutral,angry,1,0.048828125,-0.02001953125,-0.05078125,-0.109619140625,-0.0638427734375,-0.0946044921875,0.010009765625
a24_s2_neutral_angry,24,2,neutral,angry,2,-0.376953125,-0.400390625,-0.45703125,-0.466796875,-0.0166015625,-0.0732421875,0.013671875
a24_s2_neutral_angry,24,2,neutral,angry,3,0.203125,-0.046875,0.109375,-0.046875,-0.203125,-0.046875,0.09375
a24_s2_neutral_angry,24,2,neutral,angry,4,1.75,1.28125,1.5625,1.265625,-0.3828125,-0.1015625,0.171875
a24_s2_neutral_angry,24,2,neutral,angry,5,0.65625,0.34375,0.75,0.4375,-0.3125,0.09375,0.0
a24_s2_neutral_angry,24,2,neutral,angry,6,-0.59375,-0.8125,-0.59375,-0.8125,-0.21875,0.0,0.0
a24_s2_neutral_angry,24,2,neutral,angry,7,0.8125,0.40625,0.625,0.46875,-0.28125,-0.0625,0.25
a24_s2_neutral_angry,24,2,neutral,angry,8,1.03125,0.84375,0.71875,0.78125,-0.0625,-0.1875,0.25
a24_s2_neutral_angry,24,2,neutral,angry,9,2.5,1.71875,2.265625,1.671875,-0.6875,-0.140625,0.1875
a24_s2_neutral_angry,24,2,neutral,angry,10,1.28125,0.59375,1.359375,0.921875,-0.5625,0.203125,0.25
a24_s2_neutral_angry,24,2,neutral,angry,11,1.59375,0.625,1.671875,0.96875,-0.8359375,0.2109375,0.265625
a24_s2_neutral_angry,24,2,neutral,angry,12,-0.125,-0.96875,-0.0625,-0.796875,-0.7890625,0.1171875,0.109375
a24_s2_neutral_angry,24,2,neutral,angry,13,0.21875,-0.25,0.328125,-0.078125,-0.4375,0.140625,0.0625
a24_s2_neutral_angry,24,2,neutral,angry,14,-0.5468740463256836,-1.171875,-0.421875,-0.796875,-0.5000004768371582,0.2499995231628418,0.2500009536743164
a24_s2_neutral_angry,24,2,neutral,angry,15,-0.390625,-0.5624990463256836,-0.40625,-0.4218740463256836,-0.0937490463256836,0.0625,0.15625
a24_s2_neutral_angry,24,2,neutral,angry,16,-0.734375,-1.42578125,-0.7890625,-1.2265625,-0.564453125,0.072265625,0.25390625
a24_s2_neutral_angry,24,2,neutral,angry,17,-0.7890625,-1.3359375,-0.58203125,-0.984375,-0.474609375,0.279296875,0.14453125
a24_s2_neutral_angry,24,2,neutral,angry,18,1.0625,0.234375,1.1953125,0.203125,-0.91015625,0.05078125,-0.1640625
a24_s2_neutral_angry,24,2,neutral,angry,19,-0.03125,-1.09765625,0.34375,-1.20703125,-1.30859375,0.1328125,-0.484375
a24_s2_neutral_angry,24,2,neutral,angry,20,-3.0703125,-2.7578125,-2.416015625,-2.578125,0.0751953125,0.4169921875,-0.474609375
a24_s2_neutral_angry,24,2,neutral,angry,21,-2.55078125,-2.482421875,-1.87890625,-2.0751953125,-0.06396484375,0.53955078125,-0.2646484375
a24_s2_neutral_angry,24,2,neutral,angry,22,-2.6953125,-2.8046875,-2.009765625,-2.2421875,-0.1708984375,0.6240234375,-0.123046875
a24_s2_neutral_angry,24,2,neutral,angry,23,-3.796875,-3.75,-2.6484375,-2.4921875,0.1015625,1.203125,0.109375
a24_s2_neutral_angry,24,2,neutral,angry,24,-4.734375,-3.734375,-4.3828125,-3.18359375,1.099609375,0.451171875,0.19921875
a24_s2_neutral_angry,24,2,neutral,angry,25,-2.0859375,-1.5703125,-1.171875,-1.4921875,0.09765625,0.49609375,-0.8359375
a24_s2_neutral_angry,24,2,neutral,angry,26,-2.640625,-2.8359375,-1.5,-1.71875,-0.20703125,1.12890625,-0.0234375
a24_s2_neutral_angry,24,2,neutral,angry,27,-1.359375,-1.125,-1.21875,-0.78125,0.3359375,0.2421875,0.203125
a24_s2_neutral_angry,24,2,neutral,angry,28,0.0625,0.1875,0.0,0.0,0.0625,-0.125,-0.125
