pair_id,actor,statement,label_a,label_b,layer,AA,AB,BA,BB,ME_C,ME_D,interaction
a01_s1_happy_sad,1,1,happy,sad,0,2.0703125,2.0703125,2.0703125,2.0703125,0.0,0.0,0.0
a01_s1_happy_sad,1,1,happy,sad,1,-0.638671875,-0.60205078125,-0.5576171875,-0.4979248046875,0.04815673828125,0.09259033203125,0.0230712890625
a01_s1_happy_sad,1,1,happy,sad,2,-1.26171875,-1.3828125,-1.296875,-1.40234375,-0.11328125,-0.02734375,0.015625
a01_s1_happy_sad,1,1,happy,sad,3,-1.48828125,-1.53515625,-1.52734375,-1.50390625,-0.01171875,-0.00390625,0.0703125
a01_s1_happy_sad,1,1,happy,sad,4,-1.75,-1.671875,-1.890625,-1.75,0.109375,-0.109375,0.0625
a01_s1_happy_sad,1,1,happy,sad,5,-1.71875,-1.46875,-1.75,-1.5625,0.21875,-0.0625,-0.0625
a01_s1_happy_sad,1,1,happy,sad,6,-1.390625,-1.546875,-1.3125,-1.546875,-0.1953125,0.0390625,-0.078125
a01_s1_happy_sad,1,1,happy,sad,7,-0.71875,-0.84375,-0.671875,-0.859375,-0.15625,0.015625,-0.0625
a01_s1_happy_sad,1,1,happy,sad,8,-0.271484375,-0.9384765625,-0.2900390625,-0.90234375,-0.6396484375,0.0087890625,0.0546875
a01_s1_happy_sad,1,1,happy,sad,9,1.4443359375,1.8828125,1.458251953125,1.9609375,0.4705810546875,0.0460205078125,0.064208984375
a01_s1_happy_sad,1,1,happy,sad,10,-2.2109384536743164,-1.60546875,-2.3378915786743164,-1.46875,0.7373056411743164,0.0048828125,0.263671875
a01_s1_happy_sad,1,1,happy,sad,11,-1.63671875,-0.72265625,-1.818359375,-0.8515625,0.9404296875,-0.1552734375,0.052734375
a01_s1_happy_sad,1,1,happy,sad,12,-1.2069091796875,-0.607666015625,-1.37255859375,-0.62109375,0.67535400390625,-0.08953857421875,0.1522216796875
a01_s1_happy_sad,1,1,happy,sad,13,1.62939453125,2.2783203125,1.333984375,2.119140625,0.717041015625,-0.227294921875,0.13623046875
a01_s1_happy_sad,1,1,happy,sad,14,0.203125,0.90625,-0.0625,0.8125,0.7890625,-0.1796875,0.171875
a01_s1_happy_sad,1,1,happy,sad,15,0.46875,1.484375,0.28125,1.46875,1.1015625,-0.1015625,0.171875
a01_s1_happy_sad,1,1,happy,sad,16,-0.59375,0.65625,-0.78125,0.703125,1.3671875,-0.0703125,0.234375
a01_s1_happy_sad,1,1,happy,sad,17,-0.6875,-0.484375,-0.71875,-0.375,0.2734375,0.0390625,0.140625
a01_s1_happy_sad,1,1,happy,sad,18,-0.3125,-0.65625,-0.4375,-0.46875,-0.1875,0.03125,0.3125
a01_s1_happy_sad,1,1,happy,sad,19,0.125,-0.21875,0.234375,-0.125,-0.3515625,0.1015625,-0.015625
a01_s1_happy_sad,1,1,happy,sad,20,0.40625,1.03125,0.46875,1.125,0.640625,0.078125,0.03125
a01_s1_happy_sad,1,1,happy,sad,21,1.375,1.78125,2.312499523162842,1.6875,-0.1093747615814209,0.4218747615814209,-1.0312495231628418
a01_s1_happy_sad,1,1,happy,sad,22,1.125,1.609375,2.3125,1.5000004768371582,-0.1640622615814209,0.5390627384185791,-1.2968745231628418
a01_s1_happy_sad,1,1,happy,sad,23,0.125,0.4375,1.375,0.40625,-0.328125,0.609375,-1.28125
a01_s1_happy_sad,1,1,happy,sad,24,2.4375,1.8437504768371582,4.031250238418579,1.78125,-1.4218748807907104,0.7656248807907104,-1.6562507152557373
a01_s1_happy_sad,1,1,happy,sad,25,4.0,3.0,5.7187498807907104,3.90625,-1.4062499403953552,1.3124999403953552,-0.8124998807907104
a01_s1_happy_sad,1,1,happy,sad,26,3.8749998807907104,3.250000238418579,5.437499970197678,4.0,-1.0312498062849045,1.156249925494194,-0.8125003278255463
a01_s1_happy_sad,1,1,happy,sad,27,2.8124999403953552,0.5625,4.6875,0.375,-3.2812499701976776,0.8437500298023224,-2.0625000596046448
a01_s1_happy_sad,1,1,happy,sad,28,3.25,0.625,5.25,0.375,-3.75,0.875,-2.25
a01_s1_neutral_angry,1,1,neutral,angry,0,0.671875,0.671875,0.671875,0.671875,0.0,0.0,0.0
a01_s1_neutral_angry,1,1,neutral,angry,1,-0.498046875,-0.4013671875,-0.626953125,-0.2900390625,0.216796875,-0.0087890625,0.240234375
a01_s1_neutral_angry,1,1,neutral,angry,2,0.31640625,0.2734375,0.259765625,0.431640625,0.064453125,0.05078125,0.21484375
a01_s1_neutral_angry,1,1,neutral,angry,3,-0.03125,0.265625,-0.140625,0.34375,0.390625,-0.015625,0.1875
a01_s1_neutral_angry,1,1,neutral,angry,4,0.0,0.5,-0.125,0.5,0.5625,-0.0625,0.125
a01_s1_neutral_angry,1,1,neutral,angry,5,-0.84375,-0.625,-1.0625,-0.75,0.265625,-0.171875,0.09375
a01_s1_neutral_angry,1,1,neutral,angry,6,-1.3125,-0.96875,-1.34375,-0.9375,0.375,0.0,0.0625
a01_s1_neutral_angry,1,1,neutral,angry,7,-0.015625,-0.28125,0.078125,-0.140625,-0.2421875,0.1171875,0.046875
a01_s1_neutral_angry,1,1,neutral,angry,8,0.09375,-0.622802734375,0.1015625,-0.587890625,-0.7030029296875,0.0213623046875,0.027099609375
a01_s1_neutral_angry,1,1,neutral,angry,9,-0.265625,-0.1777334213256836,-0.453125,-0.41796875,0.0615239143371582,-0.2138676643371582,-0.052735328674316406
a01_s1_neutral_angry,1,1,neutral,angry,10,0.1015625,1.1533203125,0.2382822036743164,1.30078125,1.0571284294128418,0.1420903205871582,0.010741233825683594
a01_s1_neutral_angry,1,1,neutral,angry,11,1.583984375,1.875,2.00390625,1.671875,-0.0205078125,0.1083984375,-0.623046875
a01_s1_neutral_angry,1,1,neutral,angry,12,1.3281259536743164,1.12890625,1.9238290786743164,0.86328125,-0.6298837661743164,0.1650390625,-0.861328125
a01_s1_neutral_angry,1,1,neutral,angry,13,1.17578125,0.9375,1.5390634536743164,0.9375,-0.4199223518371582,0.1816411018371582,-0.3632822036743164
a01_s1_neutral_angry,1,1,neutral,angry,14,1.36328125,1.125,1.5908203125,1.171875,-0.32861328125,0.13720703125,-0.1806640625
a01_s1_neutral_angry,1,1,neutral,angry,15,1.63671875,0.96875,1.65625,1.21875,-0.552734375,0.134765625,0.23046875
a01_s1_neutral_angry,1,1,neutral,angry,16,0.61328125,0.4609375,0.78515625,0.4765625,-0.23046875,0.09375,-0.15625
a01_s1_neutral_angry,1,1,neutral,angry,17,0.46875,-0.296875,1.015625,-0.671875,-1.2265625,0.0859375,-0.921875
a01_s1_neutral_angry,1,1,neutral,angry,18,0.3125,-0.390625,0.6875,-0.59375,-0.9921875,0.0859375,-0.578125
a01_s1_neutral_angry,1,1,neutral,angry,19,-0.609375,0.859375,-0.28125,0.75,1.25,0.109375,-0.4375
a01_s1_neutral_angry,1,1,neutral,angry,20,-0.4375,0.671875,-0.25,0.4375,0.8984375,-0.0234375,-0.421875
a01_s1_neutral_angry,1,1,neutral,angry,21,-0.375,0.265625,0.03125,-0.3125,0.1484375,-0.0859375,-0.984375
a01_s1_neutral_angry,1,1,neutral,angry,22,-1.71875,-0.5,-1.21875,-1.328125,0.5546875,-0.1640625,-1.328125
a01_s1_neutral_angry,1,1,neutral,angry,23,-3.28125,-2.03125,-3.0,-2.515625,0.8671875,-0.1015625,-0.765625
a01_s1_neutral_angry,1,1,neutral,angry,24,-4.59375,-2.640625,-4.65625,-3.0,1.8046875,-0.2109375,-0.296875
a01_s1_neutral_angry,1,1,neutral,angry,25,-8.312499850988388,1.09375,-8.124999672174454,0.28125,8.906249761581421,-0.31249991059303284,-1.0000001788139343
a01_s1_neutral_angry,1,1,neutral,angry,26,-6.750000208616257,2.5,-7.1249998807907104,1.90625,9.140625044703484,-0.48437483608722687,-0.21875032782554626
a01_s1_neutral_angry,1,1,neutral,angry,27,-8.43749997485429,2.8125,-8.750000331550837,0.3125,10.156250153202564,-1.406250178348273,-2.187499643303454
a01_s1_neutral_angry,1,1,neutral,angry,28,-4.499999895691872,2.937500476837158,-4.624999776482582,0.75,6.406250074505806,-1.1562501788139343,-2.0625005960464478
a01_s2_happy_sad,1,2,happy,sad,0,2.0703125,2.0703125,2.0703125,2.0703125,0.0,0.0,0.0
a01_s2_happy_sad,1,2,happy,sad,1,-0.552978515625,-0.4931640625,-0.5570068359375,-0.513671875,0.05157470703125,-0.01226806640625,-0.0164794921875
a01_s2_happy_sad,1,2,happy,sad,2,-1.28515625,-1.34765625,-1.3203125,-1.4453125,-0.09375,-0.06640625,-0.0625
a01_s2_happy_sad,1,2,happy,sad,3,-1.53125,-1.484375,-1.59375,-1.53125,0.0546875,-0.0546875,0.015625
a01_s2_happy_sad,1,2,happy,sad,4,-2.109375,-1.859375,-2.265625,-1.9375,0.2890625,-0.1171875,0.078125
a01_s2_happy_sad,1,2,happy,sad,5,-1.921875,-1.90625,-2.03125,-2.078125,-0.015625,-0.140625,-0.0625
a01_s2_happy_sad,1,2,happy,sad,6,-1.796875,-1.765625,-1.78125,-1.765625,0.0234375,0.0078125,-0.015625
a01_s2_happy_sad,1,2,happy,sad,7,-0.796875,-0.8046865463256836,-0.734375,-0.8046875,-0.0390620231628418,0.031249523162841797,-0.0625009536743164
a01_s2_happy_sad,1,2,happy,sad,8,-0.4453125,-0.21875,-0.36328125,-0.125,0.232421875,0.087890625,0.01171875
a01_s2_happy_sad,1,2,happy,sad,9,1.7890625,2.125,1.84375,2.09375,0.29296875,0.01171875,-0.0859375
a01_s2_happy_sad,1,2,happy,sad,10,-1.4746103286743164,-1.772216796875,-1.45703125,-1.7249755859375,-0.2827754020690918,0.0324101448059082,0.029662132263183594
a01_s2_happy_sad,1,2,happy,sad,11,-1.84716796875,-1.3134765625,-1.69140625,-1.2342529296875,0.49542236328125,0.11749267578125,-0.0765380859375
a01_s2_happy_sad,1,2,happy,sad,12,-1.140625,-1.1855478286743164,-1.095703125,-1.02734375,0.011718273162841797,0.1015629768371582,0.1132822036743164
a01_s2_happy_sad,1,2,happy,sad,13,2.115234375,2.9921875,2.1162109375,3.046875,0.90380859375,0.02783203125,0.0537109375
a01_s2_happy_sad,1,2,happy,sad,14,0.21875,0.59375,0.1875,0.7578125,0.47265625,0.06640625,0.1953125
a01_s2_happy_sad,1,2,happy,sad,15,0.78125,0.6796875,0.640625,0.640625,-0.05078125,-0.08984375,0.1015625
a01_s2_happy_sad,1,2,happy,sad,16,0.796875,0.390625,0.71875,0.5,-0.3125,0.015625,0.1875
a01_s2_happy_sad,1,2,happy,sad,17,-0.125,-0.265625,-0.09375,-0.28125,-0.1640625,0.0078125,-0.046875
a01_s2_happy_sad,1,2,happy,sad,18,-0.5625,-0.78125,-0.21875,-0.59375,-0.296875,0.265625,-0.15625
a01_s2_happy_sad,1,2,happy,sad,19,-0.15625,-0.375,-0.25,0.0,0.015625,0.140625,0.46875
a01_s2_happy_sad,1,2,happy,sad,20,0.375,0.71875,0.34375,0.5000004768371582,0.2500002384185791,-0.1249997615814209,-0.1874995231628418
a01_s2_happy_sad,1,2,happy,sad,21,0.0625,0.3437504768371582,0.40625,-0.0625,-0.0937497615814209,-0.0312502384185791,-0.7500004768371582
a01_s2_happy_sad,1,2,happy,sad,22,-0.96875,0.28125,-0.34375,0.0625,0.828125,0.203125,-0.84375
a01_s2_happy_sad,1,2,happy,sad,23,-2.031249761581421,-2.984375,-2.375000238418579,-2.96875,-0.7734375,-0.1640627384185791,0.3593754768371582
a01_s2_happy_sad,1,2,happy,sad,24,-1.375,-2.5625,-0.3125,-2.46875,-1.671875,0.578125,-0.96875
a01_s2_happy_sad,1,2,happy,sad,25,1.125,-3.34375,2.6250001192092896,-2.5625,-4.828125059604645,1.1406250596046448,-0.7187501192092896
a01_s2_happy_sad,1,2,happy,sad,26,1.5,-2.499999761581421,2.4999999403953552,-2.0625,-4.281249850988388,0.7187498509883881,-0.5625001788139343
a01_s2_happy_sad,1,2,happy,sad,27,-0.5,-3.9999999403953552,0.75,-2.5625,-3.4062499701976776,1.3437499701976776,0.18749994039535522
a01_s2_happy_sad,1,2,happy,sad,28,-0.125,-2.875,1.0,-1.875,-2.8125,1.0625,-0.125
a01_s2_neutral_angry,1,2,neutral,angry,0,0.671875,0.671875,0.671875,0.671875,0.0,0.0,0.0
a01_s2_neutral_angry,1,2,neutral,angry,1,-0.280517578125,-0.4580078125,-0.5576171875,-0.55859375,-0.0892333984375,-0.1888427734375,0.176513671875
a01_s2_neutral_angry,1,2,neutral,angry,2,0.3203125,0.1728515625,0.21875,0.2265625,-0.06982421875,-0.02392578125,0.1552734375
a01_s2_neutral_angry,1,2,neutral,angry,3,0.109375,0.140625,0.0,0.15625,0.09375,-0.046875,0.125
a01_s2_neutral_angry,1,2,neutral,angry,4,0.0625,0.28125,-0.15625,0.25,0.3125,-0.125,0.1875
a01_s2_neutral_angry,1,2,neutral,angry,5,-0.75,-0.6875,-1.03125,-0.875,0.109375,-0.234375,0.09375
a01_s2_neutral_angry,1,2,neutral,angry,6,-1.40625,-1.1875,-1.46875,-1.1875,0.25,-0.03125,0.0625
a01_s2_neutral_angry,1,2,neutral,angry,7,-0.53125,-0.375,-0.34375,-0.21875,0.140625,0.171875,-0.03125
a01_s2_neutral_angry,1,2,neutral,angry,8,-0.203125,-0.23828125,-0.4375,-0.3828125,0.009765625,-0.189453125,0.08984375
a01_s2_neutral_angry,1,2,neutral,angry,9,0.4375,0.66015625,0.296875,0.7265625,0.326171875,-0.037109375,0.20703125
a01_s2_neutral_angry,1,2,neutral,angry,10,1.41015625,1.345703125,1.81640625,1.75,-0.0654296875,0.4052734375,-0.001953125
a01_s2_neutral_angry,1,2,neutral,angry,11,2.6953125,2.7890625,2.9375,2.828125,-0.0078125,0.140625,-0.203125
a01_s2_neutral_angry,1,2,neutral,angry,12,1.84765625,1.55078125,2.1015625,1.4921875,-0.453125,0.09765625,-0.3125
a01_s2_neutral_angry,1,2,neutral,angry,13,1.375,0.712890625,1.7578125,0.857421875,-0.78125,0.263671875,-0.23828125
a01_s2_neutral_angry,1,2,neutral,angry,14,0.625,0.484375,1.046875,0.625,-0.28125,0.28125,-0.28125
a01_s2_neutral_angry,1,2,neutral,angry,15,1.04296875,0.734375,1.34375,0.96875,-0.341796875,0.267578125,-0.06640625
a01_s2_neutral_angry,1,2,neutral,angry,16,0.3203125,-0.5390625,0.53125,-0.3359375,-0.86328125,0.20703125,-0.0078125
a01_s2_neutral_angry,1,2,neutral,angry,17,0.28125,-0.546875,0.390625,-0.484375,-0.8515625,0.0859375,-0.046875
a01_s2_neutral_angry,1,2,neutral,angry,18,-1.015625,-0.796875,-0.890625,-0.953125,0.078125,-0.015625,-0.28125
a01_s2_neutral_angry,1,2,neutral,angry,19,-0.125,-0.421875,-0.375,-0.703125,-0.3125,-0.265625,-0.03125
a01_s2_neutral_angry,1,2,neutral,angry,20,-0.28125,-0.4687495231628418,-0.40625,-0.7499995231628418,-0.2656245231628418,-0.203125,-0.15625
a01_s2_neutral_angry,1,2,neutral,angry,21,-0.78125,-1.578125,-1.09375,-1.4531245231628418,-0.5781247615814209,-0.0937497615814209,0.4375004768371582
a01_s2_neutral_angry,1,2,neutral,angry,22,-1.21875,-2.34375,-2.1875,-3.109375,-1.0234375,-0.8671875,0.203125
a01_s2_neutral_angry,1,2,neutral,angry,23,-3.062500238418579,-3.578125,-3.96875,-4.265625,-0.40624988079071045,-0.7968748807907104,0.2187497615814209
a01_s2_neutral_angry,1,2,neutral,angry,24,-5.6250001192092896,-4.640625,-6.4375001192092896,-5.3203125,1.0507813692092896,-0.74609375,0.1328125
a01_s2_neutral_angry,1,2,neutral,angry,25,-8.249999642372131,-1.75,-10.062500417232513,-1.40625,7.578125029802322,-0.734375387430191,2.156250774860382
a01_s2_neutral_angry,1,2,neutral,angry,26,-6.312500059604645,1.0,-7.687499642372131,1.9375,8.468749850988388,-0.2187497913837433,2.3124995827674866
a01_s2_neutral_angry,1,2,neutral,angry,27,-7.68750007590279,0.25,-9.062500338535756,0.9375,8.968750207219273,-0.343750131316483,2.062500262632966
a01_s2_neutral_angry,1,2,neutral,angry,28,-3.8750000819563866,0.6250002384185791,-4.374999865889549,1.000000238418579,4.937500212341547,-0.062499891966581345,0.8749997839331627
a02_s1_happy_sad,2,1,happy,sad,0,2.0703125,2.0703125,2.0703125,2.0703125,0.0,0.0,0.0
a02_s1_happy_sad,2,1,happy,sad,1,-0.544921875,-0.345703125,-0.4697265625,-0.244140625,0.21240234375,0.08837890625,0.0263671875
a02_s1_happy_sad,2,1,happy,sad,2,-1.44921875,-1.203125,-1.4375,-1.181640625,0.2509765625,0.0166015625,0.009765625
a02_s1_happy_sad,2,1,happy,sad,3,-1.875,-1.55859375,-1.8359384536743164,-1.5195302963256836,0.3164072036743164,0.0390625,1.9073486328125e-06
a02_s1_happy_sad,2,1,happy,sad,4,-2.875,-1.96875,-2.8046875,-1.890625,0.91015625,0.07421875,0.0078125
a02_s1_happy_sad,2,1,happy,sad,5,-2.328125,-1.65625,-2.21875,-1.609375,0.640625,0.078125,-0.0625
a02_s1_happy_sad,2,1,happy,sad,6,-1.96875,-1.3125,-1.875,-1.265625,0.6328125,0.0703125,-0.046875
a02_s1_happy_sad,2,1,happy,sad,7,-1.078125,-0.40625,-1.09375,-0.453125,0.65625,-0.03125,-0.03125
a02_s1_happy_sad,2,1,happy,sad,8,-1.033203125,-0.6708974838256836,-0.923828125,-0.712890625,0.2866215705871582,0.0336909294128418,-0.1513681411743164
a02_s1_happy_sad,2,1,happy,sad,9,1.583984375,2.5546875,1.755859375,2.48046875,0.84765625,0.048828125,-0.24609375
a02_s1_happy_sad,2,1,happy,sad,10,-2.3203125,-1.2734375,-2.2226552963256836,-1.375,0.9472651481628418,-0.0019526481628417969,-0.1992197036743164
a02_s1_happy_sad,2,1,happy,sad,11,-1.91796875,-1.0546875,-1.8984375,-0.94921875,0.90625,0.0625,0.0859375
a02_s1_happy_sad,2,1,happy,sad,12,-2.734375,-1.6835927963256836,-2.7734375,-1.62109375,1.1015629768371582,0.011718273162841797,0.1015615463256836
a02_s1_happy_sad,2,1,happy,sad,13,0.0546875,1.46875,-0.09375,1.4609375,1.484375,-0.078125,0.140625
a02_s1_happy_sad,2,1,happy,sad,14,-0.765625,0.109375,-0.8671875,0.203125,0.97265625,-0.00390625,0.1953125
a02_s1_happy_sad,2,1,happy,sad,15,0.75,0.40625,0.78125,0.65625,-0.234375,0.140625,0.21875
a02_s1_happy_sad,2,1,happy,sad,16,-0.546875,-0.546875,-0.4375,-0.34375,0.046875,0.15625,0.09375
a02_s1_happy_sad,2,1,happy,sad,17,-0.765625,-0.734375,-0.640625,-0.796875,-0.0625,0.03125,-0.1875
a02_s1_happy_sad,2,1,happy,sad,18,-0.71875,-0.28125,-0.40625,-0.25,0.296875,0.171875,-0.28125
a02_s1_happy_sad,2,1,happy,sad,19,-0.59375,-0.578125,0.1875,-0.625,-0.3984375,0.3671875,-0.828125
a02_s1_happy_sad,2,1,happy,sad,20,0.6875,1.0,1.0,0.46875,-0.109375,-0.109375,-0.84375
a02_s1_happy_sad,2,1,happy,sad,21,1.125,1.21875,1.3125,0.84375,-0.1875,-0.09375,-0.5625
a02_s1_happy_sad,2,1,happy,sad,22,0.0625,-0.03125,0.28125,0.03125,-0.171875,0.140625,-0.15625
a02_s1_happy_sad,2,1,happy,sad,23,-0.125,-1.5,0.6874997615814209,-1.21875,-1.6406248807907104,0.5468748807907104,-0.5312497615814209
a02_s1_happy_sad,2,1,happy,sad,24,2.3125,-0.125,1.8749998807907104,0.21875,-2.0468749403953552,-0.046875059604644775,0.7812501192092896
a02_s1_happy_sad,2,1,happy,sad,25,4.6875001192092896,1.0,3.3124998807907104,0.8125,-3.09375,-0.7812501192092896,1.187500238418579
a02_s1_happy_sad,2,1,happy,sad,26,4.500000059604645,0.4375,3.5624999701976776,0.375,-3.625000014901161,-0.5000000447034836,0.8750000894069672
a02_s1_happy_sad,2,1,happy,sad,27,2.7499998807907104,-4.437500178813934,2.3749999403953552,-4.1875,-6.875,-0.06249988079071045,0.6250001192092896
a02_s1_happy_sad,2,1,happy,sad,28,1.4999999403953552,-2.25,0.8749999403953552,-1.7499998807907104,-3.1874998807907104,-0.062499940395355225,1.1250001192092896
a02_s1_neutral_angry,2,1,neutral,angry,0,0.671875,0.671875,0.671875,0.671875,0.0,0.0,0.0
a02_s1_neutral_angry,2,1,neutral,angry,1,-0.194580078125,-0.095703125,-0.1943359375,-0.115234375,0.0889892578125,-0.0096435546875,-0.019775390625
a02_s1_neutral_angry,2,1,neutral,angry,2,0.19921875,0.23046875,0.255859375,0.27587890625,0.025634765625,0.051025390625,-0.01123046875
a02_s1_neutral_angry,2,1,neutral,angry,3,0.015625,-0.015625,0.03125,0.0,-0.03125,0.015625,0.0
a02_s1_neutral_angry,2,1,neutral,angry,4,-0.671875,-0.5625,-0.65625,-0.546875,0.109375,0.015625,0.0
a02_s1_neutral_angry,2,1,neutral,angry,5,-1.109375,-1.25,-1.125,-1.25,-0.1328125,-0.0078125,0.015625
a02_s1_neutral_angry,2,1,neutral,angry,6,-0.96875,-0.953125,-1.0,-0.90625,0.0546875,0.0078125,0.078125
a02_s1_neutral_angry,2,1,neutral,angry,7,-0.1875,0.140625,-0.125,0.15625,0.3046875,0.0390625,-0.046875
a02_s1_neutral_angry,2,1,neutral,angry,8,-1.5585927963256836,-1.518798828125,-1.5429677963256836,-1.45068359375,0.0660390853881836,0.0418701171875,0.052490234375
a02_s1_neutral_angry,2,1,neutral,angry,9,-0.0234375,-1.568359375,-0.0078125,-1.529296875,-1.533203125,0.02734375,0.0234375
a02_s1_neutral_angry,2,1,neutral,angry,10,1.1922607421875,-0.1015625,1.082275390625,-0.0859375,-1.23101806640625,-0.04718017578125,0.1256103515625
a02_s1_neutral_angry,2,1,neutral,angry,11,2.25,1.375,2.24609375,1.4609375,-0.830078125,0.041015625,0.08984375
a02_s1_neutral_angry,2,1,neutral,angry,12,1.1875,0.421875,1.366943359375,0.5234375,-0.8045654296875,0.1405029296875,-0.077880859375
a02_s1_neutral_angry,2,1,neutral,angry,13,0.97265625,0.734375,1.16015625,0.921875,-0.23828125,0.1875,0.0
a02_s1_neutral_angry,2,1,neutral,angry,14,1.578125,0.25,1.890625,0.390625,-1.4140625,0.2265625,-0.171875
a02_s1_neutral_angry,2,1,neutral,angry,15,2.1953125,1.109375,2.453125,1.296875,-1.12109375,0.22265625,-0.0703125
a02_s1_neutral_angry,2,1,neutral,angry,16,1.09375,0.265625,1.359375,0.453125,-0.8671875,0.2265625,-0.078125
a02_s1_neutral_angry,2,1,neutral,angry,17,-0.09375,-0.28125,0.203125,-0.203125,-0.296875,0.1875,-0.21875
a02_s1_neutral_angry,2,1,neutral,angry,18,-1.3125,-0.59375,-1.0,-0.34375,0.6875,0.28125,-0.0625
a02_s1_neutral_angry,2,1,neutral,angry,19,-0.15625,0.828125,0.0625,0.875,0.8984375,0.1328125,-0.171875
a02_s1_neutral_angry,2,1,neutral,angry,20,-0.4375004768371582,0.625,-0.25,0.671875,0.9921877384185791,0.1171877384185791,-0.1406254768371582
a02_s1_neutral_angry,2,1,neutral,angry,21,-1.9687495231628418,0.34375,-1.9062504768371582,0.328125,2.2734375,0.023437023162841797,-0.0781240463256836
a02_s1_neutral_angry,2,1,neutral,angry,22,-3.09375,0.109375,-2.84375,0.28125,3.1640625,0.2109375,-0.078125
a02_s1_neutral_angry,2,1,neutral,angry,23,-4.281249761581421,-1.28125,-4.09375,-1.125,2.9843748807907104,0.17187488079071045,-0.0312497615814209
a02_s1_neutral_angry,2,1,neutral,angry,24,-6.968749940395355,-1.671875,-6.624999970197678,-1.625,5.148437455296516,0.1953124850988388,-0.2968749701976776
a02_s1_neutral_angry,2,1,neutral,angry,25,-9.406250327825546,3.0625,-9.499999761581421,2.249999523162842,12.109374806284904,-0.4531249552965164,-0.7187510430812836
a02_s1_neutral_angry,2,1,neutral,angry,26,-8.312499552965164,5.312500476837158,-8.187500208616257,4.59375,13.20312511920929,-0.29687556624412537,-0.8437498211860657
a02_s1_neutral_angry,2,1,neutral,angry,27,-9.687499825842679,6.062500476837158,-9.31249971780926,4.906250476837158,14.984375248663127,-0.3906249459832907,-1.5312501080334187
a02_s1_neutral_angry,2,1,neutral,angry,28,-5.124999910593033,6.000000238418579,-4.937500208616257,5.125,10.593750178813934,-0.3437502682209015,-1.0624999403953552
a02_s2_happy_sad,2,2,happy,sad,0,2.0703125,2.0703125,2.0703125,2.0703125,0.0,0.0,0.0
a02_s2_happy_sad,2,2,happy,sad,1,-0.3603515625,-0.265625,-0.40625,-0.255859375,0.12255859375,-0.01806640625,0.0556640625
a02_s2_happy_sad,2,2,happy,sad,2,-1.263671875,-1.13671875,-1.2734375,-1.115234375,0.142578125,0.005859375,0.03125
a02_s2_happy_sad,2,2,happy,sad,3,-1.6796875,-1.5312509536743164,-1.703125,-1.4921875,0.1796870231628418,0.007812976837158203,0.0625009536743164
a02_s2_happy_sad,2,2,happy,sad,4,-2.15625,-1.703125,-2.15625,-1.6875,0.4609375,0.0078125,0.015625
a02_s2_happy_sad,2,2,happy,sad,5,-1.578125,-1.375,-1.59375,-1.40625,0.1953125,-0.0234375,-0.015625
a02_s2_happy_sad,2,2,happy,sad,6,-1.359375,-1.296875,-1.28125,-1.25,0.046875,0.0625,-0.03125
a02_s2_happy_sad,2,2,happy,sad,7,-0.640625,-0.421875,-0.546875,-0.40625,0.1796875,0.0546875,-0.078125
a02_s2_happy_sad,2,2,happy,sad,8,-0.46875,-0.1640625,-0.66015625,-0.2734375,0.345703125,-0.150390625,0.08203125
a02_s2_happy_sad,2,2,happy,sad,9,2.2421875,2.50390625,1.984375,2.43359375,0.35546875,-0.1640625,0.1875
a02_s2_happy_sad,2,2,happy,sad,10,-1.9804697036743164,-1.361328125,-1.91796875,-1.275390625,0.6308598518371582,0.0742192268371582,0.023436546325683594
a02_s2_happy_sad,2,2,happy,sad,11,-1.9921875,-1.328125,-2.0,-1.15625,0.75390625,0.08203125,0.1796875
a02_s2_happy_sad,2,2,happy,sad,12,-2.02734375,-1.4121084213256836,-2.3671884536743164,-1.40625,0.7880868911743164,-0.1669931411743164,0.345703125
a02_s2_happy_sad,2,2,happy,sad,13,-0.0234375,2.416015625,-0.1337890625,2.6015625,2.58740234375,0.03759765625,0.2958984375
a02_s2_happy_sad,2,2,happy,sad,14,-0.140625,1.28125,-0.390625,1.40625,1.609375,-0.0625,0.375
a02_s2_happy_sad,2,2,happy,sad,15,1.078125,1.828125,1.015625,1.984375,0.859375,0.046875,0.21875
a02_s2_happy_sad,2,2,happy,sad,16,0.1875,0.65625,0.140625,0.640625,0.484375,-0.03125,0.03125
a02_s2_happy_sad,2,2,happy,sad,17,-0.375,0.09375,-0.15625,0.09375,0.359375,0.109375,-0.21875
a02_s2_happy_sad,2,2,happy,sad,18,-0.375,0.0,-0.15625,0.2812495231628418,0.4062497615814209,0.2499997615814209,0.0624995231628418
a02_s2_happy_sad,2,2,happy,sad,19,0.34375,-0.1875,0.34375,0.25,-0.3125,0.21875,0.4375
a02_s2_happy_sad,2,2,happy,sad,20,0.71875,1.125,0.8125,1.40625,0.5,0.1875,0.1875
a02_s2_happy_sad,2,2,happy,sad,21,0.71875,0.4375,0.46875,0.84375,0.046875,0.078125,0.65625
a02_s2_happy_sad,2,2,happy,sad,22,0.90625,-0.6875,0.09375,-0.75,-1.21875,-0.4375,0.75
a02_s2_happy_sad,2,2,happy,sad,23,0.4375,-2.906250476837158,-0.3125,-2.71875,-2.875000238418579,-0.2812497615814209,0.9375004768371582
a02_s2_happy_sad,2,2,happy,sad,24,1.8750001192092896,-1.9375,0.9375,-1.90625,-3.3281250596046448,-0.4531250596046448,0.9687501192092896
a02_s2_happy_sad,2,2,happy,sad,25,2.375,-3.250000238418579,0.5625,-2.8750001192092896,-4.531250178813934,-0.7187499403953552,2.1875001192092896
a02_s2_happy_sad,2,2,happy,sad,26,1.937500238418579,-3.0625,0.9375,-2.937499761581421,-4.4375,-0.4375,1.1250004768371582
a02_s2_happy_sad,2,2,happy,sad,27,0.875,-7.562499836087227,-0.8749997615814209,-7.312500197440386,-7.437500135973096,-0.7500000614672899,1.999999400228262
a02_s2_happy_sad,2,2,happy,sad,28,0.6249998807907104,-4.499999761581421,-0.24999988079071045,-4.374999940395355,-4.624999850988388,-0.3749999701976776,0.9999995827674866
a02_s2_neutral_angry,2,2,neutral,angry,0,0.671875,0.671875,0.671875,0.671875,0.0,0.0,0.0
a02_s2_neutral_angry,2,2,neutral,angry,1,-0.237060546875,-0.107421875,-0.228271484375,-0.11328125,0.122314453125,0.00146484375,-0.0146484375
a02_s2_neutral_angry,2,2,neutral,angry,2,0.21875,0.31787109375,0.2568359375,0.3544921875,0.098388671875,0.037353515625,-0.00146484375
a02_s2_neutral_angry,2,2,neutral,angry,3,0.09375,0.171875,0.109375,0.1875,0.078125,0.015625,0.0
a02_s2_neutral_angry,2,2,neutral,angry,4,-0.75,-0.515625,-0.6875,-0.484375,0.21875,0.046875,-0.03125
a02_s2_neutral_angry,2,2,neutral,angry,5,-1.484375,-1.328125,-1.390625,-1.234375,0.15625,0.09375,0.0
a02_s2_neutral_angry,2,2,neutral,angry,6,-1.1875,-1.109375,-1.15625,-1.125,0.0546875,0.0078125,-0.046875
a02_s2_neutral_angry,2,2,neutral,angry,7,-0.0625,-0.015625,-0.125,-0.078125,0.046875,-0.0625,0.0
a02_s2_neutral_angry,2,2,neutral,angry,8,-1.625,-1.787109375,-1.609375,-1.66796875,-0.1103515625,0.0673828125,0.103515625
a02_s2_neutral_angry,2,2,neutral,angry,9,-0.21875,-1.1875,-0.25,-1.191436767578125,-0.9550933837890625,-0.0175933837890625,0.027313232421875
a02_s2_neutral_angry,2,2,neutral,angry,10,1.1796875,0.865234375,1.0478506088256836,0.713623046875,-0.3243403434753418,-0.1417241096496582,-0.019774436950683594
a02_s2_neutral_angry,2,2,neutral,angry,11,2.30078125,2.203125,2.15234375,2.0625,-0.09375,-0.14453125,0.0078125
a02_s2_neutral_angry,2,2,neutral,angry,12,1.71875,1.1640625,1.5703125,0.9765625,-0.57421875,-0.16796875,-0.0390625
a02_s2_neutral_angry,2,2,neutral,angry,13,1.5400390625,1.13671875,1.4624032974243164,0.9296875,-0.4680180549621582,-0.1423335075378418,-0.1293954849243164
a02_s2_neutral_angry,2,2,neutral,angry,14,1.9345703125,1.0,1.779296875,0.765625,-0.97412109375,-0.19482421875,-0.0791015625
a02_s2_neutral_angry,2,2,neutral,angry,15,2.4794921875,1.1953125,2.42578125,1.2265625,-1.24169921875,-0.01123046875,0.0849609375
a02_s2_neutral_angry,2,2,neutral,angry,16,0.9375,-0.3515625,0.96875,-0.25,-1.25390625,0.06640625,0.0703125
a02_s2_neutral_angry,2,2,neutral,angry,17,-0.28125,-0.65625,-0.234375,-0.5,-0.3203125,0.1015625,0.109375
a02_s2_neutral_angry,2,2,neutral,angry,18,-1.65625,-1.25,-1.578125,-1.203125,0.390625,0.0625,-0.03125
a02_s2_neutral_angry,2,2,neutral,angry,19,-0.140625,0.921875,-0.078125,0.9687495231628418,1.054687261581421,0.0546872615814209,-0.015625476837158203
a02_s2_neutral_angry,2,2,neutral,angry,20,-0.59375,1.2343754768371582,-0.59375,1.234375,1.828125238418579,-2.384185791015625e-07,-4.76837158203125e-07
a02_s2_neutral_angry,2,2,neutral,angry,21,-2.0,0.28125,-2.140624523162842,0.09375,2.257812261581421,-0.1640622615814209,-0.0468754768371582
a02_s2_neutral_angry,2,2,neutral,angry,22,-3.500000476837158,-0.65625,-3.593749523162842,-0.9375,2.75,-0.1874995231628418,-0.1875009536743164
a02_s2_neutral_angry,2,2,neutral,angry,23,-5.1249998807907104,-1.546875,-5.25,-1.703125,3.5624999403953552,-0.14062505960464478,-0.03124988079071045
a02_s2_neutral_angry,2,2,neutral,angry,24,-7.875000327825546,-2.3125,-8.343749552965164,-2.546875,5.679687440395355,-0.35156211256980896,0.23437422513961792
a02_s2_neutral_angry,2,2,neutral,angry,25,-11.937500298023224,-0.09375,-12.124999582767487,-0.75,11.609374940395355,-0.42187464237213135,-0.4687507152557373
a02_s2_neutral_angry,2,2,neutral,angry,26,-9.968749821186066,2.5625,-10.124999761581421,2.0625,12.359374791383743,-0.3281249701976776,-0.3437500596046448
a02_s2_neutral_angry,2,2,neutral,angry,27,-10.500000063795596,2.6875,-10.875000153668225,2.0,13.03125010873191,-0.5312500449363142,-0.31249991012737155
a02_s2_neutral_angry,2,2,neutral,angry,28,-6.125000074505806,2.625,-6.437499802559614,2.249999761581421,8.71874981932342,-0.34374998323619366,-0.06250051036477089
a03_s1_happy_sad,3,1,happy,sad,0,2.0703125,2.0703125,2.0703125,2.0703125,0.0,0.0,0.0
a03_s1_happy_sad,3,1,happy,sad,1,-0.513671875,-0.629638671875,-0.548828125,-0.58831787109375,-0.077728271484375,0.003082275390625,0.07647705078125
a03_s1_happy_sad,3,1,happy,sad,2,-1.3046875,-1.40234375,-1.279296875,-1.3515625,-0.0849609375,0.0380859375,0.025390625
a03_s1_happy_sad,3,1,happy,sad,3,-1.5546884536743164,-1.5625009536743164,-1.5781259536743164,-1.57421875,-0.0019526481628417969,-0.017577648162841797,0.011719703674316406
a03_s1_happy_sad,3,1,happy,sad,4,-1.5,-1.765625,-1.6640625,-1.953125,-0.27734375,-0.17578125,-0.0234375
a03_s1_happy_sad,3,1,happy,sad,5,-1.40625,-1.65625,-1.625,-1.953125,-0.2890625,-0.2578125,-0.078125
a03_s1_happy_sad,3,1,happy,sad,6,-1.234375,-1.5,-1.21875,-1.546875,-0.296875,-0.015625,-0.0625
a03_s1_happy_sad,3,1,happy,sad,7,-0.578125,-0.40625,-0.53125,-0.34375,0.1796875,0.0546875,0.015625
a03_s1_happy_sad,3,1,happy,sad,8,-1.84765625,-1.3828125,-1.97265625,-1.15625,0.640625,0.05078125,0.3515625
a03_s1_happy_sad,3,1,happy,sad,9,1.265625,1.484375,1.25,1.7734375,0.37109375,0.13671875,0.3046875
a03_s1_happy_sad,3,1,happy,sad,10,-2.1171875,-2.0507822036743164,-2.078125,-1.828125,0.1582026481628418,0.1308598518371582,0.1835947036743164
a03_s1_happy_sad,3,1,happy,sad,11,-2.650390625,-1.6875,-2.556884765625,-1.296875,1.1114501953125,0.2420654296875,0.297119140625
a03_s1_happy_sad,3,1,happy,sad,12,-1.986328125,-0.98828125,-1.70703125,-0.51171875,1.0966796875,0.3779296875,0.197265625
a03_s1_happy_sad,3,1,happy,sad,13,1.25390625,1.953125,1.421875,2.75390625,1.015625,0.484375,0.6328125
a03_s1_happy_sad,3,1,happy,sad,14,0.234375,0.625,0.296875,1.15625,0.625,0.296875,0.46875
a03_s1_happy_sad,3,1,happy,sad,15,-0.75,-0.3125,-0.703125,0.125,0.6328125,0.2421875,0.390625
a03_s1_happy_sad,3,1,happy,sad,16,-0.75,-0.078125,-0.75,0.09375,0.7578125,0.0859375,0.171875
a03_s1_happy_sad,3,1,happy,sad,17,-0.96875,-0.8125,-1.34375,-0.625,0.4375,-0.09375,0.5625
a03_s1_happy_sad,3,1,happy,sad,18,-1.25,-1.09375,-1.3750004768371582,-0.90625,0.3125002384185791,0.0312497615814209,0.3125004768371582
a03_s1_happy_sad,3,1,happy,sad,19,0.0625,-0.09375,0.0,0.4375,0.140625,0.234375,0.59375
a03_s1_happy_sad,3,1,happy,sad,20,0.71875,1.125,0.75,1.5,0.578125,0.203125,0.34375
a03_s1_happy_sad,3,1,happy,sad,21,2.3125,1.3125,2.59375,1.96875,-0.8125,0.46875,0.375
a03_s1_happy_sad,3,1,happy,sad,22,1.78125,0.8125,2.53125,1.546875,-0.9765625,0.7421875,-0.015625
a03_s1_happy_sad,3,1,happy,sad,23,0.0625,-0.90625,1.3125,-0.6875,-1.484375,0.734375,-1.03125
a03_s1_happy_sad,3,1,happy,sad,24,2.312499761581421,0.15625,4.437499761581421,0.0625,-3.265624761581421,1.015625,-2.21875
a03_s1_happy_sad,3,1,happy,sad,25,8.1875,-0.9375,10.812500059604645,-0.125,-10.031250029802322,1.7187500298023224,-1.8125000596046448
a03_s1_happy_sad,3,1,happy,sad,26,6.7499998807907104,-1.71875,9.406250059604645,-1.28125,-9.578124970197678,1.5468750894069672,-2.2187501788139343
a03_s1_happy_sad,3,1,happy,sad,27,3.4375000596046448,-4.062500476837158,5.937499932944775,-3.687500476837158,-8.562500473111868,1.437499936670065,-2.12499987334013
a03_s1_happy_sad,3,1,happy,sad,28,2.999999910593033,-2.5,4.624999895691872,-1.625,-5.874999903142452,1.2499999925494194,-0.7499999850988388
a03_s1_neutral_angry,3,1,neutral,angry,0,0.671875,0.671875,0.671875,0.671875,0.0,0.0,0.0
a03_s1_neutral_angry,3,1,neutral,angry,1,-0.4130859375,-0.39453125,-0.3798828125,-0.26416015625,0.067138671875,0.081787109375,0.09716796875
a03_s1_neutral_angry,3,1,neutral,angry,2,0.13671875,0.3212890625,0.115234375,0.353515625,0.21142578125,0.00537109375,0.0537109375
a03_s1_neutral_angry,3,1,neutral,angry,3,0.015625,0.078125,0.0,0.109375,0.0859375,0.0078125,0.046875
a03_s1_neutral_angry,3,1,neutral,angry,4,-0.09375,0.078125,0.0,0.3125,0.2421875,0.1640625,0.140625
a03_s1_neutral_angry,3,1,neutral,angry,5,-1.03125,-0.75,-0.96875,-0.625,0.3125,0.09375,0.0625
a03_s1_neutral_angry,3,1,neutral,angry,6,-1.125,-1.484375,-1.0625,-1.359375,-0.328125,0.09375,0.0625
a03_s1_neutral_angry,3,1,neutral,angry,7,0.140625,-0.515625,0.359375,-0.1328125,-0.57421875,0.30078125,0.1640625
a03_s1_neutral_angry,3,1,neutral,angry,8,-1.0859375,-1.2109365463256836,-1.109375,-1.0859384536743164,-0.05078125,0.050780296325683594,0.1484355926513672
a03_s1_neutral_angry,3,1,neutral,angry,9,-0.078125,-0.5078125,0.046875,-0.453125,-0.46484375,0.08984375,-0.0703125
a03_s1_neutral_angry,3,1,neutral,angry,10,0.94921875,0.6484375,1.548828125,1.015625,-0.4169921875,0.4833984375,-0.232421875
a03_s1_neutral_angry,3,1,neutral,angry,11,2.7265625,1.49609375,3.2265625,1.9052734375,-1.27587890625,0.45458984375,-0.0908203125
a03_s1_neutral_angry,3,1,neutral,angry,12,1.732421875,0.23828125,2.3658447265625,-0.265625,-2.06280517578125,0.06475830078125,-1.1373291015625
a03_s1_neutral_angry,3,1,neutral,angry,13,2.0234375,-0.046875,2.3749990463256836,-0.3203125,-2.382812023162842,0.0390620231628418,-0.6249990463256836
a03_s1_neutral_angry,3,1,neutral,angry,14,2.08203125,1.09375,2.2431640625,0.953125,-1.13916015625,0.01025390625,-0.3017578125
a03_s1_neutral_angry,3,1,neutral,angry,15,2.24609375,1.734375,2.41796875,1.15625,-0.88671875,-0.203125,-0.75
a03_s1_neutral_angry,3,1,neutral,angry,16,0.984375,-0.03125,1.171875,-0.359375,-1.2734375,-0.0703125,-0.515625
a03_s1_neutral_angry,3,1,neutral,angry,17,0.2421875,0.171875,0.3984375,-0.3125,-0.390625,-0.1640625,-0.640625
a03_s1_neutral_angry,3,1,neutral,angry,18,-1.125,-0.34375,-0.953125,-0.4375,0.6484375,0.0390625,-0.265625
a03_s1_neutral_angry,3,1,neutral,angry,19,-1.0624995231628418,0.015625,-0.71875,0.09375,0.9453122615814209,0.2109372615814209,-0.2656245231628418
a03_s1_neutral_angry,3,1,neutral,angry,20,-0.59375,0.59375,-0.65625,1.0,1.421875,0.171875,0.46875
a03_s1_neutral_angry,3,1,neutral,angry,21,-1.65625,0.34375,-1.65625,1.046875,2.3515625,0.3515625,0.703125
a03_s1_neutral_angry,3,1,neutral,angry,22,-3.812499761581421,-1.3749995231628418,-3.5,-0.28125,2.8281251192092896,0.7031246423721313,0.7812497615814209
a03_s1_neutral_angry,3,1,neutral,angry,23,-5.5312498807907104,-2.59375,-5.5312498807907104,-1.84375,3.3124998807907104,0.375,0.75
a03_s1_neutral_angry,3,1,neutral,angry,24,-7.093749761581421,-2.59375,-7.687499925494194,-1.90625,5.1406248435378075,0.046874918043613434,1.2812501639127731
a03_s1_neutral_angry,3,1,neutral,angry,25,-11.68750025331974,6.1249998807907104,-12.093750029802322,7.1562498807907104,18.531250022351742,0.31250011175870895,1.437499776482582
a03_s1_neutral_angry,3,1,neutral,angry,26,-8.874999836087227,6.093749761581421,-9.374999806284904,7.281249761581421,15.812499582767487,0.3437500149011612,1.6874999701976776
a03_s1_neutral_angry,3,1,neutral,angry,27,-9.25000034214463,6.187499813735485,-10.250000254134648,7.375000231899321,16.531250320957042,0.09375025308690965,2.1875003301538527
a03_s1_neutral_angry,3,1,neutral,angry,28,-4.500000070780516,4.875000094994903,-4.875000011175871,6.1249998258426785,10.187500001396984,0.43749989522621036,1.6249996712431312
a03_s2_happy_sad,3,2,happy,sad,0,2.0703125,2.0703125,2.0703125,2.0703125,0.0,0.0,0.0
a03_s2_happy_sad,3,2,happy,sad,1,-0.7327880859375,-0.68408203125,-0.72943115234375,-0.61279296875,0.082672119140625,0.037322998046875,0.06793212890625
a03_s2_happy_sad,3,2,happy,sad,2,-1.4453125,-1.4453125,-1.390625,-1.37109375,0.009765625,0.064453125,0.01953125
a03_s2_happy_sad,3,2,happy,sad,3,-2.0,-1.94140625,-1.9140625,-1.8125009536743164,0.0800776481628418,0.1074213981628418,0.042967796325683594
a03_s2_happy_sad,3,2,happy,sad,4,-2.4140625,-1.71875,-2.3671875,-1.6875,0.6875,0.0390625,-0.015625
a03_s2_happy_sad,3,2,happy,sad,5,-2.15625,-1.640625,-2.25,-1.796875,0.484375,-0.125,-0.0625
a03_s2_happy_sad,3,2,happy,sad,6,-1.625,-1.046875,-1.703125,-1.125,0.578125,-0.078125,0.0
a03_s2_happy_sad,3,2,happy,sad,7,-0.59375,-0.0625,-0.734375,-0.046875,0.609375,-0.0625,0.15625
a03_s2_happy_sad,3,2,happy,sad,8,-1.140625,-0.7890625,-1.4140625,-0.8359375,0.46484375,-0.16015625,0.2265625
a03_s2_happy_sad,3,2,happy,sad,9,1.0,1.375,1.109375,1.40625,0.3359375,0.0703125,-0.078125
a03_s2_happy_sad,3,2,happy,sad,10,-2.72412109375,-1.896484375,-2.591796875,-1.73193359375,0.84375,0.1484375,0.0322265625
a03_s2_happy_sad,3,2,happy,sad,11,-2.6640625,-2.5,-2.64453125,-2.3828125,0.212890625,0.068359375,0.09765625
a03_s2_happy_sad,3,2,happy,sad,12,-1.4453125,-1.81640625,-1.29638671875,-1.583984375,-0.329345703125,0.190673828125,0.08349609375
a03_s2_happy_sad,3,2,happy,sad,13,1.4453125,0.7890625,1.48828125,1.109375,-0.517578125,0.181640625,0.27734375
a03_s2_happy_sad,3,2,happy,sad,14,-0.09375,-0.25,-0.03125,-0.0625,-0.09375,0.125,0.125
a03_s2_happy_sad,3,2,happy,sad,15,0.171875,-0.84375,0.09375,-0.625,-0.8671875,0.0703125,0.296875
a03_s2_happy_sad,3,2,happy,sad,16,0.515625,-1.234375,0.609375,-1.140625,-1.75,0.09375,0.0
a03_s2_happy_sad,3,2,happy,sad,17,-0.1875,-1.109375,-0.34375,-1.078125,-0.828125,-0.0625,0.1875
a03_s2_happy_sad,3,2,happy,sad,18,-0.71875,-1.21875,-0.5625,-1.1875,-0.5625,0.09375,-0.125
a03_s2_happy_sad,3,2,happy,sad,19,0.71875,-0.453125,0.78125,-0.484375,-1.21875,0.015625,-0.09375
a03_s2_happy_sad,3,2,happy,sad,20,0.46875,0.375,0.0625,0.625,0.234375,-0.078125,0.65625
a03_s2_happy_sad,3,2,happy,sad,21,-0.8125,1.3125,-1.25,0.96875,2.171875,-0.390625,0.09375
a03_s2_happy_sad,3,2,happy,sad,22,-1.71875,1.421875,-1.8125,1.046875,3.0,-0.234375,-0.28125
a03_s2_happy_sad,3,2,happy,sad,23,-4.875,0.1875,-4.593749761581421,-0.375,4.6406248807907104,-0.14062488079071045,-0.8437502384185791
a03_s2_happy_sad,3,2,happy,sad,24,-4.312500178813934,1.953125,-3.8749999403953552,0.8125,5.476562559604645,-0.35156238079071045,-1.578125238418579
a03_s2_happy_sad,3,2,happy,sad,25,-5.875000059604645,3.8125,-4.874999895691872,1.78125,8.171874977648258,-0.5156249180436134,-3.031250163912773
a03_s2_happy_sad,3,2,happy,sad,26,-3.625000089406967,3.031250238418579,-2.812499910593033,1.25,5.3593751192092896,-0.4843750298023224,-2.5937504172325134
a03_s2_happy_sad,3,2,happy,sad,27,-6.125000208849087,0.75,-5.4999999213032424,-0.7499997615814209,5.8125001842854545,-0.437499737017788,-2.125000049127266
a03_s2_happy_sad,3,2,happy,sad,28,-2.375000074505806,0.875,-2.124999925494194,0.125,2.75,-0.24999992549419403,-1.000000149011612
a03_s2_neutral_angry,3,2,neutral,angry,0,0.671875,0.671875,0.671875,0.671875,0.0,0.0,0.0
a03_s2_neutral_angry,3,2,neutral,angry,1,-0.466796875,-0.560546875,-0.46533203125,-0.4573974609375,-0.04290771484375,0.05230712890625,0.1016845703125
a03_s2_neutral_angry,3,2,neutral,angry,2,-0.01171875,0.384765625,0.021484375,0.46875,0.421875,0.05859375,0.05078125
a03_s2_neutral_angry,3,2,neutral,angry,3,-0.078125,0.296875,-0.078125,0.34375,0.3984375,0.0234375,0.046875
a03_s2_neutral_angry,3,2,neutral,angry,4,-0.15625,0.21875,-0.21875,0.21875,0.40625,-0.03125,0.0625
a03_s2_neutral_angry,3,2,neutral,angry,5,-1.125,-0.703125,-1.125,-0.71875,0.4140625,-0.0078125,-0.015625
a03_s2_neutral_angry,3,2,neutral,angry,6,-1.46875,-1.703125,-1.4375,-1.703125,-0.25,0.015625,-0.03125
a03_s2_neutral_angry,3,2,neutral,angry,7,-0.09375,-0.6328125,-0.078125,-0.5859375,-0.5234375,0.03125,0.03125
a03_s2_neutral_angry,3,2,neutral,angry,8,-1.3046875,-0.40234375,-1.24609375,-0.482421875,0.8330078125,-0.0107421875,-0.138671875
a03_s2_neutral_angry,3,2,neutral,angry,9,-0.109375,0.111328125,-0.0625,-0.05322265625,0.114990234375,-0.058837890625,-0.21142578125
a03_s2_neutral_angry,3,2,neutral,angry,10,1.11328125,0.13232421875,1.68310546875,0.142578125,-1.2607421875,0.2900390625,-0.5595703125
a03_s2_neutral_angry,3,2,neutral,angry,11,2.9140625,1.499267578125,3.4921875,1.67205810546875,-1.617462158203125,0.375457763671875,-0.40533447265625
a03_s2_neutral_angry,3,2,neutral,angry,12,2.0966796875,0.453125,2.7968759536743164,0.361328125,-2.039551258087158,0.3041996955871582,-0.7919931411743164
a03_s2_neutral_angry,3,2,neutral,angry,13,1.896484375,-1.248046875,2.4609375,-1.12890625,-3.3671875,0.341796875,-0.4453125
a03_s2_neutral_angry,3,2,neutral,angry,14,2.384765625,-0.5546875,2.830078125,-0.625,-3.197265625,0.1875,-0.515625
a03_s2_neutral_angry,3,2,neutral,angry,15,2.40478515625,0.25,2.74609375,0.5,-2.200439453125,0.295654296875,-0.09130859375
a03_s2_neutral_angry,3,2,neutral,angry,16,0.6484375,-1.1328125,1.1796875,-1.0234375,-1.9921875,0.3203125,-0.421875
a03_s2_neutral_angry,3,2,neutral,angry,17,0.1171875,-0.6875,0.6171875,-0.9375,-1.1796875,0.125,-0.75
a03_s2_neutral_angry,3,2,neutral,angry,18,-1.296875,-1.53125,-0.890625,-1.8281254768371582,-0.5859377384185791,0.0546872615814209,-0.7031254768371582
a03_s2_neutral_angry,3,2,neutral,angry,19,-0.59375,0.046875,0.0,-0.25,0.1953125,0.1484375,-0.890625
a03_s2_neutral_angry,3,2,neutral,angry,20,-0.71875,0.34375,-0.34375,-0.03125,0.6875,0.0,-0.75
a03_s2_neutral_angry,3,2,neutral,angry,21,-1.1875,0.3125,-1.21875,0.09375,1.40625,-0.125,-0.1875
a03_s2_neutral_angry,3,2,neutral,angry,22,-2.75,-0.375,-2.625,-0.3125,2.34375,0.09375,-0.0625
a03_s2_neutral_angry,3,2,neutral,angry,23,-5.124999761581421,-1.609375,-4.812500238418579,-1.3125,3.5078125,0.3046872615814209,-0.015624523162841797
a03_s2_neutral_angry,3,2,neutral,angry,24,-6.843750149011612,-2.234375,-7.218749895691872,-1.84375,4.992187522351742,0.007812626659870148,0.7656247466802597
a03_s2_neutral_angry,3,2,neutral,angry,25,-10.843750387430191,1.40625,-10.124999701976776,1.5625,11.968750044703484,0.43750034272670746,-0.5625006854534149
a03_s2_neutral_angry,3,2,neutral,angry,26,-7.812500447034836,2.4375,-7.5625001192092896,2.71875,10.265625283122063,0.26562516391277313,0.031249672174453735
a03_s2_neutral_angry,3,2,neutral,angry,27,-8.687500062864274,2.0,-8.125000004190952,2.187499761581421,10.499999914318323,0.37499991012737155,-0.3750002970919013
a03_s2_neutral_angry,3,2,neutral,angry,28,-4.000000238418579,2.125,-3.625000089406967,2.0625,5.906250163912773,0.15625007450580597,-0.43750014901161194
a04_s1_happy_sad,4,1,happy,sad,0,2.0703125,2.0703125,2.0703125,2.0703125,0.0,0.0,0.0
a04_s1_happy_sad,4,1,happy,sad,1,-0.4375,-0.4375,-0.439453125,-0.4755859375,-0.01806640625,-0.02001953125,-0.0361328125
a04_s1_happy_sad,4,1,happy,sad,2,-1.333984375,-1.375,-1.28515625,-1.36328125,-0.0595703125,0.0302734375,-0.037109375
a04_s1_happy_sad,4,1,happy,sad,3,-1.71484375,-1.6015625,-1.671875,-1.61328125,0.0859375,0.015625,-0.0546875
a04_s1_happy_sad,4,1,happy,sad,4,-2.4765625,-2.2421875,-2.546875,-2.2578125,0.26171875,-0.04296875,0.0546875
a04_s1_happy_sad,4,1,happy,sad,5,-2.328125,-1.78125,-2.3125,-1.859375,0.5,-0.03125,-0.09375
a04_s1_happy_sad,4,1,happy,sad,6,-1.796875,-1.1875,-1.8125,-1.234375,0.59375,-0.03125,-0.03125
a04_s1_happy_sad,4,1,happy,sad,7,-0.75,-0.359375,-0.734375,-0.4375,0.34375,-0.03125,-0.09375
a04_s1_happy_sad,4,1,happy,sad,8,-0.349609375,-0.701171875,-0.38232421875,-0.708984375,-0.339111328125,-0.020263671875,0.02490234375
a04_s1_happy_sad,4,1,happy,sad,9,1.23046875,1.48828125,1.23046875,1.578125,0.302734375,0.044921875,0.08984375
a04_s1_happy_sad,4,1,happy,sad,10,-1.8125,-2.408203125,-1.796875,-2.431640625,-0.615234375,-0.00390625,-0.0390625
a04_s1_happy_sad,4,1,happy,sad,11,-1.125,-1.890625,-1.26171875,-1.79296875,-0.6484375,-0.01953125,0.234375
a04_s1_happy_sad,4,1,happy,sad,12,-1.810546875,-2.345703125,-1.80078125,-2.302734375,-0.5185546875,0.0263671875,0.033203125
a04_s1_happy_sad,4,1,happy,sad,13,2.3720703125,1.200927734375,2.0908203125,1.0283203125,-1.1168212890625,-0.2269287109375,0.108642578125
a04_s1_happy_sad,4,1,happy,sad,14,1.171875,0.15625,1.109375,0.203125,-0.9609375,-0.0078125,0.109375
a04_s1_happy_sad,4,1,happy,sad,15,1.84375,0.59375,1.8125,0.78125,-1.140625,0.078125,0.21875
a04_s1_happy_sad,4,1,happy,sad,16,0.84375,0.046875,0.9375,0.28125,-0.7265625,0.1640625,0.140625
a04_s1_happy_sad,4,1,happy,sad,17,-0.25,-0.90625,0.03125,-0.796875,-0.7421875,0.1953125,-0.171875
a04_s1_happy_sad,4,1,happy,sad,18,-0.21875,-0.78125,0.03125,-0.875,-0.734375,0.078125,-0.34375
a04_s1_happy_sad,4,1,happy,sad,19,0.09375,-0.03125,0.65625,0.03125,-0.375,0.3125,-0.5
a04_s1_happy_sad,4,1,happy,sad,20,1.15625,0.78125,1.3125,0.78125,-0.453125,0.078125,-0.15625
a04_s1_happy_sad,4,1,happy,sad,21,1.34375,0.34375,1.343749761581421,0.84375,-0.7499998807907104,0.24999988079071045,0.5000002384185791
a04_s1_happy_sad,4,1,happy,sad,22,-0.1875,-0.34375,-0.28125,0.4375,0.28125,0.34375,0.875
a04_s1_happy_sad,4,1,happy,sad,23,-1.1875,0.125,-0.9374997615814209,0.875,1.5624998807907104,0.5000001192092896,0.4999997615814209
a04_s1_happy_sad,4,1,happy,sad,24,1.2500001192092896,2.0625,0.875,3.312500238418579,1.6250000596046448,0.4375000596046448,1.6250003576278687
a04_s1_happy_sad,4,1,happy,sad,25,1.875,2.6875,0.875,5.187500178813934,2.562500089406967,0.7500000894069672,3.5000001788139343
a04_s1_happy_sad,4,1,happy,sad,26,2.250000089406967,3.0000000596046448,1.1250000596046448,5.249999850988388,2.4374998807907104,0.5624998807907104,3.3749998211860657
a04_s1_happy_sad,4,1,happy,sad,27,-0.375,0.5,-0.7499999701976776,2.7499998807907104,2.187499925494194,0.9374999552965164,2.624999850988388
a04_s1_happy_sad,4,1,happy,sad,28,0.125,0.5,0.0,1.6249998807907104,0.9999999403953552,0.4999999403953552,1.2499998807907104
a04_s1_neutral_angry,4,1,neutral,angry,0,0.671875,0.671875,0.671875,0.671875,0.0,0.0,0.0
a04_s1_neutral_angry,4,1,neutral,angry,1,-0.062347412109375,-0.083984375,-0.2125244140625,-0.177734375,0.0065765380859375,-0.1219635009765625,0.056427001953125
a04_s1_neutral_angry,4,1,neutral,angry,2,0.3359375,0.4921875,0.2890625,0.4990234375,0.18310546875,-0.02001953125,0.0537109375
a04_s1_neutral_angry,4,1,neutral,angry,3,0.0,0.1328125,-0.015625,0.171875,0.16015625,0.01171875,0.0546875
a04_s1_neutral_angry,4,1,neutral,angry,4,-0.375,-0.390625,-0.53125,-0.46875,0.0234375,-0.1171875,0.078125
a04_s1_neutral_angry,4,1,neutral,angry,5,-1.15625,-1.125,-1.265625,-1.1875,0.0546875,-0.0859375,0.046875
a04_s1_neutral_angry,4,1,neutral,angry,6,-1.421875,-0.84375,-1.4375,-0.796875,0.609375,0.015625,0.0625
a04_s1_neutral_angry,4,1,neutral,angry,7,-0.578125,-0.28125,-0.453125,-0.015625,0.3671875,0.1953125,0.140625
a04_s1_neutral_angry,4,1,neutral,angry,8,-1.376953125,-1.35546875,-1.271484375,-1.1875,0.052734375,0.13671875,0.0625
a04_s1_neutral_angry,4,1,neutral,angry,9,-0.578125,-0.89453125,-0.5859375,-0.841796875,-0.2861328125,0.0224609375,0.060546875
a04_s1_neutral_angry,4,1,neutral,angry,10,-0.03125,0.76171875,0.2421875,1.042816162109375,0.7967987060546875,0.2772674560546875,0.007659912109375
a04_s1_neutral_angry,4,1,neutral,angry,11,0.93359375,1.6796875,0.9609375,2.0,0.892578125,0.173828125,0.29296875
a04_s1_neutral_angry,4,1,neutral,angry,12,-0.2080078125,-0.5859375,0.142578125,-0.34375,-0.43212890625,0.29638671875,-0.1083984375
a04_s1_neutral_angry,4,1,neutral,angry,13,0.6171875,0.15625,0.8876953125,0.109375,-0.61962890625,0.11181640625,-0.3173828125
a04_s1_neutral_angry,4,1,neutral,angry,14,0.953125,0.03125,1.2265625,0.1015625,-1.0234375,0.171875,-0.203125
a04_s1_neutral_angry,4,1,neutral,angry,15,1.58984375,1.1328125,1.328125,0.9140625,-0.435546875,-0.240234375,0.04296875
a04_s1_neutral_angry,4,1,neutral,angry,16,0.671875,0.390625,0.65625,0.5234375,-0.20703125,0.05859375,0.1484375
a04_s1_neutral_angry,4,1,neutral,angry,17,0.125,-0.171875,0.1875,-0.296875,-0.390625,-0.03125,-0.1875
a04_s1_neutral_angry,4,1,neutral,angry,18,-1.21875,-0.40625,-1.3125,-0.53125,0.796875,-0.109375,-0.03125
a04_s1_neutral_angry,4,1,neutral,angry,19,-0.0625,1.359375,-0.8125,1.1875,1.7109375,-0.4609375,0.578125
a04_s1_neutral_angry,4,1,neutral,angry,20,0.15625,0.9375,-0.6249995231628418,0.75,1.078124761581421,-0.4843747615814209,0.5937495231628418
a04_s1_neutral_angry,4,1,neutral,angry,21,-1.34375,0.296875,-1.5625,0.109375,1.65625,-0.203125,0.03125
a04_s1_neutral_angry,4,1,neutral,angry,22,-3.125,-0.75,-3.125000238418579,-1.15625,2.1718751192092896,-0.20312511920928955,-0.4062497615814209
a04_s1_neutral_angry,4,1,neutral,angry,23,-4.9062498807907104,-2.078125,-4.2187498807907104,-2.703125,2.1718748807907104,0.03125,-1.3125
a04_s1_neutral_angry,4,1,neutral,angry,24,-7.062499970197678,-2.328125,-6.906249821186066,-2.859375,4.390624895691872,-0.18749992549419403,-0.6875001490116119
a04_s1_neutral_angry,4,1,neutral,angry,25,-9.999999552965164,3.390625,-10.062500089406967,1.9843754768371582,12.718750059604645,-0.7343750298023224,-1.3437489867210388
a04_s1_neutral_angry,4,1,neutral,angry,26,-8.437499657273293,5.6875,-8.562499582767487,4.3125,13.49999962002039,-0.749999962747097,-1.250000074505806
a04_s1_neutral_angry,4,1,neutral,angry,27,-8.562499609775841,6.5,-8.874999586492777,5.875,14.906249598134309,-0.4687499883584678,-0.31250002328306437
a04_s1_neutral_angry,4,1,neutral,angry,28,-4.500000134110451,7.000000357627869,-4.375000149011612,6.687499761581421,11.281250201165676,-0.09375030547380447,-0.43750058114528656
a04_s2_happy_sad,4,2,happy,sad,0,2.0703125,2.0703125,2.0703125,2.0703125,0.0,0.0,0.0
a04_s2_happy_sad,4,2,happy,sad,1,-0.396484375,-0.369140625,-0.41015625,-0.380859375,0.0283203125,-0.0126953125,0.001953125
a04_s2_happy_sad,4,2,happy,sad,2,-1.134765625,-1.1953125,-1.166015625,-1.263671875,-0.0791015625,-0.0498046875,-0.037109375
a04_s2_happy_sad,4,2,happy,sad,3,-1.6523427963256836,-1.7265634536743164,-1.744140625,-1.7812490463256836,-0.0556645393371582,-0.0732417106628418,0.03711223602294922
a04_s2_happy_sad,4,2,happy,sad,4,-2.53125,-2.5078125,-2.65625,-2.5234375,0.078125,-0.0703125,0.109375
a04_s2_happy_sad,4,2,happy,sad,5,-2.0625,-2.2578115463256836,-2.2109375,-2.34375,-0.1640620231628418,-0.1171879768371582,0.062499046325683594
a04_s2_happy_sad,4,2,happy,sad,6,-1.515625,-1.546875,-1.625,-1.59375,0.0,-0.078125,0.0625
a04_s2_happy_sad,4,2,happy,sad,7,-0.5000009536743164,-0.6874990463256836,-0.53125,-0.796875,-0.2265615463256836,-0.0703125,-0.07812690734863281
a04_s2_happy_sad,4,2,happy,sad,8,-0.640625,-0.23828125,-0.5537109375,-0.1171875,0.41943359375,0.10400390625,0.0341796875
a04_s2_happy_sad,4,2,happy,sad,9,1.1962890625,1.40234375,1.22265625,1.52734375,0.25537109375,0.07568359375,0.0986328125
a04_s2_happy_sad,4,2,happy,sad,10,-1.9677734375,-2.4179677963256836,-2.0009765625,-2.39453125,-0.4218745231628418,-0.004883289337158203,0.056639671325683594
a04_s2_happy_sad,4,2,happy,sad,11,-1.45703125,-2.015625,-1.40625,-1.90234375,-0.52734375,0.08203125,0.0625
a04_s2_happy_sad,4,2,happy,sad,12,-1.73046875,-1.71484375,-1.57177734375,-1.77734375,-0.094970703125,0.048095703125,-0.22119140625
a04_s2_happy_sad,4,2,happy,sad,13,0.7734375,1.15625,0.90625,1.12890625,0.302734375,0.052734375,-0.16015625
a04_s2_happy_sad,4,2,happy,sad,14,0.28125,0.484375,0.53125,0.65625,0.1640625,0.2109375,-0.078125
a04_s2_happy_sad,4,2,happy,sad,15,0.46875,0.78125,0.71875,0.9375,0.265625,0.203125,-0.09375
a04_s2_happy_sad,4,2,happy,sad,16,-0.28125,-0.1875,-0.109375,-0.21875,-0.0078125,0.0703125,-0.203125
a04_s2_happy_sad,4,2,happy,sad,17,-0.5625,-0.703125,-0.421875,-0.703125,-0.2109375,0.0703125,-0.140625
a04_s2_happy_sad,4,2,happy,sad,18,-0.1875,-0.53125,-0.09375,-0.75,-0.5,-0.0625,-0.3125
a04_s2_happy_sad,4,2,happy,sad,19,-0.15625,0.09375,0.15625,0.375,0.234375,0.296875,-0.03125
a04_s2_happy_sad,4,2,happy,sad,20,0.9375,0.4375,1.0625,0.71875,-0.421875,0.203125,0.15625
a04_s2_happy_sad,4,2,happy,sad,21,1.21875,1.96875,1.75,2.5,0.75,0.53125,0.0
a04_s2_happy_sad,4,2,happy,sad,22,0.625,0.71875,1.375,1.375,0.046875,0.703125,-0.09375
a04_s2_happy_sad,4,2,happy,sad,23,-0.75,0.9375,-0.1875,1.40625,1.640625,0.515625,-0.09375
a04_s2_happy_sad,4,2,happy,sad,24,1.90625,3.96875,2.15625,4.0,1.953125,0.140625,-0.21875
a04_s2_happy_sad,4,2,happy,sad,25,3.562500238418579,6.156249523162842,3.500000238418579,5.875,2.484374523162842,-0.1718747615814209,-0.2187495231628418
a04_s2_happy_sad,4,2,happy,sad,26,4.0625001192092896,5.34375,3.7812501192092896,5.1875,1.3437498807907104,-0.21875,0.125
a04_s2_happy_sad,4,2,happy,sad,27,1.6249998807907104,6.6250001192092896,2.2500000596046448,6.249999925494194,4.500000052154064,0.1249999925494194,-1.0000003725290298
a04_s2_happy_sad,4,2,happy,sad,28,1.6250000298023224,3.7499999701976776,2.5000000596046448,4.0,1.8124999403953552,0.5625000298023224,-0.625
a04_s2_neutral_angry,4,2,neutral,angry,0,0.671875,0.671875,0.671875,0.671875,0.0,0.0,0.0
a04_s2_neutral_angry,4,2,neutral,angry,1,-0.0997314453125,-0.14208984375,-0.3272705078125,-0.2099609375,0.0374755859375,-0.147705078125,0.15966796875
a04_s2_neutral_angry,4,2,neutral,angry,2,0.35693359375,0.423828125,0.2490234375,0.439453125,0.128662109375,-0.046142578125,0.12353515625
a04_s2_neutral_angry,4,2,neutral,angry,3,0.109375,0.2265625,-0.0625,0.171875,0.17578125,-0.11328125,0.1171875
a04_s2_neutral_angry,4,2,neutral,angry,4,-0.21875,-0.421875,-0.40625,-0.5,-0.1484375,-0.1328125,0.109375
a04_s2_neutral_angry,4,2,neutral,angry,5,-1.09375,-1.296875,-1.25,-1.28125,-0.1171875,-0.0703125,0.171875
a04_s2_neutral_angry,4,2,neutral,angry,6,-1.4375,-0.65625,-1.484375,-0.640625,0.8125,-0.015625,0.0625
a04_s2_neutral_angry,4,2,neutral,angry,7,-0.9609384536743164,0.140625,-0.8437490463256836,0.296875,1.12109375,0.1367197036743164,0.03906059265136719
a04_s2_neutral_angry,4,2,neutral,angry,8,-1.2578134536743164,-1.19140625,-1.23046875,-1.1923828125,0.0522465705871582,0.013184070587158203,-0.028321266174316406
a04_s2_neutral_angry,4,2,neutral,angry,9,0.453125,-0.7705078125,0.3359375,-0.65576171875,-1.107666015625,-0.001220703125,0.23193359375
a04_s2_neutral_angry,4,2,neutral,angry,10,1.1328125,2.01513671875,1.3330087661743164,1.8544921875,0.7019038200378418,0.019775867462158203,-0.3608407974243164
a04_s2_neutral_angry,4,2,neutral,angry,11,1.994140625,2.9609375,2.375,3.14453125,0.8681640625,0.2822265625,-0.197265625
a04_s2_neutral_angry,4,2,neutral,angry,12,0.74609375,0.015625,0.8828125,0.046875,-0.783203125,0.083984375,-0.10546875
a04_s2_neutral_angry,4,2,neutral,angry,13,0.5625,0.015625,0.53125,-0.171875,-0.625,-0.109375,-0.15625
a04_s2_neutral_angry,4,2,neutral,angry,14,0.5703125,-0.078125,0.5390625,-0.09375,-0.640625,-0.0234375,0.015625
a04_s2_neutral_angry,4,2,neutral,angry,15,1.71875,0.96875,1.6015625,1.21875,-0.56640625,0.06640625,0.3671875
a04_s2_neutral_angry,4,2,neutral,angry,16,0.5,-0.203125,0.5,-0.0859375,-0.64453125,0.05859375,0.1171875
a04_s2_neutral_angry,4,2,neutral,angry,17,0.390625,-0.6484375,0.28125,-0.703125,-1.01171875,-0.08203125,0.0546875
a04_s2_neutral_angry,4,2,neutral,angry,18,-1.03125,-0.953125,-1.203125,-0.9375,0.171875,-0.078125,0.1875
a04_s2_neutral_angry,4,2,neutral,angry,19,0.4062495231628418,1.2421875,-0.25,1.3125,1.199218988418579,-0.2929685115814209,0.7265620231628418
a04_s2_neutral_angry,4,2,neutral,angry,20,-0.28125,1.09375,-0.78125,1.125,1.640625,-0.234375,0.53125
a04_s2_neutral_angry,4,2,neutral,angry,21,-2.296874523162842,0.8828125,-2.71875,0.90625,3.402343511581421,-0.1992189884185791,0.4453129768371582
a04_s2_neutral_angry,4,2,neutral,angry,22,-2.34375,-0.34375,-2.937500238418579,-0.1875,2.3750001192092896,-0.21875011920928955,0.7500002384185791
a04_s2_neutral_angry,4,2,neutral,angry,23,-4.0,-2.359375,-4.250000238418579,-1.875,2.0078126192092896,0.11718738079071045,0.7343752384185791
a04_s2_neutral_angry,4,2,neutral,angry,24,-5.468750238418579,-2.765625,-6.187499940395355,-2.4453125,3.222656339406967,-0.19921860098838806,1.0390622019767761
a04_s2_neutral_angry,4,2,neutral,angry,25,-9.281250163912773,1.375,-10.093749687075615,1.15625,10.953124925494194,-0.5156247615814209,0.5937495231628418
a04_s2_neutral_angry,4,2,neutral,angry,26,-7.062499821186066,3.125,-7.812499761581421,2.78125,10.390624791383743,-0.5468749701976776,0.4062499403953552
a04_s2_neutral_angry,4,2,neutral,angry,27,-7.812499829567969,4.312500476837158,-8.374999839346856,4.437500476837158,12.46875031129457,-0.21875000488944352,0.687500009778887
a04_s2_neutral_angry,4,2,neutral,angry,28,-3.8749998211860657,4.5,-3.875000014901161,4.562500476837158,8.406250156462193,0.03125014156103134,0.06250067055225372
a05_s1_happy_sad,5,1,happy,sad,0,2.0703125,2.0703125,2.0703125,2.0703125,0.0,0.0,0.0
a05_s1_happy_sad,5,1,happy,sad,1,-0.6240234375,-0.59283447265625,-0.5556640625,-0.542236328125,0.022308349609375,0.059478759765625,-0.01776123046875
a05_s1_happy_sad,5,1,happy,sad,2,-1.2890625,-1.3671875,-1.0859375,-1.26953125,-0.130859375,0.150390625,-0.10546875
a05_s1_happy_sad,5,1,happy,sad,3,-1.39453125,-1.421875,-1.25390625,-1.3593759536743164,-0.0664067268371582,0.1015620231628418,-0.0781259536743164
a05_s1_happy_sad,5,1,happy,sad,4,-1.34375,-1.46875,-1.3125,-1.484375,-0.1484375,0.0078125,-0.046875
a05_s1_happy_sad,5,1,happy,sad,5,-1.234375,-1.46875,-1.171875,-1.484375,-0.2734375,0.0234375,-0.078125
a05_s1_happy_sad,5,1,happy,sad,6,-1.25,-1.390625,-1.15625,-1.46875,-0.2265625,0.0078125,-0.171875
a05_s1_happy_sad,5,1,happy,sad,7,-0.6875,-0.953125,-0.53125,-1.015625,-0.375,0.046875,-0.21875
a05_s1_happy_sad,5,1,happy,sad,8,-1.234375,-1.4609375,-1.30078125,-1.3828125,-0.154296875,0.005859375,0.14453125
a05_s1_happy_sad,5,1,happy,sad,9,2.046875,1.5,2.046875,1.546875,-0.5234375,0.0234375,0.046875
a05_s1_happy_sad,5,1,happy,sad,10,-2.48046875,-1.263671875,-2.1601572036743164,-0.96875,1.2041020393371582,0.3076167106628418,-0.025389671325683594
a05_s1_happy_sad,5,1,happy,sad,11,-2.1640625,-0.8828125,-1.79296875,-0.7734375,1.150390625,0.240234375,-0.26171875
a05_s1_happy_sad,5,1,happy,sad,12,-2.08984375,-0.7363290786743164,-1.50390625,-0.484375,1.1865229606628418,0.4189457893371582,-0.3339834213256836
a05_s1_happy_sad,5,1,happy,sad,13,1.53125,2.3593759536743164,2.2392578125,2.53125,0.5600590705871582,0.4399409294128418,-0.5361337661743164
a05_s1_happy_sad,5,1,happy,sad,14,1.265625,0.375,1.25,0.65625,-0.7421875,0.1328125,0.296875
a05_s1_happy_sad,5,1,happy,sad,15,0.75,0.53125,0.71875,0.6875,-0.125,0.0625,0.1875
a05_s1_happy_sad,5,1,happy,sad,16,-0.1875,0.03125,-0.1875,0.65625,0.53125,0.3125,0.625
a05_s1_happy_sad,5,1,happy,sad,17,-1.03125,-0.484375,-0.828125,-0.390625,0.4921875,0.1484375,-0.109375
a05_s1_happy_sad,5,1,happy,sad,18,-0.78125,-0.71875,-0.40625,-0.5,-0.015625,0.296875,-0.15625
a05_s1_happy_sad,5,1,happy,sad,19,0.0,-1.1875,0.15625,-0.5,-0.921875,0.421875,0.53125
a05_s1_happy_sad,5,1,happy,sad,20,0.65625,0.1875,0.78125,0.71875,-0.265625,0.328125,0.40625
a05_s1_happy_sad,5,1,happy,sad,21,1.28125,-0.21875,1.5,0.21875,-1.390625,0.328125,0.21875
a05_s1_happy_sad,5,1,happy,sad,22,1.09375,-0.578125,0.46875,-0.484375,-1.3125,-0.265625,0.71875
a05_s1_happy_sad,5,1,happy,sad,23,-1.0,-3.34375,-1.53125,-3.046875,-1.9296875,-0.1171875,0.828125
a05_s1_happy_sad,5,1,happy,sad,24,-0.21875,-2.34375,-1.5,-1.84375,-1.234375,-0.390625,1.78125
a05_s1_happy_sad,5,1,happy,sad,25,1.9375,-3.4375,1.75,-2.90625,-5.015625,0.171875,0.71875
a05_s1_happy_sad,5,1,happy,sad,26,1.6875,-2.9375,1.375,-2.5625,-4.28125,0.03125,0.6875
a05_s1_happy_sad,5,1,happy,sad,27,0.75,-5.8749998807907104,-0.75,-4.9375,-5.406249940395355,-0.2812500596046448,2.4374998807907104
a05_s1_happy_sad,5,1,happy,sad,28,0.875,-4.375,0.25,-3.8750001192092896,-4.687500059604645,-0.06250005960464478,1.1249998807907104
a05_s1_neutral_angry,5,1,neutral,angry,0,0.671875,0.671875,0.671875,0.671875,0.0,0.0,0.0
a05_s1_neutral_angry,5,1,neutral,angry,1,-0.5,-0.449462890625,-0.40673828125,-0.2578125,0.0997314453125,0.1424560546875,0.098388671875
a05_s1_neutral_angry,5,1,neutral,angry,2,0.158203125,0.2841796875,0.24609375,0.4287109375,0.154296875,0.1162109375,0.056640625
a05_s1_neutral_angry,5,1,neutral,angry,3,-0.046875,0.125,0.078125,0.28125,0.1875,0.140625,0.03125
a05_s1_neutral_angry,5,1,neutral,angry,4,0.125,-0.0625,0.21875,0.171875,-0.1171875,0.1640625,0.140625
a05_s1_neutral_angry,5,1,neutral,angry,5,-0.4375,-0.515625,-0.5,-0.453125,-0.015625,0.0,0.125
a05_s1_neutral_angry,5,1,neutral,angry,6,-1.03125,-1.03125,-1.125,-0.96875,0.078125,-0.015625,0.15625
a05_s1_neutral_angry,5,1,neutral,angry,7,0.015625,-0.328125,0.0625,-0.09375,-0.25,0.140625,0.1875
a05_s1_neutral_angry,5,1,neutral,angry,8,-0.765625,-0.56640625,-0.703125,-0.37890625,0.26171875,0.125,0.125
a05_s1_neutral_angry,5,1,neutral,angry,9,-0.859375,-0.3125,-0.890625,-0.48828125,0.474609375,-0.103515625,-0.14453125
a05_s1_neutral_angry,5,1,neutral,angry,10,0.80859375,0.76171875,1.10546875,0.900390625,-0.1259765625,0.2177734375,-0.158203125
a05_s1_neutral_angry,5,1,neutral,angry,11,2.953125,2.826171875,3.21875,2.8203125,-0.2626953125,0.1298828125,-0.271484375
a05_s1_neutral_angry,5,1,neutral,angry,12,2.78125,2.45703125,3.2734375,2.75091552734375,-0.423370361328125,0.393035888671875,-0.19830322265625
a05_s1_neutral_angry,5,1,neutral,angry,13,1.92578125,0.3515625,2.078125,0.53125,-1.560546875,0.166015625,0.02734375
a05_s1_neutral_angry,5,1,neutral,angry,14,1.849609375,0.296875,1.936279296875,0.53125,-1.4788818359375,0.1605224609375,0.147705078125
a05_s1_neutral_angry,5,1,neutral,angry,15,2.0751953125,1.234375,2.2626953125,1.421875,-0.8408203125,0.1875,0.0
a05_s1_neutral_angry,5,1,neutral,angry,16,1.4375,-0.453125,1.7265625,-0.28125,-1.94921875,0.23046875,-0.1171875
a05_s1_neutral_angry,5,1,neutral,angry,17,1.0546875,-0.34375,1.28125,-0.203125,-1.44140625,0.18359375,-0.0859375
a05_s1_neutral_angry,5,1,neutral,angry,18,0.0,-0.546875,0.15625,-0.21875,-0.4609375,0.2421875,0.171875
a05_s1_neutral_angry,5,1,neutral,angry,19,0.5625004768371582,0.5781254768371582,0.65625,0.7968754768371582,0.0781252384185791,0.1562497615814209,0.1250004768371582
a05_s1_neutral_angry,5,1,neutral,angry,20,0.21875,0.4062495231628418,0.21875,0.46875,0.2187497615814209,0.0312502384185791,0.0625004768371582
a05_s1_neutral_angry,5,1,neutral,angry,21,-0.875,0.09375,-0.7187504768371582,0.2656254768371582,0.9765629768371582,0.1640625,0.015625953674316406
a05_s1_neutral_angry,5,1,neutral,angry,22,-2.4375,0.0625,-1.875,0.0,2.1875,0.25,-0.625
a05_s1_neutral_angry,5,1,neutral,angry,23,-4.437500238418579,-2.46875,-3.812500238418579,-2.1875,1.796875238418579,0.453125,-0.34375
a05_s1_neutral_angry,5,1,neutral,angry,24,-6.125,-3.375,-5.8125,-2.687500476837158,2.937499761581421,0.4999997615814209,0.3749995231628418
a05_s1_neutral_angry,5,1,neutral,angry,25,-9.187499560415745,1.03125,-9.062500216066837,1.75,10.515624888241291,0.42187467217445374,0.5937506556510925
a05_s1_neutral_angry,5,1,neutral,angry,26,-7.187499910593033,3.21875,-7.625000089406967,3.46875,10.75,-0.09375008940696716,0.6875001788139343
a05_s1_neutral_angry,5,1,neutral,angry,27,-8.81249990593642,2.437500476837158,-9.062499942723662,2.624999523162842,11.46874992433004,-0.03125049523077905,0.4374990831129253
a05_s1_neutral_angry,5,1,neutral,angry,28,-4.624999985098839,2.6875,-4.874999888241291,2.6875,7.437499936670065,-0.12499995157122612,0.24999990314245224
a05_s2_happy_sad,5,2,happy,sad,0,2.0703125,2.0703125,2.0703125,2.0703125,0.0,0.0,0.0
a05_s2_happy_sad,5,2,happy,sad,1,-0.534912109375,-0.318359375,-0.518310546875,-0.3369140625,0.198974609375,-0.0009765625,-0.03515625
a05_s2_happy_sad,5,2,happy,sad,2,-1.240234375,-1.0,-1.25,-1.095703125,0.197265625,-0.052734375,-0.0859375
a05_s2_happy_sad,5,2,happy,sad,3,-1.375,-1.21875,-1.3046875,-1.2578125,0.1015625,0.015625,-0.109375
a05_s2_happy_sad,5,2,happy,sad,4,-1.0,-1.25,-0.90625,-1.21875,-0.28125,0.0625,-0.0625
a05_s2_happy_sad,5,2,happy,sad,5,-0.71875,-1.484375,-0.5625,-1.5,-0.8515625,0.0703125,-0.171875
a05_s2_happy_sad,5,2,happy,sad,6,-0.90625,-1.140625,-0.71875,-1.203125,-0.359375,0.0625,-0.25
a05_s2_happy_sad,5,2,happy,sad,7,-0.5,-0.515625,-0.34375,-0.484375,-0.078125,0.09375,-0.125
a05_s2_happy_sad,5,2,happy,sad,8,-1.1953125,-1.1796875,-1.3515625,-1.3515625,0.0078125,-0.1640625,-0.015625
a05_s2_happy_sad,5,2,happy,sad,9,1.296875,1.328125,1.109375,1.296875,0.109375,-0.109375,0.15625
a05_s2_happy_sad,5,2,happy,sad,10,-3.140625,-2.484375,-2.8398447036743164,-2.359375,0.5683598518371582,0.2128901481628418,-0.1757802963256836
a05_s2_happy_sad,5,2,happy,sad,11,-2.26953125,-2.130859375,-2.203125,-1.91015625,0.2158203125,0.1435546875,0.154296875
a05_s2_happy_sad,5,2,happy,sad,12,-2.21875,-1.607421875,-2.3164072036743164,-1.1953125,0.8662114143371582,0.1572260856628418,0.5097665786743164
a05_s2_happy_sad,5,2,happy,sad,13,0.546875,0.4296875,0.8046875,1.009765625,0.0439453125,0.4189453125,0.322265625
a05_s2_happy_sad,5,2,happy,sad,14,0.046875,-0.578125,0.15625,-0.015625,-0.3984375,0.3359375,0.453125
a05_s2_happy_sad,5,2,happy,sad,15,-0.3125,-0.40625,-0.3125,-0.265625,-0.0234375,0.0703125,0.140625
a05_s2_happy_sad,5,2,happy,sad,16,-0.4375,-1.1875,-0.359375,-1.015625,-0.703125,0.125,0.09375
a05_s2_happy_sad,5,2,happy,sad,17,-0.515625,-1.453125,-0.78125,-1.71875,-0.9375,-0.265625,0.0
a05_s2_happy_sad,5,2,happy,sad,18,-0.3125,-1.5,-0.25,-1.96875,-1.453125,-0.203125,-0.53125
a05_s2_happy_sad,5,2,happy,sad,19,0.15625,-0.6875,0.21875,-0.890625,-0.9765625,-0.0703125,-0.265625
a05_s2_happy_sad,5,2,happy,sad,20,0.59375,0.71875,1.15625,1.2031245231628418,0.0859372615814209,0.5234372615814209,-0.0781254768371582
a05_s2_happy_sad,5,2,happy,sad,21,1.6875,1.1250004768371582,1.84375,1.09375,-0.6562497615814209,0.0624997615814209,-0.1875004768371582
a05_s2_happy_sad,5,2,happy,sad,22,0.84375,1.9687495231628418,1.0312504768371582,1.28125,0.6874995231628418,-0.2499995231628418,-0.875
a05_s2_happy_sad,5,2,happy,sad,23,-0.3125,0.15625,-0.25,0.03125,0.375,-0.03125,-0.1875
a05_s2_happy_sad,5,2,happy,sad,24,1.65625,0.9375,1.4375,0.5625,-0.796875,-0.296875,-0.15625
a05_s2_happy_sad,5,2,happy,sad,25,2.125,0.78125,2.09375,0.0,-1.71875,-0.40625,-0.75
a05_s2_happy_sad,5,2,happy,sad,26,1.5,1.0625,1.4375,0.65625,-0.609375,-0.234375,-0.34375
a05_s2_happy_sad,5,2,happy,sad,27,0.125,0.3125,-0.375,0.1875,0.375,-0.3125,0.375
a05_s2_happy_sad,5,2,happy,sad,28,0.875,0.625,0.625,0.0,-0.4375,-0.4375,-0.375
a05_s2_neutral_angry,5,2,neutral,angry,0,0.671875,0.671875,0.671875,0.671875,0.0,0.0,0.0
a05_s2_neutral_angry,5,2,neutral,angry,1,-0.419921875,-0.35009765625,-0.5693359375,-0.41064453125,0.1142578125,-0.10498046875,0.0888671875
a05_s2_neutral_angry,5,2,neutral,angry,2,0.220703125,0.4351806640625,0.103515625,0.3193359375,0.21514892578125,-0.11651611328125,0.0013427734375
a05_s2_neutral_angry,5,2,neutral,angry,3,0.0625,0.265625,-0.125,0.15625,0.2421875,-0.1484375,0.078125
a05_s2_neutral_angry,5,2,neutral,angry,4,-0.0625,0.015625,-0.1875,0.0,0.1328125,-0.0703125,0.109375
a05_s2_neutral_angry,5,2,neutral,angry,5,-0.53125,-0.78125,-0.75,-0.84375,-0.171875,-0.140625,0.15625
a05_s2_neutral_angry,5,2,neutral,angry,6,-1.4375,-1.6875,-1.34375,-1.375,-0.140625,0.203125,0.21875
a05_s2_neutral_angry,5,2,neutral,angry,7,-0.796875,-0.859375,-0.46875,-0.453125,-0.0234375,0.3671875,0.078125
a05_s2_neutral_angry,5,2,neutral,angry,8,-0.84375,-1.234375,-0.6875,-1.0078125,-0.35546875,0.19140625,0.0703125
a05_s2_neutral_angry,5,2,neutral,angry,9,-1.3125,-1.2890625,-1.46875,-1.578125,-0.04296875,-0.22265625,-0.1328125
a05_s2_neutral_angry,5,2,neutral,angry,10,-0.2890625,-0.1953125,0.46875,0.259765625,-0.0576171875,0.6064453125,-0.302734375
a05_s2_neutral_angry,5,2,neutral,angry,11,1.9277353286743164,1.91015625,2.3632822036743164,2.177734375,-0.1015634536743164,0.3515625,-0.16796875
a05_s2_neutral_angry,5,2,neutral,angry,12,1.2587890625,1.431640625,1.767578125,1.2255859375,-0.1845703125,0.1513671875,-0.71484375
a05_s2_neutral_angry,5,2,neutral,angry,13,1.5820302963256836,0.9238290786743164,2.140625,0.4970703125,-1.1508779525756836,0.06591796875,-0.9853534698486328
a05_s2_neutral_angry,5,2,neutral,angry,14,1.43359375,0.921875,2.0234375,1.28125,-0.626953125,0.474609375,-0.23046875
a05_s2_neutral_angry,5,2,neutral,angry,15,2.21484375,1.640625,2.291015625,1.7734375,-0.5458984375,0.1044921875,0.056640625
a05_s2_neutral_angry,5,2,neutral,angry,16,0.8125,0.2734375,1.25390625,0.625,-0.583984375,0.396484375,-0.08984375
a05_s2_neutral_angry,5,2,neutral,angry,17,0.6796875,0.390625,1.15625,0.65625,-0.39453125,0.37109375,-0.2109375
a05_s2_neutral_angry,5,2,neutral,angry,18,-0.7734375,-0.984375,-0.546875,-0.78125,-0.22265625,0.21484375,-0.0234375
a05_s2_neutral_angry,5,2,neutral,angry,19,0.0625,1.25,0.15625,1.328125,1.1796875,0.0859375,-0.015625
a05_s2_neutral_angry,5,2,neutral,angry,20,-0.40625,2.140625476837158,-0.1875,2.0234375,2.378906488418579,0.0507810115814209,-0.3359379768371582
a05_s2_neutral_angry,5,2,neutral,angry,21,-0.96875,1.1874995231628418,-0.75,1.359375,2.132812261581421,0.1953127384185791,-0.0468745231628418
a05_s2_neutral_angry,5,2,neutral,angry,22,-2.875,1.4062504768371582,-2.71875,1.78125,4.390625238418579,0.2656247615814209,0.2187495231628418
a05_s2_neutral_angry,5,2,neutral,angry,23,-5.71875,-0.4375,-5.593750238418579,-0.875,5.0000001192092896,-0.15625011920928955,-0.5624997615814209
a05_s2_neutral_angry,5,2,neutral,angry,24,-7.687499791383743,-1.15625,-7.4687498062849045,-1.625,6.187499798834324,-0.1250000074505806,-0.6874999850988388
a05_s2_neutral_angry,5,2,neutral,angry,25,-9.375000223517418,2.28125,-9.687500193715096,3.09375,12.218750208616257,0.2500000149011612,1.1249999701976776
a05_s2_neutral_angry,5,2,neutral,angry,26,-7.312499821186066,3.0625,-7.500000059604645,4.624999761581421,11.249999821186066,0.6874997615814209,1.75
a05_s2_neutral_angry,5,2,neutral,angry,27,-8.750000232364982,-0.9999999403953552,-9.062500422121957,1.8125,9.312500357045792,1.2499998753191903,3.12500013015233
a05_s2_neutral_angry,5,2,neutral,angry,28,-4.624999765306711,-0.125,-4.500000085681677,1.5,5.249999925494194,0.8749998398125172,1.5000003203749657
a06_s1_happy_sad,6,1,happy,sad,0,2.0703125,2.0703125,2.0703125,2.0703125,0.0,0.0,0.0
a06_s1_happy_sad,6,1,happy,sad,1,-0.85400390625,-0.4765625,-0.822784423828125,-0.4423828125,0.3789215087890625,0.0326995849609375,0.002960205078125
a06_s1_happy_sad,6,1,happy,sad,2,-1.43359375,-1.5,-1.41015625,-1.4296875,-0.04296875,0.046875,0.046875
a06_s1_happy_sad,6,1,happy,sad,3,-2.1455078125,-1.79296875,-2.0917959213256836,-1.74609375,0.3491206169128418,0.0502934455871582,-0.006836891174316406
a06_s1_happy_sad,6,1,happy,sad,4,-2.359375,-1.75,-2.296875,-1.75,0.578125,0.03125,-0.0625
a06_s1_happy_sad,6,1,happy,sad,5,-2.71875,-1.640625,-2.703125,-1.609375,1.0859375,0.0234375,0.015625
a06_s1_happy_sad,6,1,happy,sad,6,-1.84375,-1.28125,-1.75,-1.15625,0.578125,0.109375,0.03125
a06_s1_happy_sad,6,1,happy,sad,7,-1.140625,-0.546875,-1.15625,-0.546875,0.6015625,-0.0078125,0.015625
a06_s1_happy_sad,6,1,happy,sad,8,-0.94140625,0.015625,-1.09375,-0.0625,0.994140625,-0.115234375,0.07421875
a06_s1_happy_sad,6,1,happy,sad,9,2.60546875,2.703125,2.4062490463256836,2.6640625,0.1777348518371582,-0.1191411018371582,0.1601572036743164
a06_s1_happy_sad,6,1,happy,sad,10,-1.4140625,-1.74169921875,-1.53515625,-1.6904296875,-0.241455078125,-0.034912109375,0.17236328125
a06_s1_happy_sad,6,1,happy,sad,11,-1.1484375,-1.109375,-1.265625,-1.046875,0.12890625,-0.02734375,0.1796875
a06_s1_happy_sad,6,1,happy,sad,12,-1.328125,-1.349609375,-1.640625,-1.4537353515625,0.08270263671875,-0.20831298828125,0.2083740234375
a06_s1_happy_sad,6,1,happy,sad,13,-0.3515625,1.17578125,-0.453125,1.21875,1.599609375,-0.029296875,0.14453125
a06_s1_happy_sad,6,1,happy,sad,14,-0.71875,0.90625,-0.796875,0.7890625,1.60546875,-0.09765625,-0.0390625
a06_s1_happy_sad,6,1,happy,sad,15,0.15625,0.75,0.265625,0.78125,0.5546875,0.0703125,-0.078125
a06_s1_happy_sad,6,1,happy,sad,16,-1.2812495231628418,-0.734375,-1.21875,-0.6875,0.5390622615814209,0.0546872615814209,-0.015624523162841797
a06_s1_happy_sad,6,1,happy,sad,17,-1.390625,-1.046875,-1.28125,-1.15625,0.234375,0.0,-0.21875
a06_s1_happy_sad,6,1,happy,sad,18,-1.125,-1.28125,-0.84375,-1.3125,-0.3125,0.125,-0.3125
a06_s1_happy_sad,6,1,happy,sad,19,-0.03125,-0.625,0.46875,-0.53125,-0.796875,0.296875,-0.40625
a06_s1_happy_sad,6,1,happy,sad,20,1.0,0.59375,1.25,0.46875,-0.59375,0.0625,-0.375
a06_s1_happy_sad,6,1,happy,sad,21,1.28125,1.1875,1.46875,0.96875,-0.296875,-0.015625,-0.40625
a06_s1_happy_sad,6,1,happy,sad,22,0.0,0.90625,0.125,0.78125,0.78125,0.0,-0.25
a06_s1_happy_sad,6,1,happy,sad,23,-0.625,-0.4375,-0.1875,-0.875,-0.25,0.0,-0.875
a06_s1_happy_sad,6,1,happy,sad,24,1.5,0.90625,1.6875,0.3125,-0.984375,-0.203125,-0.78125
a06_s1_happy_sad,6,1,happy,sad,25,5.250000178813934,1.75,5.937499821186066,0.9375,-4.25,-0.06250017881393433,-1.4999996423721313
a06_s1_happy_sad,6,1,happy,sad,26,5.750000134110451,1.6249998807907104,6.687499925494194,0.9375,-4.937500089406967,0.12499995529651642,-1.6249996721744537
a06_s1_happy_sad,6,1,happy,sad,27,2.625000089406967,-1.75,2.7500000596046448,-2.5,-4.812500074505806,-0.3125000149011612,-0.8749999701976776
a06_s1_happy_sad,6,1,happy,sad,28,1.375,-0.8750000596046448,1.2500000298023224,-1.2500001192092896,-2.3750001043081284,-0.2500000149011612,-0.25000008940696716
a06_s1_neutral_angry,6,1,neutral,angry,0,0.671875,0.671875,0.671875,0.671875,0.0,0.0,0.0
a06_s1_neutral_angry,6,1,neutral,angry,1,-0.076904296875,-0.18359375,-0.2177734375,-0.130859375,-0.0098876953125,-0.0440673828125,0.193603515625
a06_s1_neutral_angry,6,1,neutral,angry,2,0.4052734375,0.38720703125,0.3671875,0.44091796875,0.02783203125,0.0078125,0.091796875
a06_s1_neutral_angry,6,1,neutral,angry,3,-0.03125,0.0703125,-0.125,0.1640625,0.1953125,0.0,0.1875
a06_s1_neutral_angry,6,1,neutral,angry,4,-1.0625,-0.90625,-1.25,-0.890625,0.2578125,-0.0859375,0.203125
a06_s1_neutral_angry,6,1,neutral,angry,5,-1.28125,-1.4375,-1.46875,-1.390625,-0.0390625,-0.0703125,0.234375
a06_s1_neutral_angry,6,1,neutral,angry,6,-1.34375,-1.1875,-1.40625,-1.125,0.21875,0.0,0.125
a06_s1_neutral_angry,6,1,neutral,angry,7,-0.609375,-0.265625,-0.484375,-0.140625,0.34375,0.125,0.0
a06_s1_neutral_angry,6,1,neutral,angry,8,-1.0390625,-1.71484375,-0.8125,-1.4296875,-0.646484375,0.255859375,0.05859375
a06_s1_neutral_angry,6,1,neutral,angry,9,-0.265625,-2.00390625,-0.4453125,-2.0078125,-1.650390625,-0.091796875,0.17578125
a06_s1_neutral_angry,6,1,neutral,angry,10,0.251953125,-0.177978515625,0.55859375,0.2919921875,-0.3482666015625,0.3883056640625,0.163330078125
a06_s1_neutral_angry,6,1,neutral,angry,11,1.447265625,1.68359375,1.6865234375,1.93359375,0.24169921875,0.24462890625,0.0107421875
a06_s1_neutral_angry,6,1,neutral,angry,12,0.11328125,-0.21875,1.3671875,0.03125,-0.833984375,0.751953125,-1.00390625
a06_s1_neutral_angry,6,1,neutral,angry,13,0.212158203125,-0.59375,0.838043212890625,0.125,-0.7594757080078125,0.6723175048828125,0.092864990234375
a06_s1_neutral_angry,6,1,neutral,angry,14,0.2578125,-0.796875,0.51171875,-0.109375,-0.837890625,0.470703125,0.43359375
a06_s1_neutral_angry,6,1,neutral,angry,15,0.7578125,0.671875,0.74609375,1.15625,0.162109375,0.236328125,0.49609375
a06_s1_neutral_angry,6,1,neutral,angry,16,-0.140625,0.0,0.09375,0.328125,0.1875,0.28125,0.09375
a06_s1_neutral_angry,6,1,neutral,angry,17,-0.15625,-0.09375,0.109375,-0.125,-0.0859375,0.1171875,-0.296875
a06_s1_neutral_angry,6,1,neutral,angry,18,-1.09375,-0.140625,-1.09375,-0.359375,0.84375,-0.109375,-0.21875
a06_s1_neutral_angry,6,1,neutral,angry,19,-0.125,0.46875,-0.0625,0.625,0.640625,0.109375,0.09375
a06_s1_neutral_angry,6,1,neutral,angry,20,0.15625,0.484375,0.21875,0.46875,0.2890625,0.0234375,-0.078125
a06_s1_neutral_angry,6,1,neutral,angry,21,-0.78125,0.15625,-0.96875,0.046875,0.9765625,-0.1484375,0.078125
a06_s1_neutral_angry,6,1,neutral,angry,22,-2.90625,-0.203125,-2.84375,-0.4375,2.5546875,-0.0859375,-0.296875
a06_s1_neutral_angry,6,1,neutral,angry,23,-5.1250001192092896,-2.265625,-4.125,-3.109375,1.9375000596046448,0.07812505960464478,-1.8437501192092896
a06_s1_neutral_angry,6,1,neutral,angry,24,-7.656249850988388,-2.296875,-6.34375,-2.9453125,4.378906175494194,0.33203117549419403,-1.960937350988388
a06_s1_neutral_angry,6,1,neutral,angry,25,-11.937500208616257,1.59375,-10.56249962747097,-0.15625,11.968749918043613,-0.18749970942735672,-3.1250005811452866
a06_s1_neutral_angry,6,1,neutral,angry,26,-9.999999582767487,2.9375,-8.937499910593033,1.25,11.56249974668026,-0.31250016391277313,-2.7499996721744537
a06_s1_neutral_angry,6,1,neutral,angry,27,-10.500000153202564,4.21875,-9.437500444473699,2.46875,13.312500298838131,-0.3437501456355676,-2.812499708728865
a06_s1_neutral_angry,6,1,neutral,angry,28,-5.6875001303851604,4.812499523162842,-5.0,3.0,9.249999826774001,-0.5624996963888407,-2.4999996535480022
a06_s2_happy_sad,6,2,happy,sad,0,2.0703125,2.0703125,2.0703125,2.0703125,0.0,0.0,0.0
a06_s2_happy_sad,6,2,happy,sad,1,-0.65966796875,-0.4560546875,-0.62060546875,-0.4248046875,0.19970703125,0.03515625,-0.0078125
a06_s2_happy_sad,6,2,happy,sad,2,-1.470703125,-1.3203125,-1.46484375,-1.32421875,0.1455078125,0.0009765625,-0.009765625
a06_s2_happy_sad,6,2,happy,sad,3,-1.87109375,-1.66796875,-1.90625,-1.671875,0.21875,-0.01953125,0.03125
a06_s2_happy_sad,6,2,happy,sad,4,-2.09375,-1.890625,-2.234375,-1.984375,0.2265625,-0.1171875,0.046875
a06_s2_happy_sad,6,2,happy,sad,5,-2.15625,-1.765625,-2.34375,-1.921875,0.40625,-0.171875,0.03125
a06_s2_happy_sad,6,2,happy,sad,6,-1.65625,-1.375,-1.6875,-1.40625,0.28125,-0.03125,0.0
a06_s2_happy_sad,6,2,happy,sad,7,-0.734375,-0.84375,-0.78125,-0.84375,-0.0859375,-0.0234375,0.046875
a06_s2_happy_sad,6,2,happy,sad,8,-0.8408203125,-0.3671875,-0.857421875,-0.4453125,0.44287109375,-0.04736328125,-0.0615234375
a06_s2_happy_sad,6,2,happy,sad,9,1.40625,2.71875,1.4609375,2.6796875,1.265625,0.0078125,-0.09375
a06_s2_happy_sad,6,2,happy,sad,10,-2.7578125,-2.119140625,-2.6835927963256836,-1.8203125,0.7509760856628418,0.1865239143371582,0.2246084213256836
a06_s2_happy_sad,6,2,happy,sad,11,-3.1171875,-1.40625,-2.890625,-1.052734375,1.7744140625,0.2900390625,0.126953125
a06_s2_happy_sad,6,2,happy,sad,12,-3.5859365463256836,-1.9609365463256836,-3.5625009536743164,-1.75390625,1.7167973518371582,0.11523294448852539,0.1835947036743164
a06_s2_happy_sad,6,2,happy,sad,13,-0.58203125,1.404296875,-0.53125,1.72265625,2.1201171875,0.1845703125,0.267578125
a06_s2_happy_sad,6,2,happy,sad,14,-0.734375,-0.109375,-0.8125,0.109375,0.7734375,0.0703125,0.296875
a06_s2_happy_sad,6,2,happy,sad,15,-0.03125,0.5,0.046875,0.5625,0.5234375,0.0703125,-0.015625
a06_s2_happy_sad,6,2,happy,sad,16,-0.96875,-0.359375,-0.75,-0.234375,0.5625,0.171875,-0.09375
a06_s2_happy_sad,6,2,happy,sad,17,-0.875,-1.0,-0.828125,-0.96875,-0.1328125,0.0390625,-0.015625
a06_s2_happy_sad,6,2,happy,sad,18,-1.0625004768371582,-1.703125,-0.71875,-1.625,-0.7734372615814209,0.2109377384185791,-0.2656254768371582
a06_s2_happy_sad,6,2,happy,sad,19,-0.6875,0.21875,-0.15625,0.3125,0.6875,0.3125,-0.4375
a06_s2_happy_sad,6,2,happy,sad,20,0.40625,-0.53125,0.53125,-0.53125,-1.0,0.0625,-0.125
a06_s2_happy_sad,6,2,happy,sad,21,1.40625,0.125,0.59375,0.28125,-0.796875,-0.328125,0.96875
a06_s2_happy_sad,6,2,happy,sad,22,0.4375,0.375,-0.53125,0.28125,0.375,-0.53125,0.875
a06_s2_happy_sad,6,2,happy,sad,23,-0.09375,1.09375,0.59375,1.0,0.796875,0.296875,-0.78125
a06_s2_happy_sad,6,2,happy,sad,24,4.031249761581421,2.5625,2.125000238418579,2.375,-0.609375,-1.046874761581421,1.7187495231628418
a06_s2_happy_sad,6,2,happy,sad,25,7.250000357627869,4.437499761581421,4.937500476837158,4.687500238418579,-1.5312504172325134,-1.0312497019767761,2.5625003576278687
a06_s2_happy_sad,6,2,happy,sad,26,6.343749761581421,4.6874998807907104,5.124999761581421,5.1874998807907104,-0.7968748807907104,-0.359375,1.71875
a06_s2_happy_sad,6,2,happy,sad,27,5.375,2.625000238418579,3.4375,2.875,-1.6562498807907104,-0.8437501192092896,2.187499761581421
a06_s2_happy_sad,6,2,happy,sad,28,4.437499821186066,1.625,1.875,1.4999998807907104,-1.5937499701976776,-1.3437499701976776,2.437499701976776
a06_s2_neutral_angry,6,2,neutral,angry,0,0.671875,0.671875,0.671875,0.671875,0.0,0.0,0.0
a06_s2_neutral_angry,6,2,neutral,angry,1,-0.17138671875,-0.393310546875,-0.2252197265625,-0.3544921875,-0.17559814453125,-0.00750732421875,0.0926513671875
a06_s2_neutral_angry,6,2,neutral,angry,2,0.2734375,0.189453125,0.2919921875,0.2158203125,-0.080078125,0.0224609375,0.0078125
a06_s2_neutral_angry,6,2,neutral,angry,3,0.09375,0.0,0.09375,0.015625,-0.0859375,0.0078125,0.015625
a06_s2_neutral_angry,6,2,neutral,angry,4,-0.5,-1.109375,-0.65625,-1.203125,-0.578125,-0.125,0.0625
a06_s2_neutral_angry,6,2,neutral,angry,5,-1.15625,-1.484375,-1.28125,-1.578125,-0.3125,-0.109375,0.03125
a06_s2_neutral_angry,6,2,neutral,angry,6,-1.40625,-1.203125,-1.1875,-1.03125,0.1796875,0.1953125,-0.046875
a06_s2_neutral_angry,6,2,neutral,angry,7,-0.40625,-0.375,0.046875,-0.015625,-0.015625,0.40625,-0.09375
a06_s2_neutral_angry,6,2,neutral,angry,8,-1.3359375,-1.205078125,-1.046875,-0.87890625,0.1494140625,0.3076171875,0.037109375
a06_s2_neutral_angry,6,2,neutral,angry,9,-0.59375,-1.56982421875,-0.8203125,-1.73455810546875,-0.945159912109375,-0.195648193359375,0.06182861328125
a06_s2_neutral_angry,6,2,neutral,angry,10,0.552734375,-0.1367177963256836,0.90576171875,0.20703125,-0.6940913200378418,0.3483881950378418,-0.009278297424316406
a06_s2_neutral_angry,6,2,neutral,angry,11,1.765625,2.177734375,1.9599609375,2.5164260864257812,0.4842872619628906,0.2665138244628906,0.14435577392578125
a06_s2_neutral_angry,6,2,neutral,angry,12,1.072265625,0.9296875,1.833984375,1.21875,-0.37890625,0.525390625,-0.47265625
a06_s2_neutral_angry,6,2,neutral,angry,13,0.181640625,0.4609375,0.36328125,0.8359375,0.3759765625,0.2783203125,0.193359375
a06_s2_neutral_angry,6,2,neutral,angry,14,0.5703125,-0.3125,0.7109375,0.0,-0.796875,0.2265625,0.171875
a06_s2_neutral_angry,6,2,neutral,angry,15,1.02734375,0.84375,1.03515625,0.875,-0.171875,0.01953125,0.0234375
a06_s2_neutral_angry,6,2,neutral,angry,16,-0.421875,-0.5,-0.140625,-0.59375,-0.265625,0.09375,-0.375
a06_s2_neutral_angry,6,2,neutral,angry,17,0.1484375,-0.671875,0.0546875,-0.828125,-0.8515625,-0.125,-0.0625
a06_s2_neutral_angry,6,2,neutral,angry,18,-0.734375,-0.546875,-0.65625,-0.828125,0.0078125,-0.1015625,-0.359375
a06_s2_neutral_angry,6,2,neutral,angry,19,0.21875,0.359375,-0.25,0.546875,0.46875,-0.140625,0.65625
a06_s2_neutral_angry,6,2,neutral,angry,20,0.21875,0.53125,-0.5312495231628418,0.5,0.6718747615814209,-0.3906247615814209,0.7187495231628418
a06_s2_neutral_angry,6,2,neutral,angry,21,-1.0625,0.78125,-1.28125,0.75,1.9375,-0.125,0.1875
a06_s2_neutral_angry,6,2,neutral,angry,22,-2.90625,0.515625,-2.96875,0.328125,3.359375,-0.125,-0.125
a06_s2_neutral_angry,6,2,neutral,angry,23,-4.84375,-1.484375,-5.4375,-1.78125,3.5078125,-0.4453125,0.296875
a06_s2_neutral_angry,6,2,neutral,angry,24,-6.531250059604645,-1.734375,-7.406250298023224,-1.921875,5.140625178813934,-0.5312501192092896,0.6875002384185791
a06_s2_neutral_angry,6,2,neutral,angry,25,-12.093749672174454,1.734375,-12.781250029802322,2.34375,14.476562350988388,-0.039062678813934326,1.2968753576278687
a06_s2_neutral_angry,6,2,neutral,angry,26,-9.749999940395355,3.562499523162842,-10.187500417232513,4.1875,13.843749940395355,0.09375,1.0625009536743164
a06_s2_neutral_angry,6,2,neutral,angry,27,-9.437500467058271,4.5625,-10.312499679159373,6.0625,15.187500073108822,0.31250039394944906,2.374999212101102
a06_s2_neutral_angry,6,2,neutral,angry,28,-5.0000001303851604,4.499999523162842,-5.687500027939677,5.75,10.46874984074384,0.2812502896413207,1.937500374391675
a07_s1_happy_sad,7,1,happy,sad,0,2.0703125,2.0703125,2.0703125,2.0703125,0.0,0.0,0.0
a07_s1_happy_sad,7,1,happy,sad,1,-0.60302734375,-0.54931640625,-0.601806640625,-0.517578125,0.0689697265625,0.0164794921875,0.030517578125
a07_s1_happy_sad,7,1,happy,sad,2,-1.4921875,-1.42578125,-1.4296875,-1.34765625,0.07421875,0.0703125,0.015625
a07_s1_happy_sad,7,1,happy,sad,3,-1.6796875,-1.5859375,-1.6328125,-1.5078115463256836,0.1093754768371582,0.0625004768371582,0.031250953674316406
a07_s1_happy_sad,7,1,happy,sad,4,-1.546875,-1.78125,-1.546875,-1.671875,-0.1796875,0.0546875,0.109375
a07_s1_happy_sad,7,1,happy,sad,5,-1.15625,-1.765625,-1.1875,-1.84375,-0.6328125,-0.0546875,-0.046875
a07_s1_happy_sad,7,1,happy,sad,6,-0.953125,-1.421875,-1.0625,-1.5,-0.453125,-0.09375,0.03125
a07_s1_happy_sad,7,1,happy,sad,7,-0.484375,-0.328125,-0.609375,-0.453125,0.15625,-0.125,0.0
a07_s1_happy_sad,7,1,happy,sad,8,-0.8359375,-0.71875,-0.84375,-0.828125,0.06640625,-0.05859375,-0.1015625
a07_s1_happy_sad,7,1,happy,sad,9,1.4375,2.03125,1.421875,1.8828125,0.52734375,-0.08203125,-0.1328125
a07_s1_happy_sad,7,1,happy,sad,10,-1.943359375,-1.40625,-1.923828125,-1.5625,0.44921875,-0.068359375,-0.17578125
a07_s1_happy_sad,7,1,happy,sad,11,-2.31787109375,-0.7890625,-2.265625,-0.9375,1.428466796875,-0.048095703125,-0.20068359375
a07_s1_happy_sad,7,1,happy,sad,12,-1.6484384536743164,-0.7666015625,-1.7578125,-0.9931640625,0.8232426643371582,-0.1679682731628418,-0.1171884536743164
a07_s1_happy_sad,7,1,happy,sad,13,1.0078125,2.37109375,0.85546875,2.37109375,1.439453125,-0.076171875,0.15234375
a07_s1_happy_sad,7,1,happy,sad,14,0.09375,0.65625,-0.078125,0.875,0.7578125,0.0234375,0.390625
a07_s1_happy_sad,7,1,happy,sad,15,0.28125,0.78125,0.171875,0.734375,0.53125,-0.078125,0.0625
a07_s1_happy_sad,7,1,happy,sad,16,-0.53125,-0.296875,-0.59375,-0.359375,0.234375,-0.0625,0.0
a07_s1_happy_sad,7,1,happy,sad,17,-0.890625,-0.71875,-0.953125,-0.796875,0.1640625,-0.0703125,-0.015625
a07_s1_happy_sad,7,1,happy,sad,18,-0.5625,-0.34375,-0.46875,-0.6562504768371582,0.015624761581420898,-0.1093752384185791,-0.4062504768371582
a07_s1_happy_sad,7,1,happy,sad,19,0.1875,0.0625,0.0,0.125,0.0,-0.0625,0.25
a07_s1_happy_sad,7,1,happy,sad,20,0.84375,0.59375,0.78125,0.59375,-0.21875,-0.03125,0.0625
a07_s1_happy_sad,7,1,happy,sad,21,2.0,1.78125,2.21875,1.59375,-0.421875,0.015625,-0.40625
a07_s1_happy_sad,7,1,happy,sad,22,0.65625,0.53125,0.90625,0.4375,-0.296875,0.078125,-0.34375
a07_s1_happy_sad,7,1,happy,sad,23,-0.03125,-1.15625,-0.4375,-1.84375,-1.265625,-0.546875,-0.28125
a07_s1_happy_sad,7,1,happy,sad,24,2.40625,-0.15625,1.6875,-1.0625,-2.65625,-0.8125,-0.1875
a07_s1_happy_sad,7,1,happy,sad,25,4.4375,2.4375,3.4375,0.5625,-2.4375,-1.4375,-0.875
a07_s1_happy_sad,7,1,happy,sad,26,4.218750238418579,1.6875,3.65625,0.0625,-3.0625001192092896,-1.0937501192092896,-1.062499761581421
a07_s1_happy_sad,7,1,happy,sad,27,2.7499998807907104,-0.9999998807907104,2.7500000298023224,-3.1875001192092896,-4.843749955296516,-1.0937500447034836,-2.187500387430191
a07_s1_happy_sad,7,1,happy,sad,28,2.5000001192092896,0.0,2.8749998807907104,-1.25,-3.3125,-0.43750011920928955,-1.624999761581421
a07_s1_neutral_angry,7,1,neutral,angry,0,0.671875,0.671875,0.671875,0.671875,0.0,0.0,0.0
a07_s1_neutral_angry,7,1,neutral,angry,1,-0.05322265625,-0.1806640625,-0.1724853515625,-0.2099609375,-0.08245849609375,-0.07427978515625,0.0899658203125
a07_s1_neutral_angry,7,1,neutral,angry,2,0.48046875,0.19140625,0.396484375,0.12701416015625,-0.279266357421875,-0.074188232421875,0.01959228515625
a07_s1_neutral_angry,7,1,neutral,angry,3,0.3125,0.0,0.203125,-0.0625,-0.2890625,-0.0859375,0.046875
a07_s1_neutral_angry,7,1,neutral,angry,4,-0.21875,-0.3125,-0.359375,-0.3125,-0.0234375,-0.0703125,0.140625
a07_s1_neutral_angry,7,1,neutral,angry,5,-1.078125,-0.90625,-1.21875,-0.921875,0.234375,-0.078125,0.125
a07_s1_neutral_angry,7,1,neutral,angry,6,-1.140625,-1.390625,-1.21875,-1.375,-0.203125,-0.03125,0.09375
a07_s1_neutral_angry,7,1,neutral,angry,7,-0.234375,-0.203125,-0.140625,-0.1484375,0.01171875,0.07421875,-0.0390625
a07_s1_neutral_angry,7,1,neutral,angry,8,-0.2734375,-1.6054697036743164,-0.2890625,-1.451171875,-1.2470707893371582,0.0693364143371582,0.1699228286743164
a07_s1_neutral_angry,7,1,neutral,angry,9,-0.046875,-0.3515625,0.078125,0.1484375,-0.1171875,0.3125,0.375
a07_s1_neutral_angry,7,1,neutral,angry,10,1.1640625,0.509765625,1.3515625,0.6965560913085938,-0.6546516418457031,0.18714523315429688,-0.00070953369140625
a07_s1_neutral_angry,7,1,neutral,angry,11,3.1328125,2.048828125,3.3046875,2.34423828125,-1.022216796875,0.233642578125,0.12353515625
a07_s1_neutral_angry,7,1,neutral,angry,12,1.64453125,2.5078125,2.05078125,2.59375,0.703125,0.24609375,-0.3203125
a07_s1_neutral_angry,7,1,neutral,angry,13,1.25,0.3515625,1.39453125,0.5546875,-0.869140625,0.173828125,0.05859375
a07_s1_neutral_angry,7,1,neutral,angry,14,1.546875,0.734375,1.50390625,0.75,-0.783203125,-0.013671875,0.05859375
a07_s1_neutral_angry,7,1,neutral,angry,15,1.671875,0.953125,1.779296875,1.046875,-0.7255859375,0.1005859375,-0.013671875
a07_s1_neutral_angry,7,1,neutral,angry,16,0.59375,-0.671875,0.9140625,-0.34375,-1.26171875,0.32421875,0.0078125
a07_s1_neutral_angry,7,1,neutral,angry,17,0.75,-0.703125,0.6875,-0.4375,-1.2890625,0.1015625,0.328125
a07_s1_neutral_angry,7,1,neutral,angry,18,-0.6875,-0.7343745231628418,-0.6875,-0.703125,-0.0312497615814209,0.015624761581420898,0.031249523162841797
a07_s1_neutral_angry,7,1,neutral,angry,19,0.15625,0.296875,0.21875,0.1875,0.0546875,-0.0234375,-0.171875
a07_s1_neutral_angry,7,1,neutral,angry,20,0.3125,0.03125,0.21875,0.125,-0.1875,0.0,0.1875
a07_s1_neutral_angry,7,1,neutral,angry,21,-1.28125,-0.4062504768371582,-1.375,-0.5,0.8749997615814209,-0.0937497615814209,4.76837158203125e-07
a07_s1_neutral_angry,7,1,neutral,angry,22,-0.875,-0.4375,-0.78125,-0.71875,0.25,-0.09375,-0.375
a07_s1_neutral_angry,7,1,neutral,angry,23,0.28125,-2.562500476837158,0.0,-3.3125,-3.078125238418579,-0.5156247615814209,-0.4687495231628418
a07_s1_neutral_angry,7,1,neutral,angry,24,0.90625,-2.65625,0.53125,-3.3125,-3.703125,-0.515625,-0.28125
a07_s1_neutral_angry,7,1,neutral,angry,25,2.875000476837158,1.0,2.78125,0.84375,-1.906250238418579,-0.1250002384185791,-0.0624995231628418
a07_s1_neutral_angry,7,1,neutral,angry,26,2.28125,1.875000238418579,2.25,2.124999761581421,-0.265625,0.1093747615814209,0.2812495231628418
a07_s1_neutral_angry,7,1,neutral,angry,27,0.5,2.874999761581421,0.625,3.000000238418579,2.375,0.1250002384185791,4.76837158203125e-07
a07_s1_neutral_angry,7,1,neutral,angry,28,0.25,3.1875,-0.375,3.375,3.34375,-0.21875,0.8125
a07_s2_happy_sad,7,2,happy,sad,0,2.0703125,2.0703125,2.0703125,2.0703125,0.0,0.0,0.0
a07_s2_happy_sad,7,2,happy,sad,1,-0.7119140625,-0.3671875,-0.6728515625,-0.3583984375,0.32958984375,0.02392578125,-0.0302734375
a07_s2_happy_sad,7,2,happy,sad,2,-1.48046875,-1.19140625,-1.41796875,-1.15234375,0.27734375,0.05078125,-0.0234375
a07_s2_happy_sad,7,2,happy,sad,3,-1.724609375,-1.3593740463256836,-1.68359375,-1.2812509536743164,0.3837890625,0.059569358825683594,0.03710746765136719
a07_s2_happy_sad,7,2,happy,sad,4,-1.6875,-1.265625,-1.65625,-1.15625,0.4609375,0.0703125,0.078125
a07_s2_happy_sad,7,2,happy,sad,5,-1.078125,-1.109375,-1.078125,-1.1875,-0.0703125,-0.0390625,-0.078125
a07_s2_happy_sad,7,2,happy,sad,6,-1.09375,-1.1875,-1.125,-1.234375,-0.1015625,-0.0390625,-0.015625
a07_s2_happy_sad,7,2,happy,sad,7,-0.6875,-0.46875,-0.734375,-0.53125,0.2109375,-0.0546875,-0.015625
a07_s2_happy_sad,7,2,happy,sad,8,-1.40625,-1.25,-1.548828125,-1.265625,0.2197265625,-0.0791015625,0.126953125
a07_s2_happy_sad,7,2,happy,sad,9,0.8046875,1.203125,0.671875,1.125,0.42578125,-0.10546875,0.0546875
a07_s2_happy_sad,7,2,happy,sad,10,-2.453125,-2.6523447036743164,-2.5390625,-2.5937509536743164,-0.1269540786743164,-0.013671875,0.14453125
a07_s2_happy_sad,7,2,happy,sad,11,-2.4453125,-2.052734375,-2.587890625,-2.13671875,0.421875,-0.11328125,0.05859375
a07_s2_happy_sad,7,2,happy,sad,12,-2.298828125,-1.390625,-2.515625,-1.29296875,1.0654296875,-0.0595703125,0.314453125
a07_s2_happy_sad,7,2,happy,sad,13,0.203125,1.298828125,0.0078125,1.41796875,1.2529296875,-0.0380859375,0.314453125
a07_s2_happy_sad,7,2,happy,sad,14,-0.265625,0.0,-0.640625,0.15625,0.53125,-0.109375,0.53125
a07_s2_happy_sad,7,2,happy,sad,15,-0.390625,-0.15625,-0.5625,-0.125,0.3359375,-0.0703125,0.203125
a07_s2_happy_sad,7,2,happy,sad,16,-1.25,-0.75,-1.421875,-0.6875,0.6171875,-0.0546875,0.234375
a07_s2_happy_sad,7,2,happy,sad,17,-0.828125,-1.140625,-1.125,-1.125,-0.15625,-0.140625,0.3125
a07_s2_happy_sad,7,2,happy,sad,18,-0.84375,-1.09375,-1.0,-1.21875,-0.234375,-0.140625,0.03125
a07_s2_happy_sad,7,2,happy,sad,19,0.78125,0.375,0.8437504768371582,0.5,-0.3750002384185791,0.0937502384185791,0.0624995231628418
a07_s2_happy_sad,7,2,happy,sad,20,1.21875,1.3125,1.0625,0.78125,-0.09375,-0.34375,-0.375
a07_s2_happy_sad,7,2,happy,sad,21,2.71875,2.0,2.59375,0.90625,-1.203125,-0.609375,-0.96875
a07_s2_happy_sad,7,2,happy,sad,22,2.46875,1.1875,2.59375,0.59375,-1.640625,-0.234375,-0.71875
a07_s2_happy_sad,7,2,happy,sad,23,1.59375,-0.625,1.96875,-0.625,-2.40625,0.1875,-0.375
a07_s2_happy_sad,7,2,happy,sad,24,3.84375,1.21875,3.90625,0.5625,-2.984375,-0.296875,-0.71875
a07_s2_happy_sad,7,2,happy,sad,25,8.312500149011612,3.9374998807907104,8.687499925494194,2.062500238418579,-5.499999977648258,-0.7499999329447746,-2.2499994188547134
a07_s2_happy_sad,7,2,happy,sad,26,8.187500417232513,3.4375,8.249999567866325,2.25,-5.374999992549419,-0.562500424683094,-1.249999150633812
a07_s2_happy_sad,7,2,happy,sad,27,5.125000197440386,1.4999999403953552,5.687499912455678,0.875,-4.218750084750354,-0.03125011269003153,-1.1874996554106474
a07_s2_happy_sad,7,2,happy,sad,28,3.8124998956918716,0.9999998807907104,4.187500044703484,0.375,-3.3125000298023224,-0.12499986588954926,-1.0000000298023224
a07_s2_neutral_angry,7,2,neutral,angry,0,0.671875,0.671875,0.671875,0.671875,0.0,0.0,0.0
a07_s2_neutral_angry,7,2,neutral,angry,1,-0.2685546875,-0.1455078125,-0.3173828125,-0.1630859375,0.138671875,-0.033203125,0.03125
a07_s2_neutral_angry,7,2,neutral,angry,2,0.263671875,0.3076171875,0.13671875,0.212890625,0.06005859375,-0.11083984375,0.0322265625
a07_s2_neutral_angry,7,2,neutral,angry,3,0.21875,0.1249990463256836,0.09375,0.046875953674316406,-0.0703125,-0.1015615463256836,0.04687690734863281
a07_s2_neutral_angry,7,2,neutral,angry,4,0.015625,-0.296875,-0.265625,-0.453125,-0.25,-0.21875,0.125
a07_s2_neutral_angry,7,2,neutral,angry,5,-1.296875,-1.625,-1.453125,-1.75,-0.3125,-0.140625,0.03125
a07_s2_neutral_angry,7,2,neutral,angry,6,-1.375,-1.375,-1.375,-1.53125,-0.078125,-0.078125,-0.15625
a07_s2_neutral_angry,7,2,neutral,angry,7,-0.046875,-0.234375,-0.109375,-0.34375,-0.2109375,-0.0859375,-0.046875
a07_s2_neutral_angry,7,2,neutral,angry,8,-0.34375,-0.90234375,-0.359375,-0.828125,-0.513671875,0.029296875,0.08984375
a07_s2_neutral_angry,7,2,neutral,angry,9,0.5,-0.3828125,0.453125,-0.609375,-0.97265625,-0.13671875,-0.1796875
a07_s2_neutral_angry,7,2,neutral,angry,10,1.26953125,0.73583984375,1.51953125,0.6875,-0.682861328125,0.100830078125,-0.29833984375
a07_s2_neutral_angry,7,2,neutral,angry,11,3.6328125,2.62890625,3.9765625,2.9140625,-1.033203125,0.314453125,-0.05859375
a07_s2_neutral_angry,7,2,neutral,angry,12,3.01953125,1.9375,3.1328125,1.8945302963256836,-1.1601567268371582,0.0351557731628418,-0.1562509536743164
a07_s2_neutral_angry,7,2,neutral,angry,13,3.15625,1.2265625,2.91064453125,1.0234375,-1.908447265625,-0.224365234375,0.04248046875
a07_s2_neutral_angry,7,2,neutral,angry,14,2.484375,1.859375,2.5625,1.8359375,-0.67578125,0.02734375,-0.1015625
a07_s2_neutral_angry,7,2,neutral,angry,15,2.046875,1.2421875,2.0234375,1.140625,-0.84375,-0.0625,-0.078125
a07_s2_neutral_angry,7,2,neutral,angry,16,1.0625,0.1328125,1.015625,-0.1640625,-1.0546875,-0.171875,-0.25
a07_s2_neutral_angry,7,2,neutral,angry,17,1.265625,0.40625,1.234375,0.0625,-1.015625,-0.1875,-0.3125
a07_s2_neutral_angry,7,2,neutral,angry,18,-0.84375,0.109375,-0.578125,0.0,0.765625,0.078125,-0.375
a07_s2_neutral_angry,7,2,neutral,angry,19,0.3125,1.3515625,0.40625,1.25,0.94140625,-0.00390625,-0.1953125
a07_s2_neutral_angry,7,2,neutral,angry,20,0.125,1.265625,0.4375,1.34375,1.0234375,0.1953125,-0.234375
a07_s2_neutral_angry,7,2,neutral,angry,21,-1.0,1.3906254768371582,-0.90625,1.203125,2.250000238418579,-0.0468752384185791,-0.2812504768371582
a07_s2_neutral_angry,7,2,neutral,angry,22,-0.15625,1.375,-0.46875,0.953125,1.4765625,-0.3671875,-0.109375
a07_s2_neutral_angry,7,2,neutral,angry,23,0.28125,-0.625,0.1875,-1.3125,-1.203125,-0.390625,-0.59375
a07_s2_neutral_angry,7,2,neutral,angry,24,0.28125,-1.328125,0.40625,-2.015625,-2.015625,-0.28125,-0.8125
a07_s2_neutral_angry,7,2,neutral,angry,25,3.5625,2.84375,3.718750476837158,1.96875,-1.234375238418579,-0.3593747615814209,-1.0312504768371582
a07_s2_neutral_angry,7,2,neutral,angry,26,3.437500476837158,3.437499523162842,3.90625,2.781250476837158,-0.5625002384185791,-0.0937497615814209,-1.1249985694885254
a07_s2_neutral_angry,7,2,neutral,angry,27,2.062500476837158,3.687499523162842,3.0,2.687500476837158,0.6562497615814209,-0.0312497615814209,-1.9374985694885254
a07_s2_neutral_angry,7,2,neutral,angry,28,1.5,4.125000238418579,2.625000238418579,3.5,1.75,0.25,-1.7500004768371582
a08_s1_happy_sad,8,1,happy,sad,0,2.0703125,2.0703125,2.0703125,2.0703125,0.0,0.0,0.0
a08_s1_happy_sad,8,1,happy,sad,1,-0.62109375,-0.4892578125,-0.728515625,-0.581787109375,0.1392822265625,-0.0999755859375,0.014892578125
a08_s1_happy_sad,8,1,happy,sad,2,-1.3671875,-1.24609375,-1.5234375,-1.3203125,0.162109375,-0.115234375,0.08203125
a08_s1_happy_sad,8,1,happy,sad,3,-1.7265615463256836,-1.568359375,-1.89453125,-1.68359375,0.1845698356628418,-0.1416020393371582,0.052735328674316406
a08_s1_happy_sad,8,1,happy,sad,4,-1.9375,-1.328125,-2.15625,-1.421875,0.671875,-0.15625,0.125
a08_s1_happy_sad,8,1,happy,sad,5,-1.609375,-1.53125,-1.78125,-1.671875,0.09375,-0.15625,0.03125
a08_s1_happy_sad,8,1,happy,sad,6,-1.25,-0.9375,-1.5,-1.09375,0.359375,-0.203125,0.09375
a08_s1_happy_sad,8,1,happy,sad,7,-0.59375,-0.34375,-0.828125,-0.5,0.2890625,-0.1953125,0.078125
a08_s1_happy_sad,8,1,happy,sad,8,-1.119140625,-1.5625,-1.232666015625,-1.390625,-0.3006591796875,0.0291748046875,0.285400390625
a08_s1_happy_sad,8,1,happy,sad,9,0.7890625,0.765625,0.546875,0.796875,0.11328125,-0.10546875,0.2734375
a08_s1_happy_sad,8,1,happy,sad,10,-1.79296875,-1.66015625,-2.12109375,-1.828125,0.212890625,-0.248046875,0.16015625
a08_s1_happy_sad,8,1,happy,sad,11,-1.0390625,0.078125,-1.1875,-0.2890625,1.0078125,-0.2578125,-0.21875
a08_s1_happy_sad,8,1,happy,sad,12,-2.75390625,-1.923828125,-2.859375,-2.09375,0.7978515625,-0.1376953125,-0.064453125
a08_s1_happy_sad,8,1,happy,sad,13,0.42578125,1.265380859375,0.4609375,1.525390625,0.9520263671875,0.1475830078125,0.224853515625
a08_s1_happy_sad,8,1,happy,sad,14,-0.59375,0.640625,-0.1875,1.03125,1.2265625,0.3984375,-0.015625
a08_s1_happy_sad,8,1,happy,sad,15,0.59375,0.46875,0.875,0.546875,-0.2265625,0.1796875,-0.203125
a08_s1_happy_sad,8,1,happy,sad,16,-1.4375,-1.3125,-0.71875,-1.125,-0.140625,0.453125,-0.53125
a08_s1_happy_sad,8,1,happy,sad,17,-1.671875,-1.5,-0.859375,-1.4375,-0.203125,0.4375,-0.75
a08_s1_happy_sad,8,1,happy,sad,18,-2.1875,-1.5,-1.53125,-1.703125,0.2578125,0.2265625,-0.859375
a08_s1_happy_sad,8,1,happy,sad,19,-1.2656254768371582,-0.03125,-0.3125,-0.25,0.6484377384185791,0.3671877384185791,-1.1718754768371582
a08_s1_happy_sad,8,1,happy,sad,20,0.34375,1.8124995231628418,1.1875,1.9375,1.109374761581421,0.4843752384185791,-0.7187495231628418
a08_s1_happy_sad,8,1,happy,sad,21,2.21875,2.0625,2.78125,2.28125,-0.328125,0.390625,-0.34375
a08_s1_happy_sad,8,1,happy,sad,22,1.09375,0.90625,1.40625,1.28125,-0.15625,0.34375,0.0625
a08_s1_happy_sad,8,1,happy,sad,23,0.96875,-0.21875,1.34375,0.40625,-1.0625,0.5,0.25
a08_s1_happy_sad,8,1,happy,sad,24,3.749999761581421,0.6875,4.96875,0.875,-3.5781248807907104,0.7031251192092896,-1.031250238418579
a08_s1_happy_sad,8,1,happy,sad,25,8.28125011920929,2.156249761581421,9.375,2.187500238418579,-6.656250059604645,0.5625001788139343,-1.0624994039535522
a08_s1_happy_sad,8,1,happy,sad,26,8.468749612569809,2.3125,8.812499940395355,2.3124998807907104,-6.328124836087227,0.17187510430812836,-0.3437504470348358
a08_s1_happy_sad,8,1,happy,sad,27,5.124999979510903,0.0,5.625000176019967,0.375,-5.187500077765435,0.4375000982545316,-0.12500019650906324
a08_s1_happy_sad,8,1,happy,sad,28,2.999999985098839,0.875,3.3749999552965164,1.1250001192092896,-2.187499910593033,0.3125000447034836,-0.12499985098838806
a08_s1_neutral_angry,8,1,neutral,angry,0,0.671875,0.671875,0.671875,0.671875,0.0,0.0,0.0
a08_s1_neutral_angry,8,1,neutral,angry,1,-0.3095703125,-0.1337890625,-0.36474609375,-0.119140625,0.210693359375,-0.020263671875,0.06982421875
a08_s1_neutral_angry,8,1,neutral,angry,2,0.248046875,0.3330078125,0.255859375,0.3935546875,0.111328125,0.0341796875,0.052734375
a08_s1_neutral_angry,8,1,neutral,angry,3,-0.109375,-0.046875,-0.140625,0.0,0.1015625,0.0078125,0.078125
a08_s1_neutral_angry,8,1,neutral,angry,4,-0.40625,-0.65625,-0.375,-0.625,-0.25,0.03125,0.0
a08_s1_neutral_angry,8,1,neutral,angry,5,-0.75,-0.984375,-0.71875,-0.9375,-0.2265625,0.0390625,0.015625
a08_s1_neutral_angry,8,1,neutral,angry,6,-1.4375,-1.265625,-1.46875,-1.296875,0.171875,-0.03125,0.0
a08_s1_neutral_angry,8,1,neutral,angry,7,-0.390625,-0.1875,-0.53125,-0.203125,0.265625,-0.078125,0.125
a08_s1_neutral_angry,8,1,neutral,angry,8,-1.875,-2.4091806411743164,-1.8203125,-2.2026357650756836,-0.458251953125,0.1306161880493164,0.1518573760986328
a08_s1_neutral_angry,8,1,neutral,angry,9,-1.25,-1.6015625,-1.09375,-1.62890625,-0.443359375,0.064453125,-0.18359375
a08_s1_neutral_angry,8,1,neutral,angry,10,-0.4921875,-0.171875,-0.37890625,-0.3203125,0.189453125,-0.017578125,-0.26171875
a08_s1_neutral_angry,8,1,neutral,angry,11,0.52734375,1.6875,0.76171875,1.5859375,0.9921875,0.06640625,-0.3359375
a08_s1_neutral_angry,8,1,neutral,angry,12,0.43359375,-0.0859375,1.14453125,0.3671875,-0.6484375,0.58203125,-0.2578125
a08_s1_neutral_angry,8,1,neutral,angry,13,0.34033203125,0.484375,0.7890625,1.2265625,0.290771484375,0.595458984375,0.29345703125
a08_s1_neutral_angry,8,1,neutral,angry,14,0.7265625,-0.296875,0.78125,0.21875,-0.79296875,0.28515625,0.4609375
a08_s1_neutral_angry,8,1,neutral,angry,15,1.328125,0.390625,1.3125,0.734375,-0.7578125,0.1640625,0.359375
a08_s1_neutral_angry,8,1,neutral,angry,16,0.6796875,-0.421875,1.125,-0.109375,-1.16796875,0.37890625,-0.1328125
a08_s1_neutral_angry,8,1,neutral,angry,17,0.34375,-0.109375,0.5546875,-0.046875,-0.52734375,0.13671875,-0.1484375
a08_s1_neutral_angry,8,1,neutral,angry,18,-0.15625,-1.0625,-0.1875,-0.96875,-0.84375,0.03125,0.125
a08_s1_neutral_angry,8,1,neutral,angry,19,0.28125,-0.25,0.28125,0.15625,-0.328125,0.203125,0.40625
a08_s1_neutral_angry,8,1,neutral,angry,20,-0.25,0.0,-0.28125,0.25,0.390625,0.109375,0.28125
a08_s1_neutral_angry,8,1,neutral,angry,21,-1.5312504768371582,-0.8125004768371582,-1.4375,-0.84375,0.65625,0.0312504768371582,-0.125
a08_s1_neutral_angry,8,1,neutral,angry,22,-3.40625,-1.65625,-3.4375,-1.25,1.96875,0.1875,0.4375
a08_s1_neutral_angry,8,1,neutral,angry,23,-4.687500238418579,-2.625000476837158,-4.781250238418579,-2.15625,2.34375,0.1875002384185791,0.5625004768371582
a08_s1_neutral_angry,8,1,neutral,angry,24,-6.406250238418579,-3.9453125,-6.968750178813934,-3.53125,2.9492189586162567,-0.07421872019767761,0.9765624403953552
a08_s1_neutral_angry,8,1,neutral,angry,25,-8.968750029802322,-1.09375,-9.749999910593033,0.03125,8.828124970197678,0.17187505960464478,1.9062498807907104
a08_s1_neutral_angry,8,1,neutral,angry,26,-7.625000357627869,0.96875,-8.187500238418579,2.1875,9.484375298023224,0.3281250596046448,1.7812498807907104
a08_s1_neutral_angry,8,1,neutral,angry,27,-8.250000263564289,0.375,-9.437499839346856,2.500000476837158,10.281250289874151,0.46875045052729547,3.3125000526197255
a08_s1_neutral_angry,8,1,neutral,angry,28,-4.499999783933163,1.0,-5.249999795109034,2.5625,6.656249789521098,0.40624999441206455,2.312500011175871
a08_s2_happy_sad,8,2,happy,sad,0,2.0703125,2.0703125,2.0703125,2.0703125,0.0,0.0,0.0
a08_s2_happy_sad,8,2,happy,sad,1,-0.466796875,-0.509521484375,-0.4444580078125,-0.5469970703125,-0.0726318359375,-0.007568359375,-0.059814453125
a08_s2_happy_sad,8,2,happy,sad,2,-1.1953125,-1.20703125,-1.15625,-1.23828125,-0.046875,0.00390625,-0.0703125
a08_s2_happy_sad,8,2,happy,sad,3,-1.76171875,-1.62109375,-1.796875,-1.61328125,0.162109375,-0.013671875,0.04296875
a08_s2_happy_sad,8,2,happy,sad,4,-2.25,-1.9375,-2.4375,-1.9609375,0.39453125,-0.10546875,0.1640625
a08_s2_happy_sad,8,2,happy,sad,5,-1.515625,-2.265625,-1.65625,-2.296875,-0.6953125,-0.0859375,0.109375
a08_s2_happy_sad,8,2,happy,sad,6,-1.125,-1.65625,-1.25,-1.796875,-0.5390625,-0.1328125,-0.015625
a08_s2_happy_sad,8,2,happy,sad,7,-0.109375,-0.390625,-0.1875,-0.53125,-0.3125,-0.109375,-0.0625
a08_s2_happy_sad,8,2,happy,sad,8,-0.8671875,-0.9296875,-0.892578125,-0.9765625,-0.0732421875,-0.0361328125,-0.021484375
a08_s2_happy_sad,8,2,happy,sad,9,0.7578125,1.0,1.046875,1.0,0.09765625,0.14453125,-0.2890625
a08_s2_happy_sad,8,2,happy,sad,10,-2.3398447036743164,-0.7500009536743164,-2.140625,-0.8759765625,1.42724609375,0.036622047424316406,-0.3251953125
a08_s2_happy_sad,8,2,happy,sad,11,-1.11328125,0.3046875,-0.65625,0.21875,1.146484375,0.185546875,-0.54296875
a08_s2_happy_sad,8,2,happy,sad,12,-2.12890625,-0.75732421875,-1.9609384536743164,-0.6943359375,1.3190922737121582,0.1154780387878418,-0.1049795150756836
a08_s2_happy_sad,8,2,happy,sad,13,1.1738290786743164,2.14794921875,1.4882822036743164,2.25341796875,0.8696279525756836,0.2099609375,-0.208984375
a08_s2_happy_sad,8,2,happy,sad,14,-0.171875,2.109375,-0.03125,1.984375,2.1484375,0.0078125,-0.265625
a08_s2_happy_sad,8,2,happy,sad,15,0.9921875,2.234375,1.0546875,2.140625,1.1640625,-0.015625,-0.15625
a08_s2_happy_sad,8,2,happy,sad,16,-0.40625,0.125,-0.375,0.03125,0.46875,-0.03125,-0.125
a08_s2_happy_sad,8,2,happy,sad,17,-0.4375,-0.4375,-0.359375,0.03125,0.1953125,0.2734375,0.390625
a08_s2_happy_sad,8,2,happy,sad,18,-0.78125,-0.6874995231628418,-0.7812495231628418,-0.3125,0.28125,0.1875,0.3749990463256836
a08_s2_happy_sad,8,2,happy,sad,19,-0.75,-1.03125,-0.8125,-0.6250004768371582,-0.0468752384185791,0.1718747615814209,0.4687495231628418
a08_s2_happy_sad,8,2,happy,sad,20,0.46875,0.8125,0.5,1.5625,0.703125,0.390625,0.71875
a08_s2_happy_sad,8,2,happy,sad,21,0.1875,-0.09375,0.375,0.84375,0.09375,0.5625,0.75
a08_s2_happy_sad,8,2,happy,sad,22,-0.21875,0.1875,0.0625,1.03125,0.6875,0.5625,0.5625
a08_s2_happy_sad,8,2,happy,sad,23,-0.28125,-1.84375,-0.4375,-0.84375,-0.984375,0.421875,1.15625
a08_s2_happy_sad,8,2,happy,sad,24,1.0,-1.3125,-0.125,-0.25,-1.21875,-0.03125,2.1875
a08_s2_happy_sad,8,2,happy,sad,25,1.125,-4.1562501192092896,0.8125,-0.75,-3.4218750596046448,1.5468750596046448,3.7187501192092896
a08_s2_happy_sad,8,2,happy,sad,26,1.6874998807907104,-3.8125,1.4375,-0.6875,-3.8124999403953552,1.4375000596046448,3.3749998807907104
a08_s2_happy_sad,8,2,happy,sad,27,0.25,-7.3750001937150955,-0.125,-4.1874998807907104,-5.843750037252903,1.4062501564621925,3.562500312924385
a08_s2_happy_sad,8,2,happy,sad,28,0.25000011920928955,-3.875,0.0,-2.1250001192092896,-3.1250001192092896,0.7499998807907104,2.0
a08_s2_neutral_angry,8,2,neutral,angry,0,0.671875,0.671875,0.671875,0.671875,0.0,0.0,0.0
a08_s2_neutral_angry,8,2,neutral,angry,1,-0.186279296875,-0.19140625,-0.22314453125,-0.19921875,0.0093994140625,-0.0223388671875,0.029052734375
a08_s2_neutral_angry,8,2,neutral,angry,2,0.2890625,0.29345703125,0.30859375,0.2939453125,-0.005126953125,0.010009765625,-0.01904296875
a08_s2_neutral_angry,8,2,neutral,angry,3,0.046875,-0.140625,0.03125,-0.15625,-0.1875,-0.015625,0.0
a08_s2_neutral_angry,8,2,neutral,angry,4,0.0,0.078125,0.0,-0.015625,0.03125,-0.046875,-0.09375
a08_s2_neutral_angry,8,2,neutral,angry,5,-0.5,-0.765625,-0.5,-0.78125,-0.2734375,-0.0078125,-0.015625
a08_s2_neutral_angry,8,2,neutral,angry,6,-1.4375,-1.171875,-1.46875,-1.265625,0.234375,-0.0625,-0.0625
a08_s2_neutral_angry,8,2,neutral,angry,7,-0.5625,0.15625,-0.671875,0.125,0.7578125,-0.0703125,0.078125
a08_s2_neutral_angry,8,2,neutral,angry,8,-1.84765625,-1.912109375,-1.87109375,-1.9462900161743164,-0.0698246955871582,-0.028809070587158203,-0.010743141174316406
a08_s2_neutral_angry,8,2,neutral,angry,9,-1.0625,-0.99609375,-1.046875,-1.17578125,-0.03125,-0.08203125,-0.1953125
a08_s2_neutral_angry,8,2,neutral,angry,10,-0.203125,0.12890625,-0.0703125,0.05859375,0.23046875,0.03125,-0.203125
a08_s2_neutral_angry,8,2,neutral,angry,11,0.52734375,0.8984375,0.91796875,0.78125,0.1171875,0.13671875,-0.5078125
a08_s2_neutral_angry,8,2,neutral,angry,12,0.455078125,-0.1875,0.5234375,-0.4609375,-0.8134765625,-0.1025390625,-0.341796875
a08_s2_neutral_angry,8,2,neutral,angry,13,0.5263671875,-0.125,0.494140625,0.0,-0.57275390625,0.04638671875,0.1572265625
a08_s2_neutral_angry,8,2,neutral,angry,14,0.90234375,-0.28125,0.5,-0.265625,-0.974609375,-0.193359375,0.41796875
a08_s2_neutral_angry,8,2,neutral,angry,15,1.703125,0.609375,1.5078125,0.59375,-1.00390625,-0.10546875,0.1796875
a08_s2_neutral_angry,8,2,neutral,angry,16,0.765625,-0.75,0.59375,-0.78125,-1.4453125,-0.1015625,0.140625
a08_s2_neutral_angry,8,2,neutral,angry,17,0.4765625,-0.984375,0.09375,-1.171875,-1.36328125,-0.28515625,0.1953125
a08_s2_neutral_angry,8,2,neutral,angry,18,-1.15625,-1.25,-1.34375,-1.46875,-0.109375,-0.203125,-0.03125
a08_s2_neutral_angry,8,2,neutral,angry,19,-0.5,0.125,-0.65625,-0.09375,0.59375,-0.1875,-0.0625
a08_s2_neutral_angry,8,2,neutral,angry,20,-0.6875004768371582,-0.53125,-1.03125,-0.78125,0.2031252384185791,-0.2968747615814209,0.0937495231628418
a08_s2_neutral_angry,8,2,neutral,angry,21,-1.8124995231628418,-1.1718754768371582,-1.7499995231628418,-1.2499995231628418,0.5703120231628418,-0.007812023162841797,-0.1406240463256836
a08_s2_neutral_angry,8,2,neutral,angry,22,-3.0,-2.1875,-3.25,-2.453125,0.8046875,-0.2578125,-0.015625
a08_s2_neutral_angry,8,2,neutral,angry,23,-4.5312501192092896,-3.156249523162842,-4.9375,-3.59375,1.3593752980232239,-0.4218751788139343,-0.031250596046447754
a08_s2_neutral_angry,8,2,neutral,angry,24,-6.9687498807907104,-2.65625,-6.937500029802322,-3.0625,4.093749955296516,-0.18750007450580597,-0.43749985098838806
a08_s2_neutral_angry,8,2,neutral,angry,25,-8.812499985098839,3.343750238418579,-10.062500417232513,3.093750238418579,12.656250439584255,-0.7500002160668373,1.0000004321336746
a08_s2_neutral_angry,8,2,neutral,angry,26,-7.625,4.5625,-8.062500298023224,4.562500238418579,12.406250268220901,-0.2187500298023224,0.437500536441803
a08_s2_neutral_angry,8,2,neutral,angry,27,-8.62500024586916,3.1875,-8.87500007264316,3.6875,12.18750015925616,0.12500008661299944,0.7499998267740011
a08_s2_neutral_angry,8,2,neutral,angry,28,-4.125000104308128,2.749999761581421,-4.374999813735485,3.312500238418579,7.281249959021807,0.15625038370490074,0.8125001862645149
a09_s1_happy_sad,9,1,happy,sad,0,2.0703125,2.0703125,2.0703125,2.0703125,0.0,0.0,0.0
a09_s1_happy_sad,9,1,happy,sad,1,-0.921875,-0.633544921875,-0.85546875,-0.556396484375,0.293701171875,0.07177734375,0.0107421875
a09_s1_happy_sad,9,1,happy,sad,2,-1.4921875,-1.34765625,-1.46875,-1.3671875,0.123046875,0.001953125,-0.04296875
a09_s1_happy_sad,9,1,happy,sad,3,-1.6250009536743164,-1.5156240463256836,-1.5976552963256836,-1.5,0.1035161018371582,0.021484851837158203,-0.011721611022949219
a09_s1_happy_sad,9,1,happy,sad,4,-1.890625,-1.203125,-2.03125,-1.328125,0.6953125,-0.1328125,0.015625
a09_s1_happy_sad,9,1,happy,sad,5,-1.3125,-1.4375,-1.203125,-1.5,-0.2109375,0.0234375,-0.171875
a09_s1_happy_sad,9,1,happy,sad,6,-1.21875,-1.59375,-1.0625,-1.609375,-0.4609375,0.0703125,-0.171875
a09_s1_happy_sad,9,1,happy,sad,7,-0.578125,-0.8125,-0.421875,-0.796875,-0.3046875,0.0859375,-0.140625
a09_s1_happy_sad,9,1,happy,sad,8,-0.4609375,-0.4609375,-0.4453125,-0.59375,-0.07421875,-0.05859375,-0.1484375
a09_s1_happy_sad,9,1,happy,sad,9,2.00390625,1.9609375,2.0,2.1015625,0.029296875,0.068359375,0.14453125
a09_s1_happy_sad,9,1,happy,sad,10,-1.966796875,-1.318359375,-1.9765625,-1.2734375,0.67578125,0.017578125,0.0546875
a09_s1_happy_sad,9,1,happy,sad,11,-0.640625,-1.4375,-0.6875,-1.2265625,-0.66796875,0.08203125,0.2578125
a09_s1_happy_sad,9,1,happy,sad,12,0.25390625,-0.951171875,0.283203125,-0.6328125,-1.060546875,0.173828125,0.2890625
a09_s1_happy_sad,9,1,happy,sad,13,1.46875,2.044921875,1.3125,2.265625,0.7646484375,0.0322265625,0.376953125
a09_s1_happy_sad,9,1,happy,sad,14,-0.15625,0.703125,-0.25,1.296875,1.203125,0.25,0.6875
a09_s1_happy_sad,9,1,happy,sad,15,-0.8125,0.359375,-0.765625,0.78125,1.359375,0.234375,0.375
a09_s1_happy_sad,9,1,happy,sad,16,-1.40625,-0.640625,-1.34375,-0.203125,0.953125,0.25,0.375
a09_s1_happy_sad,9,1,happy,sad,17,-0.546875,-0.734375,-0.5,-0.3125,0.0,0.234375,0.375
a09_s1_happy_sad,9,1,happy,sad,18,-1.0,-0.875,-0.96875,-0.65625,0.21875,0.125,0.1875
a09_s1_happy_sad,9,1,happy,sad,19,0.40625,-0.8125,0.46875,-0.34375,-1.015625,0.265625,0.40625
a09_s1_happy_sad,9,1,happy,sad,20,-0.46875,0.03125,-0.34375,0.28125,0.5625,0.1875,0.125
a09_s1_happy_sad,9,1,happy,sad,21,-0.71875,0.25,-0.59375,0.09375,0.828125,-0.015625,-0.28125
a09_s1_happy_sad,9,1,happy,sad,22,-1.6249995231628418,-0.03125,-1.671875,-0.21875,1.523437261581421,-0.1171877384185791,-0.1406245231628418
a09_s1_happy_sad,9,1,happy,sad,23,-4.28125,-1.703125,-4.46875,-2.15625,2.4453125,-0.3203125,-0.265625
a09_s1_happy_sad,9,1,happy,sad,24,-3.96875,-0.5000004768371582,-3.937500238418579,-0.75,3.3281248807907104,-0.10937488079071045,-0.2812492847442627
a09_s1_happy_sad,9,1,happy,sad,25,-8.843750357627869,0.0625,-9.093749821186066,-0.65625,8.671875089406967,-0.4843747317790985,-0.468750536441803
a09_s1_happy_sad,9,1,happy,sad,26,-6.812499940395355,0.3125,-7.249999970197678,-0.5625,6.906249955296516,-0.6562500149011612,-0.4374999701976776
a09_s1_happy_sad,9,1,happy,sad,27,-10.500000063329935,-1.625,-11.500000121071935,-2.875,8.750000092200935,-1.1250000288709998,-0.24999994225800037
a09_s1_happy_sad,9,1,happy,sad,28,-5.625000074505806,-0.25,-6.437499813735485,-1.625,5.0937499441206455,-1.0937498696148396,-0.5625002607703209
a09_s1_neutral_angry,9,1,neutral,angry,0,0.671875,0.671875,0.671875,0.671875,0.0,0.0,0.0
a09_s1_neutral_angry,9,1,neutral,angry,1,-0.37646484375,-0.26611328125,-0.703125,-0.490234375,0.16162109375,-0.275390625,0.1025390625
a09_s1_neutral_angry,9,1,neutral,angry,2,0.1796875,0.5361328125,0.0234375,0.5048828125,0.4189453125,-0.09375,0.125
a09_s1_neutral_angry,9,1,neutral,angry,3,-0.046875,0.34375,-0.25,0.28125,0.4609375,-0.1328125,0.140625
a09_s1_neutral_angry,9,1,neutral,angry,4,-0.125,0.65625,-0.53125,0.5,0.90625,-0.28125,0.25
a09_s1_neutral_angry,9,1,neutral,angry,5,-0.5,-0.03125,-0.96875,-0.28125,0.578125,-0.359375,0.21875
a09_s1_neutral_angry,9,1,neutral,angry,6,-0.90625,-1.3125,-1.03125,-1.375,-0.375,-0.09375,0.0625
a09_s1_neutral_angry,9,1,neutral,angry,7,-0.15625,-0.5625,0.046875,-0.421875,-0.4375,0.171875,-0.0625
a09_s1_neutral_angry,9,1,neutral,angry,8,-0.484375,-0.4765615463256836,-0.5703125,-0.46875,0.0546879768371582,-0.0390629768371582,0.0937490463256836
a09_s1_neutral_angry,9,1,neutral,angry,9,-1.03125,-0.921875,-1.203125,-0.859375,0.2265625,-0.0546875,0.234375
a09_s1_neutral_angry,9,1,neutral,angry,10,0.34375,-0.515625,0.6640625,-0.4453125,-0.984375,0.1953125,-0.25
a09_s1_neutral_angry,9,1,neutral,angry,11,1.556640625,1.2578115463256836,1.4648447036743164,1.33984375,-0.2119150161743164,-0.004881858825683594,0.173828125
a09_s1_neutral_angry,9,1,neutral,angry,12,1.015625,0.8191452026367188,1.17236328125,0.76171875,-0.3035621643066406,0.049655914306640625,-0.21416473388671875
a09_s1_neutral_angry,9,1,neutral,angry,13,0.97119140625,0.943359375,0.865234375,0.6328125,-0.130126953125,-0.208251953125,-0.20458984375
a09_s1_neutral_angry,9,1,neutral,angry,14,0.3359375,0.171875,0.53125,-0.125,-0.41015625,-0.05078125,-0.4921875
a09_s1_neutral_angry,9,1,neutral,angry,15,0.7109375,1.2109375,0.70703125,1.109375,0.451171875,-0.052734375,-0.09765625
a09_s1_neutral_angry,9,1,neutral,angry,16,0.25,0.7109375,0.609375,0.765625,0.30859375,0.20703125,-0.3046875
a09_s1_neutral_angry,9,1,neutral,angry,17,0.859375,0.8125,1.09375,0.546875,-0.296875,-0.015625,-0.5
a09_s1_neutral_angry,9,1,neutral,angry,18,-0.0625,0.421875,-0.03125,0.046875,0.28125,-0.171875,-0.40625
a09_s1_neutral_angry,9,1,neutral,angry,19,0.53125,0.890625,0.34375,0.734375,0.375,-0.171875,0.03125
a09_s1_neutral_angry,9,1,neutral,angry,20,0.53125,1.28125,0.21875,1.0625,0.796875,-0.265625,0.09375
a09_s1_neutral_angry,9,1,neutral,angry,21,-0.625,0.484375,-0.90625,0.640625,1.328125,-0.0625,0.4375
a09_s1_neutral_angry,9,1,neutral,angry,22,-0.7499995231628418,0.71875,-0.6875,0.46875,1.312499761581421,-0.0937502384185791,-0.3124995231628418
a09_s1_neutral_angry,9,1,neutral,angry,23,-1.0625,0.3125,-0.5625,-0.7812495231628418,0.5781252384185791,-0.2968747615814209,-1.5937495231628418
a09_s1_neutral_angry,9,1,neutral,angry,24,-1.5,1.671875,-0.625,-0.5625,1.6171875,-0.6796875,-3.109375
a09_s1_neutral_angry,9,1,neutral,angry,25,1.9375001192092896,7.546875238418579,3.2499998807907104,4.78125,3.5703126192092896,-0.7265627384185791,-4.078125
a09_s1_neutral_angry,9,1,neutral,angry,26,2.7499998807907104,7.156249642372131,4.0,4.812499761581421,2.609374761581421,-0.5468748807907104,-3.59375
a09_s1_neutral_angry,9,1,neutral,angry,27,1.8749999105930328,6.187500037252903,3.874999850988388,4.3125001937150955,2.375000234693289,0.06250004842877388,-3.8749997839331627
a09_s1_neutral_angry,9,1,neutral,angry,28,1.6249999403953552,7.499999891966581,2.624999910593033,5.625000044703484,4.437500042840838,-0.4374999385327101,-2.8749998174607754
a09_s2_happy_sad,9,2,happy,sad,0,2.0703125,2.0703125,2.0703125,2.0703125,0.0,0.0,0.0
a09_s2_happy_sad,9,2,happy,sad,1,-0.55078125,-0.5771484375,-0.548828125,-0.5712890625,-0.0244140625,0.00390625,0.00390625
a09_s2_happy_sad,9,2,happy,sad,2,-1.0703125,-1.13671875,-1.0126953125,-1.1865234375,-0.1201171875,0.00390625,-0.107421875
a09_s2_happy_sad,9,2,happy,sad,3,-1.234375,-1.3984375,-1.0859375,-1.2890615463256836,-0.1835932731628418,0.1289067268371582,-0.039061546325683594
a09_s2_happy_sad,9,2,happy,sad,4,-1.34375,-1.40625,-1.234375,-1.359375,-0.09375,0.078125,-0.0625
a09_s2_happy_sad,9,2,happy,sad,5,-2.15625,-1.875,-1.984375,-1.890625,0.1875,0.078125,-0.1875
a09_s2_happy_sad,9,2,happy,sad,6,-2.046875,-1.8125,-2.046875,-1.953125,0.1640625,-0.0703125,-0.140625
a09_s2_happy_sad,9,2,happy,sad,7,-0.734375,-0.59375,-0.65625,-0.6875,0.0546875,-0.0078125,-0.171875
a09_s2_happy_sad,9,2,happy,sad,8,0.328125,-0.7109375,0.3359375,-0.765625,-1.0703125,-0.0234375,-0.0625
a09_s2_happy_sad,9,2,happy,sad,9,2.26171875,2.24609375,2.32421875,2.23828125,-0.05078125,0.02734375,-0.0703125
a09_s2_happy_sad,9,2,happy,sad,10,-1.650390625,-1.23046875,-1.75,-1.12109375,0.5244140625,0.0048828125,0.208984375
a09_s2_happy_sad,9,2,happy,sad,11,-1.916015625,-0.8125,-1.9951171875,-0.90625,1.09619140625,-0.08642578125,-0.0146484375
a09_s2_happy_sad,9,2,happy,sad,12,-1.96875,-0.609375,-1.830322265625,-0.4296875,1.3800048828125,0.1590576171875,0.041259765625
a09_s2_happy_sad,9,2,happy,sad,13,1.87109375,1.7421875,1.875,2.0859375,0.041015625,0.173828125,0.33984375
a09_s2_happy_sad,9,2,happy,sad,14,0.609375,0.6875,0.609375,0.96875,0.21875,0.140625,0.28125
a09_s2_happy_sad,9,2,happy,sad,15,0.984375,0.5,0.953125,0.796875,-0.3203125,0.1328125,0.328125
a09_s2_happy_sad,9,2,happy,sad,16,-0.234375,-0.21875,-0.234375,0.0,0.125,0.109375,0.21875
a09_s2_happy_sad,9,2,happy,sad,17,-1.234375,-0.53125,-1.40625,-0.5,0.8046875,-0.0703125,0.203125
a09_s2_happy_sad,9,2,happy,sad,18,-1.2499995231628418,-1.0000004768371582,-1.0625,-0.84375,0.2343745231628418,0.171875,-0.031249046325683594
a09_s2_happy_sad,9,2,happy,sad,19,-0.09375,-0.53125,-0.125,-0.1875,-0.25,0.15625,0.375
a09_s2_happy_sad,9,2,happy,sad,20,0.28125,0.15625,0.0,0.21875,0.046875,-0.109375,0.34375
a09_s2_happy_sad,9,2,happy,sad,21,1.0,0.375,0.75,0.625,-0.375,0.0,0.5
a09_s2_happy_sad,9,2,happy,sad,22,1.15625,0.3125,1.75,0.71875,-0.9375,0.5,-0.1875
a09_s2_happy_sad,9,2,happy,sad,23,-0.125,-1.625,0.5,-1.203125,-1.6015625,0.5234375,-0.203125
a09_s2_happy_sad,9,2,happy,sad,24,3.500000476837158,0.40625,3.375,0.75,-2.859375238418579,0.1093747615814209,0.4687504768371582
a09_s2_happy_sad,9,2,happy,sad,25,5.156250238418579,-0.09375,5.125000238418579,1.65625,-4.359375238418579,0.859375,1.78125
a09_s2_happy_sad,9,2,happy,sad,26,4.6250001192092896,0.5,4.7812501192092896,2.375,-3.2656251192092896,1.015625,1.71875
a09_s2_happy_sad,9,2,happy,sad,27,2.25,-1.5625,2.5,0.0625,-3.125,0.9375,1.375
a09_s2_happy_sad,9,2,happy,sad,28,3.374999761581421,-0.375,3.6874998807907104,1.25,-3.0937498211860657,0.9687500596046448,1.3124998807907104
a09_s2_neutral_angry,9,2,neutral,angry,0,0.671875,0.671875,0.671875,0.671875,0.0,0.0,0.0
a09_s2_neutral_angry,9,2,neutral,angry,1,-0.70751953125,-0.658203125,-0.68359375,-0.55859375,0.087158203125,0.061767578125,0.07568359375
a09_s2_neutral_angry,9,2,neutral,angry,2,-0.1015625,0.14453125,0.02734375,0.232421875,0.2255859375,0.1083984375,-0.041015625
a09_s2_neutral_angry,9,2,neutral,angry,3,-0.171875,0.0,-0.03125,0.171875,0.1875,0.15625,0.03125
a09_s2_neutral_angry,9,2,neutral,angry,4,-0.09375,-0.09375,-0.03125,-0.03125,0.0,0.0625,0.0
a09_s2_neutral_angry,9,2,neutral,angry,5,-0.6875,-0.65625,-0.71875,-0.6875,0.03125,-0.03125,0.0
a09_s2_neutral_angry,9,2,neutral,angry,6,-1.21875,-1.4375,-1.15625,-1.375,-0.21875,0.0625,0.0
a09_s2_neutral_angry,9,2,neutral,angry,7,-0.5,-0.5,-0.3359375,-0.25,0.04296875,0.20703125,0.0859375
a09_s2_neutral_angry,9,2,neutral,angry,8,-0.90625,-0.9140625,-0.3359375,-0.609375,-0.140625,0.4375,-0.265625
a09_s2_neutral_angry,9,2,neutral,angry,9,-1.1171875,0.4375,-1.3828125,0.0859375,1.51171875,-0.30859375,-0.0859375
a09_s2_neutral_angry,9,2,neutral,angry,10,0.3046875,0.594970703125,0.48046875,1.12109375,0.4654541015625,0.3509521484375,0.350341796875
a09_s2_neutral_angry,9,2,neutral,angry,11,2.21875,1.861328125,2.3984375,2.3701171875,-0.19287109375,0.34423828125,0.3291015625
a09_s2_neutral_angry,9,2,neutral,angry,12,1.0479726791381836,0.625,1.58203125,0.82421875,-0.5903925895690918,0.3666386604309082,-0.3348398208618164
a09_s2_neutral_angry,9,2,neutral,angry,13,0.123046875,-0.4375,0.7509765625,0.24609375,-0.53271484375,0.65576171875,0.0556640625
a09_s2_neutral_angry,9,2,neutral,angry,14,-0.1015625,0.125,0.296875,0.609375,0.26953125,0.44140625,0.0859375
a09_s2_neutral_angry,9,2,neutral,angry,15,1.140625,0.546875,1.125,0.96875,-0.375,0.203125,0.4375
a09_s2_neutral_angry,9,2,neutral,angry,16,0.7265625,-0.5,0.703125,-0.015625,-0.97265625,0.23046875,0.5078125
a09_s2_neutral_angry,9,2,neutral,angry,17,0.84375,-0.078125,0.875,0.140625,-0.828125,0.125,0.1875
a09_s2_neutral_angry,9,2,neutral,angry,18,-0.453125,-0.796875,-0.71875,-0.3125,0.03125,0.109375,0.75
a09_s2_neutral_angry,9,2,neutral,angry,19,0.1875,1.125,-0.25,1.421875,1.3046875,-0.0703125,0.734375
a09_s2_neutral_angry,9,2,neutral,angry,20,0.28125,0.9218745231628418,-0.265625,1.046875,0.9765622615814209,-0.2109372615814209,0.6718754768371582
a09_s2_neutral_angry,9,2,neutral,angry,21,-0.484375,0.53125,-1.375,0.390625,1.390625,-0.515625,0.75
a09_s2_neutral_angry,9,2,neutral,angry,22,-0.21875,-0.1875,-0.8125,-0.828125,0.0078125,-0.6171875,-0.046875
a09_s2_neutral_angry,9,2,neutral,angry,23,-0.84375,-2.765625476837158,-1.53125,-3.078125,-1.734375238418579,-0.4999997615814209,0.3750004768371582
a09_s2_neutral_angry,9,2,neutral,angry,24,-1.249999761581421,-3.28125,-1.6875,-3.25,-1.7968751192092896,-0.20312511920928955,0.4687502384185791
a09_s2_neutral_angry,9,2,neutral,angry,25,2.6875,-0.96875,1.75,0.3125,-2.546875,0.171875,2.21875
a09_s2_neutral_angry,9,2,neutral,angry,26,3.4999998807907104,-1.0625,2.75,0.84375,-3.2343749403953552,0.5781250596046448,2.6562498807907104
a09_s2_neutral_angry,9,2,neutral,angry,27,3.1874999403953552,-1.6875,1.5,0.8125,-2.7812499701976776,0.4062500298023224,4.187499940395355
a09_s2_neutral_angry,9,2,neutral,angry,28,2.625,-0.125,1.1249999403953552,2.000000238418579,-0.9374998509883881,0.31250008940696716,3.625000298023224
a10_s1_happy_sad,10,1,happy,sad,0,2.0703125,2.0703125,2.0703125,2.0703125,0.0,0.0,0.0
a10_s1_happy_sad,10,1,happy,sad,1,-0.716064453125,-0.62237548828125,-0.68359375,-0.5859375,0.095672607421875,0.034454345703125,0.00396728515625
a10_s1_happy_sad,10,1,happy,sad,2,-1.55859375,-1.46484375,-1.48046875,-1.359375,0.107421875,0.091796875,0.02734375
a10_s1_happy_sad,10,1,happy,sad,3,-1.87109375,-1.7812509536743164,-1.75,-1.6796865463256836,0.080078125,0.1113290786743164,-0.019529342651367188
a10_s1_happy_sad,10,1,happy,sad,4,-2.921875,-2.5546875,-2.765625,-2.453125,0.33984375,0.12890625,-0.0546875
a10_s1_happy_sad,10,1,happy,sad,5,-1.90625,-2.078125,-1.8125,-1.953125,-0.15625,0.109375,0.03125
a10_s1_happy_sad,10,1,happy,sad,6,-1.515625,-1.5625,-1.5,-1.53125,-0.0390625,0.0234375,0.015625
a10_s1_happy_sad,10,1,happy,sad,7,-0.546875,-0.21875,-0.5,-0.25,0.2890625,0.0078125,-0.078125
a10_s1_happy_sad,10,1,happy,sad,8,-0.5585947036743164,-1.1640625,-0.6186532974243164,-1.1796875,-0.5832509994506836,-0.037841796875,0.04443359375
a10_s1_happy_sad,10,1,happy,sad,9,1.310546875,0.734375,1.208984375,0.65625,-0.564453125,-0.08984375,0.0234375
a10_s1_happy_sad,10,1,happy,sad,10,-2.40625,-1.9716806411743164,-2.484375,-2.078125,0.4204096794128418,-0.0922846794128418,-0.028319358825683594
a10_s1_happy_sad,10,1,happy,sad,11,-1.98046875,-0.9296875,-2.1015625,-1.3125,0.919921875,-0.251953125,-0.26171875
a10_s1_happy_sad,10,1,happy,sad,12,-2.56640625,-1.15625,-2.60546875,-1.3046875,1.35546875,-0.09375,-0.109375
a10_s1_happy_sad,10,1,happy,sad,13,0.25,1.671875,0.15625,1.453125,1.359375,-0.15625,-0.125
a10_s1_happy_sad,10,1,happy,sad,14,0.234375,0.796875,0.328125,0.796875,0.515625,0.046875,-0.09375
a10_s1_happy_sad,10,1,happy,sad,15,0.03125,1.390625,-0.25,1.28125,1.4453125,-0.1953125,0.171875
a10_s1_happy_sad,10,1,happy,sad,16,-0.5,0.0625,-0.53125,-0.09375,0.5,-0.09375,-0.125
a10_s1_happy_sad,10,1,happy,sad,17,-0.6875,-0.25,-0.578125,-0.15625,0.4296875,0.1015625,-0.015625
a10_s1_happy_sad,10,1,happy,sad,18,-1.03125,-0.21875,-0.78125,0.03125,0.8125,0.25,0.0
a10_s1_happy_sad,10,1,happy,sad,19,0.6562495231628418,-0.4375,0.75,-0.5,-1.171874761581421,0.0156252384185791,-0.1562504768371582
a10_s1_happy_sad,10,1,happy,sad,20,0.71875,0.40625,0.75,0.46875,-0.296875,0.046875,0.03125
a10_s1_happy_sad,10,1,happy,sad,21,2.03125,0.6875,2.625000238418579,1.0,-1.4843751192092896,0.45312511920928955,-0.2812502384185791
a10_s1_happy_sad,10,1,happy,sad,22,1.125,-0.0625,1.59375,0.40625,-1.1875,0.46875,0.0
a10_s1_happy_sad,10,1,happy,sad,23,1.1875,-0.21875,1.1875,0.0,-1.296875,0.109375,0.21875
a10_s1_happy_sad,10,1,happy,sad,24,4.375,0.9375,3.687500238418579,1.0625,-3.0312501192092896,-0.28124988079071045,0.8124997615814209
a10_s1_happy_sad,10,1,happy,sad,25,11.593750357627869,4.375000238418579,9.281250476837158,3.906250238418579,-6.296875178813934,-1.3906249403953552,1.8437498807907104
a10_s1_happy_sad,10,1,happy,sad,26,10.156249642372131,4.1875001192092896,8.531249761581421,3.562499761581421,-5.468749761581421,-1.1250001192092896,0.9999995231628418
a10_s1_happy_sad,10,1,happy,sad,27,5.812500115483999,1.5625,4.500000149011612,1.25,-3.7500001322478056,-0.8124999832361937,0.9999999664723873
a10_s1_happy_sad,10,1,happy,sad,28,3.499999910593033,2.0,3.125,2.25,-1.1874999552965164,-0.06249995529651642,0.6249999105930328
a10_s1_neutral_angry,10,1,neutral,angry,0,0.671875,0.671875,0.671875,0.671875,0.0,0.0,0.0
a10_s1_neutral_angry,10,1,neutral,angry,1,-0.419921875,-0.4130859375,-0.3548583984375,-0.31640625,0.02264404296875,0.08087158203125,0.0316162109375
a10_s1_neutral_angry,10,1,neutral,angry,2,0.11328125,0.10302734375,0.087890625,0.11474609375,0.00830078125,-0.0068359375,0.037109375
a10_s1_neutral_angry,10,1,neutral,angry,3,-0.21875,-0.25,-0.21875,-0.25,-0.03125,0.0,0.0
a10_s1_neutral_angry,10,1,neutral,angry,4,-1.09375,-0.53125,-1.125,-0.546875,0.5703125,-0.0234375,0.015625
a10_s1_neutral_angry,10,1,neutral,angry,5,-1.796875,-1.359375,-1.9375,-1.421875,0.4765625,-0.1015625,0.078125
a10_s1_neutral_angry,10,1,neutral,angry,6,-1.96875,-1.59375,-2.03125,-1.5625,0.421875,-0.015625,0.09375
a10_s1_neutral_angry,10,1,neutral,angry,7,-0.53125,-0.5625,-0.53125,-0.578125,-0.0390625,-0.0078125,-0.015625
a10_s1_neutral_angry,10,1,neutral,angry,8,-1.96484375,-1.2734375,-1.93359375,-1.12109375,0.751953125,0.091796875,0.12109375
a10_s1_neutral_angry,10,1,neutral,angry,9,-1.0546875,-0.96875,-1.1796875,-0.875,0.1953125,-0.015625,0.21875
a10_s1_neutral_angry,10,1,neutral,angry,10,0.7861328125,-1.017578125,0.90625,-0.771484375,-1.74072265625,0.18310546875,0.1259765625
a10_s1_neutral_angry,10,1,neutral,angry,11,1.59375,-0.0078125,1.6328125,0.015625,-1.609375,0.03125,-0.015625
a10_s1_neutral_angry,10,1,neutral,angry,12,0.3798828125,-0.509765625,0.6083984375,-0.5703125,-1.0341796875,0.083984375,-0.2890625
a10_s1_neutral_angry,10,1,neutral,angry,13,0.4140625,-1.03125,0.34765625,-1.515625,-1.654296875,-0.275390625,-0.41796875
a10_s1_neutral_angry,10,1,neutral,angry,14,0.4140625,-0.703125,0.703125,-0.96875,-1.39453125,0.01171875,-0.5546875
a10_s1_neutral_angry,10,1,neutral,angry,15,1.3125,0.09375,1.5078125,-0.0625,-1.39453125,0.01953125,-0.3515625
a10_s1_neutral_angry,10,1,neutral,angry,16,0.71875,-0.03125,0.890625,0.0,-0.8203125,0.1015625,-0.140625
a10_s1_neutral_angry,10,1,neutral,angry,17,-0.265625,-0.390625,0.09375,-0.421875,-0.3203125,0.1640625,-0.390625
a10_s1_neutral_angry,10,1,neutral,angry,18,-1.25,-2.234375,-1.2500004768371582,-1.984375,-0.8593747615814209,0.1249997615814209,0.2500004768371582
a10_s1_neutral_angry,10,1,neutral,angry,19,-0.90625,-0.59375,-0.7187504768371582,-0.1875,0.4218752384185791,0.2968747615814209,0.2187504768371582
a10_s1_neutral_angry,10,1,neutral,angry,20,-0.96875,0.25,-0.90625,0.53125,1.328125,0.171875,0.21875
a10_s1_neutral_angry,10,1,neutral,angry,21,-2.03125,-0.78125,-2.125,-0.375,1.5,0.15625,0.5
a10_s1_neutral_angry,10,1,neutral,angry,22,-3.0625,-2.03125,-3.0,-1.3125,1.359375,0.390625,0.65625
a10_s1_neutral_angry,10,1,neutral,angry,23,-4.218749761581421,-3.0625,-3.59375,-2.5625,1.0937498807907104,0.5624998807907104,-0.1249997615814209
a10_s1_neutral_angry,10,1,neutral,angry,24,-5.875000059604645,-3.687499523162842,-5.5625,-2.9375,2.4062502682209015,0.5312497913837433,0.437499463558197
a10_s1_neutral_angry,10,1,neutral,angry,25,-8.499999523162842,1.125,-7.3750001192092896,2.875000238418579,9.937499940395355,1.4374998211860657,0.6250008344650269
a10_s1_neutral_angry,10,1,neutral,angry,26,-7.1874998807907104,1.875,-6.1875,3.937500238418579,9.593750059604645,1.5312500596046448,1.0625003576278687
a10_s1_neutral_angry,10,1,neutral,angry,27,-7.937500048428774,0.0,-7.187500074505806,2.625,8.87500006146729,1.687499986961484,1.875000026077032
a10_s1_neutral_angry,10,1,neutral,angry,28,-3.8750001192092896,0.0,-3.125,1.5,4.250000059604645,1.1250000596046448,0.7499998807907104
a10_s2_happy_sad,10,2,happy,sad,0,2.0703125,2.0703125,2.0703125,2.0703125,0.0,0.0,0.0
a10_s2_happy_sad,10,2,happy,sad,1,-0.799560546875,-0.5029296875,-0.822265625,-0.439208984375,0.33984375,0.0205078125,0.08642578125
a10_s2_happy_sad,10,2,happy,sad,2,-1.609375,-1.4375,-1.609375,-1.33984375,0.220703125,0.048828125,0.09765625
a10_s2_happy_sad,10,2,happy,sad,3,-2.109375,-1.7890625,-2.140625,-1.7578134536743164,0.3515620231628418,-4.76837158203125e-07,0.062499046325683594
a10_s2_happy_sad,10,2,happy,sad,4,-2.1484375,-2.1953125,-2.28125,-2.2890625,-0.02734375,-0.11328125,0.0390625
a10_s2_happy_sad,10,2,happy,sad,5,-1.65625,-1.765625,-1.5625,-1.8125,-0.1796875,0.0234375,-0.140625
a10_s2_happy_sad,10,2,happy,sad,6,-1.4375,-1.578125,-1.375,-1.546875,-0.15625,0.046875,-0.03125
a10_s2_happy_sad,10,2,happy,sad,7,-0.515625,-0.25,-0.40625,-0.203125,0.234375,0.078125,-0.0625
a10_s2_happy_sad,10,2,happy,sad,8,-0.8984375,-0.8671875,-1.0078125,-1.140625,-0.05078125,-0.19140625,-0.1640625
a10_s2_happy_sad,10,2,happy,sad,9,0.9921875,1.1328125,1.15625,0.9140625,-0.05078125,-0.02734375,-0.3828125
a10_s2_happy_sad,10,2,happy,sad,10,-1.9765625,-1.73828125,-2.046875,-1.8808603286743164,0.2021479606628418,-0.1064457893371582,-0.0722665786743164
a10_s2_happy_sad,10,2,happy,sad,11,-2.419921875,-1.5078125,-2.17578125,-1.40625,0.8408203125,0.1728515625,-0.142578125
a10_s2_happy_sad,10,2,happy,sad,12,-2.25927734375,-0.9921875,-2.482421875,-1.046875,1.351318359375,-0.138916015625,0.16845703125
a10_s2_happy_sad,10,2,happy,sad,13,-0.2265625,1.39453125,-0.4140625,1.2265625,1.630859375,-0.177734375,0.01953125
a10_s2_happy_sad,10,2,happy,sad,14,-1.1875,0.84375,-1.265625,0.546875,1.921875,-0.1875,-0.21875
a10_s2_happy_sad,10,2,happy,sad,15,-0.75,0.96875,-0.953125,0.90625,1.7890625,-0.1328125,0.140625
a10_s2_happy_sad,10,2,happy,sad,16,-1.5625004768371582,-0.3125,-1.703125,-0.125,1.414062738418579,0.0234377384185791,0.3281245231628418
a10_s2_happy_sad,10,2,happy,sad,17,-0.96875,0.0,-0.9375,-0.25,0.828125,-0.109375,-0.28125
a10_s2_happy_sad,10,2,happy,sad,18,-0.96875,-0.1875,-1.03125,-0.28125,0.765625,-0.078125,-0.03125
a10_s2_happy_sad,10,2,happy,sad,19,0.9375,-0.9375,0.84375,-1.09375,-1.90625,-0.125,-0.0625
a10_s2_happy_sad,10,2,happy,sad,20,1.53125,-0.28125,1.40625,-0.28125,-1.75,-0.0625,0.125
a10_s2_happy_sad,10,2,happy,sad,21,1.46875,0.21875,0.84375,0.3125,-0.890625,-0.265625,0.71875
a10_s2_happy_sad,10,2,happy,sad,22,1.03125,-0.4375,0.3125,-0.1875,-0.984375,-0.234375,0.96875
a10_s2_happy_sad,10,2,happy,sad,23,-0.34375,0.0625,-0.8749997615814209,0.28125,0.7812498807907104,-0.15624988079071045,0.7499997615814209
a10_s2_happy_sad,10,2,happy,sad,24,1.25,2.34375,0.59375,2.375,1.4375,-0.3125,0.6875
a10_s2_happy_sad,10,2,happy,sad,25,4.625,5.874999761581421,3.437500238418579,5.968750059604645,1.8906247913837433,-0.5468747317790985,1.2812500596046448
a10_s2_happy_sad,10,2,happy,sad,26,4.75,5.0625,3.9999998211860657,5.1875,0.7500000894069672,-0.31250008940696716,0.8750001788139343
a10_s2_happy_sad,10,2,happy,sad,27,-1.6250000596046448,2.75,-2.375000089406967,2.875,4.812500074505806,-0.3125000149011612,0.8750000298023224
a10_s2_happy_sad,10,2,happy,sad,28,-0.375,1.3750001192092896,-0.75,1.3749998807907104,1.9375,-0.18750011920928955,0.3749997615814209
a10_s2_neutral_angry,10,2,neutral,angry,0,0.671875,0.671875,0.671875,0.671875,0.0,0.0,0.0
a10_s2_neutral_angry,10,2,neutral,angry,1,-0.3671875,-0.2421875,-0.373046875,-0.293212890625,0.1024169921875,-0.0284423828125,-0.045166015625
a10_s2_neutral_angry,10,2,neutral,angry,2,0.177734375,0.4423828125,0.1513671875,0.388671875,0.2509765625,-0.0400390625,-0.02734375
a10_s2_neutral_angry,10,2,neutral,angry,3,-0.09375,0.125,0.0,0.125,0.171875,0.046875,-0.09375
a10_s2_neutral_angry,10,2,neutral,angry,4,-0.4375,-0.75,-0.40625,-0.75,-0.328125,0.015625,-0.03125
a10_s2_neutral_angry,10,2,neutral,angry,5,-1.40625,-1.75,-1.53125,-1.84375,-0.328125,-0.109375,0.03125
a10_s2_neutral_angry,10,2,neutral,angry,6,-1.875,-2.234375,-1.78125,-2.109375,-0.34375,0.109375,0.03125
a10_s2_neutral_angry,10,2,neutral,angry,7,-0.484375,-0.796875,-0.28125,-0.46875,-0.25,0.265625,0.125
a10_s2_neutral_angry,10,2,neutral,angry,8,-1.84375,-1.5429677963256836,-1.6640625,-1.25,0.3574223518371582,0.2363276481628418,0.1132802963256836
a10_s2_neutral_angry,10,2,neutral,angry,9,-0.703125,-0.9765625,-0.609375,-0.953125,-0.30859375,0.05859375,-0.0703125
a10_s2_neutral_angry,10,2,neutral,angry,10,0.490234375,0.21875,0.802734375,0.54296875,-0.265625,0.318359375,0.01171875
a10_s2_neutral_angry,10,2,neutral,angry,11,1.484375,1.30078125,1.8359375,1.646484375,-0.1865234375,0.3486328125,-0.005859375
a10_s2_neutral_angry,10,2,neutral,angry,12,0.2889404296875,0.0615234375,0.615234375,0.2010498046875,-0.32080078125,0.23291015625,-0.186767578125
a10_s2_neutral_angry,10,2,neutral,angry,13,-0.47265625,-0.935546875,-0.578125,-1.1474618911743164,-0.5161137580871582,-0.1586918830871582,-0.1064462661743164
a10_s2_neutral_angry,10,2,neutral,angry,14,-0.109375,-0.359375,0.140625,-0.140625,-0.265625,0.234375,-0.03125
a10_s2_neutral_angry,10,2,neutral,angry,15,0.578125,0.53125,0.828125,0.578125,-0.1484375,0.1484375,-0.203125
a10_s2_neutral_angry,10,2,neutral,angry,16,0.40625,-0.453125,0.515625,-0.5,-0.9375,0.03125,-0.15625
a10_s2_neutral_angry,10,2,neutral,angry,17,-0.078125,-0.484375,0.046875,-0.28125,-0.3671875,0.1640625,0.078125
a10_s2_neutral_angry,10,2,neutral,angry,18,-1.9375,-2.40625,-1.640625,-2.125,-0.4765625,0.2890625,-0.015625
a10_s2_neutral_angry,10,2,neutral,angry,19,-0.9375004768371582,-0.765625,-0.703125,-0.21875,0.3281252384185791,0.3906252384185791,0.3124995231628418
a10_s2_neutral_angry,10,2,neutral,angry,20,-0.90625,0.34375,-0.9062504768371582,0.9375,1.546875238418579,0.2968747615814209,0.5937504768371582
a10_s2_neutral_angry,10,2,neutral,angry,21,-2.46875,-0.75,-2.671875476837158,-0.21875,2.085937738418579,0.1640622615814209,0.7343754768371582
a10_s2_neutral_angry,10,2,neutral,angry,22,-2.84375,-2.499999523162842,-2.40625,-1.96875,0.3906252384185791,0.4843747615814209,0.0937495231628418
a10_s2_neutral_angry,10,2,neutral,angry,23,-2.375000238418579,-3.156250238418579,-2.531250238418579,-2.9375,-0.5937498807907104,0.03125011920928955,0.3750002384185791
a10_s2_neutral_angry,10,2,neutral,angry,24,-4.125000238418579,-4.749999761581421,-4.249999761581421,-3.9375001192092896,-0.15624994039535522,0.3437500596046448,0.9374991655349731
a10_s2_neutral_angry,10,2,neutral,angry,25,-3.875,-0.3125,-4.25,0.8125,4.3125,0.375,1.5
a10_s2_neutral_angry,10,2,neutral,angry,26,-3.250000238418579,0.1875,-3.0,1.5625,4.0000001192092896,0.8125001192092896,1.124999761581421
a10_s2_neutral_angry,10,2,neutral,angry,27,-2.6250001192092896,-1.4375,-3.3750001192092896,0.375,2.4687501192092896,0.53125,2.5625
a10_s2_neutral_angry,10,2,neutral,angry,28,-0.625,-0.625,-0.75,0.125,0.4375,0.3125,0.875
a11_s1_happy_sad,11,1,happy,sad,0,2.0703125,2.0703125,2.0703125,2.0703125,0.0,0.0,0.0
a11_s1_happy_sad,11,1,happy,sad,1,-0.6005859375,-0.4521484375,-0.70263671875,-0.55322265625,0.14892578125,-0.1015625,0.0009765625
a11_s1_happy_sad,11,1,happy,sad,2,-1.296875,-1.30078125,-1.408203125,-1.3828125,0.0107421875,-0.0966796875,0.029296875
a11_s1_happy_sad,11,1,happy,sad,3,-1.46484375,-1.27734375,-1.5898447036743164,-1.3359384536743164,0.220703125,-0.0917978286743164,0.06640625
a11_s1_happy_sad,11,1,happy,sad,4,-1.4375,-1.234375,-1.546875,-1.359375,0.1953125,-0.1171875,-0.015625
a11_s1_happy_sad,11,1,happy,sad,5,-1.703125,-1.203125,-1.640625,-1.21875,0.4609375,0.0234375,-0.078125
a11_s1_happy_sad,11,1,happy,sad,6,-1.09375,-1.09375,-1.125,-1.21875,-0.046875,-0.078125,-0.09375
a11_s1_happy_sad,11,1,happy,sad,7,-0.390625,-0.625,-0.40625,-0.734375,-0.28125,-0.0625,-0.09375
a11_s1_happy_sad,11,1,happy,sad,8,-1.13671875,-1.24609375,-1.0859375,-1.19921875,-0.111328125,0.048828125,-0.00390625
a11_s1_happy_sad,11,1,happy,sad,9,1.4375,1.7734375,1.375,1.8125,0.38671875,-0.01171875,0.1015625
a11_s1_happy_sad,11,1,happy,sad,10,-1.640625,-2.2421875,-1.78125,-2.609375,-0.71484375,-0.25390625,-0.2265625
a11_s1_happy_sad,11,1,happy,sad,11,-1.3828125,-1.078125,-1.5,-1.640625,0.08203125,-0.33984375,-0.4453125
a11_s1_happy_sad,11,1,happy,sad,12,-2.77685546875,-1.046875,-2.73876953125,-1.09375,1.6875,-0.00439453125,-0.0849609375
a11_s1_happy_sad,11,1,happy,sad,13,0.58203125,1.84375,0.5546875,2.015625,1.361328125,0.072265625,0.19921875
a11_s1_happy_sad,11,1,happy,sad,14,-0.578125,-0.125,-0.71875,-0.1875,0.4921875,-0.1015625,0.078125
a11_s1_happy_sad,11,1,happy,sad,15,0.265625,-0.0625,0.03125,-0.234375,-0.296875,-0.203125,0.0625
a11_s1_happy_sad,11,1,happy,sad,16,-0.5625,-0.46875,-0.96875,-0.75,0.15625,-0.34375,0.125
a11_s1_happy_sad,11,1,happy,sad,17,-0.84375,-1.328125,-1.09375,-1.390625,-0.390625,-0.15625,0.1875
a11_s1_happy_sad,11,1,happy,sad,18,-0.53125,-0.9375,-0.6875,-1.25,-0.484375,-0.234375,-0.15625
a11_s1_happy_sad,11,1,happy,sad,19,0.84375,-0.5625,0.5,-0.28125,-1.09375,-0.03125,0.625
a11_s1_happy_sad,11,1,happy,sad,20,1.4375,0.03125,0.96875,0.09375,-1.140625,-0.203125,0.53125
a11_s1_happy_sad,11,1,happy,sad,21,2.21875,1.65625,1.875,1.59375,-0.421875,-0.203125,0.28125
a11_s1_happy_sad,11,1,happy,sad,22,1.21875,0.65625,0.75,0.34375,-0.484375,-0.390625,0.15625
a11_s1_happy_sad,11,1,happy,sad,23,0.96875,-0.46875,0.5625,-0.75,-1.375,-0.34375,0.125
a11_s1_happy_sad,11,1,happy,sad,24,3.03125,1.640625,3.03125,1.859375,-1.28125,0.109375,0.21875
a11_s1_happy_sad,11,1,happy,sad,25,6.687499850988388,2.46875,7.125000149011612,3.296875,-4.0234375,0.6328126490116119,0.3906247019767761
a11_s1_happy_sad,11,1,happy,sad,26,6.562500208616257,1.78125,6.8750001937150955,2.6875,-4.484375201165676,0.6093749925494194,0.5937500149011612
a11_s1_happy_sad,11,1,happy,sad,27,5.124999813735485,0.125,5.5000001564621925,1.25,-4.624999985098839,0.7500001713633537,0.7499996572732925
a11_s1_happy_sad,11,1,happy,sad,28,3.4999999701976776,1.875,3.6249999403953552,2.5,-1.3749999552965164,0.3749999850988388,0.5000000298023224
a11_s1_neutral_angry,11,1,neutral,angry,0,0.671875,0.671875,0.671875,0.671875,0.0,0.0,0.0
a11_s1_neutral_angry,11,1,neutral,angry,1,-0.15478515625,-0.261474609375,-0.322509765625,-0.326171875,-0.05517578125,-0.1162109375,0.10302734375
a11_s1_neutral_angry,11,1,neutral,angry,2,0.4921875,0.4674072265625,0.41015625,0.44921875,0.00714111328125,-0.05010986328125,0.0638427734375
a11_s1_neutral_angry,11,1,neutral,angry,3,0.09375,0.25,0.03125,0.1874990463256836,0.1562495231628418,-0.0625004768371582,-9.5367431640625e-07
a11_s1_neutral_angry,11,1,neutral,angry,4,-0.34375,0.46875,-0.5,0.34375,0.828125,-0.140625,0.03125
a11_s1_neutral_angry,11,1,neutral,angry,5,-1.0,-0.21875,-1.0625,-0.328125,0.7578125,-0.0859375,-0.046875
a11_s1_neutral_angry,11,1,neutral,angry,6,-1.4375,-1.34375,-1.5625,-1.390625,0.1328125,-0.0859375,0.078125
a11_s1_neutral_angry,11,1,neutral,angry,7,0.046875,-0.1875,0.125,-0.15625,-0.2578125,0.0546875,-0.046875
a11_s1_neutral_angry,11,1,neutral,angry,8,0.171875,-0.86328125,0.265625,-0.5742197036743164,-0.9375004768371582,0.1914057731628418,0.1953115463256836
a11_s1_neutral_angry,11,1,neutral,angry,9,0.59375,-0.6484375,0.71875,-0.3203125,-1.140625,0.2265625,0.203125
a11_s1_neutral_angry,11,1,neutral,angry,10,1.9667978286743164,1.28125,2.3515615463256836,1.73046875,-0.6533203125,0.4169912338256836,0.06445503234863281
a11_s1_neutral_angry,11,1,neutral,angry,11,3.0078125,3.044921875,3.4453125,3.05859375,-0.1748046875,0.2255859375,-0.423828125
a11_s1_neutral_angry,11,1,neutral,angry,12,1.3828125,2.58203125,2.1875,2.33203125,0.671875,0.27734375,-1.0546875
a11_s1_neutral_angry,11,1,neutral,angry,13,2.11328125,1.58203125,2.796875,1.625,-0.8515625,0.36328125,-0.640625
a11_s1_neutral_angry,11,1,neutral,angry,14,1.8515625,1.234375,2.109375,1.421875,-0.65234375,0.22265625,-0.0703125
a11_s1_neutral_angry,11,1,neutral,angry,15,1.80078125,1.9296875,1.4296875,1.84375,0.271484375,-0.228515625,0.28515625
a11_s1_neutral_angry,11,1,neutral,angry,16,1.09375,0.953125,1.1171875,0.9296875,-0.1640625,0.0,-0.046875
a11_s1_neutral_angry,11,1,neutral,angry,17,0.90625,0.15625,0.953125,0.09375,-0.8046875,-0.0078125,-0.109375
a11_s1_neutral_angry,11,1,neutral,angry,18,-0.390625,-0.5,-0.34375,-0.359375,-0.0625,0.09375,0.09375
a11_s1_neutral_angry,11,1,neutral,angry,19,-0.15625,0.328125,-0.15625,0.59375,0.6171875,0.1328125,0.265625
a11_s1_neutral_angry,11,1,neutral,angry,20,0.1875,0.703125,0.0,0.828125,0.671875,-0.03125,0.3125
a11_s1_neutral_angry,11,1,neutral,angry,21,-0.96875,-0.21875,-1.4531245231628418,0.171875,1.187499761581421,-0.0468747615814209,0.8749995231628418
a11_s1_neutral_angry,11,1,neutral,angry,22,-1.5625,-1.125,-1.5624995231628418,-0.625,0.6874997615814209,0.2500002384185791,0.4999995231628418
a11_s1_neutral_angry,11,1,neutral,angry,23,-1.71875,-2.4375,-1.28125,-1.8749995231628418,-0.6562497615814209,0.5000002384185791,0.1250004768371582
a11_s1_neutral_angry,11,1,neutral,angry,24,-2.125000238418579,-2.90625,-1.375,-2.84375,-1.1249998807907104,0.40625011920928955,-0.6875002384185791
a11_s1_neutral_angry,11,1,neutral,angry,25,-2.3125000596046448,1.3125,0.1875,1.3125,2.3750000298023224,1.2500000298023224,-2.5000000596046448
a11_s1_neutral_angry,11,1,neutral,angry,26,-2.5,1.96875,0.0,2.15625,3.3125,1.34375,-2.3125
a11_s1_neutral_angry,11,1,neutral,angry,27,-4.000000219792128,2.75,-0.75,3.3125,5.406250109896064,1.9062501098960638,-2.6875002197921276
a11_s1_neutral_angry,11,1,neutral,angry,28,-1.375,3.000000476837158,0.0,2.999999523162842,3.6875,0.6874995231628418,-1.3750009536743164
a11_s2_happy_sad,11,2,happy,sad,0,2.0703125,2.0703125,2.0703125,2.0703125,0.0,0.0,0.0
a11_s2_happy_sad,11,2,happy,sad,1,-0.517333984375,-0.314453125,-0.5400390625,-0.4208984375,0.1610107421875,-0.0645751953125,-0.083740234375
a11_s2_happy_sad,11,2,happy,sad,2,-1.375,-1.041015625,-1.44140625,-1.1953125,0.2900390625,-0.1103515625,-0.087890625
a11_s2_happy_sad,11,2,happy,sad,3,-1.47265625,-1.1640625,-1.5390625,-1.3125009536743164,0.2675776481628418,-0.1074223518371582,-0.0820322036743164
a11_s2_happy_sad,11,2,happy,sad,4,-1.453125,-0.9375,-1.5625,-1.21875,0.4296875,-0.1953125,-0.171875
a11_s2_happy_sad,11,2,happy,sad,5,-1.171875,-0.875,-1.3125,-1.1875,0.2109375,-0.2265625,-0.171875
a11_s2_happy_sad,11,2,happy,sad,6,-0.59375,-0.71875,-0.78125,-0.96875,-0.15625,-0.21875,-0.0625
a11_s2_happy_sad,11,2,happy,sad,7,-0.140625,-0.28125,-0.265625,-0.453125,-0.1640625,-0.1484375,-0.046875
a11_s2_happy_sad,11,2,happy,sad,8,-0.765625,-0.71875,-0.890625,-0.65625,0.140625,-0.03125,0.1875
a11_s2_happy_sad,11,2,happy,sad,9,1.390625,2.3125,1.296875,2.265625,0.9453125,-0.0703125,0.046875
a11_s2_happy_sad,11,2,happy,sad,10,-2.2441415786743164,-2.2167978286743164,-2.71875,-2.283203125,0.2314453125,-0.2705068588256836,0.408203125
a11_s2_happy_sad,11,2,happy,sad,11,-2.3984375,-1.28125,-2.724609375,-1.4921875,1.1748046875,-0.2685546875,0.115234375
a11_s2_happy_sad,11,2,happy,sad,12,-1.97216796875,-1.75,-2.3916015625,-2.2578125,0.177978515625,-0.463623046875,-0.08837890625
a11_s2_happy_sad,11,2,happy,sad,13,0.58203125,1.6640625,0.66015625,1.69140625,1.056640625,0.052734375,-0.05078125
a11_s2_happy_sad,11,2,happy,sad,14,-0.265625,-0.15625,-0.5,-0.09375,0.2578125,-0.0859375,0.296875
a11_s2_happy_sad,11,2,happy,sad,15,-0.15625,-0.1875,-0.1875,0.1875,0.171875,0.171875,0.40625
a11_s2_happy_sad,11,2,happy,sad,16,-0.65625,-1.25,-0.84375,-1.09375,-0.421875,-0.015625,0.34375
a11_s2_happy_sad,11,2,happy,sad,17,-0.59375,-1.578125,-0.828125,-1.546875,-0.8515625,-0.1015625,0.265625
a11_s2_happy_sad,11,2,happy,sad,18,-0.625,-1.65625,-0.96875,-1.5,-0.78125,-0.09375,0.5
a11_s2_happy_sad,11,2,happy,sad,19,-0.0625,-1.234375,-0.375,-1.4375,-1.1171875,-0.2578125,0.109375
a11_s2_happy_sad,11,2,happy,sad,20,0.1875,0.4375,0.71875,-0.3125,-0.390625,-0.109375,-1.28125
a11_s2_happy_sad,11,2,happy,sad,21,0.5625,0.375,1.1875,0.125,-0.625,0.1875,-0.875
a11_s2_happy_sad,11,2,happy,sad,22,-0.09375,0.15625,0.8125,-0.09375,-0.328125,0.328125,-1.15625
a11_s2_happy_sad,11,2,happy,sad,23,0.375,-1.4375,0.5625,-1.46875,-1.921875,0.078125,-0.21875
a11_s2_happy_sad,11,2,happy,sad,24,1.875,-0.4375,1.0625,-0.4062504768371582,-1.890625238418579,-0.3906252384185791,0.8437495231628418
a11_s2_happy_sad,11,2,happy,sad,25,4.6875,-0.21875,4.6875001192092896,-0.3125,-4.953125059604645,-0.046874940395355225,-0.09375011920928955
a11_s2_happy_sad,11,2,happy,sad,26,4.750000238418579,-0.84375,4.75,-0.875,-5.6093751192092896,-0.01562511920928955,-0.0312497615814209
a11_s2_happy_sad,11,2,happy,sad,27,3.375000238418579,-2.3125,2.624999761581421,-2.749999761581421,-5.5312498807907104,-0.5937501192092896,0.3125007152557373
a11_s2_happy_sad,11,2,happy,sad,28,2.0,-0.5,1.3749998807907104,-1.25,-2.5624999403953552,-0.6875000596046448,-0.12499988079071045
a11_s2_neutral_angry,11,2,neutral,angry,0,0.671875,0.671875,0.671875,0.671875,0.0,0.0,0.0
a11_s2_neutral_angry,11,2,neutral,angry,1,-0.22998046875,-0.2724609375,-0.421875,-0.35400390625,0.0126953125,-0.13671875,0.1103515625
a11_s2_neutral_angry,11,2,neutral,angry,2,0.291015625,0.3597412109375,0.279296875,0.4013671875,0.09539794921875,0.01495361328125,0.0533447265625
a11_s2_neutral_angry,11,2,neutral,angry,3,0.09375,0.109375,0.125,0.1875,0.0390625,0.0546875,0.046875
a11_s2_neutral_angry,11,2,neutral,angry,4,0.03125,0.125,0.0,0.15625,0.125,0.0,0.0625
a11_s2_neutral_angry,11,2,neutral,angry,5,-0.78125,-0.6875,-0.78125,-0.65625,0.109375,0.015625,0.03125
a11_s2_neutral_angry,11,2,neutral,angry,6,-1.46875,-1.3125,-1.40625,-1.296875,0.1328125,0.0390625,-0.046875
a11_s2_neutral_angry,11,2,neutral,angry,7,-0.34375,-0.0625,-0.078125,0.171875,0.265625,0.25,-0.03125
a11_s2_neutral_angry,11,2,neutral,angry,8,-0.6875,-1.109375,-0.609375,-0.9218759536743164,-0.3671879768371582,0.1328120231628418,0.1093740463256836
a11_s2_neutral_angry,11,2,neutral,angry,9,-0.125,0.390625,-0.046875,0.6796875,0.62109375,0.18359375,0.2109375
a11_s2_neutral_angry,11,2,neutral,angry,10,1.5546875,1.1796875,2.0322265625,1.8984375,-0.25439453125,0.59814453125,0.2412109375
a11_s2_neutral_angry,11,2,neutral,angry,11,2.71875,2.25390625,3.0078125,2.7265625,-0.373046875,0.380859375,0.18359375
a11_s2_neutral_angry,11,2,neutral,angry,12,1.59375,1.859375,2.0937509536743164,2.11328125,0.1425776481628418,0.3769536018371582,-0.2460947036743164
a11_s2_neutral_angry,11,2,neutral,angry,13,2.1601572036743164,0.673828125,2.5546865463256836,1.12841796875,-1.456298828125,0.4245595932006836,0.06006050109863281
a11_s2_neutral_angry,11,2,neutral,angry,14,1.642578125,1.3984375,1.7734375,1.6953125,-0.1611328125,0.2138671875,0.166015625
a11_s2_neutral_angry,11,2,neutral,angry,15,1.841796875,1.1953125,1.84765625,1.140625,-0.6767578125,-0.0244140625,-0.060546875
a11_s2_neutral_angry,11,2,neutral,angry,16,0.984375,-0.03125,1.09375,-0.2265625,-1.16796875,-0.04296875,-0.3046875
a11_s2_neutral_angry,11,2,neutral,angry,17,0.484375,-0.078125,0.5,-0.078125,-0.5703125,0.0078125,-0.015625
a11_s2_neutral_angry,11,2,neutral,angry,18,-0.453125,-0.765625,-0.375,-0.609375,-0.2734375,0.1171875,0.078125
a11_s2_neutral_angry,11,2,neutral,angry,19,0.125,0.296875,-0.0625,0.140625,0.1875,-0.171875,0.03125
a11_s2_neutral_angry,11,2,neutral,angry,20,-0.8125,0.5000004768371582,-0.71875,0.03125,1.031250238418579,-0.1875002384185791,-0.5625004768371582
a11_s2_neutral_angry,11,2,neutral,angry,21,-1.53125,-0.125,-1.625,-0.484375,1.2734375,-0.2265625,-0.265625
a11_s2_neutral_angry,11,2,neutral,angry,22,-2.96875,-1.71875,-3.0,-2.109375,1.0703125,-0.2109375,-0.359375
a11_s2_neutral_angry,11,2,neutral,angry,23,-4.093750238418579,-3.40625,-3.781249761581421,-3.6875,0.390625,0.0156252384185791,-0.5937504768371582
a11_s2_neutral_angry,11,2,neutral,angry,24,-5.750000089406967,-3.25,-5.093750178813934,-3.734375,1.9296876341104507,0.08593745529651642,-1.1406249105930328
a11_s2_neutral_angry,11,2,neutral,angry,25,-8.500000193715096,-0.09375,-8.374999895691872,0.03125,8.406250044703484,0.12500014901161194,-2.980232238769531e-07
a11_s2_neutral_angry,11,2,neutral,angry,26,-6.500000089406967,0.28125,-6.375000208616257,1.15625,7.156250149011612,0.4999999403953552,0.7500001192092896
a11_s2_neutral_angry,11,2,neutral,angry,27,-7.6250002277083695,0.5624995231628418,-7.499999986030161,2.125,8.906249868450686,0.8437503592576832,1.43750023515895
a11_s2_neutral_angry,11,2,neutral,angry,28,-3.499999985098839,1.0,-3.2500000298023224,2.625000476837158,5.18750024586916,0.9375002160668373,1.3750005215406418
a12_s1_happy_sad,12,1,happy,sad,0,2.0703125,2.0703125,2.0703125,2.0703125,0.0,0.0,0.0
a12_s1_happy_sad,12,1,happy,sad,1,-0.5478515625,-0.4619140625,-0.578125,-0.474609375,0.0947265625,-0.021484375,0.017578125
a12_s1_happy_sad,12,1,happy,sad,2,-1.26953125,-1.07421875,-1.29296875,-1.125,0.181640625,-0.037109375,-0.02734375
a12_s1_happy_sad,12,1,happy,sad,3,-1.7031259536743164,-1.6210927963256836,-1.7539052963256836,-1.6562490463256836,0.0898447036743164,-0.042967796325683594,0.015623092651367188
a12_s1_happy_sad,12,1,happy,sad,4,-1.875,-1.625,-1.890625,-1.65625,0.2421875,-0.0234375,-0.015625
a12_s1_happy_sad,12,1,happy,sad,5,-1.578125,-1.21875,-1.5625,-1.234375,0.34375,0.0,-0.03125
a12_s1_happy_sad,12,1,happy,sad,6,-1.515625,-1.03125,-1.484375,-1.03125,0.46875,0.015625,-0.03125
a12_s1_happy_sad,12,1,happy,sad,7,-0.765625,-0.296875,-0.71875,-0.28125,0.453125,0.03125,-0.03125
a12_s1_happy_sad,12,1,happy,sad,8,0.1875,-0.296875,0.1953125,-0.296875,-0.48828125,0.00390625,-0.0078125
a12_s1_happy_sad,12,1,happy,sad,9,2.34375,2.396484375,2.3125,2.216796875,-0.021484375,-0.10546875,-0.1484375
a12_s1_happy_sad,12,1,happy,sad,10,-2.15625,-2.01171875,-2.03515625,-2.037109375,0.0712890625,0.0478515625,-0.146484375
a12_s1_happy_sad,12,1,happy,sad,11,-1.791015625,-2.0390625,-1.62353515625,-2.06640625,-0.345458984375,0.070068359375,-0.19482421875
a12_s1_happy_sad,12,1,happy,sad,12,-2.58203125,-1.7470703125,-2.3320302963256836,-1.837890625,0.6645503044128418,0.0795903205871582,-0.3408212661743164
a12_s1_happy_sad,12,1,happy,sad,13,-0.234375,0.8359375,-0.103515625,0.8671875,1.0205078125,0.0810546875,-0.099609375
a12_s1_happy_sad,12,1,happy,sad,14,-0.5703125,0.84375,-0.4140625,0.65625,1.2421875,-0.015625,-0.34375
a12_s1_happy_sad,12,1,happy,sad,15,0.953125,1.0,0.859375,0.765625,-0.0234375,-0.1640625,-0.140625
a12_s1_happy_sad,12,1,happy,sad,16,-0.5,-0.015625,-0.875,-0.328125,0.515625,-0.34375,0.0625
a12_s1_happy_sad,12,1,happy,sad,17,-0.890625,-0.1875,-1.125,-0.546875,0.640625,-0.296875,-0.125
a12_s1_happy_sad,12,1,happy,sad,18,-0.625,-0.09375,-0.96875,-0.40625,0.546875,-0.328125,0.03125
a12_s1_happy_sad,12,1,happy,sad,19,0.0,0.6875,-0.40625,0.609375,0.8515625,-0.2421875,0.328125
a12_s1_happy_sad,12,1,happy,sad,20,1.65625,1.3125,1.40625,0.875,-0.4375,-0.34375,-0.1875
a12_s1_happy_sad,12,1,happy,sad,21,2.71875,2.3125,2.062500238418579,1.84375,-0.31250011920928955,-0.5624998807907104,0.1874997615814209
a12_s1_happy_sad,12,1,happy,sad,22,0.75,1.5000004768371582,0.4375,1.3125,0.8125002384185791,-0.2500002384185791,0.1249995231628418
a12_s1_happy_sad,12,1,happy,sad,23,0.25,-0.40625,-0.59375,-0.125,-0.09375,-0.28125,1.125
a12_s1_happy_sad,12,1,happy,sad,24,3.8125,1.09375,3.343749761581421,1.65625,-2.2031248807907104,0.04687488079071045,1.031250238418579
a12_s1_happy_sad,12,1,happy,sad,25,5.78125,3.9375,4.3750001192092896,5.9062501192092896,-0.15625,0.28125011920928955,3.375
a12_s1_happy_sad,12,1,happy,sad,26,5.281250059604645,4.5625,3.7500001788139343,6.218750238418579,0.875,0.06250017881393433,3.1875001192092896
a12_s1_happy_sad,12,1,happy,sad,27,4.562500059604645,1.6875,3.5000000298023224,2.5625,-1.9062500447034836,-0.0937500149011612,1.9375000298023224
a12_s1_happy_sad,12,1,happy,sad,28,3.3749998956918716,2.75,2.4999999701976776,2.999999761581421,-0.06250005215406418,-0.31250008195638657,1.124999687075615
a12_s1_neutral_angry,12,1,neutral,angry,0,0.671875,0.671875,0.671875,0.671875,0.0,0.0,0.0
a12_s1_neutral_angry,12,1,neutral,angry,1,-0.41015625,-0.310546875,-0.546875,-0.436614990234375,0.1049346923828125,-0.1313934326171875,0.010650634765625
a12_s1_neutral_angry,12,1,neutral,angry,2,0.203125,0.3671875,0.056640625,0.15869140625,0.133056640625,-0.177490234375,-0.06201171875
a12_s1_neutral_angry,12,1,neutral,angry,3,0.09375,0.0625,-0.125,-0.140625,-0.0234375,-0.2109375,0.015625
a12_s1_neutral_angry,12,1,neutral,angry,4,-0.4375,-0.328125,-0.78125,-0.546875,0.171875,-0.28125,0.125
a12_s1_neutral_angry,12,1,neutral,angry,5,-1.0625,-1.046875,-1.3125,-1.28125,0.0234375,-0.2421875,0.015625
a12_s1_neutral_angry,12,1,neutral,angry,6,-1.375,-1.25,-1.28125,-1.3125,0.046875,0.015625,-0.15625
a12_s1_neutral_angry,12,1,neutral,angry,7,-0.703125,-0.5625,-0.34375,-0.25,0.1171875,0.3359375,-0.046875
a12_s1_neutral_angry,12,1,neutral,angry,8,-1.4765625,-1.078125,-1.2578125,-1.01171875,0.322265625,0.142578125,-0.15234375
a12_s1_neutral_angry,12,1,neutral,angry,9,-0.859375,-1.38671875,-0.671875,-1.533203125,-0.6943359375,0.0205078125,-0.333984375
a12_s1_neutral_angry,12,1,neutral,angry,10,-0.5703125,-1.19921875,-0.3203125,-0.603515625,-0.4560546875,0.4228515625,0.345703125
a12_s1_neutral_angry,12,1,neutral,angry,11,1.2265625,1.0625,1.765625,1.5625,-0.18359375,0.51953125,-0.0390625
a12_s1_neutral_angry,12,1,neutral,angry,12,0.298828125,-0.4296875,0.56591796875,0.015625,-0.639404296875,0.356201171875,0.17822265625
a12_s1_neutral_angry,12,1,neutral,angry,13,0.17578125,-0.515625,0.3515625,0.0546875,-0.494140625,0.373046875,0.39453125
a12_s1_neutral_angry,12,1,neutral,angry,14,0.69140625,-0.921875,0.97265625,-0.125,-1.35546875,0.5390625,0.515625
a12_s1_neutral_angry,12,1,neutral,angry,15,0.880859375,0.734375,1.0615234375,0.90625,-0.15087890625,0.17626953125,-0.0087890625
a12_s1_neutral_angry,12,1,neutral,angry,16,0.390625,0.15625,0.53125,0.625,-0.0703125,0.3046875,0.328125
a12_s1_neutral_angry,12,1,neutral,angry,17,0.5390625,-0.359375,0.4375,-0.265625,-0.80078125,-0.00390625,0.1953125
a12_s1_neutral_angry,12,1,neutral,angry,18,-0.515625,-0.65625,-0.515625,-0.421875,-0.0234375,0.1171875,0.234375
a12_s1_neutral_angry,12,1,neutral,angry,19,0.421875,0.65625,0.328125,0.546875,0.2265625,-0.1015625,-0.015625
a12_s1_neutral_angry,12,1,neutral,angry,20,-0.375,0.625,-0.59375,0.453125,1.0234375,-0.1953125,0.046875
a12_s1_neutral_angry,12,1,neutral,angry,21,-1.25,-0.09375,-1.6875,-0.03125,1.40625,-0.1875,0.5
a12_s1_neutral_angry,12,1,neutral,angry,22,-2.625,-0.59375,-2.9375,-0.125,2.421875,0.078125,0.78125
a12_s1_neutral_angry,12,1,neutral,angry,23,-3.9375,-1.34375,-4.406250238418579,-0.875,3.0625001192092896,-1.1920928955078125e-07,0.9375002384185791
a12_s1_neutral_angry,12,1,neutral,angry,24,-5.8124998807907104,-2.999999523162842,-6.187500208616257,-2.109375,3.4453127831220627,0.25781209766864777,1.265624850988388
a12_s1_neutral_angry,12,1,neutral,angry,25,-9.812499806284904,0.5,-10.250000074505806,1.375,10.968749940395355,0.21874986588954926,1.3125002682209015
a12_s1_neutral_angry,12,1,neutral,angry,26,-7.9374998807907104,2.249999761581421,-8.624999582767487,3.750000476837158,11.281249850988388,0.4062505066394806,2.1875004172325134
a12_s1_neutral_angry,12,1,neutral,angry,27,-7.999999553896487,1.5625001192092896,-8.125000167638063,3.25,10.46874992037192,0.7812496335245669,1.8125004945322871
a12_s1_neutral_angry,12,1,neutral,angry,28,-4.125000104308128,1.0,-4.124999970197678,3.250000238418579,6.2500001564621925,1.125000186264515,2.2500001043081284
a12_s2_happy_sad,12,2,happy,sad,0,2.0703125,2.0703125,2.0703125,2.0703125,0.0,0.0,0.0
a12_s2_happy_sad,12,2,happy,sad,1,-0.52734375,-0.583984375,-0.470703125,-0.51025390625,-0.048095703125,0.065185546875,0.01708984375
a12_s2_happy_sad,12,2,happy,sad,2,-1.330078125,-1.18359375,-1.2392578125,-1.125,0.13037109375,0.07470703125,-0.0322265625
a12_s2_happy_sad,12,2,happy,sad,3,-1.9140634536743164,-1.5156259536743164,-1.76171875,-1.3828125,0.388671875,0.1425790786743164,-0.01953125
a12_s2_happy_sad,12,2,happy,sad,4,-2.390625,-1.6875,-2.2109375,-1.5,0.70703125,0.18359375,0.0078125
a12_s2_happy_sad,12,2,happy,sad,5,-2.109375,-1.59375,-1.953125,-1.546875,0.4609375,0.1015625,-0.109375
a12_s2_happy_sad,12,2,happy,sad,6,-1.921875,-1.28125,-1.78125,-1.25,0.5859375,0.0859375,-0.109375
a12_s2_happy_sad,12,2,happy,sad,7,-1.1875,-0.328125,-1.078125,-0.40625,0.765625,0.015625,-0.1875
a12_s2_happy_sad,12,2,happy,sad,8,-0.9707040786743164,-0.1640625,-1.18408203125,-0.28125,0.8547368049621582,-0.1652827262878418,0.0961904525756836
a12_s2_happy_sad,12,2,happy,sad,9,1.5234384536743164,1.46875,1.0859375,1.3359375,0.0976557731628418,-0.2851567268371582,0.3046884536743164
a12_s2_happy_sad,12,2,happy,sad,10,-3.328125,-2.58203125,-3.4609375,-2.703125,0.751953125,-0.126953125,0.01171875
a12_s2_happy_sad,12,2,happy,sad,11,-2.4921875,-2.458984375,-2.734375,-2.4921875,0.1376953125,-0.1376953125,0.208984375
a12_s2_happy_sad,12,2,happy,sad,12,-2.09765625,-2.05859375,-2.3593740463256836,-2.37109375,0.013671398162841797,-0.2871088981628418,-0.050782203674316406
a12_s2_happy_sad,12,2,happy,sad,13,-0.2626953125,0.06640625,-0.37451171875,-0.08203125,0.310791015625,-0.130126953125,-0.03662109375
a12_s2_happy_sad,12,2,happy,sad,14,-0.3125,-0.046875,-0.265625,-0.03125,0.25,0.03125,-0.03125
a12_s2_happy_sad,12,2,happy,sad,15,0.6328125,0.7421875,0.734375,0.4921875,-0.06640625,-0.07421875,-0.3515625
a12_s2_happy_sad,12,2,happy,sad,16,-0.234375,-0.96875,-0.234375,-1.3125,-0.90625,-0.171875,-0.34375
a12_s2_happy_sad,12,2,happy,sad,17,-1.6875,-1.7890625,-1.46875,-1.890625,-0.26171875,0.05859375,-0.3203125
a12_s2_happy_sad,12,2,happy,sad,18,-1.09375,-1.25,-0.96875,-1.515625,-0.3515625,-0.0703125,-0.390625
a12_s2_happy_sad,12,2,happy,sad,19,-1.015625,0.625,-0.40625,0.171875,1.109375,0.078125,-1.0625
a12_s2_happy_sad,12,2,happy,sad,20,0.28125,2.375,0.625,1.9375,1.703125,-0.046875,-0.78125
a12_s2_happy_sad,12,2,happy,sad,21,-0.40625,1.40625,0.8125,1.15625,1.078125,0.484375,-1.46875
a12_s2_happy_sad,12,2,happy,sad,22,-0.75,0.4375,-0.09375,0.1875,0.734375,0.203125,-0.90625
a12_s2_happy_sad,12,2,happy,sad,23,-0.9375,-0.3125,-1.125,-0.625,0.5625,-0.25,-0.125
a12_s2_happy_sad,12,2,happy,sad,24,-0.1875,0.9375,0.5625,0.59375,0.578125,0.203125,-1.09375
a12_s2_happy_sad,12,2,happy,sad,25,1.5000001192092896,3.281249761581421,2.8124998807907104,1.0,-0.01562511920928955,-0.484375,-3.593749523162842
a12_s2_happy_sad,12,2,happy,sad,26,2.1249999403953552,3.625000238418579,2.8750000298023224,0.7499997615814209,-0.3124999850988388,-1.0625001937150955,-3.6250005662441254
a12_s2_happy_sad,12,2,happy,sad,27,-0.5000000596046448,0.4375,1.8749999403953552,-1.4375,-1.1874999403953552,0.25,-4.25
a12_s2_happy_sad,12,2,happy,sad,28,0.125,0.75,1.2499999403953552,-0.75,-0.6874999701976776,-0.1875000298023224,-2.6249999403953552
a12_s2_neutral_angry,12,2,neutral,angry,0,0.671875,0.671875,0.671875,0.671875,0.0,0.0,0.0
a12_s2_neutral_angry,12,2,neutral,angry,1,-0.3798828125,-0.4775390625,-0.462890625,-0.374298095703125,-0.0045318603515625,0.0101165771484375,0.186248779296875
a12_s2_neutral_angry,12,2,neutral,angry,2,0.20703125,0.134765625,0.1484375,0.1953125,-0.0126953125,0.0009765625,0.119140625
a12_s2_neutral_angry,12,2,neutral,angry,3,0.125,-0.0625,0.109375,0.03125,-0.1328125,0.0390625,0.109375
a12_s2_neutral_angry,12,2,neutral,angry,4,-0.40625,-0.40625,-0.53125,-0.34375,0.09375,-0.03125,0.1875
a12_s2_neutral_angry,12,2,neutral,angry,5,-1.40625,-1.59375,-1.53125,-1.59375,-0.125,-0.0625,0.125
a12_s2_neutral_angry,12,2,neutral,angry,6,-1.375,-1.875,-1.46875,-1.8125,-0.421875,-0.015625,0.15625
a12_s2_neutral_angry,12,2,neutral,angry,7,-0.34375,-0.8125,-0.421875,-0.765625,-0.40625,-0.015625,0.125
a12_s2_neutral_angry,12,2,neutral,angry,8,-0.78125,-0.9375,-0.796875,-0.875,-0.1171875,0.0234375,0.078125
a12_s2_neutral_angry,12,2,neutral,angry,9,0.203125,-0.7578125,0.125,-0.765625,-0.92578125,-0.04296875,0.0703125
a12_s2_neutral_angry,12,2,neutral,angry,10,0.9140625,-0.435546875,0.7890625,-0.45703125,-1.2978515625,-0.0732421875,0.103515625
a12_s2_neutral_angry,12,2,neutral,angry,11,2.6093740463256836,1.21875,2.515625,1.037109375,-1.4345698356628418,-0.1376948356628418,-0.0878915786743164
a12_s2_neutral_angry,12,2,neutral,angry,12,0.84912109375,-1.15625,1.19482421875,-1.171875,-2.18603515625,0.1650390625,-0.361328125
a12_s2_neutral_angry,12,2,neutral,angry,13,0.5429677963256836,-0.42578125,0.7421865463256836,-0.453125,-1.0820302963256836,0.0859375,-0.2265625
a12_s2_neutral_angry,12,2,neutral,angry,14,1.9921875,0.140625,2.03515625,0.125,-1.880859375,0.013671875,-0.05859375
a12_s2_neutral_angry,12,2,neutral,angry,15,1.2421875,0.796875,1.3544921875,0.734375,-0.53271484375,0.02490234375,-0.1748046875
a12_s2_neutral_angry,12,2,neutral,angry,16,0.3046875,0.21875,0.5546875,0.046875,-0.296875,0.0390625,-0.421875
a12_s2_neutral_angry,12,2,neutral,angry,17,0.109375,0.03125,0.421875,-0.03125,-0.265625,0.125,-0.375
a12_s2_neutral_angry,12,2,neutral,angry,18,-1.046875,-1.390625,-0.828125,-1.21875,-0.3671875,0.1953125,-0.046875
a12_s2_neutral_angry,12,2,neutral,angry,19,-0.515625,0.09375,-0.390625,0.125,0.5625,0.078125,-0.09375
a12_s2_neutral_angry,12,2,neutral,angry,20,-1.3125,0.1875,-1.140625,-0.125,1.2578125,-0.0703125,-0.484375
a12_s2_neutral_angry,12,2,neutral,angry,21,-2.343749523162842,-1.1875,-2.312500476837158,-1.375,1.046875,-0.0781254768371582,-0.2187490463256836
a12_s2_neutral_angry,12,2,neutral,angry,22,-3.59375,-2.03125,-3.906249761581421,-2.593750476837158,1.4374996423721313,-0.43750011920928955,-0.2500007152557373
a12_s2_neutral_angry,12,2,neutral,angry,23,-5.406249761581421,-2.03125,-5.5625001192092896,-2.96875,2.9843749403953552,-0.5468751788139343,-0.7812496423721313
a12_s2_neutral_angry,12,2,neutral,angry,24,-6.718749821186066,-1.96875,-6.7187501192092896,-2.812500476837158,4.3281247317790985,-0.42187538743019104,-0.8437501788139343
a12_s2_neutral_angry,12,2,neutral,angry,25,-11.343750268220901,3.15625,-11.562499672174454,1.59375,13.828124970197678,-0.8906247019767761,-1.3437505960464478
a12_s2_neutral_angry,12,2,neutral,angry,26,-8.749999523162842,4.21875,-8.937499582767487,2.437499761581421,12.171874433755875,-0.9843751490116119,-1.5937501788139343
a12_s2_neutral_angry,12,2,neutral,angry,27,-9.125000069383532,3.499999761581421,-8.875000098021701,2.4375,11.968749964493327,-0.40624989510979503,-1.3124997329432517
a12_s2_neutral_angry,12,2,neutral,angry,28,-4.499999832361937,2.3750001192092896,-4.124999836087227,1.7499998807907104,6.374999834224582,-0.1250001210719347,-1.0000002346932888
a13_s1_happy_sad,13,1,happy,sad,0,2.0703125,2.0703125,2.0703125,2.0703125,0.0,0.0,0.0
a13_s1_happy_sad,13,1,happy,sad,1,-0.594482421875,-0.537109375,-0.67578125,-0.579833984375,0.07666015625,-0.06201171875,0.03857421875
a13_s1_happy_sad,13,1,happy,sad,2,-1.44921875,-1.234375,-1.453125,-1.234375,0.216796875,-0.001953125,0.00390625
a13_s1_happy_sad,13,1,happy,sad,3,-1.5039052963256836,-1.4765625,-1.53125,-1.5,0.029296398162841797,-0.025391101837158203,0.003907203674316406
a13_s1_happy_sad,13,1,happy,sad,4,-1.65625,-1.375,-1.734375,-1.421875,0.296875,-0.0625,0.03125
a13_s1_happy_sad,13,1,happy,sad,5,-1.609375,-1.515625,-1.703125,-1.671875,0.0625,-0.125,-0.0625
a13_s1_happy_sad,13,1,happy,sad,6,-1.21875,-1.09375,-1.234375,-1.171875,0.09375,-0.046875,-0.0625
a13_s1_happy_sad,13,1,happy,sad,7,-0.5,-0.203125,-0.375,-0.15625,0.2578125,0.0859375,-0.078125
a13_s1_happy_sad,13,1,happy,sad,8,0.1953125,-0.40625,0.1328125,-0.328125,-0.53125,0.0078125,0.140625
a13_s1_happy_sad,13,1,happy,sad,9,1.9375,2.28125,2.140625,2.375,0.2890625,0.1484375,-0.109375
a13_s1_happy_sad,13,1,happy,sad,10,-1.96484375,-1.244140625,-2.03515625,-1.28466796875,0.735595703125,-0.055419921875,0.02978515625
a13_s1_happy_sad,13,1,happy,sad,11,-1.8887939453125,-1.88671875,-2.055023193359375,-1.95654296875,0.0502777099609375,-0.1180267333984375,0.096405029296875
a13_s1_happy_sad,13,1,happy,sad,12,-1.5166025161743164,-0.51513671875,-1.984375,-0.658203125,1.1638188362121582,-0.3054194450378418,0.3247060775756836
a13_s1_happy_sad,13,1,happy,sad,13,0.91015625,1.96875,0.4951171875,2.0126953125,1.2880859375,-0.185546875,0.458984375
a13_s1_happy_sad,13,1,happy,sad,14,-0.34375,0.203125,-0.59375,0.109375,0.625,-0.171875,0.15625
a13_s1_happy_sad,13,1,happy,sad,15,0.3125,0.578125,0.0,0.546875,0.40625,-0.171875,0.28125
a13_s1_happy_sad,13,1,happy,sad,16,-0.609375,0.25,-0.859375,0.171875,0.9453125,-0.1640625,0.171875
a13_s1_happy_sad,13,1,happy,sad,17,-0.6875,-0.421875,-0.765625,-0.640625,0.1953125,-0.1484375,-0.140625
a13_s1_happy_sad,13,1,happy,sad,18,-0.5,-0.78125,-0.65625,-1.0,-0.3125,-0.1875,-0.0625
a13_s1_happy_sad,13,1,happy,sad,19,0.15625,0.25,-0.15625,-0.125,0.0625,-0.34375,-0.0625
a13_s1_happy_sad,13,1,happy,sad,20,0.46875,1.15625,0.21875,1.03125,0.75,-0.1875,0.125
a13_s1_happy_sad,13,1,happy,sad,21,1.28125,1.78125,0.71875,1.78125,0.78125,-0.28125,0.5625
a13_s1_happy_sad,13,1,happy,sad,22,1.125,1.1249995231628418,1.0625,1.09375,0.015624761581420898,-0.0468747615814209,0.0312504768371582
a13_s1_happy_sad,13,1,happy,sad,23,0.6875,-0.09375,0.1875,-0.15625,-0.5625,-0.28125,0.4375
a13_s1_happy_sad,13,1,happy,sad,24,2.25,2.03125,1.625,2.375,0.265625,-0.140625,0.96875
a13_s1_happy_sad,13,1,happy,sad,25,3.625,3.1875,2.5625,3.718749523162842,0.3593747615814209,-0.2656252384185791,1.5937495231628418
a13_s1_happy_sad,13,1,happy,sad,26,4.0,2.875,3.1875,3.40625,-0.453125,-0.140625,1.34375
a13_s1_happy_sad,13,1,happy,sad,27,2.312499523162842,1.25,1.75,1.75,-0.5312497615814209,-0.0312497615814209,1.0624995231628418
a13_s1_happy_sad,13,1,happy,sad,28,1.749999761581421,1.624999761581421,1.374999761581421,2.124999761581421,0.3125,0.0625,0.875
a13_s1_neutral_angry,13,1,neutral,angry,0,0.671875,0.671875,0.671875,0.671875,0.0,0.0,0.0
a13_s1_neutral_angry,13,1,neutral,angry,1,-0.0712890625,-0.223419189453125,-0.244140625,-0.3497314453125,-0.1288604736328125,-0.1495819091796875,0.046539306640625
a13_s1_neutral_angry,13,1,neutral,angry,2,0.59375,0.45361328125,0.4716796875,0.317138671875,-0.1473388671875,-0.1292724609375,-0.014404296875
a13_s1_neutral_angry,13,1,neutral,angry,3,0.25,0.03125,0.15625,-0.03125,-0.203125,-0.078125,0.03125
a13_s1_neutral_angry,13,1,neutral,angry,4,0.125,-0.40625,0.09375,-0.28125,-0.453125,0.046875,0.15625
a13_s1_neutral_angry,13,1,neutral,angry,5,-0.71875,-0.828125,-0.8125,-0.84375,-0.0703125,-0.0546875,0.078125
a13_s1_neutral_angry,13,1,neutral,angry,6,-1.25,-1.203125,-1.28125,-1.140625,0.09375,0.015625,0.09375
a13_s1_neutral_angry,13,1,neutral,angry,7,0.046875,0.125,0.1875,0.3125,0.1015625,0.1640625,0.046875
a13_s1_neutral_angry,13,1,neutral,angry,8,-0.171875,-0.8203125,-0.046875,-0.734375,-0.66796875,0.10546875,-0.0390625
a13_s1_neutral_angry,13,1,neutral,angry,9,0.15625,-0.3203125,0.34375,-0.140625,-0.48046875,0.18359375,-0.0078125
a13_s1_neutral_angry,13,1,neutral,angry,10,1.7119131088256836,0.8671884536743164,2.2832021713256836,1.17926025390625,-0.9743332862854004,0.4416804313659668,-0.2592172622680664
a13_s1_neutral_angry,13,1,neutral,angry,11,2.9375,2.35546875,3.18359375,2.34765625,-0.708984375,0.119140625,-0.25390625
a13_s1_neutral_angry,13,1,neutral,angry,12,1.525390625,1.7412099838256836,1.9101552963256836,1.302734375,-0.19580078125,-0.02685546875,-0.8232402801513672
a13_s1_neutral_angry,13,1,neutral,angry,13,1.087890625,0.4921875,1.08203125,0.28125,-0.6982421875,-0.1083984375,-0.205078125
a13_s1_neutral_angry,13,1,neutral,angry,14,0.4609375,-0.0703125,0.3671875,0.171875,-0.36328125,0.07421875,0.3359375
a13_s1_neutral_angry,13,1,neutral,angry,15,0.7421875,1.1875,0.5078125,1.09375,0.515625,-0.1640625,0.140625
a13_s1_neutral_angry,13,1,neutral,angry,16,0.2109375,-0.171875,0.2421875,-0.203125,-0.4140625,0.0,-0.0625
a13_s1_neutral_angry,13,1,neutral,angry,17,0.4375,-0.40625,0.40625,-0.65625,-0.953125,-0.140625,-0.21875
a13_s1_neutral_angry,13,1,neutral,angry,18,-1.15625,-0.953125,-1.203125,-1.15625,0.125,-0.125,-0.15625
a13_s1_neutral_angry,13,1,neutral,angry,19,-0.40625,-0.359375,-0.9375,-0.734375,0.125,-0.453125,0.15625
a13_s1_neutral_angry,13,1,neutral,angry,20,-0.28125,-0.1875,-0.59375,-0.5468745231628418,0.0703127384185791,-0.3359372615814209,-0.0468745231628418
a13_s1_neutral_angry,13,1,neutral,angry,21,-1.3125,-0.53125,-1.46875,-0.546875,0.8515625,-0.0859375,0.140625
a13_s1_neutral_angry,13,1,neutral,angry,22,-2.8125,-0.0625,-3.406249761581421,-0.828125,2.6640623807907104,-0.6796873807907104,-0.1718752384185791
a13_s1_neutral_angry,13,1,neutral,angry,23,-4.625000238418579,-1.53125,-4.531249761581421,-2.515625,2.5546875,-0.4453122615814209,-1.0781254768371582
a13_s1_neutral_angry,13,1,neutral,angry,24,-6.687500238418579,-3.0625,-5.843749821186066,-3.5625,2.9531250298023224,0.1718752086162567,-1.3437504172325134
a13_s1_neutral_angry,13,1,neutral,angry,25,-8.43750024586916,-0.4375,-7.750000089406967,0.1875,7.968750167638063,0.6562500782310963,-0.06250015646219254
a13_s1_neutral_angry,13,1,neutral,angry,26,-6.937500223517418,0.8125,-5.999999791383743,1.25,7.500000007450581,0.6875002160668373,-0.5000004321336746
a13_s1_neutral_angry,13,1,neutral,angry,27,-8.625000352505594,0.375,-7.624999894760549,0.1875,8.406250123633072,0.4062502288725227,-1.1875004577450454
a13_s1_neutral_angry,13,1,neutral,angry,28,-4.250000163912773,0.25,-3.499999925494194,0.5,4.250000044703484,0.5000001192092896,-0.5000002384185791
a13_s2_happy_sad,13,2,happy,sad,0,2.0703125,2.0703125,2.0703125,2.0703125,0.0,0.0,0.0
a13_s2_happy_sad,13,2,happy,sad,1,-0.5576171875,-0.4443359375,-0.59130859375,-0.44921875,0.127685546875,-0.019287109375,0.02880859375
a13_s2_happy_sad,13,2,happy,sad,2,-1.466796875,-1.275390625,-1.49609375,-1.27734375,0.205078125,-0.015625,0.02734375
a13_s2_happy_sad,13,2,happy,sad,3,-1.53125,-1.4140615463256836,-1.59765625,-1.4453125,0.1347661018371582,-0.0488286018371582,0.035155296325683594
a13_s2_happy_sad,13,2,happy,sad,4,-1.578125,-1.265625,-1.828125,-1.390625,0.375,-0.1875,0.125
a13_s2_happy_sad,13,2,happy,sad,5,-1.59375,-1.34375,-1.6875,-1.4375,0.25,-0.09375,0.0
a13_s2_happy_sad,13,2,happy,sad,6,-1.375,-0.875,-1.390625,-0.890625,0.5,-0.015625,0.0
a13_s2_happy_sad,13,2,happy,sad,7,-0.296875,-0.15625,-0.25,-0.140625,0.125,0.03125,-0.03125
a13_s2_happy_sad,13,2,happy,sad,8,0.1796875,-0.25,0.0859375,-0.109375,-0.3125,0.0234375,0.234375
a13_s2_happy_sad,13,2,happy,sad,9,2.0859375,2.28125,2.046875,2.3125,0.23046875,-0.00390625,0.0703125
a13_s2_happy_sad,13,2,happy,sad,10,-1.595703125,-1.18359375,-1.91015625,-1.4277334213256836,0.4472661018371582,-0.2792963981628418,0.0703134536743164
a13_s2_happy_sad,13,2,happy,sad,11,-1.357421875,-1.506591796875,-1.81884765625,-1.7333984375,-0.0318603515625,-0.3441162109375,0.234619140625
a13_s2_happy_sad,13,2,happy,sad,12,-1.890625,-0.53466796875,-2.1953125,-0.6533203125,1.448974609375,-0.211669921875,0.18603515625
a13_s2_happy_sad,13,2,happy,sad,13,1.001953125,1.5312509536743164,0.74609375,1.44140625,0.6123051643371582,-0.1728520393371582,0.1660146713256836
a13_s2_happy_sad,13,2,happy,sad,14,-0.359375,0.25,-0.453125,0.359375,0.7109375,0.0078125,0.203125
a13_s2_happy_sad,13,2,happy,sad,15,0.453125,0.6640625,0.140625,0.71875,0.39453125,-0.12890625,0.3671875
a13_s2_happy_sad,13,2,happy,sad,16,-0.109375,-0.015625,-0.015625,0.203125,0.15625,0.15625,0.125
a13_s2_happy_sad,13,2,happy,sad,17,-0.484375,-0.78125,-0.453125,-0.71875,-0.28125,0.046875,0.03125
a13_s2_happy_sad,13,2,happy,sad,18,-0.125,-0.9375,-0.21875,-0.9999995231628418,-0.7968747615814209,-0.0781247615814209,0.0312504768371582
a13_s2_happy_sad,13,2,happy,sad,19,0.75,0.46875,0.46875,0.5,-0.125,-0.125,0.3125
a13_s2_happy_sad,13,2,happy,sad,20,0.4375,0.65625,0.28125,0.78125,0.359375,-0.015625,0.28125
a13_s2_happy_sad,13,2,happy,sad,21,0.5312502384185791,0.8125,0.375,1.03125,0.46874988079071045,0.03124988079071045,0.3750002384185791
a13_s2_happy_sad,13,2,happy,sad,22,-1.0,1.03125,-0.96875,1.25,2.125,0.125,0.1875
a13_s2_happy_sad,13,2,happy,sad,23,-1.374999761581421,0.5625,-1.71875,0.34375,1.9999998807907104,-0.28125011920928955,0.1250002384185791
a13_s2_happy_sad,13,2,happy,sad,24,-0.3125,1.75,-0.375,1.46875,1.953125,-0.171875,-0.21875
a13_s2_happy_sad,13,2,happy,sad,25,0.5000004768371582,3.6875,0.5,3.562500476837158,3.125,-0.0625,-0.1249990463256836
a13_s2_happy_sad,13,2,happy,sad,26,1.0625,3.500000238418579,1.25,3.5,2.3437501192092896,0.09374988079071045,-0.1875002384185791
a13_s2_happy_sad,13,2,happy,sad,27,0.375,2.25,0.5,2.375,1.875,0.125,0.0
a13_s2_happy_sad,13,2,happy,sad,28,0.375,1.75,0.25,1.625,1.375,-0.125,0.0
a13_s2_neutral_angry,13,2,neutral,angry,0,0.671875,0.671875,0.671875,0.671875,0.0,0.0,0.0
a13_s2_neutral_angry,13,2,neutral,angry,1,-0.153564453125,-0.355865478515625,-0.3701171875,-0.46435546875,-0.1482696533203125,-0.1625213623046875,0.108062744140625
a13_s2_neutral_angry,13,2,neutral,angry,2,0.505859375,0.31201171875,0.453125,0.26953125,-0.188720703125,-0.047607421875,0.01025390625
a13_s2_neutral_angry,13,2,neutral,angry,3,0.1875,0.125,0.171875,0.078125,-0.078125,-0.03125,-0.03125
a13_s2_neutral_angry,13,2,neutral,angry,4,-0.125,-0.4375,-0.21875,-0.4375,-0.265625,-0.046875,0.09375
a13_s2_neutral_angry,13,2,neutral,angry,5,-0.9375,-1.140625,-1.09375,-1.109375,-0.109375,-0.0625,0.1875
a13_s2_neutral_angry,13,2,neutral,angry,6,-1.53125,-1.390625,-1.53125,-1.21875,0.2265625,0.0859375,0.171875
a13_s2_neutral_angry,13,2,neutral,angry,7,0.046875,0.21875,0.09375,0.4062509536743164,0.2421879768371582,0.1171879768371582,0.1406259536743164
a13_s2_neutral_angry,13,2,neutral,angry,8,-0.5625,-0.8984375,-0.5078125,-0.7890625,-0.30859375,0.08203125,0.0546875
a13_s2_neutral_angry,13,2,neutral,angry,9,0.328125,-0.0625,0.265625,0.1875,-0.234375,0.09375,0.3125
a13_s2_neutral_angry,13,2,neutral,angry,10,1.6435556411743164,1.1249990463256836,2.2109375,1.7314462661743164,-0.4990239143371582,0.5869145393371582,0.03906536102294922
a13_s2_neutral_angry,13,2,neutral,angry,11,2.71875,2.63671875,2.98046875,3.03125,-0.015625,0.328125,0.1328125
a13_s2_neutral_angry,13,2,neutral,angry,12,1.353515625,2.2832021713256836,1.951171875,2.4296875,0.7041010856628418,0.3720707893371582,-0.4511709213256836
a13_s2_neutral_angry,13,2,neutral,angry,13,0.91796875,1.2890625,1.015625,1.1368408203125,0.24615478515625,-0.02728271484375,-0.2498779296875
a13_s2_neutral_angry,13,2,neutral,angry,14,0.4453125,0.6640625,0.5859375,0.7890625,0.2109375,0.1328125,-0.015625
a13_s2_neutral_angry,13,2,neutral,angry,15,0.90625,1.6015625,0.6796875,1.3828125,0.69921875,-0.22265625,0.0078125
a13_s2_neutral_angry,13,2,neutral,angry,16,-0.578125,-0.15625,-0.1796875,-0.09375,0.25390625,0.23046875,-0.3359375
a13_s2_neutral_angry,13,2,neutral,angry,17,-0.328125,-0.46875,-0.140625,-0.4375,-0.21875,0.109375,-0.15625
a13_s2_neutral_angry,13,2,neutral,angry,18,-1.421875,-0.75,-1.390625,-0.640625,0.7109375,0.0703125,0.078125
a13_s2_neutral_angry,13,2,neutral,angry,19,-0.53125,-0.078125,-0.78125,0.25,0.7421875,0.0390625,0.578125
a13_s2_neutral_angry,13,2,neutral,angry,20,-0.75,-0.234375,-0.8125,-0.015625,0.65625,0.078125,0.28125
a13_s2_neutral_angry,13,2,neutral,angry,21,-1.625,-0.453125,-1.53125,-0.234375,1.234375,0.15625,0.125
a13_s2_neutral_angry,13,2,neutral,angry,22,-3.124999761581421,-1.78125,-3.21875,-1.5,1.5312498807907104,0.09374988079071045,0.3750002384185791
a13_s2_neutral_angry,13,2,neutral,angry,23,-4.312499761581421,-3.562500476837158,-4.343750238418579,-3.375,0.8593747615814209,0.078125,0.2187509536743164
a13_s2_neutral_angry,13,2,neutral,angry,24,-6.6875001192092896,-3.984374523162842,-5.7500001192092896,-3.187499523162842,2.6328130960464478,0.8671875,-0.140625
a13_s2_neutral_angry,13,2,neutral,angry,25,-9.374999761581421,0.90625,-8.125000223517418,1.75,10.07812499254942,1.0468747690320015,-0.406249538064003
a13_s2_neutral_angry,13,2,neutral,angry,26,-6.937500178813934,1.500000238418579,-5.875000089406967,2.59375,8.45312525331974,1.078124925494194,0.031249672174453735
a13_s2_neutral_angry,13,2,neutral,angry,27,-8.375000222586095,1.8125,-7.250000135041773,1.75,9.593750178813934,0.531250043772161,-1.187500087544322
a13_s2_neutral_angry,13,2,neutral,angry,28,-4.0000001192092896,1.625,-3.125000074505806,2.0625,5.406250096857548,0.6562500223517418,-0.4375000447034836
a14_s1_happy_sad,14,1,happy,sad,0,2.0703125,2.0703125,2.0703125,2.0703125,0.0,0.0,0.0
a14_s1_happy_sad,14,1,happy,sad,1,-0.6376953125,-0.43359375,-0.5546875,-0.3046875,0.22705078125,0.10595703125,0.0458984375
a14_s1_happy_sad,14,1,happy,sad,2,-1.48046875,-1.2890625,-1.37890625,-1.111328125,0.2294921875,0.1396484375,0.076171875
a14_s1_happy_sad,14,1,happy,sad,3,-1.7910165786743164,-1.5664072036743164,-1.681640625,-1.44140625,0.232421875,0.1171884536743164,0.015625
a14_s1_happy_sad,14,1,happy,sad,4,-1.6640625,-1.5625,-1.7265625,-1.609375,0.109375,-0.0546875,0.015625
a14_s1_happy_sad,14,1,happy,sad,5,-1.265625,-1.65625,-1.4375,-1.671875,-0.3125,-0.09375,0.15625
a14_s1_happy_sad,14,1,happy,sad,6,-1.296875,-1.234375,-1.28125,-1.21875,0.0625,0.015625,0.0
a14_s1_happy_sad,14,1,happy,sad,7,-0.7265634536743164,-0.640625,-0.609375,-0.546875,0.0742192268371582,0.1054692268371582,-0.023438453674316406
a14_s1_happy_sad,14,1,happy,sad,8,-0.447265625,-0.85546875,-0.4609375,-0.6953134536743164,-0.3212895393371582,0.0732417106628418,0.1738271713256836
a14_s1_happy_sad,14,1,happy,sad,9,2.2949209213256836,1.87109375,2.6171875,2.3383779525756836,-0.351318359375,0.394775390625,0.1450176239013672
a14_s1_happy_sad,14,1,happy,sad,10,-1.748046875,-1.59375,-1.8046875,-1.28125,0.3388671875,0.1279296875,0.369140625
a14_s1_happy_sad,14,1,happy,sad,11,-3.251953125,-1.078125,-3.0234375,-0.703125,2.2470703125,0.3017578125,0.146484375
a14_s1_happy_sad,14,1,happy,sad,12,-2.56640625,-1.5,-2.39453125,-0.9921875,1.234375,0.33984375,0.3359375
a14_s1_happy_sad,14,1,happy,sad,13,-1.59375,1.375,-1.0703125,1.8515625,2.9453125,0.5,-0.046875
a14_s1_happy_sad,14,1,happy,sad,14,-1.609375,0.859375,-1.234375,0.921875,2.3125,0.21875,-0.3125
a14_s1_happy_sad,14,1,happy,sad,15,-1.09375,1.234375,-0.984375,1.28125,2.296875,0.078125,-0.0625
a14_s1_happy_sad,14,1,happy,sad,16,-1.390625,-0.546875,-1.3750004768371582,-0.328125,0.9453127384185791,0.1171872615814209,0.2031254768371582
a14_s1_happy_sad,14,1,happy,sad,17,-1.515625,-1.671875,-1.40625,-1.390625,-0.0703125,0.1953125,0.171875
a14_s1_happy_sad,14,1,happy,sad,18,-1.625,-1.3437504768371582,-1.5,-1.15625,0.3124997615814209,0.1562502384185791,0.0625004768371582
a14_s1_happy_sad,14,1,happy,sad,19,0.15625,-0.3125,0.1875,-0.5,-0.578125,-0.078125,-0.21875
a14_s1_happy_sad,14,1,happy,sad,20,1.0,-0.125,1.0,0.03125,-1.046875,0.078125,0.15625
a14_s1_happy_sad,14,1,happy,sad,21,2.0,2.28125,2.15625,2.375,0.25,0.125,-0.0625
a14_s1_happy_sad,14,1,happy,sad,22,1.78125,1.875,2.062500476837158,2.1875,0.1093747615814209,0.2968752384185791,0.031249523162841797
a14_s1_happy_sad,14,1,happy,sad,23,1.0625,1.5312495231628418,1.28125,1.90625,0.5468747615814209,0.2968752384185791,0.1562504768371582
a14_s1_happy_sad,14,1,happy,sad,24,4.281250476837158,3.5,4.593749523162842,3.28125,-1.046875,0.0468745231628418,-0.5312490463256836
a14_s1_happy_sad,14,1,happy,sad,25,8.12500011920929,5.8125,9.437499552965164,4.8750001192092896,-3.437499776482582,0.1874997764825821,-2.249999314546585
a14_s1_happy_sad,14,1,happy,sad,26,6.875000178813934,5.5,8.06249962747097,5.2187498807907104,-2.109374962747097,0.45312466472387314,-1.4687495678663254
a14_s1_happy_sad,14,1,happy,sad,27,3.1249999292194843,4.937499791383743,3.1249999813735485,4.312500223517418,1.5000000521540642,-0.3124997578561306,-0.6249996200203896
a14_s1_happy_sad,14,1,happy,sad,28,1.8750000298023224,5.000000178813934,1.8750001192092896,4.375000178813934,2.8125001043081284,-0.3124999552965164,-0.6250000894069672
a14_s1_neutral_angry,14,1,neutral,angry,0,0.671875,0.671875,0.671875,0.671875,0.0,0.0,0.0
a14_s1_neutral_angry,14,1,neutral,angry,1,-0.3056640625,-0.313232421875,-0.3603515625,-0.30517578125,0.0238037109375,-0.0233154296875,0.062744140625
a14_s1_neutral_angry,14,1,neutral,angry,2,0.2890625,0.275390625,0.25,0.3076171875,0.02197265625,-0.00341796875,0.0712890625
a14_s1_neutral_angry,14,1,neutral,angry,3,0.03125,0.0,0.0,0.078125,0.0234375,0.0234375,0.109375
a14_s1_neutral_angry,14,1,neutral,angry,4,-0.46875,-0.671875,-0.625,-0.703125,-0.140625,-0.09375,0.125
a14_s1_neutral_angry,14,1,neutral,angry,5,-0.9375,-1.21875,-1.03125,-1.1875,-0.21875,-0.03125,0.125
a14_s1_neutral_angry,14,1,neutral,angry,6,-0.96875,-0.890625,-1.09375,-0.90625,0.1328125,-0.0703125,0.109375
a14_s1_neutral_angry,14,1,neutral,angry,7,-0.53125,-0.390625,-0.625,-0.421875,0.171875,-0.0625,0.0625
a14_s1_neutral_angry,14,1,neutral,angry,8,-1.37109375,-1.39111328125,-1.3515625,-1.34033203125,-0.00439453125,0.03515625,0.03125
a14_s1_neutral_angry,14,1,neutral,angry,9,-1.1171875,-1.515625,-0.703125,-1.181640625,-0.4384765625,0.3740234375,-0.080078125
a14_s1_neutral_angry,14,1,neutral,angry,10,-0.4257822036743164,-0.0234375,-0.015625,0.3515625,0.3847661018371582,0.3925786018371582,-0.035157203674316406
a14_s1_neutral_angry,14,1,neutral,angry,11,0.9140625,1.3671875,1.1796875,1.4921875,0.3828125,0.1953125,-0.140625
a14_s1_neutral_angry,14,1,neutral,angry,12,0.0859375,-0.390625,0.0625,-0.203125,-0.37109375,0.08203125,0.2109375
a14_s1_neutral_angry,14,1,neutral,angry,13,0.2421875,-0.0625,0.125,0.09375,-0.16796875,0.01953125,0.2734375
a14_s1_neutral_angry,14,1,neutral,angry,14,0.6640625,-0.15625,0.546875,0.046875,-0.66015625,0.04296875,0.3203125
a14_s1_neutral_angry,14,1,neutral,angry,15,1.05078125,1.140625,0.99609375,1.25,0.171875,0.02734375,0.1640625
a14_s1_neutral_angry,14,1,neutral,angry,16,0.625,0.359375,0.734375,0.375,-0.3125,0.0625,-0.09375
a14_s1_neutral_angry,14,1,neutral,angry,17,0.109375,-0.59375,0.34375,-0.65625,-0.8515625,0.0859375,-0.296875
a14_s1_neutral_angry,14,1,neutral,angry,18,-1.34375,-1.140625,-0.9375,-1.1562504768371582,-0.007812738418579102,0.1953122615814209,-0.4218754768371582
a14_s1_neutral_angry,14,1,neutral,angry,19,-0.1875,0.9375,0.0,1.15625,1.140625,0.203125,0.03125
a14_s1_neutral_angry,14,1,neutral,angry,20,-0.34375,0.703125,-0.84375,0.7187504768371582,1.304687738418579,-0.2421872615814209,0.5156254768371582
a14_s1_neutral_angry,14,1,neutral,angry,21,-1.7812495231628418,-0.1875,-2.343749523162842,-0.25,1.8437495231628418,-0.3125,0.5
a14_s1_neutral_angry,14,1,neutral,angry,22,-3.46875,-0.453125,-3.65625,-0.015625,3.328125,0.125,0.625
a14_s1_neutral_angry,14,1,neutral,angry,23,-5.0,-1.796875,-4.7499998807907104,-1.703125,3.1249999403953552,0.17187505960464478,-0.15625011920928955
a14_s1_neutral_angry,14,1,neutral,angry,24,-6.718750208616257,-2.15625,-6.312500238418579,-2.0078125,4.433593973517418,0.2773437350988388,-0.2578124701976776
a14_s1_neutral_angry,14,1,neutral,angry,25,-10.499999940395355,1.09375,-10.437500156462193,1.34375,11.687500048428774,0.15624989196658134,0.1875002160668373
a14_s1_neutral_angry,14,1,neutral,angry,26,-8.312499687075615,2.937500476837158,-8.250000469386578,3.53125,11.515625316649675,0.32812437042593956,0.5312503054738045
a14_s1_neutral_angry,14,1,neutral,angry,27,-9.562499625375494,3.812499523162842,-9.437500269617885,4.187500476837158,13.49999994749669,0.2500001547159627,0.2500015979167074
a14_s1_neutral_angry,14,1,neutral,angry,28,-4.874999828636646,4.187500238418579,-4.625000201165676,4.4375,9.06250013411045,0.24999969452619553,1.341104507446289e-07
a14_s2_happy_sad,14,2,happy,sad,0,2.0703125,2.0703125,2.0703125,2.0703125,0.0,0.0,0.0
a14_s2_happy_sad,14,2,happy,sad,1,-0.6796875,-0.4716796875,-0.6796875,-0.3671875,0.26025390625,0.05224609375,0.1044921875
a14_s2_happy_sad,14,2,happy,sad,2,-1.337890625,-1.2578125,-1.3232421875,-1.15625,0.12353515625,0.05810546875,0.0869140625
a14_s2_happy_sad,14,2,happy,sad,3,-1.701171875,-1.6875,-1.677734375,-1.58984375,0.05078125,0.060546875,0.07421875
a14_s2_happy_sad,14,2,happy,sad,4,-2.125,-1.734375,-2.2265625,-1.765625,0.42578125,-0.06640625,0.0703125
a14_s2_happy_sad,14,2,happy,sad,5,-1.953125,-1.953125,-2.0390615463256836,-1.921875,0.0585932731628418,-0.027343273162841797,0.1171865463256836
a14_s2_happy_sad,14,2,happy,sad,6,-1.625,-1.421875,-1.65625,-1.390625,0.234375,0.0,0.0625
a14_s2_happy_sad,14,2,happy,sad,7,-0.90625,-0.984375,-0.9375009536743164,-0.921875,-0.031249523162841797,0.015624523162841797,0.0937509536743164
a14_s2_happy_sad,14,2,happy,sad,8,-1.13671875,-1.142578125,-1.41015625,-1.03125,0.1865234375,-0.0810546875,0.384765625
a14_s2_happy_sad,14,2,happy,sad,9,1.7109375,1.5957021713256836,1.9375,1.923828125,-0.0644536018371582,0.2773442268371582,0.1015634536743164
a14_s2_happy_sad,14,2,happy,sad,10,-1.5703125,-1.76513671875,-1.46484375,-1.64678955078125,-0.188385009765625,0.111907958984375,0.01287841796875
a14_s2_happy_sad,14,2,happy,sad,11,-1.703125,-1.28125,-1.59375,-1.15625,0.4296875,0.1171875,0.015625
a14_s2_happy_sad,14,2,happy,sad,12,-1.28125,-1.6875,-1.203125,-1.375,-0.2890625,0.1953125,0.234375
a14_s2_happy_sad,14,2,happy,sad,13,0.46875,1.296875,0.6875,1.875,1.0078125,0.3984375,0.359375
a14_s2_happy_sad,14,2,happy,sad,14,0.09375,1.328125,0.46875,1.484375,1.125,0.265625,-0.21875
a14_s2_happy_sad,14,2,happy,sad,15,0.734375,1.96875,1.40625,2.03125,0.9296875,0.3671875,-0.609375
a14_s2_happy_sad,14,2,happy,sad,16,-0.1875,0.015625,0.125,0.125,0.1015625,0.2109375,-0.203125
a14_s2_happy_sad,14,2,happy,sad,17,-0.796875,-0.671875,-0.34375,-0.640625,-0.0859375,0.2421875,-0.421875
a14_s2_happy_sad,14,2,happy,sad,18,-0.21875,-0.375,-0.375,-0.59375,-0.1875,-0.1875,-0.0625
a14_s2_happy_sad,14,2,happy,sad,19,-0.4374995231628418,-0.8437504768371582,-0.5624995231628418,-0.5,-0.1718757152557373,0.1093752384185791,0.4687504768371582
a14_s2_happy_sad,14,2,happy,sad,20,0.21875,0.125,0.125,-0.15625,-0.1875,-0.1875,-0.1875
a14_s2_happy_sad,14,2,happy,sad,21,2.25,1.4375,2.0,1.875,-0.46875,0.09375,0.6875
a14_s2_happy_sad,14,2,happy,sad,22,2.3125,0.25,2.375,0.78125,-1.828125,0.296875,0.46875
a14_s2_happy_sad,14,2,happy,sad,23,1.34375,-1.78125,1.59375,-1.0,-2.859375,0.515625,0.53125
a14_s2_happy_sad,14,2,happy,sad,24,4.8125,-1.25,5.53125,-0.34375,-5.96875,0.8125,0.1875
a14_s2_happy_sad,14,2,happy,sad,25,6.593749523162842,-0.875,6.625,0.625,-6.734374761581421,0.7656252384185791,1.4687495231628418
a14_s2_happy_sad,14,2,happy,sad,26,6.75,-0.90625,6.5,0.2500002384185791,-6.9531248807907104,0.45312511920928955,1.406250238418579
a14_s2_happy_sad,14,2,happy,sad,27,5.249999761581421,0.0,4.8125,0.75,-4.6562498807907104,0.15625011920928955,1.187499761581421
a14_s2_happy_sad,14,2,happy,sad,28,5.375,0.25,5.3749998807907104,1.125,-4.687499940395355,0.4374999403953552,0.8750001192092896
a14_s2_neutral_angry,14,2,neutral,angry,0,0.671875,0.671875,0.671875,0.671875,0.0,0.0,0.0
a14_s2_neutral_angry,14,2,neutral,angry,1,-0.3328857421875,-0.466796875,-0.41015625,-0.4959716796875,-0.10986328125,-0.05322265625,0.048095703125
a14_s2_neutral_angry,14,2,neutral,angry,2,0.18359375,0.138671875,0.14453125,0.0859375,-0.0517578125,-0.0458984375,-0.013671875
a14_s2_neutral_angry,14,2,neutral,angry,3,-0.0625,-0.109375,-0.0625,-0.09375,-0.0390625,0.0078125,0.015625
a14_s2_neutral_angry,14,2,neutral,angry,4,-0.65625,-0.765625,-0.6875,-0.78125,-0.1015625,-0.0234375,0.015625
a14_s2_neutral_angry,14,2,neutral,angry,5,-1.28125,-1.734375,-1.125,-1.59375,-0.4609375,0.1484375,-0.015625
a14_s2_neutral_angry,14,2,neutral,angry,6,-1.125,-1.03125,-1.09375,-1.09375,0.046875,-0.015625,-0.09375
a14_s2_neutral_angry,14,2,neutral,angry,7,-0.5625,-0.0859375,-0.59375,-0.1640625,0.453125,-0.0546875,-0.046875
a14_s2_neutral_angry,14,2,neutral,angry,8,-1.6328125,-1.0,-1.70703125,-0.998046875,0.6708984375,-0.0361328125,0.076171875
a14_s2_neutral_angry,14,2,neutral,angry,9,-0.5078125,-0.4619140625,-0.6171875,-0.373046875,0.14501953125,-0.01025390625,0.1982421875
a14_s2_neutral_angry,14,2,neutral,angry,10,0.5947265625,0.6387939453125,0.5419921875,0.62158203125,0.06182861328125,-0.03497314453125,0.0355224609375
a14_s2_neutral_angry,14,2,neutral,angry,11,2.12109375,1.2734375,1.953125,1.6875,-0.556640625,0.123046875,0.58203125
a14_s2_neutral_angry,14,2,neutral,angry,12,0.76171875,-0.046875,0.57421875,0.3046875,-0.5390625,0.08203125,0.5390625
a14_s2_neutral_angry,14,2,neutral,angry,13,0.265625,-0.03125,0.0078125,0.46875,0.08203125,0.12109375,0.7578125
a14_s2_neutral_angry,14,2,neutral,angry,14,0.8515625,-0.078125,0.5703125,0.359375,-0.5703125,0.078125,0.71875
a14_s2_neutral_angry,14,2,neutral,angry,15,1.20703125,1.6015625,1.11328125,1.8125,0.546875,0.05859375,0.3046875
a14_s2_neutral_angry,14,2,neutral,angry,16,0.5625,0.125,0.515625,0.265625,-0.34375,0.046875,0.1875
a14_s2_neutral_angry,14,2,neutral,angry,17,0.0,-1.03125,0.21875,-0.875,-1.0625,0.1875,-0.0625
a14_s2_neutral_angry,14,2,neutral,angry,18,-1.328125,-0.734375,-1.265625,-0.84375,0.5078125,-0.0234375,-0.171875
a14_s2_neutral_angry,14,2,neutral,angry,19,-0.34375,1.140625,-0.125,1.125,1.3671875,0.1015625,-0.234375
a14_s2_neutral_angry,14,2,neutral,angry,20,-1.359375,0.328125,-1.0312495231628418,0.4218745231628418,1.5703120231628418,0.2109375,-0.2343759536743164
a14_s2_neutral_angry,14,2,neutral,angry,21,-2.734375476837158,0.1875,-2.671874523162842,0.375,2.984375,0.1250004768371582,0.1249990463256836
a14_s2_neutral_angry,14,2,neutral,angry,22,-3.34375,-1.03125,-3.46875,-0.984375,2.3984375,-0.0390625,0.171875
a14_s2_neutral_angry,14,2,neutral,angry,23,-4.750000238418579,-2.5,-4.6875,-2.484375,2.2265626192092896,0.03906261920928955,-0.0468752384185791
a14_s2_neutral_angry,14,2,neutral,angry,24,-6.906249850988388,-2.1875,-6.812499791383743,-2.234375,4.648437321186066,0.023437529802322388,-0.14062505960464478
a14_s2_neutral_angry,14,2,neutral,angry,25,-10.937499970197678,0.84375,-10.343750342726707,1.15625,11.640625156462193,0.4531248137354851,-0.28124962747097015
a14_s2_neutral_angry,14,2,neutral,angry,26,-8.437499955296516,2.59375,-8.250000089406967,2.9375,11.109375022351742,0.2656249329447746,0.15625013411045074
a14_s2_neutral_angry,14,2,neutral,angry,27,-9.625000453088433,2.1875,-9.50000036507845,2.25,11.781250409083441,0.09375004400499165,-0.0625000880099833
a14_s2_neutral_angry,14,2,neutral,angry,28,-4.874999962747097,3.1875,-4.687499821186066,3.3125,8.031249891966581,0.15625007078051567,-0.06250014156103134
a15_s1_happy_sad,15,1,happy,sad,0,2.0703125,2.0703125,2.0703125,2.0703125,0.0,0.0,0.0
a15_s1_happy_sad,15,1,happy,sad,1,-0.69970703125,-0.625,-0.7255859375,-0.63623046875,0.08203125,-0.0185546875,0.0146484375
a15_s1_happy_sad,15,1,happy,sad,2,-1.48046875,-1.4765625,-1.46484375,-1.4453125,0.01171875,0.0234375,0.015625
a15_s1_happy_sad,15,1,happy,sad,3,-1.703125,-1.7890625,-1.68359375,-1.80078125,-0.1015625,0.00390625,-0.03125
a15_s1_happy_sad,15,1,happy,sad,4,-1.875,-1.8125,-1.921875,-1.890625,0.046875,-0.0625,-0.03125
a15_s1_happy_sad,15,1,happy,sad,5,-0.828125,-1.28125,-0.828125,-1.40625,-0.515625,-0.0625,-0.125
a15_s1_happy_sad,15,1,happy,sad,6,-0.921875,-1.203125,-0.84375,-1.203125,-0.3203125,0.0390625,-0.078125
a15_s1_happy_sad,15,1,happy,sad,7,-0.390625,-0.515625,-0.28125,-0.4375,-0.140625,0.09375,-0.03125
a15_s1_happy_sad,15,1,happy,sad,8,-0.6171875,-1.1328125,-0.6171875,-1.15625,-0.52734375,-0.01171875,-0.0234375
a15_s1_happy_sad,15,1,happy,sad,9,0.6875,0.171875,0.953125,0.375,-0.546875,0.234375,-0.0625
a15_s1_happy_sad,15,1,happy,sad,10,-3.8515625,-3.5888671875,-3.8769540786743164,-3.553466796875,0.2930912971496582,0.005004405975341797,0.060791969299316406
a15_s1_happy_sad,15,1,happy,sad,11,-3.3828125,-2.97265625,-3.3203125,-2.8125,0.458984375,0.111328125,0.09765625
a15_s1_happy_sad,15,1,happy,sad,12,-2.3359384536743164,-2.3828134536743164,-2.2031259536743164,-2.3359375,-0.0898432731628418,0.0898442268371582,-0.0859365463256836
a15_s1_happy_sad,15,1,happy,sad,13,-0.14306640625,0.064453125,-0.0029296875,0.224609375,0.217529296875,0.150146484375,0.02001953125
a15_s1_happy_sad,15,1,happy,sad,14,-0.609375,-0.171875,-0.5,-0.09375,0.421875,0.09375,-0.03125
a15_s1_happy_sad,15,1,happy,sad,15,-0.046875,0.65625,0.0625,0.5625,0.6015625,0.0078125,-0.203125
a15_s1_happy_sad,15,1,happy,sad,16,-0.953125,-1.015625,-0.953125,-0.9375,-0.0234375,0.0390625,0.078125
a15_s1_happy_sad,15,1,happy,sad,17,-1.0625,-1.109375,-0.9375,-1.125,-0.1171875,0.0546875,-0.140625
a15_s1_happy_sad,15,1,happy,sad,18,-0.90625,-0.90625,-0.9375,-0.96875,-0.015625,-0.046875,-0.03125
a15_s1_happy_sad,15,1,happy,sad,19,0.296875,-0.6875004768371582,0.375,-0.375,-0.8671877384185791,0.1953127384185791,0.2343754768371582
a15_s1_happy_sad,15,1,happy,sad,20,0.5625,0.3125,0.90625,0.15625,-0.5,0.09375,-0.5
a15_s1_happy_sad,15,1,happy,sad,21,2.6875,2.3125,2.53125,2.40625,-0.25,-0.03125,0.25
a15_s1_happy_sad,15,1,happy,sad,22,1.78125,2.53125,1.84375,1.875,0.390625,-0.296875,-0.71875
a15_s1_happy_sad,15,1,happy,sad,23,1.1875,2.5625,0.5625,1.468750238418579,1.1406251192092896,-0.8593748807907104,-0.4687497615814209
a15_s1_happy_sad,15,1,happy,sad,24,3.6250001192092896,4.28125,2.78125,2.6875,0.2812499403953552,-1.2187500596046448,-0.7499998807907104
a15_s1_happy_sad,15,1,happy,sad,25,8.468749523162842,7.156249642372131,6.843750149011612,6.031250178813934,-1.062499925494194,-1.3749994188547134,0.49999991059303284
a15_s1_happy_sad,15,1,happy,sad,26,8.25,6.78125,6.812500104308128,5.5000001192092896,-1.3906249925494194,-1.359374888241291,0.1562500149011612
a15_s1_happy_sad,15,1,happy,sad,27,5.249999791383743,4.687500238418579,4.062499985098839,3.9999998807907104,-0.31249982863664627,-0.9375000819563866,0.4999994486570358
a15_s1_happy_sad,15,1,happy,sad,28,4.062500178813934,4.9374998807907104,2.8749999403953552,4.687500059604645,1.3437499105930328,-0.7187500298023224,0.9375004172325134
a15_s1_neutral_angry,15,1,neutral,angry,0,0.671875,0.671875,0.671875,0.671875,0.0,0.0,0.0
a15_s1_neutral_angry,15,1,neutral,angry,1,-0.302734375,-0.41162109375,-0.342041015625,-0.3603515625,-0.0635986328125,0.0059814453125,0.090576171875
a15_s1_neutral_angry,15,1,neutral,angry,2,0.384765625,0.265625,0.455078125,0.3408203125,-0.11669921875,0.07275390625,0.0048828125
a15_s1_neutral_angry,15,1,neutral,angry,3,-0.015625,-0.078125,0.015625,-0.046875,-0.0625,0.03125,0.0
a15_s1_neutral_angry,15,1,neutral,angry,4,-0.375,-0.40625,-0.46875,-0.46875,-0.015625,-0.078125,0.03125
a15_s1_neutral_angry,15,1,neutral,angry,5,-1.3125,-1.140625,-1.359375,-1.125,0.203125,-0.015625,0.0625
a15_s1_neutral_angry,15,1,neutral,angry,6,-1.765625,-1.3125,-1.890625,-1.359375,0.4921875,-0.0859375,0.078125
a15_s1_neutral_angry,15,1,neutral,angry,7,-0.203125,0.3281259536743164,-0.3125,0.296875,0.5703129768371582,-0.0703129768371582,0.0781240463256836
a15_s1_neutral_angry,15,1,neutral,angry,8,-1.015625,-1.3554697036743164,-1.125,-1.3867177963256836,-0.30078125,-0.0703115463256836,0.07812690734863281
a15_s1_neutral_angry,15,1,neutral,angry,9,-0.625,-0.4765625,-0.53125,-0.4140625,0.1328125,0.078125,-0.03125
a15_s1_neutral_angry,15,1,neutral,angry,10,0.8046875,0.416015625,1.0625,0.25,-0.6005859375,0.0458984375,-0.423828125
a15_s1_neutral_angry,15,1,neutral,angry,11,2.24609375,1.71484375,2.54296875,1.7890625,-0.642578125,0.185546875,-0.22265625
a15_s1_neutral_angry,15,1,neutral,angry,12,1.046875,1.005859375,1.802734375,1.328125,-0.2578125,0.5390625,-0.43359375
a15_s1_neutral_angry,15,1,neutral,angry,13,0.4296875,-0.03125,0.8593740463256836,0.29296875,-0.5136713981628418,0.3769526481628418,-0.1054677963256836
a15_s1_neutral_angry,15,1,neutral,angry,14,1.126953125,0.484375,1.517578125,0.609375,-0.775390625,0.2578125,-0.265625
a15_s1_neutral_angry,15,1,neutral,angry,15,1.278076171875,0.953125,1.6552734375,1.15625,-0.4119873046875,0.2901611328125,-0.174072265625
a15_s1_neutral_angry,15,1,neutral,angry,16,0.1015625,-0.171875,0.5859375,-0.015625,-0.4375,0.3203125,-0.328125
a15_s1_neutral_angry,15,1,neutral,angry,17,-0.6171875,-0.484375,0.1328125,-0.234375,-0.1171875,0.5,-0.5
a15_s1_neutral_angry,15,1,neutral,angry,18,-1.40625,-0.625,-0.84375,-0.421875,0.6015625,0.3828125,-0.359375
a15_s1_neutral_angry,15,1,neutral,angry,19,-0.96875,0.390625,-0.59375,0.5781245231628418,1.265624761581421,0.2812497615814209,-0.1875004768371582
a15_s1_neutral_angry,15,1,neutral,angry,20,-0.84375,0.84375,-0.4375,0.6875,1.40625,0.125,-0.5625
a15_s1_neutral_angry,15,1,neutral,angry,21,-1.71875,0.09375,-1.4375,-0.09375,1.578125,0.046875,-0.46875
a15_s1_neutral_angry,15,1,neutral,angry,22,-3.6875,0.171875,-3.562499761581421,-0.25,3.5859373807907104,-0.14843738079071045,-0.5468752384185791
a15_s1_neutral_angry,15,1,neutral,angry,23,-5.4687498807907104,-1.40625,-5.3125,-1.875,3.7499999403953552,-0.15625005960464478,-0.6249998807907104
a15_s1_neutral_angry,15,1,neutral,angry,24,-6.8750001192092896,-2.921875,-7.312500029802322,-2.875000476837158,4.195312336087227,-0.19531269371509552,0.48437443375587463
a15_s1_neutral_angry,15,1,neutral,angry,25,-11.874999895691872,1.0625,-11.468749798834324,1.8125,13.109374847263098,0.5781250484287739,0.34374990314245224
a15_s1_neutral_angry,15,1,neutral,angry,26,-9.187500447034836,1.75,-9.3125,2.562500238418579,11.406250342726707,0.34375034272670746,0.9374997913837433
a15_s1_neutral_angry,15,1,neutral,angry,27,-9.625000375555828,3.1875,-10.000000279629603,3.062499523162842,12.937500089174137,-0.2500001904554665,0.2499994272366166
a15_s1_neutral_angry,15,1,neutral,angry,28,-5.1249998696148396,3.25,-4.937499791383743,3.0,8.156249830499291,-0.031249960884451866,-0.43750007823109627
a15_s2_happy_sad,15,2,happy,sad,0,2.0703125,2.0703125,2.0703125,2.0703125,0.0,0.0,0.0
a15_s2_happy_sad,15,2,happy,sad,1,-0.60498046875,-0.52099609375,-0.5948486328125,-0.51611328125,0.08135986328125,0.00750732421875,-0.0052490234375
a15_s2_happy_sad,15,2,happy,sad,2,-1.296875,-1.35546875,-1.25,-1.3125,-0.060546875,0.044921875,-0.00390625
a15_s2_happy_sad,15,2,happy,sad,3,-1.68359375,-1.6640634536743164,-1.578125,-1.59765625,-4.76837158203125e-07,0.0859379768371582,-0.039061546325683594
a15_s2_happy_sad,15,2,happy,sad,4,-1.859375,-1.640625,-1.8125,-1.640625,0.1953125,0.0234375,-0.046875
a15_s2_happy_sad,15,2,happy,sad,5,-1.375,-1.0625,-1.375,-1.078125,0.3046875,-0.0078125,-0.015625
a15_s2_happy_sad,15,2,happy,sad,6,-1.109375,-0.859375,-1.15625,-0.84375,0.28125,-0.015625,0.0625
a15_s2_happy_sad,15,2,happy,sad,7,-0.1875,0.0,-0.296875,-0.140625,0.171875,-0.125,-0.03125
a15_s2_happy_sad,15,2,happy,sad,8,-0.109375,-0.52734375,-0.234375,-0.6015625,-0.392578125,-0.099609375,0.05078125
a15_s2_happy_sad,15,2,happy,sad,9,1.40625,0.28125,1.4453125,0.28125,-1.14453125,0.01953125,-0.0390625
a15_s2_happy_sad,15,2,happy,sad,10,-3.0468740463256836,-4.0859375,-3.1171884536743164,-4.0625,-0.9921875,-0.023438453674316406,0.09375190734863281
a15_s2_happy_sad,15,2,happy,sad,11,-2.9033203125,-3.34765625,-3.029296875,-3.4765625,-0.44580078125,-0.12744140625,-0.0029296875
a15_s2_happy_sad,15,2,happy,sad,12,-1.73046875,-2.09375,-1.734375,-1.98828125,-0.30859375,0.05078125,0.109375
a15_s2_happy_sad,15,2,happy,sad,13,-0.224609375,-0.1689453125,-0.357421875,-0.289794921875,0.0616455078125,-0.1268310546875,0.011962890625
a15_s2_happy_sad,15,2,happy,sad,14,-0.375,-0.171875,-0.53125,-0.3203125,0.20703125,-0.15234375,0.0078125
a15_s2_happy_sad,15,2,happy,sad,15,0.484375,0.6875,0.328125,0.640625,0.2578125,-0.1015625,0.109375
a15_s2_happy_sad,15,2,happy,sad,16,-0.03125,-0.5625,-0.328125,-0.6875,-0.4453125,-0.2109375,0.171875
a15_s2_happy_sad,15,2,happy,sad,17,-0.390625,-0.828125,-0.34375,-0.78125,-0.4375,0.046875,0.0
a15_s2_happy_sad,15,2,happy,sad,18,-0.25,-0.625,-0.21875,-0.6875,-0.421875,-0.015625,-0.09375
a15_s2_happy_sad,15,2,happy,sad,19,0.9375,0.75,0.96875,0.84375,-0.15625,0.0625,0.0625
a15_s2_happy_sad,15,2,happy,sad,20,1.65625,0.9375,1.6875,0.96875,-0.71875,0.03125,0.0
a15_s2_happy_sad,15,2,happy,sad,21,2.28125,1.53125,2.21875,1.46875,-0.75,-0.0625,0.0
a15_s2_happy_sad,15,2,happy,sad,22,1.46875,0.8437504768371582,1.03125,0.71875,-0.4687497615814209,-0.2812502384185791,0.3124995231628418
a15_s2_happy_sad,15,2,happy,sad,23,2.468750238418579,1.1875,2.0,0.71875,-1.2812501192092896,-0.46875011920928955,2.384185791015625e-07
a15_s2_happy_sad,15,2,happy,sad,24,3.718750238418579,3.124999761581421,3.21875,2.90625,-0.4531252384185791,-0.359375,0.2812504768371582
a15_s2_happy_sad,15,2,happy,sad,25,7.2500001192092896,6.0000001192092896,6.843750238418579,5.624999761581421,-1.234375238418579,-0.39062511920928955,0.031249523162841797
a15_s2_happy_sad,15,2,happy,sad,26,7.031250178813934,5.8125,6.593750178813934,5.2812501192092896,-1.2656251192092896,-0.4843749403953552,-0.09374988079071045
a15_s2_happy_sad,15,2,happy,sad,27,4.687499761581421,4.687499940395355,4.125000238418579,4.375000238418579,0.12500008940696716,-0.43749961256980896,0.24999982118606567
a15_s2_happy_sad,15,2,happy,sad,28,3.562500238418579,3.5000001788139343,3.250000238418579,3.4375001192092896,0.06249991059303284,-0.1875000298023224,0.24999994039535522
a15_s2_neutral_angry,15,2,neutral,angry,0,0.671875,0.671875,0.671875,0.671875,0.0,0.0,0.0
a15_s2_neutral_angry,15,2,neutral,angry,1,-0.3427734375,-0.1650390625,-0.47314453125,-0.166015625,0.242431640625,-0.065673828125,0.12939453125
a15_s2_neutral_angry,15,2,neutral,angry,2,0.18359375,0.3662109375,0.130859375,0.4404296875,0.24609375,0.0107421875,0.126953125
a15_s2_neutral_angry,15,2,neutral,angry,3,-0.03125,0.25,-0.09375,0.3046875,0.33984375,-0.00390625,0.1171875
a15_s2_neutral_angry,15,2,neutral,angry,4,-0.25,0.234375,-0.375,0.21875,0.5390625,-0.0703125,0.109375
a15_s2_neutral_angry,15,2,neutral,angry,5,-1.1875,-0.703125,-1.25,-0.734375,0.5,-0.046875,0.03125
a15_s2_neutral_angry,15,2,neutral,angry,6,-1.671875,-0.640625,-1.703125,-0.609375,1.0625,0.0,0.0625
a15_s2_neutral_angry,15,2,neutral,angry,7,-0.234375,0.5234375,-0.1875,0.734375,0.83984375,0.12890625,0.1640625
a15_s2_neutral_angry,15,2,neutral,angry,8,-1.3125,-1.213134765625,-1.34375,-1.133544921875,0.15478515625,0.024169921875,0.11083984375
a15_s2_neutral_angry,15,2,neutral,angry,9,-0.65625,-0.15625,-0.40625,-0.0625,0.421875,0.171875,-0.15625
a15_s2_neutral_angry,15,2,neutral,angry,10,-0.046875,0.66259765625,0.4375,1.2421875,0.757080078125,0.531982421875,0.09521484375
a15_s2_neutral_angry,15,2,neutral,angry,11,2.00390625,2.072265625,2.46484375,2.7568359375,0.18017578125,0.57275390625,0.2236328125
a15_s2_neutral_angry,15,2,neutral,angry,12,1.2890625,-0.03515625,1.8398447036743164,0.7578125,-1.2031254768371582,0.6718754768371582,0.2421865463256836
a15_s2_neutral_angry,15,2,neutral,angry,13,0.44140625,-0.3203125,0.8203125,0.1328125,-0.724609375,0.416015625,0.07421875
a15_s2_neutral_angry,15,2,neutral,angry,14,1.248046875,-0.34375,1.9140625,0.3125,-1.5966796875,0.6611328125,-0.009765625
a15_s2_neutral_angry,15,2,neutral,angry,15,1.41064453125,0.078125,1.96099853515625,0.296875,-1.498321533203125,0.384552001953125,-0.33160400390625
a15_s2_neutral_angry,15,2,neutral,angry,16,0.078125,-1.234375,0.95703125,-0.921875,-1.595703125,0.595703125,-0.56640625
a15_s2_neutral_angry,15,2,neutral,angry,17,-0.8125,-1.71875,-0.1015625,-1.453125,-1.12890625,0.48828125,-0.4453125
a15_s2_neutral_angry,15,2,neutral,angry,18,-1.90625,-1.296875,-1.640625,-1.1406254768371582,0.5546872615814209,0.2109372615814209,-0.1093754768371582
a15_s2_neutral_angry,15,2,neutral,angry,19,-1.09375,0.359375,-0.453125,1.125,1.515625,0.703125,0.125
a15_s2_neutral_angry,15,2,neutral,angry,20,-0.984375,1.15625,-0.65625,1.7499995231628418,2.273437261581421,0.4609372615814209,0.2656245231628418
a15_s2_neutral_angry,15,2,neutral,angry,21,-1.5,0.9375,-1.5,1.6562504768371582,2.796875238418579,0.3593752384185791,0.7187504768371582
a15_s2_neutral_angry,15,2,neutral,angry,22,-3.625,0.53125,-3.15625,1.515625,4.4140625,0.7265625,0.515625
a15_s2_neutral_angry,15,2,neutral,angry,23,-5.875,-0.625,-4.906249761581421,1.0625,5.6093748807907104,1.3281251192092896,0.7187497615814209
a15_s2_neutral_angry,15,2,neutral,angry,24,-7.0312501192092896,-1.53125,-6.031250238418579,0.78125,6.156250178813934,1.6562499403953552,1.3125001192092896
a15_s2_neutral_angry,15,2,neutral,angry,25,-10.781250357627869,0.78125,-10.281249761581421,2.8125,12.328125059604645,1.2656252980232239,1.5312494039535522
a15_s2_neutral_angry,15,2,neutral,angry,26,-8.499999821186066,2.1875,-8.031249552965164,4.500000238418579,11.609374806284904,1.3906252533197403,1.8437499701976776
a15_s2_neutral_angry,15,2,neutral,angry,27,-9.374999675666913,-0.4375,-8.43750029290095,1.21875,9.296874984283932,1.2968746913829818,0.7187506172340363
a15_s2_neutral_angry,15,2,neutral,angry,28,-4.874999772757292,0.25,-4.500000134110451,0.6250004768371582,5.12500019185245,0.3750000577419996,8.381903171539307e-07
a16_s1_happy_sad,16,1,happy,sad,0,2.0703125,2.0703125,2.0703125,2.0703125,0.0,0.0,0.0
a16_s1_happy_sad,16,1,happy,sad,1,-0.435546875,-0.44140625,-0.4814453125,-0.5380859375,-0.03125,-0.0712890625,-0.05078125
a16_s1_happy_sad,16,1,happy,sad,2,-1.318359375,-1.224609375,-1.3125,-1.26953125,0.068359375,-0.01953125,-0.05078125
a16_s1_happy_sad,16,1,happy,sad,3,-1.6406240463256836,-1.421875,-1.6601552963256836,-1.458984375,0.2099599838256836,-0.0283203125,-0.017578125
a16_s1_happy_sad,16,1,happy,sad,4,-2.4765625,-1.75,-2.4921875,-1.7109375,0.75390625,0.01171875,0.0546875
a16_s1_happy_sad,16,1,happy,sad,5,-2.140625,-1.609375,-2.125,-1.5312490463256836,0.5625004768371582,0.0468754768371582,0.0625009536743164
a16_s1_happy_sad,16,1,happy,sad,6,-1.59375,-1.453125,-1.515625,-1.28125,0.1875,0.125,0.09375
a16_s1_happy_sad,16,1,happy,sad,7,-0.875,-0.78125,-0.734375,-0.65625,0.0859375,0.1328125,-0.015625
a16_s1_happy_sad,16,1,happy,sad,8,-0.9375,-1.16943359375,-1.08544921875,-1.162109375,-0.154296875,-0.0703125,0.1552734375
a16_s1_happy_sad,16,1,happy,sad,9,1.744140625,2.0849599838256836,1.7421875,2.12109375,0.3598628044128418,0.017090320587158203,0.038086891174316406
a16_s1_happy_sad,16,1,happy,sad,10,-2.47265625,-1.017578125,-2.478515625,-0.8671875,1.533203125,0.072265625,0.15625
a16_s1_happy_sad,16,1,happy,sad,11,-1.890625,-0.5,-2.12109375,-0.3125,1.599609375,-0.021484375,0.41796875
a16_s1_happy_sad,16,1,happy,sad,12,-2.701171875,-1.859375,-2.96875,-1.3359375,1.2373046875,0.1279296875,0.791015625
a16_s1_happy_sad,16,1,happy,sad,13,0.9609375,1.34375,0.796875,1.625,0.60546875,0.05859375,0.4453125
a16_s1_happy_sad,16,1,happy,sad,14,0.28125,-0.28125,0.125,0.03125,-0.328125,0.078125,0.46875
a16_s1_happy_sad,16,1,happy,sad,15,1.53125,0.1875,1.390625,0.78125,-0.9765625,0.2265625,0.734375
a16_s1_happy_sad,16,1,happy,sad,16,0.671875,-0.375,0.59375,0.0625,-0.7890625,0.1796875,0.515625
a16_s1_happy_sad,16,1,happy,sad,17,-0.21875,-0.984375,-0.40625,-0.71875,-0.5390625,0.0390625,0.453125
a16_s1_happy_sad,16,1,happy,sad,18,-0.21875,-1.15625,-0.3125,-0.6875,-0.65625,0.1875,0.5625
a16_s1_happy_sad,16,1,happy,sad,19,0.078125,-0.0625,-0.21875,0.0,0.0390625,-0.1171875,0.359375
a16_s1_happy_sad,16,1,happy,sad,20,0.75,1.0,0.125,0.21875,0.171875,-0.703125,-0.15625
a16_s1_happy_sad,16,1,happy,sad,21,2.59375,1.71875,1.96875,1.21875,-0.8125,-0.5625,0.125
a16_s1_happy_sad,16,1,happy,sad,22,1.90625,0.78125,0.78125,1.0,-0.453125,-0.453125,1.34375
a16_s1_happy_sad,16,1,happy,sad,23,0.875,-0.09375,-0.6562504768371582,-0.4375,-0.3749997615814209,-0.9375002384185791,1.1875004768371582
a16_s1_happy_sad,16,1,happy,sad,24,6.093750476837158,2.03125,3.3125,2.250000476837158,-2.5625,-1.28125,3.0000009536743164
a16_s1_happy_sad,16,1,happy,sad,25,8.890625238418579,4.25,6.15625,4.25,-3.2734376192092896,-1.3671876192092896,2.734375238418579
a16_s1_happy_sad,16,1,happy,sad,26,6.843749523162842,4.062500238418579,4.78125,4.312499761581421,-1.624999761581421,-0.90625,2.3124990463256836
a16_s1_happy_sad,16,1,happy,sad,27,6.375000050291419,0.5625,4.625000037252903,0.5,-4.968750043772161,-0.906250006519258,1.687500013038516
a16_s1_happy_sad,16,1,happy,sad,28,4.750000074505806,1.375,2.999999910593033,1.5,-2.4374999925494194,-0.8125000819563866,1.8750001639127731
a16_s1_neutral_angry,16,1,neutral,angry,0,0.671875,0.671875,0.671875,0.671875,0.0,0.0,0.0
a16_s1_neutral_angry,16,1,neutral,angry,1,-0.26251220703125,-0.271484375,-0.17669677734375,-0.1494140625,0.0091552734375,0.10394287109375,0.0362548828125
a16_s1_neutral_angry,16,1,neutral,angry,2,0.2236328125,0.13232421875,0.263671875,0.24267578125,-0.05615234375,0.0751953125,0.0703125
a16_s1_neutral_angry,16,1,neutral,angry,3,-0.03125,-0.109375,-0.09375,-0.046875,-0.015625,0.0,0.125
a16_s1_neutral_angry,16,1,neutral,angry,4,-0.71875,-0.484375,-0.796875,-0.390625,0.3203125,0.0078125,0.171875
a16_s1_neutral_angry,16,1,neutral,angry,5,-1.703125,-1.671875,-1.8125,-1.625,0.109375,-0.03125,0.15625
a16_s1_neutral_angry,16,1,neutral,angry,6,-1.5625,-1.171875,-1.6875,-1.203125,0.4375,-0.078125,0.09375
a16_s1_neutral_angry,16,1,neutral,angry,7,-0.671875,-0.15625,-0.734375,-0.1328125,0.55859375,-0.01953125,0.0859375
a16_s1_neutral_angry,16,1,neutral,angry,8,-0.5546875,-1.055908203125,-0.6171875,-0.8807373046875,-0.38238525390625,0.05633544921875,0.2376708984375
a16_s1_neutral_angry,16,1,neutral,angry,9,0.375,-0.3583984375,0.578125,0.07338714599609375,-0.6190681457519531,0.3174552917480469,0.22866058349609375
a16_s1_neutral_angry,16,1,neutral,angry,10,0.6015625,0.1875,0.328125,0.125,-0.30859375,-0.16796875,0.2109375
a16_s1_neutral_angry,16,1,neutral,angry,11,1.984375,1.6015625,1.50390625,1.484375,-0.201171875,-0.298828125,0.36328125
a16_s1_neutral_angry,16,1,neutral,angry,12,0.4825439453125,0.8203125,0.443359375,1.046875,0.47064208984375,0.09368896484375,0.2657470703125
a16_s1_neutral_angry,16,1,neutral,angry,13,1.24609375,0.390625,1.16796875,0.734375,-0.64453125,0.1328125,0.421875
a16_s1_neutral_angry,16,1,neutral,angry,14,1.1328125,-0.203125,1.0390625,0.5,-0.9375,0.3046875,0.796875
a16_s1_neutral_angry,16,1,neutral,angry,15,2.0,1.328125,2.20703125,1.921875,-0.478515625,0.400390625,0.38671875
a16_s1_neutral_angry,16,1,neutral,angry,16,1.265625,0.171875,1.5390625,0.578125,-1.02734375,0.33984375,0.1328125
a16_s1_neutral_angry,16,1,neutral,angry,17,1.265625,-0.546875,1.3359375,-0.46875,-1.80859375,0.07421875,0.0078125
a16_s1_neutral_angry,16,1,neutral,angry,18,0.046875,-0.21875,0.1875,-0.078125,-0.265625,0.140625,0.0
a16_s1_neutral_angry,16,1,neutral,angry,19,0.625,0.9375,0.71875,1.1953125,0.39453125,0.17578125,0.1640625
a16_s1_neutral_angry,16,1,neutral,angry,20,0.375,0.453125,0.34375,0.671875,0.203125,0.09375,0.25
a16_s1_neutral_angry,16,1,neutral,angry,21,-0.71875,0.296875,-0.75,0.296875,1.03125,-0.015625,0.03125
a16_s1_neutral_angry,16,1,neutral,angry,22,-2.84375,-0.5,-2.84375,-0.5,2.34375,0.0,0.0
a16_s1_neutral_angry,16,1,neutral,angry,23,-4.53125,-2.765625,-5.09375,-2.46875,2.1953125,-0.1328125,0.859375
a16_s1_neutral_angry,16,1,neutral,angry,24,-6.593749821186066,-2.171875,-6.999999970197678,-2.0625,4.679687395691872,-0.14843757450580597,0.5156251490116119
a16_s1_neutral_angry,16,1,neutral,angry,25,-9.87499988079071,3.250000476837158,-10.781250163912773,3.546875,13.726562760770321,-0.30468787997961044,1.2031248062849045
a16_s1_neutral_angry,16,1,neutral,angry,26,-7.9999998807907104,4.531249523162842,-8.750000417232513,4.71875,12.999999910593033,-0.2812500298023224,0.9375010132789612
a16_s1_neutral_angry,16,1,neutral,angry,27,-9.437499620951712,5.875000238418579,-9.625000350177288,4.875,14.90625010477379,-0.5937504838220775,-0.8124995091930032
a16_s1_neutral_angry,16,1,neutral,angry,28,-5.000000171363354,6.875000238418579,-5.124999891966581,5.624999523162842,11.312499912455678,-0.6875002179294825,-1.1250009946525097
a16_s2_happy_sad,16,2,happy,sad,0,2.0703125,2.0703125,2.0703125,2.0703125,0.0,0.0,0.0
a16_s2_happy_sad,16,2,happy,sad,1,-0.3359375,-0.33203125,-0.384765625,-0.4072265625,-0.00927734375,-0.06201171875,-0.0263671875
a16_s2_happy_sad,16,2,happy,sad,2,-1.13671875,-1.173828125,-1.1435546875,-1.23828125,-0.06591796875,-0.03564453125,-0.0576171875
a16_s2_happy_sad,16,2,happy,sad,3,-1.546875,-1.6679677963256836,-1.60546875,-1.71875,-0.1171870231628418,-0.0546879768371582,0.007811546325683594
a16_s2_happy_sad,16,2,happy,sad,4,-1.953125,-2.078125,-1.9765625,-2.140625,-0.14453125,-0.04296875,-0.0390625
a16_s2_happy_sad,16,2,happy,sad,5,-1.796875,-2.078125,-1.8281259536743164,-2.203125,-0.3281245231628418,-0.0781254768371582,-0.0937490463256836
a16_s2_happy_sad,16,2,happy,sad,6,-1.21875,-1.53125,-1.125,-1.4375,-0.3125,0.09375,0.0
a16_s2_happy_sad,16,2,happy,sad,7,-0.640625,-0.59375,-0.5156240463256836,-0.546875,0.007812023162841797,0.0859379768371582,-0.0781259536743164
a16_s2_happy_sad,16,2,happy,sad,8,-0.236328125,-0.4140615463256836,-0.111328125,-0.2265625,-0.1464838981628418,0.1562495231628418,0.062499046325683594
a16_s2_happy_sad,16,2,happy,sad,9,2.2031259536743164,2.130859375,1.9531259536743164,2.220703125,0.0976552963256836,-0.080078125,0.33984375
a16_s2_happy_sad,16,2,happy,sad,10,-1.96875,-2.0,-1.640625,-1.67578125,-0.033203125,0.326171875,-0.00390625
a16_s2_happy_sad,16,2,happy,sad,11,-1.71875,-1.25,-1.4375,-0.7421875,0.58203125,0.39453125,0.2265625
a16_s2_happy_sad,16,2,happy,sad,12,-2.1875,-2.5039072036743164,-1.875,-2.125,-0.2832036018371582,0.3457036018371582,0.0664072036743164
a16_s2_happy_sad,16,2,happy,sad,13,1.4140625,1.8515625,1.984375,2.2695322036743164,0.3613286018371582,0.4941411018371582,-0.1523427963256836
a16_s2_happy_sad,16,2,happy,sad,14,0.15625,0.859375,0.25,0.953125,0.703125,0.09375,0.0
a16_s2_happy_sad,16,2,happy,sad,15,0.265625,1.34375,0.25,1.4375,1.1328125,0.0390625,0.109375
a16_s2_happy_sad,16,2,happy,sad,16,0.03125,0.5,-0.1875,0.53125,0.59375,-0.09375,0.25
a16_s2_happy_sad,16,2,happy,sad,17,-0.65625,-0.6875,-0.875,-0.640625,0.1015625,-0.0859375,0.265625
a16_s2_happy_sad,16,2,happy,sad,18,-1.0625,-0.75,-1.25,-0.625,0.46875,-0.03125,0.3125
a16_s2_happy_sad,16,2,happy,sad,19,-0.3125,-1.21875,-0.28125,-1.28125,-0.953125,-0.015625,-0.09375
a16_s2_happy_sad,16,2,happy,sad,20,0.1875,-0.03125,0.78125,-0.34375,-0.671875,0.140625,-0.90625
a16_s2_happy_sad,16,2,happy,sad,21,1.53125,0.125,1.71875,-0.375,-1.75,-0.15625,-0.6875
a16_s2_happy_sad,16,2,happy,sad,22,0.53125,0.1875,0.59375,-0.59375,-0.765625,-0.359375,-0.84375
a16_s2_happy_sad,16,2,happy,sad,23,-0.34375,0.625,-0.5,-0.09375,0.6875,-0.4375,-0.5625
a16_s2_happy_sad,16,2,happy,sad,24,4.40625,1.75,4.218749523162842,0.75,-3.062499761581421,-0.5937502384185791,-0.8124995231628418
a16_s2_happy_sad,16,2,happy,sad,25,8.62499988079071,3.1875,8.125,2.562499761581421,-5.500000059604645,-0.5625000596046448,-0.12500035762786865
a16_s2_happy_sad,16,2,happy,sad,26,6.4999998807907104,3.5625,6.2812498807907104,3.249999761581421,-2.984375,-0.26562511920928955,-0.0937502384185791
a16_s2_happy_sad,16,2,happy,sad,27,6.749999932944775,1.875,6.812500212341547,1.375,-5.156250072643161,-0.2187498603016138,-0.5625002793967724
a16_s2_happy_sad,16,2,happy,sad,28,4.8749998807907104,1.125,4.624999821186066,0.875,-3.749999850988388,-0.2500000298023224,5.960464477539063e-08
a16_s2_neutral_angry,16,2,neutral,angry,0,0.671875,0.671875,0.671875,0.671875,0.0,0.0,0.0
a16_s2_neutral_angry,16,2,neutral,angry,1,-0.18310546875,-0.1474609375,-0.1263580322265625,-0.01171875,0.07514190673828125,0.09624481201171875,0.0789947509765625
a16_s2_neutral_angry,16,2,neutral,angry,2,0.322265625,0.2861328125,0.26025390625,0.3447265625,0.024169921875,-0.001708984375,0.12060546875
a16_s2_neutral_angry,16,2,neutral,angry,3,-0.03125,-0.09375,-0.046875,0.0,-0.0078125,0.0390625,0.109375
a16_s2_neutral_angry,16,2,neutral,angry,4,-0.40625,-0.265625,-0.4375,-0.21875,0.1796875,0.0078125,0.078125
a16_s2_neutral_angry,16,2,neutral,angry,5,-1.546875,-1.734375,-1.65625,-1.71875,-0.125,-0.046875,0.125
a16_s2_neutral_angry,16,2,neutral,angry,6,-1.578125,-0.984375,-1.703125,-1.0625,0.6171875,-0.1015625,0.046875
a16_s2_neutral_angry,16,2,neutral,angry,7,-0.546875,-0.03125,-0.71875,0.015625,0.625,-0.0625,0.21875
a16_s2_neutral_angry,16,2,neutral,angry,8,-1.0859375,-1.333984375,-1.1640625,-1.271484375,-0.177734375,-0.0078125,0.140625
a16_s2_neutral_angry,16,2,neutral,angry,9,-0.34375,-1.1015625,-0.1640625,-0.625,-0.609375,0.328125,0.296875
a16_s2_neutral_angry,16,2,neutral,angry,10,0.9755849838256836,-0.5,0.958984375,-0.265625,-1.3500971794128418,0.1088871955871582,0.2509756088256836
a16_s2_neutral_angry,16,2,neutral,angry,11,1.947265625,1.28125,1.935546875,1.234375,-0.68359375,-0.029296875,-0.03515625
a16_s2_neutral_angry,16,2,neutral,angry,12,0.466796875,0.046875,0.93359375,0.109375,-0.6220703125,0.2646484375,-0.404296875
a16_s2_neutral_angry,16,2,neutral,angry,13,0.38671875,0.28125,0.19921875,0.421875,0.05859375,-0.0234375,0.328125
a16_s2_neutral_angry,16,2,neutral,angry,14,1.0625,0.09375,0.890625,0.609375,-0.625,0.171875,0.6875
a16_s2_neutral_angry,16,2,neutral,angry,15,2.0390625,1.421875,2.03125,1.90625,-0.37109375,0.23828125,0.4921875
a16_s2_neutral_angry,16,2,neutral,angry,16,0.8046875,0.078125,0.828125,0.3125,-0.62109375,0.12890625,0.2109375
a16_s2_neutral_angry,16,2,neutral,angry,17,0.40625,-0.765625,0.375,-0.65625,-1.1015625,0.0390625,0.140625
a16_s2_neutral_angry,16,2,neutral,angry,18,-1.46875,-0.75,-1.3125,-0.59375,0.71875,0.15625,0.0
a16_s2_neutral_angry,16,2,neutral,angry,19,-0.25,0.609375,-0.1875004768371582,1.03125,1.039062738418579,0.2421872615814209,0.3593754768371582
a16_s2_neutral_angry,16,2,neutral,angry,20,-0.8125004768371582,0.359375,-0.875,0.78125,1.414062738418579,0.1796877384185791,0.4843745231628418
a16_s2_neutral_angry,16,2,neutral,angry,21,-1.984375,0.53125,-2.203125,0.71875,2.71875,-0.015625,0.40625
a16_s2_neutral_angry,16,2,neutral,angry,22,-3.71875,-0.5,-3.65625,0.03125,3.453125,0.296875,0.46875
a16_s2_neutral_angry,16,2,neutral,angry,23,-6.249999642372131,-1.984375,-5.625,-1.3125,4.289062321186066,0.6484373211860657,0.04687535762786865
a16_s2_neutral_angry,16,2,neutral,angry,24,-8.812499701976776,-1.984375,-8.468750044703484,-1.25,7.02343737334013,0.5390623286366463,0.39062534272670746
a16_s2_neutral_angry,16,2,neutral,angry,25,-12.593750357627869,1.7499995231628418,-11.593750298023224,2.9375,14.437500089406967,1.0937502682209015,0.18750041723251343
a16_s2_neutral_angry,16,2,neutral,angry,26,-9.84375,4.0625,-9.062499761581421,5.25,14.10937488079071,0.9843751192092896,0.4062497615814209
a16_s2_neutral_angry,16,2,neutral,angry,27,-10.062500011175871,5.749999523162842,-9.437500272877514,6.46875,15.859374903608114,0.6718751075677574,0.09375073853880167
a16_s2_neutral_angry,16,2,neutral,angry,28,-5.499999921768904,6.3125,-4.749999772757292,6.625,11.593749847263098,0.531250074505806,-0.43750014901161194
a17_s1_happy_sad,17,1,happy,sad,0,2.0703125,2.0703125,2.0703125,2.0703125,0.0,0.0,0.0
a17_s1_happy_sad,17,1,happy,sad,1,-0.6343994140625,-0.6103515625,-0.70556640625,-0.6513671875,0.03912353515625,-0.05609130859375,0.0301513671875
a17_s1_happy_sad,17,1,happy,sad,2,-1.126953125,-1.19921875,-1.23828125,-1.26953125,-0.0517578125,-0.0908203125,0.041015625
a17_s1_happy_sad,17,1,happy,sad,3,-1.2734375,-1.4296884536743164,-1.4296875,-1.5,-0.1132817268371582,-0.1132807731628418,0.0859384536743164
a17_s1_happy_sad,17,1,happy,sad,4,-1.09375,-1.234375,-1.234375,-1.375,-0.140625,-0.140625,0.0
a17_s1_happy_sad,17,1,happy,sad,5,-1.21875,-1.140625,-1.0625,-1.09375,0.0234375,0.1015625,-0.109375
a17_s1_happy_sad,17,1,happy,sad,6,-1.65625,-1.25,-1.578125,-1.328125,0.328125,0.0,-0.15625
a17_s1_happy_sad,17,1,happy,sad,7,-0.90625,-0.5625,-0.796875,-0.53125,0.3046875,0.0703125,-0.078125
a17_s1_happy_sad,17,1,happy,sad,8,-0.5791015625,-0.474609375,-0.673828125,-0.5625,0.10791015625,-0.09130859375,0.0068359375
a17_s1_happy_sad,17,1,happy,sad,9,0.8359375,1.125,0.828125,0.875,0.16796875,-0.12890625,-0.2421875
a17_s1_happy_sad,17,1,happy,sad,10,-3.6328125,-3.6179208755493164,-3.6135244369506836,-3.7576904296875,-0.0646371841430664,-0.060240745544433594,-0.1590576171875
a17_s1_happy_sad,17,1,happy,sad,11,-2.40625,-2.841796875,-2.255859375,-2.646484375,-0.4130859375,0.1728515625,0.044921875
a17_s1_happy_sad,17,1,happy,sad,12,-1.48828125,-2.001953125,-1.3759765625,-1.9921875,-0.56494140625,0.06103515625,-0.1025390625
a17_s1_happy_sad,17,1,happy,sad,13,0.82421875,0.6796875,0.7890625,0.9453125,0.005859375,0.115234375,0.30078125
a17_s1_happy_sad,17,1,happy,sad,14,0.515625,-0.0625,0.390625,-0.015625,-0.4921875,-0.0390625,0.171875
a17_s1_happy_sad,17,1,happy,sad,15,-0.203125,-0.46875,-0.015625,-0.296875,-0.2734375,0.1796875,-0.015625
a17_s1_happy_sad,17,1,happy,sad,16,-0.609375,-0.5625,-0.5625,-0.59375,0.0078125,0.0078125,-0.078125
a17_s1_happy_sad,17,1,happy,sad,17,-1.15625,-1.203125,-1.328125,-1.234375,0.0234375,-0.1015625,0.140625
a17_s1_happy_sad,17,1,happy,sad,18,-0.7812504768371582,-0.625,-0.7812495231628418,-0.8125,0.0625,-0.0937495231628418,-0.1875009536743164
a17_s1_happy_sad,17,1,happy,sad,19,0.5625,0.5,0.25,0.375,0.03125,-0.21875,0.1875
a17_s1_happy_sad,17,1,happy,sad,20,0.5625,0.84375,0.09375,0.5625,0.375,-0.375,0.1875
a17_s1_happy_sad,17,1,happy,sad,21,3.25,3.5625,3.000000476837158,3.125,0.2187497615814209,-0.3437497615814209,-0.1875004768371582
a17_s1_happy_sad,17,1,happy,sad,22,2.5,2.968749523162842,2.343750476837158,2.468749523162842,0.2968742847442627,-0.3281247615814209,-0.3437504768371582
a17_s1_happy_sad,17,1,happy,sad,23,2.21875,3.562499523162842,2.15625,3.031249523162842,1.1093745231628418,-0.296875,-0.46875
a17_s1_happy_sad,17,1,happy,sad,24,4.093750238418579,6.3984375,4.875,5.875,1.6523436307907104,0.12890613079071045,-1.304687261581421
a17_s1_happy_sad,17,1,happy,sad,25,6.249999761581421,11.21875011920929,7.499999821186066,10.781249523162842,4.125000029802322,0.4062497317790985,-1.6875006556510925
a17_s1_happy_sad,17,1,happy,sad,26,6.687499761581421,10.999999761581421,7.406249940395355,10.531249701976776,3.7187498807907104,0.12500005960464478,-1.187500238418579
a17_s1_happy_sad,17,1,happy,sad,27,4.875000089406967,7.624999832361937,4.749999776482582,8.06249974668026,3.0312498565763235,0.15624980069696903,0.5625002272427082
a17_s1_happy_sad,17,1,happy,sad,28,3.6874998956918716,6.437499910593033,4.0000001192092896,6.6874998062849045,2.718749850988388,0.2812500596046448,-0.06250032782554626
a17_s1_neutral_angry,17,1,neutral,angry,0,0.671875,0.671875,0.671875,0.671875,0.0,0.0,0.0
a17_s1_neutral_angry,17,1,neutral,angry,1,-0.3623046875,-0.3125,-0.517578125,-0.3193359375,0.1240234375,-0.0810546875,0.1484375
a17_s1_neutral_angry,17,1,neutral,angry,2,0.267578125,0.27734375,0.18359375,0.314453125,0.0703125,-0.0234375,0.12109375
a17_s1_neutral_angry,17,1,neutral,angry,3,-0.09375,-0.28125,-0.15625,-0.234375,-0.1328125,-0.0078125,0.109375
a17_s1_neutral_angry,17,1,neutral,angry,4,-0.0625,-0.21875,-0.09375,-0.15625,-0.109375,0.015625,0.09375
a17_s1_neutral_angry,17,1,neutral,angry,5,-0.90625,-0.8125,-0.9375,-0.65625,0.1875,0.0625,0.1875
a17_s1_neutral_angry,17,1,neutral,angry,6,-1.625,-1.40625,-1.71875,-1.46875,0.234375,-0.078125,0.03125
a17_s1_neutral_angry,17,1,neutral,angry,7,-0.15625,0.078125,-0.265625,-0.109375,0.1953125,-0.1484375,-0.078125
a17_s1_neutral_angry,17,1,neutral,angry,8,-0.34375,-1.109375,-0.7421875,-1.39453125,-0.708984375,-0.341796875,0.11328125
a17_s1_neutral_angry,17,1,neutral,angry,9,-0.984375,-1.3828125,-0.984375,-1.5078125,-0.4609375,-0.0625,-0.125
a17_s1_neutral_angry,17,1,neutral,angry,10,1.1953125,0.6347646713256836,1.09375,0.34765625,-0.6533207893371582,-0.1943354606628418,-0.1855459213256836
a17_s1_neutral_angry,17,1,neutral,angry,11,3.0820302963256836,2.2890625,3.0156259536743164,2.15625,-0.826171875,-0.0996084213256836,-0.06640815734863281
a17_s1_neutral_angry,17,1,neutral,angry,12,1.8565673828125,1.033203125,1.615234375,0.5380859375,-0.95025634765625,-0.36822509765625,-0.2537841796875
a17_s1_neutral_angry,17,1,neutral,angry,13,1.7851552963256836,2.015625,1.6250009536743164,1.6796875,0.142578125,-0.2480459213256836,-0.1757831573486328
a17_s1_neutral_angry,17,1,neutral,angry,14,1.83349609375,2.0703125,1.442230224609375,1.6875,0.2410430908203125,-0.3870391845703125,0.008453369140625
a17_s1_neutral_angry,17,1,neutral,angry,15,1.603515625,1.88671875,1.280517578125,1.5625,0.2825927734375,-0.3236083984375,-0.001220703125
a17_s1_neutral_angry,17,1,neutral,angry,16,0.46484375,0.5078125,0.12890625,0.5,0.20703125,-0.171875,0.328125
a17_s1_neutral_angry,17,1,neutral,angry,17,1.0078125,0.6328125,0.8671875,0.609375,-0.31640625,-0.08203125,0.1171875
a17_s1_neutral_angry,17,1,neutral,angry,18,0.640625,0.03125,0.515625,-0.125,-0.625,-0.140625,-0.03125
a17_s1_neutral_angry,17,1,neutral,angry,19,0.5625004768371582,-0.09375,0.25,0.015625,-0.4453127384185791,-0.1015627384185791,0.4218754768371582
a17_s1_neutral_angry,17,1,neutral,angry,20,0.6875,-0.0625,0.5625,0.46875,-0.421875,0.203125,0.65625
a17_s1_neutral_angry,17,1,neutral,angry,21,-0.125,-2.015625476837158,-0.34375,-1.2656254768371582,-1.4062504768371582,0.265625,0.96875
a17_s1_neutral_angry,17,1,neutral,angry,22,1.1875,-1.4375,0.96875,-0.875,-2.234375,0.171875,0.78125
a17_s1_neutral_angry,17,1,neutral,angry,23,1.15625,-0.9375,0.78125,-0.71875,-1.796875,-0.078125,0.59375
a17_s1_neutral_angry,17,1,neutral,angry,24,0.8125,0.375,0.9375,0.625,-0.375,0.1875,0.125
a17_s1_neutral_angry,17,1,neutral,angry,25,6.46875,5.156249761581421,6.4375001192092896,5.9375,-0.9062501788139343,0.3750001788139343,0.8125001192092896
a17_s1_neutral_angry,17,1,neutral,angry,26,6.71875,5.656249761581421,6.624999761581421,6.5625,-0.5625,0.40625,1.0000004768371582
a17_s1_neutral_angry,17,1,neutral,angry,27,6.937499962747097,5.624999850988388,6.9375001937150955,6.749999940395355,-0.7500001825392246,0.5625001601874828,1.1249998584389687
a17_s1_neutral_angry,17,1,neutral,angry,28,5.000000178813934,4.624999850988388,4.750000059604645,5.374999791383743,0.12499970197677612,0.24999991059303284,1.0000000596046448
a17_s2_happy_sad,17,2,happy,sad,0,2.0703125,2.0703125,2.0703125,2.0703125,0.0,0.0,0.0
a17_s2_happy_sad,17,2,happy,sad,1,-0.669921875,-0.556640625,-0.67919921875,-0.5439453125,0.124267578125,0.001708984375,0.02197265625
a17_s2_happy_sad,17,2,happy,sad,2,-1.29296875,-1.177734375,-1.2578125,-1.1640625,0.1044921875,0.0244140625,-0.021484375
a17_s2_happy_sad,17,2,happy,sad,3,-1.515625,-1.4296884536743164,-1.47265625,-1.3593740463256836,0.099609375,0.056641578674316406,0.027345657348632812
a17_s2_happy_sad,17,2,happy,sad,4,-1.0,-1.109375,-1.09375,-1.09375,-0.0546875,-0.0390625,0.109375
a17_s2_happy_sad,17,2,happy,sad,5,-1.140625,-1.171875,-1.109375,-1.203125,-0.0625,0.0,-0.0625
a17_s2_happy_sad,17,2,happy,sad,6,-1.21875,-1.21875,-1.15625,-1.25,-0.046875,0.015625,-0.09375
a17_s2_happy_sad,17,2,happy,sad,7,-0.859375,-0.484375,-0.734375,-0.484375,0.3125,0.0625,-0.125
a17_s2_happy_sad,17,2,happy,sad,8,-1.265625,-0.552734375,-1.2734365463256836,-0.673828125,0.6562495231628418,-0.0644526481628418,-0.1132822036743164
a17_s2_happy_sad,17,2,happy,sad,9,0.078125,0.796875,0.0625,0.671875,0.6640625,-0.0703125,-0.109375
a17_s2_happy_sad,17,2,happy,sad,10,-4.593750953674316,-3.4609375,-4.624999046325684,-3.5234375,1.1171875,-0.046874046325683594,-0.03125190734863281
a17_s2_happy_sad,17,2,happy,sad,11,-3.796875,-2.845703125,-3.68359375,-2.693359375,0.970703125,0.1328125,0.0390625
a17_s2_happy_sad,17,2,happy,sad,12,-2.6884765625,-1.5537109375,-2.83984375,-1.5390625,1.2177734375,-0.068359375,0.166015625
a17_s2_happy_sad,17,2,happy,sad,13,-0.6953125,0.3046875,-0.92578125,0.41015625,1.16796875,-0.0625,0.3359375
a17_s2_happy_sad,17,2,happy,sad,14,-0.890625,-0.25,-1.171875,-0.1875,0.8125,-0.109375,0.34375
a17_s2_happy_sad,17,2,happy,sad,15,-0.8046875,-0.4375,-1.125,-0.453125,0.51953125,-0.16796875,0.3046875
a17_s2_happy_sad,17,2,happy,sad,16,-1.046875,-0.828125,-1.296875,-0.78125,0.3671875,-0.1015625,0.296875
a17_s2_happy_sad,17,2,happy,sad,17,-1.21875,-1.46875,-1.375,-1.375,-0.125,-0.03125,0.25
a17_s2_happy_sad,17,2,happy,sad,18,-1.0,-1.09375,-1.09375,-1.0,0.0,0.0,0.1875
a17_s2_happy_sad,17,2,happy,sad,19,-0.03125,0.9375,0.34375,-0.25,0.1875,-0.40625,-1.5625
a17_s2_happy_sad,17,2,happy,sad,20,0.25,1.46875,0.46875,0.25,0.5,-0.5,-1.4375
a17_s2_happy_sad,17,2,happy,sad,21,1.8125,2.09375,1.65625,1.96875,0.296875,-0.140625,0.03125
a17_s2_happy_sad,17,2,happy,sad,22,1.2499995231628418,2.046875,1.21875,1.78125,0.6796877384185791,-0.1484372615814209,-0.2343754768371582
a17_s2_happy_sad,17,2,happy,sad,23,1.625,2.125,1.65625,1.96875,0.40625,-0.0625,-0.1875
a17_s2_happy_sad,17,2,happy,sad,24,5.656249046325684,3.312500238418579,5.34375,4.4375,-1.6249994039535522,0.40625035762786865,1.4374988079071045
a17_s2_happy_sad,17,2,happy,sad,25,6.734375,6.906249940395355,5.703125,8.218750476837158,1.3437502086162567,0.1406252682209015,2.343750536441803
a17_s2_happy_sad,17,2,happy,sad,26,6.687500238418579,6.406250059604645,6.2812501192092896,7.812500476837158,0.6250000894069672,0.5000001490116119,1.812500536441803
a17_s2_happy_sad,17,2,happy,sad,27,4.6875,3.4375001192092896,4.624999821186066,5.124999985098839,-0.37499985843896866,0.8124998435378075,1.7500000447034836
a17_s2_happy_sad,17,2,happy,sad,28,5.3125001192092896,2.1250000596046448,4.499999761581421,4.999999970197678,-1.343749925494194,1.031249776482582,3.6875002682209015
a17_s2_neutral_angry,17,2,neutral,angry,0,0.671875,0.671875,0.671875,0.671875,0.0,0.0,0.0
a17_s2_neutral_angry,17,2,neutral,angry,1,-0.337890625,-0.3623046875,-0.45703125,-0.36279296875,0.034912109375,-0.059814453125,0.11865234375
a17_s2_neutral_angry,17,2,neutral,angry,2,0.20703125,0.302734375,0.16796875,0.33837890625,0.133056640625,-0.001708984375,0.07470703125
a17_s2_neutral_angry,17,2,neutral,angry,3,-0.0625,-0.171875,-0.1875,-0.203125,-0.0625,-0.078125,0.09375
a17_s2_neutral_angry,17,2,neutral,angry,4,0.0,-0.53125,-0.09375,-0.59375,-0.515625,-0.078125,0.03125
a17_s2_neutral_angry,17,2,neutral,angry,5,-0.6875,-1.0625,-0.625,-1.09375,-0.421875,0.015625,-0.09375
a17_s2_neutral_angry,17,2,neutral,angry,6,-1.375,-1.3125,-1.5,-1.46875,0.046875,-0.140625,-0.03125
a17_s2_neutral_angry,17,2,neutral,angry,7,0.09375,0.328125,-0.109375,0.21875,0.28125,-0.15625,0.09375
a17_s2_neutral_angry,17,2,neutral,angry,8,-0.4375,-0.2265625,-0.4453125,-0.375,0.140625,-0.078125,-0.140625
a17_s2_neutral_angry,17,2,neutral,angry,9,-0.25,0.03125,-0.15625,-0.09375,0.171875,-0.015625,-0.21875
a17_s2_neutral_angry,17,2,neutral,angry,10,1.3671875,1.94921875,1.5625,1.91796875,0.46875,0.08203125,-0.2265625
a17_s2_neutral_angry,17,2,neutral,angry,11,3.6171865463256836,2.923828125,3.734375,3.177734375,-0.6249995231628418,0.1855473518371582,0.1367177963256836
a17_s2_neutral_angry,17,2,neutral,angry,12,2.2568359375,1.805419921875,2.514404296875,2.060546875,-0.45263671875,0.25634765625,-0.00244140625
a17_s2_neutral_angry,17,2,neutral,angry,13,1.3828125,1.7783203125,1.521484375,2.037109375,0.45556640625,0.19873046875,0.1201171875
a17_s2_neutral_angry,17,2,neutral,angry,14,1.66015625,2.4609375,1.81640625,2.8359375,0.91015625,0.265625,0.21875
a17_s2_neutral_angry,17,2,neutral,angry,15,1.384765625,1.453125,1.4296875,1.6171875,0.1279296875,0.1044921875,0.119140625
a17_s2_neutral_angry,17,2,neutral,angry,16,-0.1708984375,-0.5234375,0.06640625,-0.5,-0.45947265625,0.13037109375,-0.2138671875
a17_s2_neutral_angry,17,2,neutral,angry,17,0.0,-0.3125,0.2734375,-0.328125,-0.45703125,0.12890625,-0.2890625
a17_s2_neutral_angry,17,2,neutral,angry,18,-0.578125,-1.6875,-0.3125,-1.7031254768371582,-1.250000238418579,0.1249997615814209,-0.2812504768371582
a17_s2_neutral_angry,17,2,neutral,angry,19,-0.8124995231628418,-1.0,-0.625,-1.328125,-0.4453127384185791,-0.0703127384185791,-0.5156245231628418
a17_s2_neutral_angry,17,2,neutral,angry,20,-1.0,-1.15625,-0.84375,-1.125,-0.21875,0.09375,-0.125
a17_s2_neutral_angry,17,2,neutral,angry,21,-1.40625,-2.234375476837158,-1.28125,-2.421874523162842,-0.984375,-0.031249523162841797,-0.3124990463256836
a17_s2_neutral_angry,17,2,neutral,angry,22,-2.25,-2.453125,-2.15625,-3.3125,-0.6796875,-0.3828125,-0.953125
a17_s2_neutral_angry,17,2,neutral,angry,23,-3.0625,-3.578125,-3.218750238418579,-4.421875,-0.8593748807907104,-0.5000001192092896,-0.6874997615814209
a17_s2_neutral_angry,17,2,neutral,angry,24,-3.8125,-3.5,-3.875,-3.453125,0.3671875,-0.0078125,0.109375
a17_s2_neutral_angry,17,2,neutral,angry,25,-4.124999910593033,1.40625,-5.437500044703484,2.5625,6.765624977648258,-0.07812506705522537,2.4687501341104507
a17_s2_neutral_angry,17,2,neutral,angry,26,-3.0625,0.875,-4.312500059604645,1.9999998807907104,5.124999970197678,-0.06250008940696716,2.3749999403953552
a17_s2_neutral_angry,17,2,neutral,angry,27,-5.250000204890966,-0.3125,-5.499999836087227,1.8125,6.125000020489097,0.9375001844018698,2.3749996311962605
a17_s2_neutral_angry,17,2,neutral,angry,28,-2.1250000298023224,0.25,-2.1249998807907104,1.875,3.1874999552965164,0.812500074505806,1.624999850988388
a18_s1_happy_sad,18,1,happy,sad,0,2.0703125,2.0703125,2.0703125,2.0703125,0.0,0.0,0.0
a18_s1_happy_sad,18,1,happy,sad,1,-0.5087890625,-0.478515625,-0.55810546875,-0.4697265625,0.059326171875,-0.020263671875,0.05810546875
a18_s1_happy_sad,18,1,happy,sad,2,-1.208984375,-1.376953125,-1.150390625,-1.34765625,-0.1826171875,0.0439453125,-0.029296875
a18_s1_happy_sad,18,1,happy,sad,3,-1.5078125,-1.81640625,-1.47265625,-1.81640625,-0.326171875,0.017578125,-0.03515625
a18_s1_happy_sad,18,1,happy,sad,4,-2.2265625,-2.0859375,-2.2890625,-2.1015625,0.1640625,-0.0390625,0.046875
a18_s1_happy_sad,18,1,happy,sad,5,-2.0,-1.9921875,-2.015625,-2.015625,0.00390625,-0.01953125,-0.0078125
a18_s1_happy_sad,18,1,happy,sad,6,-1.859375,-1.421875,-1.9375,-1.515625,0.4296875,-0.0859375,-0.015625
a18_s1_happy_sad,18,1,happy,sad,7,-0.703125,-0.5,-0.8125,-0.640625,0.1875,-0.125,-0.03125
a18_s1_happy_sad,18,1,happy,sad,8,-0.603515625,-0.232421875,-0.826171875,-0.28125,0.4580078125,-0.1357421875,0.173828125
a18_s1_happy_sad,18,1,happy,sad,9,0.9140625,2.6015634536743164,0.9921875,2.568359375,1.6318364143371582,0.022460460662841797,-0.1113290786743164
a18_s1_happy_sad,18,1,happy,sad,10,-2.25390625,-1.1171875,-2.31982421875,-0.9746103286743164,1.2409663200378418,0.0383296012878418,0.2084951400756836
a18_s1_happy_sad,18,1,happy,sad,11,-2.58984375,-0.8828125,-2.637939453125,-0.6328125,1.8560791015625,0.1009521484375,0.298095703125
a18_s1_happy_sad,18,1,happy,sad,12,-3.0546875,-0.3046875,-2.96875,-0.375,2.671875,0.0078125,-0.15625
a18_s1_happy_sad,18,1,happy,sad,13,-0.25,1.84375,-0.1640625,1.8359375,2.046875,0.0390625,-0.09375
a18_s1_happy_sad,18,1,happy,sad,14,-1.34375,1.0312495231628418,-1.328125,0.75,2.226562261581421,-0.1328122615814209,-0.2968745231628418
a18_s1_happy_sad,18,1,happy,sad,15,-0.03125,1.390625,0.15625,1.25,1.2578125,0.0234375,-0.328125
a18_s1_happy_sad,18,1,happy,sad,16,-1.0,0.5,-1.09375,0.40625,1.5,-0.09375,0.0
a18_s1_happy_sad,18,1,happy,sad,17,-1.296875,-0.3437495231628418,-1.03125,-0.0625,0.9609377384185791,0.2734372615814209,0.015624523162841797
a18_s1_happy_sad,18,1,happy,sad,18,-1.25,-0.125,-1.09375,0.125,1.171875,0.203125,0.09375
a18_s1_happy_sad,18,1,happy,sad,19,-0.9999995231628418,-0.09375,-0.421875,0.09375,0.7109372615814209,0.3828122615814209,-0.3906245231628418
a18_s1_happy_sad,18,1,happy,sad,20,-0.375,0.3125,0.40625,0.09375,0.1875,0.28125,-1.0
a18_s1_happy_sad,18,1,happy,sad,21,-0.78125,1.59375,0.34375,2.25,2.140625,0.890625,-0.46875
a18_s1_happy_sad,18,1,happy,sad,22,-1.3125,1.0,-0.75,1.375,2.21875,0.46875,-0.1875
a18_s1_happy_sad,18,1,happy,sad,23,-2.21875,-0.375,-1.78125,0.75,2.1875,0.78125,0.6875
a18_s1_happy_sad,18,1,happy,sad,24,-0.0625,1.65625,0.5625,2.65625,1.90625,0.8125,0.375
a18_s1_happy_sad,18,1,happy,sad,25,-0.875,2.375000238418579,0.8125000596046448,5.0000001192092896,3.718750149011612,2.1562499701976776,0.9374998211860657
a18_s1_happy_sad,18,1,happy,sad,26,0.5625000596046448,2.0624998807907104,2.0625000596046448,4.5937501192092896,2.0156249403953552,2.0156251192092896,1.031250238418579
a18_s1_happy_sad,18,1,happy,sad,27,-1.8749998956918716,1.0625,0.875,3.5000000447034836,2.7812499701976776,2.5937499701976776,-0.31249985098838806
a18_s1_happy_sad,18,1,happy,sad,28,-0.5,1.125,0.7500000298023224,2.874999910593033,1.8749999403953552,1.4999999701976776,0.49999988079071045
a18_s1_neutral_angry,18,1,neutral,angry,0,0.671875,0.671875,0.671875,0.671875,0.0,0.0,0.0
a18_s1_neutral_angry,18,1,neutral,angry,1,-0.391845703125,-0.381103515625,-0.4072265625,-0.261962890625,0.0780029296875,0.0518798828125,0.134521484375
a18_s1_neutral_angry,18,1,neutral,angry,2,0.203125,0.1221923828125,0.314453125,0.328125,-0.03363037109375,0.15863037109375,0.0946044921875
a18_s1_neutral_angry,18,1,neutral,angry,3,-0.046875,-0.140625,0.171875,0.203125,-0.03125,0.28125,0.125
a18_s1_neutral_angry,18,1,neutral,angry,4,-0.15625,-0.546875,0.03125,-0.21875,-0.3203125,0.2578125,0.140625
a18_s1_neutral_angry,18,1,neutral,angry,5,-1.34375,-1.78125,-1.3125,-1.625,-0.375,0.09375,0.125
a18_s1_neutral_angry,18,1,neutral,angry,6,-1.375,-1.515625,-1.40625,-1.515625,-0.125,-0.015625,0.03125
a18_s1_neutral_angry,18,1,neutral,angry,7,-0.5,-0.703125,-0.34375,-0.484375,-0.171875,0.1875,0.0625
a18_s1_neutral_angry,18,1,neutral,angry,8,-1.1171875,-1.4375,-1.1328125,-1.49609375,-0.341796875,-0.037109375,-0.04296875
a18_s1_neutral_angry,18,1,neutral,angry,9,-1.171875,-0.5712890625,-1.15625,-0.595703125,0.58056640625,-0.00439453125,-0.0400390625
a18_s1_neutral_angry,18,1,neutral,angry,10,-1.174560546875,0.18359375,-0.9946298599243164,0.3935546875,1.3731694221496582,0.1949458122253418,0.030030250549316406
a18_s1_neutral_angry,18,1,neutral,angry,11,0.5546875,1.4407958984375,0.4453125,1.6318359375,1.03631591796875,0.04083251953125,0.3004150390625
a18_s1_neutral_angry,18,1,neutral,angry,12,1.71923828125,1.017578125,1.849609375,1.19921875,-0.676025390625,0.156005859375,0.05126953125
a18_s1_neutral_angry,18,1,neutral,angry,13,2.83203125,0.3359375,2.931640625,0.7265625,-2.3505859375,0.2451171875,0.291015625
a18_s1_neutral_angry,18,1,neutral,angry,14,2.1171875,0.21875,1.796875,0.265625,-1.71484375,-0.13671875,0.3671875
a18_s1_neutral_angry,18,1,neutral,angry,15,1.6796875,1.0625,1.34375,1.171875,-0.39453125,-0.11328125,0.4453125
a18_s1_neutral_angry,18,1,neutral,angry,16,1.140625,0.140625,1.234375,0.453125,-0.890625,0.203125,0.21875
a18_s1_neutral_angry,18,1,neutral,angry,17,0.234375,-0.3125,0.171875,-0.234375,-0.4765625,0.0078125,0.140625
a18_s1_neutral_angry,18,1,neutral,angry,18,-0.15625,-0.3125,-0.78125,-0.078125,0.2734375,-0.1953125,0.859375
a18_s1_neutral_angry,18,1,neutral,angry,19,0.0,0.859375,0.03125,1.09375,0.9609375,0.1328125,0.203125
a18_s1_neutral_angry,18,1,neutral,angry,20,-0.1875,1.015625,0.46875,0.984375,0.859375,0.3125,-0.6875
a18_s1_neutral_angry,18,1,neutral,angry,21,-1.28125,0.265625,-1.1875,0.140625,1.4375,-0.015625,-0.21875
a18_s1_neutral_angry,18,1,neutral,angry,22,0.3125,-0.578125,0.21875,-0.4375,-0.7734375,0.0234375,0.234375
a18_s1_neutral_angry,18,1,neutral,angry,23,0.8125,-1.625,0.75,-1.46875,-2.328125,0.046875,0.21875
a18_s1_neutral_angry,18,1,neutral,angry,24,0.375,-2.59375,0.25,-1.953125,-2.5859375,0.2578125,0.765625
a18_s1_neutral_angry,18,1,neutral,angry,25,3.625000238418579,0.34375,2.9375,1.34375,-2.4375001192092896,0.15624988079071045,1.687500238418579
a18_s1_neutral_angry,18,1,neutral,angry,26,4.1875,2.5,3.312500238418579,3.28125,-0.8593751192092896,-0.04687488079071045,1.656249761581421
a18_s1_neutral_angry,18,1,neutral,angry,27,3.2500001192092896,3.5,2.6249999701976776,5.125000476837158,1.3750001937150955,0.5000001639127731,2.25000062584877
a18_s1_neutral_angry,18,1,neutral,angry,28,2.875,3.312499761581421,2.6249999403953552,4.8125,1.3124999105930328,0.6250000894069672,1.7500002980232239
a18_s2_happy_sad,18,2,happy,sad,0,2.0703125,2.0703125,2.0703125,2.0703125,0.0,0.0,0.0
a18_s2_happy_sad,18,2,happy,sad,1,-0.50048828125,-0.3994140625,-0.4990234375,-0.4150390625,0.092529296875,-0.007080078125,-0.01708984375
a18_s2_happy_sad,18,2,happy,sad,2,-1.15234375,-1.28515625,-1.111328125,-1.2890625,-0.1552734375,0.0185546875,-0.044921875
a18_s2_happy_sad,18,2,happy,sad,3,-1.5742177963256836,-1.6015625,-1.6406259536743164,-1.6015625,0.005859375,-0.033204078674316406,0.06640815734863281
a18_s2_happy_sad,18,2,happy,sad,4,-2.0546875,-1.71875,-2.1484375,-1.75,0.3671875,-0.0625,0.0625
a18_s2_happy_sad,18,2,happy,sad,5,-2.125,-1.796875,-2.140625,-1.90625,0.28125,-0.0625,-0.09375
a18_s2_happy_sad,18,2,happy,sad,6,-1.921875,-1.25,-1.84375,-1.328125,0.59375,0.0,-0.15625
a18_s2_happy_sad,18,2,happy,sad,7,-0.875,-0.609375,-0.859375,-0.6484375,0.23828125,-0.01171875,-0.0546875
a18_s2_happy_sad,18,2,happy,sad,8,-0.62255859375,-0.47265625,-0.76513671875,-0.578125,0.16845703125,-0.1240234375,0.037109375
a18_s2_happy_sad,18,2,happy,sad,9,1.48046875,1.7421875,1.2890625,1.53125,0.251953125,-0.201171875,-0.01953125
a18_s2_happy_sad,18,2,happy,sad,10,-1.8457021713256836,-1.970703125,-1.9042978286743164,-1.9160165786743164,-0.0683598518371582,-0.0019545555114746094,0.1132822036743164
a18_s2_happy_sad,18,2,happy,sad,11,-1.4453125,-1.765625,-1.75,-1.94140625,-0.255859375,-0.240234375,0.12890625
a18_s2_happy_sad,18,2,happy,sad,12,-2.7734375,-1.6962890625,-3.046875,-2.138671875,0.99267578125,-0.35791015625,-0.1689453125
a18_s2_happy_sad,18,2,happy,sad,13,0.0078125,0.6796875,-0.0390625,0.5546875,0.6328125,-0.0859375,-0.078125
a18_s2_happy_sad,18,2,happy,sad,14,-1.15625,-0.5625,-1.390625,-0.734375,0.625,-0.203125,0.0625
a18_s2_happy_sad,18,2,happy,sad,15,0.703125,0.0,0.59375,-0.1875,-0.7421875,-0.1484375,-0.078125
a18_s2_happy_sad,18,2,happy,sad,16,-0.625,-0.5,-0.9375,-0.71875,0.171875,-0.265625,0.09375
a18_s2_happy_sad,18,2,happy,sad,17,-1.25,-1.0625,-1.40625,-1.21875,0.1875,-0.15625,0.0
a18_s2_happy_sad,18,2,happy,sad,18,-1.5312504768371582,-0.625,-1.65625,-0.59375,0.9843752384185791,-0.0468747615814209,0.1562495231628418
a18_s2_happy_sad,18,2,happy,sad,19,-1.984375,-1.265625,-1.546875,-1.921875,0.171875,-0.109375,-1.09375
a18_s2_happy_sad,18,2,happy,sad,20,-1.21875,-0.5,0.125,-0.71875,-0.0625,0.5625,-1.5625
a18_s2_happy_sad,18,2,happy,sad,21,-2.78125,-0.6875,-1.34375,-1.03125,1.203125,0.546875,-1.78125
a18_s2_happy_sad,18,2,happy,sad,22,-2.5,-1.28125,-1.78125,-1.28125,0.859375,0.359375,-0.71875
a18_s2_happy_sad,18,2,happy,sad,23,-3.374999761581421,-2.25,-2.65625,-2.062499523162842,0.8593751192092896,0.45312511920928955,-0.5312492847442627
a18_s2_happy_sad,18,2,happy,sad,24,-2.875,-1.3125,-2.437500238418579,-0.96875,1.5156251192092896,0.39062488079071045,-0.0937497615814209
a18_s2_happy_sad,18,2,happy,sad,25,-6.187500059604645,0.4375,-5.250000178813934,0.8125,6.3437501192092896,0.6562499403953552,-0.5624998807907104
a18_s2_happy_sad,18,2,happy,sad,26,-4.124999821186066,0.1875,-3.9375001788139343,0.6875,4.46875,0.3437498211860657,0.31250035762786865
a18_s2_happy_sad,18,2,happy,sad,27,-5.999999847728759,-2.0000001192092896,-5.562500104308128,-2.1249998807907104,3.7187499760184437,0.1562499909196049,-0.5624995050020516
a18_s2_happy_sad,18,2,happy,sad,28,-3.1249999068677425,-0.875,-2.7500001043081284,-0.9999998807907104,2.0000000651925802,0.12499996088445187,-0.49999968335032463
a18_s2_neutral_angry,18,2,neutral,angry,0,0.671875,0.671875,0.671875,0.671875,0.0,0.0,0.0
a18_s2_neutral_angry,18,2,neutral,angry,1,-0.52734375,-0.32220458984375,-0.697265625,-0.36669921875,0.267852783203125,-0.107208251953125,0.12542724609375
a18_s2_neutral_angry,18,2,neutral,angry,2,0.0703125,0.396484375,0.041015625,0.4720458984375,0.37860107421875,0.02313232421875,0.1048583984375
a18_s2_neutral_angry,18,2,neutral,angry,3,-0.015625,0.1328125,0.015625,0.2265625,0.1796875,0.0625,0.0625
a18_s2_neutral_angry,18,2,neutral,angry,4,-0.1875,0.1875,-0.21875,0.234375,0.4140625,0.0078125,0.078125
a18_s2_neutral_angry,18,2,neutral,angry,5,-1.28125,-1.328125,-1.40625,-1.359375,0.0,-0.078125,0.09375
a18_s2_neutral_angry,18,2,neutral,angry,6,-1.21875,-0.859375,-1.4375,-0.984375,0.40625,-0.171875,0.09375
a18_s2_neutral_angry,18,2,neutral,angry,7,-0.390625,-0.28125,-0.328125,-0.078125,0.1796875,0.1328125,0.140625
a18_s2_neutral_angry,18,2,neutral,angry,8,-1.4296875,-1.537109375,-1.5234375,-1.28125,0.0673828125,0.0810546875,0.349609375
a18_s2_neutral_angry,18,2,neutral,angry,9,-0.671875,-1.14404296875,-0.625,-0.8662109375,-0.356689453125,0.162353515625,0.23095703125
a18_s2_neutral_angry,18,2,neutral,angry,10,-0.61328125,0.6953125,-0.546875,1.0859375,1.470703125,0.228515625,0.32421875
a18_s2_neutral_angry,18,2,neutral,angry,11,0.982421875,1.75390625,0.974609375,2.140625,0.96875,0.189453125,0.39453125
a18_s2_neutral_angry,18,2,neutral,angry,12,1.1152334213256836,0.0625,1.3945302963256836,0.34375,-1.0517568588256836,0.2802734375,0.001953125
a18_s2_neutral_angry,18,2,neutral,angry,13,1.7490234375,0.5625,1.798828125,0.8125,-1.08642578125,0.14990234375,0.2001953125
a18_s2_neutral_angry,18,2,neutral,angry,14,2.125,0.25,2.10546875,0.21875,-1.880859375,-0.025390625,-0.01171875
a18_s2_neutral_angry,18,2,neutral,angry,15,1.6015625,0.65625,1.65625,0.84375,-0.87890625,0.12109375,0.1328125
a18_s2_neutral_angry,18,2,neutral,angry,16,0.578125,0.40625,0.71875,0.203125,-0.34375,-0.03125,-0.34375
a18_s2_neutral_angry,18,2,neutral,angry,17,0.171875,0.046875,0.3125,-0.28125,-0.359375,-0.09375,-0.46875
a18_s2_neutral_angry,18,2,neutral,angry,18,-0.734375,-0.625,-0.84375,-0.734375,0.109375,-0.109375,0.0
a18_s2_neutral_angry,18,2,neutral,angry,19,-0.1875,1.0624995231628418,-0.34375,0.59375,1.093749761581421,-0.3124997615814209,-0.3124995231628418
a18_s2_neutral_angry,18,2,neutral,angry,20,-0.875,0.9531254768371582,-0.8125,0.5625,1.601562738418579,-0.1640627384185791,-0.4531254768371582
a18_s2_neutral_angry,18,2,neutral,angry,21,-1.0625,0.828125,-1.1875,0.5625,1.8203125,-0.1953125,-0.140625
a18_s2_neutral_angry,18,2,neutral,angry,22,-0.8125,-0.359375,-0.84375,-0.6875,0.3046875,-0.1796875,-0.296875
a18_s2_neutral_angry,18,2,neutral,angry,23,-0.71875,-1.46875,-0.84375,-1.890625,-0.8984375,-0.2734375,-0.296875
a18_s2_neutral_angry,18,2,neutral,angry,24,-1.562500238418579,-1.640625,-2.000000238418579,-2.078125,-0.0781247615814209,-0.4375,0.0
a18_s2_neutral_angry,18,2,neutral,angry,25,-0.625,2.156250476837158,-0.8125,1.75,2.671875238418579,-0.2968752384185791,-0.2187504768371582
a18_s2_neutral_angry,18,2,neutral,angry,26,-0.125,4.3125,-0.1875,3.531250476837158,4.078125238418579,-0.4218747615814209,-0.7187495231628418
a18_s2_neutral_angry,18,2,neutral,angry,27,-1.875,6.062499761581421,-1.625,6.125,7.8437498807907104,0.15625011920928955,-0.1874997615814209
a18_s2_neutral_angry,18,2,neutral,angry,28,-0.875,6.500000238418579,-0.5,6.749999642372131,7.312499940395355,0.3124997019767761,-0.12500059604644775
a19_s1_happy_sad,19,1,happy,sad,0,2.0703125,2.0703125,2.0703125,2.0703125,0.0,0.0,0.0
a19_s1_happy_sad,19,1,happy,sad,1,-0.853515625,-0.478240966796875,-0.814453125,-0.5179443359375,0.3358917236328125,-0.0003204345703125,-0.078765869140625
a19_s1_happy_sad,19,1,happy,sad,2,-1.5390625,-1.33203125,-1.544921875,-1.322265625,0.21484375,0.001953125,0.015625
a19_s1_happy_sad,19,1,happy,sad,3,-1.7812490463256836,-1.453125,-1.8085927963256836,-1.484375,0.3261709213256836,-0.029296875,-0.00390625
a19_s1_happy_sad,19,1,happy,sad,4,-1.453125,-1.234375,-1.578125,-1.359375,0.21875,-0.125,0.0
a19_s1_happy_sad,19,1,happy,sad,5,-2.0,-1.5625,-2.09375,-1.625,0.453125,-0.078125,0.03125
a19_s1_happy_sad,19,1,happy,sad,6,-1.40625,-1.34375,-1.25,-1.28125,0.015625,0.109375,-0.09375
a19_s1_happy_sad,19,1,happy,sad,7,-0.890625,-0.734375,-0.8046875,-0.65625,0.15234375,0.08203125,-0.0078125
a19_s1_happy_sad,19,1,happy,sad,8,-0.6015625,-0.2421875,-0.6015625,-0.2578125,0.3515625,-0.0078125,-0.015625
a19_s1_happy_sad,19,1,happy,sad,9,2.5,2.1796875,2.53125,2.203125,-0.32421875,0.02734375,-0.0078125
a19_s1_happy_sad,19,1,happy,sad,10,-1.26123046875,-1.291015625,-1.2685546875,-1.501953125,-0.131591796875,-0.109130859375,-0.20361328125
a19_s1_happy_sad,19,1,happy,sad,11,-1.2421875,-1.291015625,-1.453125,-1.617919921875,-0.1068115234375,-0.2689208984375,-0.115966796875
a19_s1_happy_sad,19,1,happy,sad,12,-1.6142578125,-1.6171875,-1.7109375,-1.46875,0.11962890625,0.02587890625,0.2451171875
a19_s1_happy_sad,19,1,happy,sad,13,1.46484375,1.302734375,1.28125,1.341796875,-0.05078125,-0.072265625,0.22265625
a19_s1_happy_sad,19,1,happy,sad,14,-0.640625,-0.0625,-1.015625,-0.078125,0.7578125,-0.1953125,0.359375
a19_s1_happy_sad,19,1,happy,sad,15,-0.859375,0.0625,-1.125,-0.0625,0.9921875,-0.1953125,0.140625
a19_s1_happy_sad,19,1,happy,sad,16,-1.59375,-0.734375,-1.875,-0.796875,0.96875,-0.171875,0.21875
a19_s1_happy_sad,19,1,happy,sad,17,-1.40625,-1.328125,-1.75,-1.296875,0.265625,-0.15625,0.375
a19_s1_happy_sad,19,1,happy,sad,18,-1.75,-0.78125,-2.125,-0.84375,1.125,-0.21875,0.3125
a19_s1_happy_sad,19,1,happy,sad,19,0.0,-0.75,-0.28125,-0.6874995231628418,-0.5781247615814209,-0.1093747615814209,0.3437504768371582
a19_s1_happy_sad,19,1,happy,sad,20,0.15625,-0.0625,0.28125,-0.25,-0.375,-0.03125,-0.3125
a19_s1_happy_sad,19,1,happy,sad,21,1.5625,0.78125,1.4375,0.875,-0.671875,-0.015625,0.21875
a19_s1_happy_sad,19,1,happy,sad,22,0.90625,0.1875,1.15625,0.46875,-0.703125,0.265625,0.03125
a19_s1_happy_sad,19,1,happy,sad,23,-0.21875,-1.15625,0.0625,-0.984375,-0.9921875,0.2265625,-0.109375
a19_s1_happy_sad,19,1,happy,sad,24,0.40625,0.46875,0.5625,0.78125,0.140625,0.234375,0.15625
a19_s1_happy_sad,19,1,happy,sad,25,6.312499761581421,3.218750238418579,4.874999850988388,3.90625,-2.031249687075615,-0.37500007450580597,2.1249996721744537
a19_s1_happy_sad,19,1,happy,sad,26,6.062499850988388,2.96875,4.687499910593033,3.8125,-1.9843748807907104,-0.2656249701976776,2.2187499403953552
a19_s1_happy_sad,19,1,happy,sad,27,2.6875000447034836,-0.4375,1.6874999105930328,1.5625,-1.6249999776482582,0.4999999329447746,3.0000001341104507
a19_s1_happy_sad,19,1,happy,sad,28,2.125,0.875,1.625,2.249999761581421,-0.31250011920928955,0.43749988079071045,1.874999761581421
a19_s1_neutral_angry,19,1,neutral,angry,0,0.671875,0.671875,0.671875,0.671875,0.0,0.0,0.0
a19_s1_neutral_angry,19,1,neutral,angry,1,-0.298828125,-0.349609375,-0.408203125,-0.28125,0.0380859375,-0.0205078125,0.177734375
a19_s1_neutral_angry,19,1,neutral,angry,2,0.375,0.3212890625,0.43359375,0.5283203125,0.0205078125,0.1328125,0.1484375
a19_s1_neutral_angry,19,1,neutral,angry,3,0.015625,0.078125,0.046875,0.296875,0.15625,0.125,0.1875
a19_s1_neutral_angry,19,1,neutral,angry,4,-0.03125,0.125,-0.09375,0.203125,0.2265625,0.0078125,0.140625
a19_s1_neutral_angry,19,1,neutral,angry,5,-0.75,-0.71875,-0.84375,-0.546875,0.1640625,0.0390625,0.265625
a19_s1_neutral_angry,19,1,neutral,angry,6,-1.625,-0.828125,-1.75,-0.75,0.8984375,-0.0234375,0.203125
a19_s1_neutral_angry,19,1,neutral,angry,7,-0.21875,0.359375,-0.296875,0.65625,0.765625,0.109375,0.375
a19_s1_neutral_angry,19,1,neutral,angry,8,-0.8125,0.0,-0.7109375,0.359375,0.94140625,0.23046875,0.2578125
a19_s1_neutral_angry,19,1,neutral,angry,9,-0.5625,-1.1640615463256836,-0.296875,-0.5703125,-0.4374995231628418,0.4296870231628418,0.3281240463256836
a19_s1_neutral_angry,19,1,neutral,angry,10,0.8515625,-0.603515625,1.5283212661743164,-0.353515625,-1.6684575080871582,0.4633793830871582,-0.4267587661743164
a19_s1_neutral_angry,19,1,neutral,angry,11,2.5703125,1.2265625,3.2421875,1.60546875,-1.490234375,0.525390625,-0.29296875
a19_s1_neutral_angry,19,1,neutral,angry,12,1.7265634536743164,1.015625,2.5078115463256836,1.12890625,-1.044921875,0.4472646713256836,-0.6679668426513672
a19_s1_neutral_angry,19,1,neutral,angry,13,1.177734375,0.3203125,1.7500009536743164,0.1484375,-1.2294926643371582,0.2001957893371582,-0.7441415786743164
a19_s1_neutral_angry,19,1,neutral,angry,14,1.4208984375,0.984375,1.6611328125,0.171875,-0.962890625,-0.2861328125,-1.052734375
a19_s1_neutral_angry,19,1,neutral,angry,15,1.341796875,0.90625,1.67181396484375,0.375,-0.866180419921875,-0.100616455078125,-0.86126708984375
a19_s1_neutral_angry,19,1,neutral,angry,16,0.8359375,0.3125,1.234375,0.125,-0.81640625,0.10546875,-0.5859375
a19_s1_neutral_angry,19,1,neutral,angry,17,0.7109375,0.171875,1.1640625,-0.203125,-0.953125,0.0390625,-0.828125
a19_s1_neutral_angry,19,1,neutral,angry,18,0.09375,-0.109375,0.34375,-0.40625,-0.4765625,-0.0234375,-0.546875
a19_s1_neutral_angry,19,1,neutral,angry,19,-0.2187495231628418,0.859375,0.1875,0.984375,0.9374997615814209,0.2656247615814209,-0.2812495231628418
a19_s1_neutral_angry,19,1,neutral,angry,20,-0.15625,0.140625,0.28125,0.2187495231628418,0.1171872615814209,0.2578122615814209,-0.3593754768371582
a19_s1_neutral_angry,19,1,neutral,angry,21,-1.25,-0.03125,-0.9062504768371582,0.03125,1.078125238418579,0.2031247615814209,-0.2812495231628418
a19_s1_neutral_angry,19,1,neutral,angry,22,-1.65625,0.34375,-1.25,0.03125,1.640625,0.046875,-0.71875
a19_s1_neutral_angry,19,1,neutral,angry,23,-1.59375,-1.953125,-1.125,-2.484375,-0.859375,-0.03125,-1.0
a19_s1_neutral_angry,19,1,neutral,angry,24,-2.6249998807907104,-2.53125,-2.000000238418579,-2.90625,-0.4062499403953552,0.12499982118606567,-0.9999996423721313
a19_s1_neutral_angry,19,1,neutral,angry,25,-3.0,0.8125,-1.7500001192092896,0.4375,3.0000000596046448,0.4374999403953552,-1.6249998807907104
a19_s1_neutral_angry,19,1,neutral,angry,26,-1.8749998807907104,1.15625,-0.875,0.90625,2.4062499403953552,0.3749999403953552,-1.2499998807907104
a19_s1_neutral_angry,19,1,neutral,angry,27,-4.374999865889549,1.125,-3.0000000968575478,0.75,4.6249999813735485,0.49999988451600075,-1.7499997690320015
a19_s1_neutral_angry,19,1,neutral,angry,28,-1.5,2.5,-0.875,2.125,3.5,0.125,-1.0
a19_s2_happy_sad,19,2,happy,sad,0,2.0703125,2.0703125,2.0703125,2.0703125,0.0,0.0,0.0
a19_s2_happy_sad,19,2,happy,sad,1,-0.728515625,-0.47607421875,-0.7578125,-0.51953125,0.245361328125,-0.036376953125,-0.01416015625
a19_s2_happy_sad,19,2,happy,sad,2,-1.1875,-1.1640625,-1.169921875,-1.244140625,-0.025390625,-0.03125,-0.09765625
a19_s2_happy_sad,19,2,happy,sad,3,-1.5312509536743164,-1.5390634536743164,-1.5,-1.5,-0.00390625,0.035157203674316406,0.0078125
a19_s2_happy_sad,19,2,happy,sad,4,-1.15625,-1.140625,-1.125,-1.125,0.0078125,0.0234375,-0.015625
a19_s2_happy_sad,19,2,happy,sad,5,-1.0625,-1.484375,-1.015625,-1.546875,-0.4765625,-0.0078125,-0.109375
a19_s2_happy_sad,19,2,happy,sad,6,-0.96875,-1.15625,-0.875,-1.03125,-0.171875,0.109375,0.03125
a19_s2_happy_sad,19,2,happy,sad,7,0.15625,-0.4375,0.328125,-0.359375,-0.640625,0.125,-0.09375
a19_s2_happy_sad,19,2,happy,sad,8,-0.8945302963256836,-0.8359384536743164,-0.84765625,-0.734375,0.0859365463256836,0.07421875,0.05468940734863281
a19_s2_happy_sad,19,2,happy,sad,9,1.109375,1.03125,1.26953125,1.2109375,-0.068359375,0.169921875,0.01953125
a19_s2_happy_sad,19,2,happy,sad,10,-1.5390625,-1.0078134536743164,-1.546875,-1.0,0.5390620231628418,4.76837158203125e-07,0.015625953674316406
a19_s2_happy_sad,19,2,happy,sad,11,-1.03125,-1.10546875,-0.921875,-0.8515625,-0.001953125,0.181640625,0.14453125
a19_s2_happy_sad,19,2,happy,sad,12,-1.8476572036743164,-1.0546875,-1.9375,-1.07275390625,0.8288578987121582,-0.0539546012878418,0.0717763900756836
a19_s2_happy_sad,19,2,happy,sad,13,1.61962890625,2.73486328125,1.4931640625,2.630859375,1.12646484375,-0.115234375,0.0224609375
a19_s2_happy_sad,19,2,happy,sad,14,0.34375,1.0,0.203125,1.046875,0.75,-0.046875,0.1875
a19_s2_happy_sad,19,2,happy,sad,15,0.3125,0.578125,0.1875,0.453125,0.265625,-0.125,0.0
a19_s2_happy_sad,19,2,happy,sad,16,-0.84375,-0.484375,-0.828125,-0.640625,0.2734375,-0.0703125,-0.171875
a19_s2_happy_sad,19,2,happy,sad,17,-0.890625,-1.375,-1.0,-1.40625,-0.4453125,-0.0703125,0.078125
a19_s2_happy_sad,19,2,happy,sad,18,-1.3749995231628418,-1.1875,-1.34375,-1.0625,0.2343747615814209,0.0781247615814209,0.0937504768371582
a19_s2_happy_sad,19,2,happy,sad,19,0.375,-0.75,0.15625,-0.953125,-1.1171875,-0.2109375,0.015625
a19_s2_happy_sad,19,2,happy,sad,20,0.96875,0.0625,0.4375,0.0625,-0.640625,-0.265625,0.53125
a19_s2_happy_sad,19,2,happy,sad,21,1.125,1.59375,0.25,1.46875,0.84375,-0.5,0.75
a19_s2_happy_sad,19,2,happy,sad,22,0.53125,1.5625,0.25,1.578125,1.1796875,-0.1328125,0.296875
a19_s2_happy_sad,19,2,happy,sad,23,-0.28125,0.59375,-0.625,0.125,0.8125,-0.40625,-0.125
a19_s2_happy_sad,19,2,happy,sad,24,-0.5625,1.25,-1.15625,0.9375,1.953125,-0.453125,0.28125
a19_s2_happy_sad,19,2,happy,sad,25,1.937499761581421,5.125000238418579,0.0625,3.96875,3.546875238418579,-1.515625,0.7187495231628418
a19_s2_happy_sad,19,2,happy,sad,26,2.5625,4.4062501192092896,0.6875,2.9375,2.0468750596046448,-1.6718750596046448,0.40624988079071045
a19_s2_happy_sad,19,2,happy,sad,27,-0.25,2.5,-1.625,1.5625,2.96875,-1.15625,0.4375
a19_s2_happy_sad,19,2,happy,sad,28,0.0,2.3749998807907104,-0.625,1.75,2.3749999403953552,-0.6249999403953552,1.1920928955078125e-07
a19_s2_neutral_angry,19,2,neutral,angry,0,0.671875,0.671875,0.671875,0.671875,0.0,0.0,0.0
a19_s2_neutral_angry,19,2,neutral,angry,1,-0.158203125,-0.117431640625,-0.23828125,-0.156005859375,0.0615234375,-0.059326171875,0.04150390625
a19_s2_neutral_angry,19,2,neutral,angry,2,0.46875,0.357421875,0.53515625,0.44140625,-0.1025390625,0.0751953125,0.017578125
a19_s2_neutral_angry,19,2,neutral,angry,3,0.3125,0.0,0.296875,0.09375,-0.2578125,0.0390625,0.109375
a19_s2_neutral_angry,19,2,neutral,angry,4,0.65625,0.703125,0.4375,0.5,0.0546875,-0.2109375,0.015625
a19_s2_neutral_angry,19,2,neutral,angry,5,-0.40625,0.15625,-0.5625,-0.03125,0.546875,-0.171875,-0.03125
a19_s2_neutral_angry,19,2,neutral,angry,6,-1.71875,-0.703125,-1.96875,-0.90625,1.0390625,-0.2265625,0.046875
a19_s2_neutral_angry,19,2,neutral,angry,7,-0.296875,0.359375,-0.453125,0.375,0.7421875,-0.0703125,0.171875
a19_s2_neutral_angry,19,2,neutral,angry,8,-0.578125,0.609375,-0.59375,0.515625,1.1484375,-0.0546875,-0.078125
a19_s2_neutral_angry,19,2,neutral,angry,9,-0.5,-0.56640625,-0.34375,-0.25,0.013671875,0.236328125,0.16015625
a19_s2_neutral_angry,19,2,neutral,angry,10,0.734375,0.51416015625,0.8671875,0.609375,-0.239013671875,0.114013671875,-0.03759765625
a19_s2_neutral_angry,19,2,neutral,angry,11,2.0703125,1.308837890625,2.099609375,1.419921875,-0.7205810546875,0.0701904296875,0.081787109375
a19_s2_neutral_angry,19,2,neutral,angry,12,1.7578125,-0.30078125,1.9765615463256836,-0.1328125,-2.083983898162842,0.1933588981628418,-0.050780296325683594
a19_s2_neutral_angry,19,2,neutral,angry,13,0.9180908203125,-0.8984375,1.19384765625,-0.5390625,-1.77471923828125,0.31756591796875,0.0836181640625
a19_s2_neutral_angry,19,2,neutral,angry,14,1.0859375,-0.296875,1.10546875,-0.359375,-1.423828125,-0.021484375,-0.08203125
a19_s2_neutral_angry,19,2,neutral,angry,15,1.36328125,0.765625,1.54296875,0.75,-0.6953125,0.08203125,-0.1953125
a19_s2_neutral_angry,19,2,neutral,angry,16,0.4453125,-0.8125,0.734375,-0.703125,-1.34765625,0.19921875,-0.1796875
a19_s2_neutral_angry,19,2,neutral,angry,17,0.2578125,-0.875,0.3359375,-0.765625,-1.1171875,0.09375,0.03125
a19_s2_neutral_angry,19,2,neutral,angry,18,-0.875,-1.4218745231628418,-0.9375,-1.3125004768371582,-0.4609375,0.023437023162841797,0.1718740463256836
a19_s2_neutral_angry,19,2,neutral,angry,19,-0.46875,0.515625,-0.3125,0.671875,0.984375,0.15625,0.0
a19_s2_neutral_angry,19,2,neutral,angry,20,-1.125,1.0,-0.875,1.125,2.0625,0.1875,-0.125
a19_s2_neutral_angry,19,2,neutral,angry,21,-1.84375,0.5000004768371582,-1.78125,0.59375,2.359375238418579,0.0781247615814209,0.031249523162841797
a19_s2_neutral_angry,19,2,neutral,angry,22,-0.71875,-0.09375,-0.9375,0.1875,0.875,0.03125,0.5
a19_s2_neutral_angry,19,2,neutral,angry,23,-0.0625,-1.6875,-0.25,-1.21875,-1.296875,0.140625,0.65625
a19_s2_neutral_angry,19,2,neutral,angry,24,-0.4375,-2.125,-0.5625,-1.84375,-1.484375,0.078125,0.40625
a19_s2_neutral_angry,19,2,neutral,angry,25,1.5625,3.03125,1.3125,4.15625,2.15625,0.4375,1.375
a19_s2_neutral_angry,19,2,neutral,angry,26,2.125,4.34375,1.8125001192092896,4.999999761581421,2.7031248211860657,0.17187494039535522,0.9687496423721313
a19_s2_neutral_angry,19,2,neutral,angry,27,0.5,3.937500238418579,0.5,4.8124998807907104,3.8750000596046448,0.4374998211860657,0.8749996423721313
a19_s2_neutral_angry,19,2,neutral,angry,28,1.0000000596046448,3.1249998807907104,0.875,3.312499761581421,2.2812497913837433,0.031249910593032837,0.3124999403953552
a20_s1_happy_sad,20,1,happy,sad,0,2.0703125,2.0703125,2.0703125,2.0703125,0.0,0.0,0.0
a20_s1_happy_sad,20,1,happy,sad,1,-0.60546875,-0.41015625,-0.6337890625,-0.41015625,0.20947265625,-0.01416015625,0.0283203125
a20_s1_happy_sad,20,1,happy,sad,2,-1.337890625,-1.28515625,-1.2890625,-1.234375,0.0537109375,0.0498046875,0.001953125
a20_s1_happy_sad,20,1,happy,sad,3,-1.61328125,-1.8144540786743164,-1.55078125,-1.7499990463256836,-0.2001953125,0.0634775161743164,0.0019550323486328125
a20_s1_happy_sad,20,1,happy,sad,4,-2.3515625,-2.1015625,-2.3515625,-2.1328125,0.234375,-0.015625,-0.03125
a20_s1_happy_sad,20,1,happy,sad,5,-1.421875,-2.015625,-1.453125,-2.203125,-0.671875,-0.109375,-0.15625
a20_s1_happy_sad,20,1,happy,sad,6,-1.421875,-1.515625,-1.421875,-1.609375,-0.140625,-0.046875,-0.09375
a20_s1_happy_sad,20,1,happy,sad,7,-1.015625,-1.09375,-1.046875,-1.1796875,-0.10546875,-0.05859375,-0.0546875
a20_s1_happy_sad,20,1,happy,sad,8,-2.171875,-1.759765625,-2.19921875,-1.88671875,0.3623046875,-0.0771484375,-0.099609375
a20_s1_happy_sad,20,1,happy,sad,9,0.6904296875,1.22265625,0.7001953125,1.2265625,0.529296875,0.0068359375,-0.005859375
a20_s1_happy_sad,20,1,happy,sad,10,-2.6953125,-1.76953125,-2.8359375,-2.02734375,0.8671875,-0.19921875,-0.1171875
a20_s1_happy_sad,20,1,happy,sad,11,-1.5625,-1.1171875,-1.609375,-1.2578125,0.3984375,-0.09375,-0.09375
a20_s1_happy_sad,20,1,happy,sad,12,-1.1875,-1.3203125,-1.28125,-1.15625,-0.00390625,0.03515625,0.2578125
a20_s1_happy_sad,20,1,happy,sad,13,0.7734375,1.71875,0.6484375,1.8203125,1.05859375,-0.01171875,0.2265625
a20_s1_happy_sad,20,1,happy,sad,14,-0.21875,0.34375,-0.515625,0.265625,0.671875,-0.1875,0.21875
a20_s1_happy_sad,20,1,happy,sad,15,0.78125,0.5625,0.390625,0.5625,-0.0234375,-0.1953125,0.390625
a20_s1_happy_sad,20,1,happy,sad,16,-0.21875,-0.03125,-0.34375,-0.171875,0.1796875,-0.1328125,-0.015625
a20_s1_happy_sad,20,1,happy,sad,17,-0.75,0.28125,-0.90625,0.234375,1.0859375,-0.1015625,0.109375
a20_s1_happy_sad,20,1,happy,sad,18,-0.71875,-0.4375,-0.78125,-0.59375,0.234375,-0.109375,-0.09375
a20_s1_happy_sad,20,1,happy,sad,19,0.5,-0.46875,0.34375,-0.21875,-0.765625,0.046875,0.40625
a20_s1_happy_sad,20,1,happy,sad,20,1.15625,0.78125,1.125,1.25,-0.125,0.21875,0.5
a20_s1_happy_sad,20,1,happy,sad,21,2.5625,1.9375,2.15625,2.1875,-0.296875,-0.078125,0.65625
a20_s1_happy_sad,20,1,happy,sad,22,1.125,2.218750476837158,1.28125,2.1875,1.000000238418579,0.0624997615814209,-0.1875004768371582
a20_s1_happy_sad,20,1,happy,sad,23,-0.15625,1.625,-0.09375,1.6875,1.78125,0.0625,0.0
a20_s1_happy_sad,20,1,happy,sad,24,1.0625,2.375,1.75,2.71875,1.140625,0.515625,-0.34375
a20_s1_happy_sad,20,1,happy,sad,25,3.000000238418579,5.937500238418579,2.125,6.625,3.71875,-0.0937502384185791,1.5625
a20_s1_happy_sad,20,1,happy,sad,26,3.3124998807907104,4.8750001192092896,2.5625,5.46875,2.2343751192092896,-0.078125,1.343749761581421
a20_s1_happy_sad,20,1,happy,sad,27,0.625,2.75,0.5625,2.875000238418579,2.2187501192092896,0.03125011920928955,0.1875002384185791
a20_s1_happy_sad,20,1,happy,sad,28,1.0,2.8749998807907104,0.625,3.1250001192092896,2.1875,-0.06249988079071045,0.6250002384185791
a20_s1_neutral_angry,20,1,neutral,angry,0,0.671875,0.671875,0.671875,0.671875,0.0,0.0,0.0
a20_s1_neutral_angry,20,1,neutral,angry,1,-0.447265625,-0.239990234375,-0.3427734375,-0.095947265625,0.22705078125,0.124267578125,0.03955078125
a20_s1_neutral_angry,20,1,neutral,angry,2,0.2421875,0.4273681640625,0.271484375,0.45220947265625,0.182952880859375,0.027069091796875,-0.00445556640625
a20_s1_neutral_angry,20,1,neutral,angry,3,-0.03125,0.28125,0.046875,0.296875,0.28125,0.046875,-0.0625
a20_s1_neutral_angry,20,1,neutral,angry,4,-1.03125,-0.34375,-0.921875,-0.3125,0.6484375,0.0703125,-0.078125
a20_s1_neutral_angry,20,1,neutral,angry,5,-1.59375,-1.265625,-1.53125,-1.1875,0.3359375,0.0703125,0.015625
a20_s1_neutral_angry,20,1,neutral,angry,6,-0.96875,-0.71875,-1.03125,-0.75,0.265625,-0.046875,0.03125
a20_s1_neutral_angry,20,1,neutral,angry,7,-0.4375,-0.234375,-0.625,-0.484375,0.171875,-0.21875,-0.0625
a20_s1_neutral_angry,20,1,neutral,angry,8,-1.171875,-0.23828125,-1.203125,-0.38671875,0.875,-0.08984375,-0.1171875
a20_s1_neutral_angry,20,1,neutral,angry,9,0.328125,-0.099609375,0.421875,-0.078125,-0.4638671875,0.0576171875,-0.072265625
a20_s1_neutral_angry,20,1,neutral,angry,10,1.12890625,0.6103515625,0.9921875,0.515625,-0.49755859375,-0.11572265625,0.0419921875
a20_s1_neutral_angry,20,1,neutral,angry,11,1.9345703125,2.291015625,1.88427734375,2.0908203125,0.281494140625,-0.125244140625,-0.14990234375
a20_s1_neutral_angry,20,1,neutral,angry,12,0.58203125,0.84375,0.556640625,0.6328125,0.1689453125,-0.1181640625,-0.185546875
a20_s1_neutral_angry,20,1,neutral,angry,13,0.44921875,0.671875,0.46875,0.609375,0.181640625,-0.021484375,-0.08203125
a20_s1_neutral_angry,20,1,neutral,angry,14,0.875,-0.03125,0.796875,0.15625,-0.7734375,0.0546875,0.265625
a20_s1_neutral_angry,20,1,neutral,angry,15,1.125,1.140625,1.2265625,1.4375,0.11328125,0.19921875,0.1953125
a20_s1_neutral_angry,20,1,neutral,angry,16,0.6640625,0.640625,0.7734375,0.859375,0.03125,0.1640625,0.109375
a20_s1_neutral_angry,20,1,neutral,angry,17,0.703125,0.265625,0.765625,0.359375,-0.421875,0.078125,0.03125
a20_s1_neutral_angry,20,1,neutral,angry,18,-0.1875,-0.796875,-0.03125,-0.484375,-0.53125,0.234375,0.15625
a20_s1_neutral_angry,20,1,neutral,angry,19,-0.125,-0.9999995231628418,-0.09375,-1.1875,-0.9843747615814209,-0.0781252384185791,-0.2187504768371582
a20_s1_neutral_angry,20,1,neutral,angry,20,-0.4375,-0.53125,-0.25,-0.875,-0.359375,-0.078125,-0.53125
a20_s1_neutral_angry,20,1,neutral,angry,21,-2.250000476837158,-1.21875,-1.5625004768371582,-1.546875,0.5234379768371582,0.1796875,-1.015625
a20_s1_neutral_angry,20,1,neutral,angry,22,-3.03125,-1.28125,-2.5625,-2.25,1.03125,-0.25,-1.4375
a20_s1_neutral_angry,20,1,neutral,angry,23,-2.65625,-1.65625,-2.9375,-2.9375,0.5,-0.78125,-1.0
a20_s1_neutral_angry,20,1,neutral,angry,24,-4.0625,-1.53125,-4.562500059604645,-2.4375,2.3281250298023224,-0.7031250298023224,-0.4062499403953552
a20_s1_neutral_angry,20,1,neutral,angry,25,-5.3125,1.59375,-6.499999910593033,0.5625,6.984374955296516,-1.1093749552965164,0.15624991059303284
a20_s1_neutral_angry,20,1,neutral,angry,26,-3.9999999403953552,2.15625,-5.187500178813934,1.21875,6.281250059604645,-1.0625001192092896,0.2500002384185791
a20_s1_neutral_angry,20,1,neutral,angry,27,-5.499999888241291,-0.6875,-6.499999973922968,-0.875,5.2187499310821295,-0.5937500428408384,0.8125000856816769
a20_s1_neutral_angry,20,1,neutral,angry,28,-2.2499999403953552,-0.25,-2.8749999403953552,-0.25,2.3124999403953552,-0.3125,0.625
a20_s2_happy_sad,20,2,happy,sad,0,2.0703125,2.0703125,2.0703125,2.0703125,0.0,0.0,0.0
a20_s2_happy_sad,20,2,happy,sad,1,-0.443359375,-0.2900390625,-0.40625,-0.3074951171875,0.12603759765625,0.00982666015625,-0.0545654296875
a20_s2_happy_sad,20,2,happy,sad,2,-1.14453125,-1.001953125,-1.021484375,-0.92578125,0.119140625,0.099609375,-0.046875
a20_s2_happy_sad,20,2,happy,sad,3,-1.4921875,-1.44140625,-1.359375,-1.375,0.017578125,0.099609375,-0.06640625
a20_s2_happy_sad,20,2,happy,sad,4,-1.8828125,-1.6953125,-1.890625,-1.765625,0.15625,-0.0390625,-0.0625
a20_s2_happy_sad,20,2,happy,sad,5,-1.78125,-1.9375,-1.859375,-2.03125,-0.1640625,-0.0859375,-0.015625
a20_s2_happy_sad,20,2,happy,sad,6,-1.140625,-1.578125,-1.1875,-1.6875,-0.46875,-0.078125,-0.0625
a20_s2_happy_sad,20,2,happy,sad,7,-0.84375,-1.0546875,-0.8125,-1.0390625,-0.21875,0.0234375,-0.015625
a20_s2_happy_sad,20,2,happy,sad,8,-1.263671875,-0.734375,-1.0390625,-0.84765625,0.3603515625,0.0556640625,-0.337890625
a20_s2_happy_sad,20,2,happy,sad,9,2.11328125,1.908203125,2.1484375,1.576171875,-0.388671875,-0.1484375,-0.3671875
a20_s2_happy_sad,20,2,happy,sad,10,-1.9765625,-0.990478515625,-1.9912109375,-1.3564453125,0.8104248046875,-0.1903076171875,-0.351318359375
a20_s2_happy_sad,20,2,happy,sad,11,-1.3359375,-0.59375,-1.390625,-0.859375,0.63671875,-0.16015625,-0.2109375
a20_s2_happy_sad,20,2,happy,sad,12,-1.29296875,-0.8203125,-1.435546875,-0.9140625,0.4970703125,-0.1181640625,0.048828125
a20_s2_happy_sad,20,2,happy,sad,13,1.2265625,2.9375,1.05078125,2.83984375,1.75,-0.13671875,0.078125
a20_s2_happy_sad,20,2,happy,sad,14,0.0,0.921875,-0.015625,0.90625,0.921875,-0.015625,0.0
a20_s2_happy_sad,20,2,happy,sad,15,1.421875,1.75,1.265625,1.625,0.34375,-0.140625,0.03125
a20_s2_happy_sad,20,2,happy,sad,16,0.15625,0.40625,0.015625,0.21875,0.2265625,-0.1640625,-0.046875
a20_s2_happy_sad,20,2,happy,sad,17,-1.265625,-0.21875,-1.125,-0.15625,1.0078125,0.1015625,-0.078125
a20_s2_happy_sad,20,2,happy,sad,18,-0.90625,-0.6874995231628418,-0.96875,-0.53125,0.3281252384185791,0.0468747615814209,0.2187495231628418
a20_s2_happy_sad,20,2,happy,sad,19,0.53125,-0.78125,0.15625,-0.46875,-0.96875,-0.03125,0.6875
a20_s2_happy_sad,20,2,happy,sad,20,0.9375,0.75,0.71875,1.15625,0.125,0.09375,0.625
a20_s2_happy_sad,20,2,happy,sad,21,2.5625,0.15625,2.500000476837158,0.1875,-2.359375238418579,-0.015624761581420898,0.0937495231628418
a20_s2_happy_sad,20,2,happy,sad,22,1.71875,-0.0625,1.71875,-0.15625,-1.828125,-0.046875,-0.09375
a20_s2_happy_sad,20,2,happy,sad,23,2.937499523162842,-2.187499523162842,2.734374523162842,-2.312500476837158,-5.085937023162842,-0.1640629768371582,0.0781240463256836
a20_s2_happy_sad,20,2,happy,sad,24,7.249999761581421,-1.0625,7.484375238418579,-1.28125,-8.5390625,0.007812738418579102,-0.4531254768371582
a20_s2_happy_sad,20,2,happy,sad,25,12.25,-0.71875,12.093750417232513,-0.75,-12.906250208616257,-0.09374979138374329,0.12499958276748657
a20_s2_happy_sad,20,2,happy,sad,26,10.187499821186066,-0.875,9.968750238418579,-0.8125,-10.921875029802322,-0.07812479138374329,0.2812495827674866
a20_s2_happy_sad,20,2,happy,sad,27,8.312499653548002,-2.3125,7.56250000372529,-1.875,-10.031249828636646,-0.15624982491135597,1.187499649822712
a20_s2_happy_sad,20,2,happy,sad,28,5.750000178813934,-1.125,5.125,-0.875,-6.437500089406967,-0.18750008940696716,0.8750001788139343
a20_s2_neutral_angry,20,2,neutral,angry,0,0.671875,0.671875,0.671875,0.671875,0.0,0.0,0.0
a20_s2_neutral_angry,20,2,neutral,angry,1,-0.4140625,-0.43212890625,-0.55859375,-0.4095458984375,0.06549072265625,-0.06097412109375,0.1671142578125
a20_s2_neutral_angry,20,2,neutral,angry,2,0.177734375,0.34912109375,0.111328125,0.3232421875,0.191650390625,-0.046142578125,0.04052734375
a20_s2_neutral_angry,20,2,neutral,angry,3,0.0625,0.0625,-0.0625,0.046875,0.0546875,-0.0703125,0.109375
a20_s2_neutral_angry,20,2,neutral,angry,4,-0.625,-0.96875,-0.6875,-0.921875,-0.2890625,-0.0078125,0.109375
a20_s2_neutral_angry,20,2,neutral,angry,5,-1.390625,-1.6875,-1.421875,-1.640625,-0.2578125,0.0078125,0.078125
a20_s2_neutral_angry,20,2,neutral,angry,6,-1.3125,-1.0625,-1.40625,-0.96875,0.34375,0.0,0.1875
a20_s2_neutral_angry,20,2,neutral,angry,7,-0.671875,-0.140625,-0.625,0.0625,0.609375,0.125,0.15625
a20_s2_neutral_angry,20,2,neutral,angry,8,-0.875,-0.48828125,-0.9296875,-0.58203125,0.3671875,-0.07421875,-0.0390625
a20_s2_neutral_angry,20,2,neutral,angry,9,0.484375,-0.2734375,0.15625,-0.556396484375,-0.7352294921875,-0.3055419921875,0.045166015625
a20_s2_neutral_angry,20,2,neutral,angry,10,1.60546875,0.847900390625,1.693359375,0.8671875,-0.7918701171875,0.0535888671875,-0.068603515625
a20_s2_neutral_angry,20,2,neutral,angry,11,2.5576171875,1.671875,2.64453125,1.8515625,-0.83935546875,0.13330078125,0.0927734375
a20_s2_neutral_angry,20,2,neutral,angry,12,1.494140625,-0.734375,1.7607421875,-0.65625,-2.32275390625,0.17236328125,-0.1884765625
a20_s2_neutral_angry,20,2,neutral,angry,13,1.3896484375,0.140625,1.7109384536743164,0.234375,-1.3627934455871582,0.2075200080871582,-0.2275400161743164
a20_s2_neutral_angry,20,2,neutral,angry,14,1.53125,-0.484375,1.7578125,-0.390625,-2.08203125,0.16015625,-0.1328125
a20_s2_neutral_angry,20,2,neutral,angry,15,1.90234375,1.0625,2.05078125,0.9375,-0.9765625,0.01171875,-0.2734375
a20_s2_neutral_angry,20,2,neutral,angry,16,0.671875,0.375,1.09375,0.265625,-0.5625,0.15625,-0.53125
a20_s2_neutral_angry,20,2,neutral,angry,17,0.578125,-0.234375,0.859375,-0.46875,-1.0703125,0.0234375,-0.515625
a20_s2_neutral_angry,20,2,neutral,angry,18,-0.859375,-0.140625,-0.78125,-0.46875,0.515625,-0.125,-0.40625
a20_s2_neutral_angry,20,2,neutral,angry,19,-0.21875,0.765625,-0.09375,0.65625,0.8671875,0.0078125,-0.234375
a20_s2_neutral_angry,20,2,neutral,angry,20,-1.140625,0.8906254768371582,-0.75,0.65625,1.718750238418579,0.0781247615814209,-0.6250004768371582
a20_s2_neutral_angry,20,2,neutral,angry,21,-2.687500476837158,-0.328125,-2.437500476837158,-0.4375,2.179687976837158,0.0703125,-0.359375
a20_s2_neutral_angry,20,2,neutral,angry,22,-3.25,-0.390625,-3.25,-1.09375,2.5078125,-0.3515625,-0.703125
a20_s2_neutral_angry,20,2,neutral,angry,23,-4.25,-1.1875,-4.250000238418579,-2.234375,2.5390626192092896,-0.5234376192092896,-1.046874761581421
a20_s2_neutral_angry,20,2,neutral,angry,24,-6.500000178813934,-0.234375,-6.531250149011612,-1.84375,5.476562663912773,-0.8203124850988388,-1.5781250298023224
a20_s2_neutral_angry,20,2,neutral,angry,25,-11.250000104308128,3.937500476837158,-11.093749761581421,2.328125476837158,14.304687909781933,-0.7265623286366463,-1.7656253427267075
a20_s2_neutral_angry,20,2,neutral,angry,26,-8.312500402331352,5.249999761581421,-8.50000013411045,4.593750476837158,13.328125387430191,-0.4218745082616806,-0.4687495529651642
a20_s2_neutral_angry,20,2,neutral,angry,27,-8.562499751569703,2.749999761581421,-8.562500189524144,3.437500238418579,11.656249970546924,0.34375001944135875,0.6875009147915989
a20_s2_neutral_angry,20,2,neutral,angry,28,-4.124999791383743,2.625,-4.125000178813934,3.562499761581421,7.218749865889549,0.46874968707561493,0.9375001490116119
a21_s1_happy_sad,21,1,happy,sad,0,2.0703125,2.0703125,2.0703125,2.0703125,0.0,0.0,0.0
a21_s1_happy_sad,21,1,happy,sad,1,-0.435546875,-0.4755859375,-0.5791015625,-0.60809326171875,-0.034515380859375,-0.138031005859375,0.01104736328125
a21_s1_happy_sad,21,1,happy,sad,2,-1.45703125,-1.31640625,-1.52734375,-1.40625,0.130859375,-0.080078125,-0.01953125
a21_s1_happy_sad,21,1,happy,sad,3,-1.6875,-1.6328125,-1.7968740463256836,-1.7500009536743164,0.050780296325683594,-0.11328125,-0.007814407348632812
a21_s1_happy_sad,21,1,happy,sad,4,-2.078125,-2.4140625,-2.171875,-2.46875,-0.31640625,-0.07421875,0.0390625
a21_s1_happy_sad,21,1,happy,sad,5,-1.765625,-1.875,-1.84375,-1.984375,-0.125,-0.09375,-0.03125
a21_s1_happy_sad,21,1,happy,sad,6,-1.28125,-1.46875,-1.375,-1.65625,-0.234375,-0.140625,-0.09375
a21_s1_happy_sad,21,1,happy,sad,7,-0.734375,-1.0,-0.78125,-1.09375,-0.2890625,-0.0703125,-0.046875
a21_s1_happy_sad,21,1,happy,sad,8,-1.515625,-1.93359375,-1.609375,-1.99609375,-0.40234375,-0.078125,0.03125
a21_s1_happy_sad,21,1,happy,sad,9,0.453125,1.046875,0.28125,0.96875,0.640625,-0.125,0.09375
a21_s1_happy_sad,21,1,happy,sad,10,-3.12890625,-2.3007802963256836,-3.47265625,-2.5224609375,0.8891606330871582,-0.2827153205871582,0.1220693588256836
a21_s1_happy_sad,21,1,happy,sad,11,-3.04296875,-2.078125,-3.390625,-2.171875,1.091796875,-0.220703125,0.25390625
a21_s1_happy_sad,21,1,happy,sad,12,-2.796875,-1.1015625,-3.0390634536743164,-1.2675771713256836,1.7333993911743164,-0.2041015625,0.07617378234863281
a21_s1_happy_sad,21,1,happy,sad,13,0.27734375,0.919921875,-0.05859375,0.828125,0.7646484375,-0.2138671875,0.244140625
a21_s1_happy_sad,21,1,happy,sad,14,-0.5234375,0.046875,-0.90625,0.046875,0.76171875,-0.19140625,0.3828125
a21_s1_happy_sad,21,1,happy,sad,15,0.125,0.1171875,0.03125,0.09375,0.02734375,-0.05859375,0.0703125
a21_s1_happy_sad,21,1,happy,sad,16,-0.203125,-0.5625,-0.390625,-0.5625,-0.265625,-0.09375,0.1875
a21_s1_happy_sad,21,1,happy,sad,17,-0.484375,-0.453125,-0.59375,-0.6875,-0.03125,-0.171875,-0.125
a21_s1_happy_sad,21,1,happy,sad,18,-0.5625,-1.0,-0.6875,-1.0625,-0.40625,-0.09375,0.0625
a21_s1_happy_sad,21,1,happy,sad,19,0.71875,0.28125,0.5,0.34375,-0.296875,-0.078125,0.28125
a21_s1_happy_sad,21,1,happy,sad,20,0.8125,0.46875,1.1875,0.375,-0.578125,0.140625,-0.46875
a21_s1_happy_sad,21,1,happy,sad,21,1.15625,1.40625,1.375,1.25,0.0625,0.03125,-0.375
a21_s1_happy_sad,21,1,happy,sad,22,0.09375,1.3125004768371582,0.984375,1.15625,0.6953127384185791,0.3671872615814209,-1.0468754768371582
a21_s1_happy_sad,21,1,happy,sad,23,0.125,-0.421875,-0.21875,-0.6562495231628418,-0.4921872615814209,-0.2890622615814209,0.1093754768371582
a21_s1_happy_sad,21,1,happy,sad,24,-0.03125,0.59375,-0.625,0.5625,0.90625,-0.3125,0.5625
a21_s1_happy_sad,21,1,happy,sad,25,2.96875,1.25,2.625,1.46875,-1.4375,-0.0625,0.5625
a21_s1_happy_sad,21,1,happy,sad,26,3.8125,0.84375,3.1875,0.96875,-2.59375,-0.25,0.75
a21_s1_happy_sad,21,1,happy,sad,27,2.374999523162842,0.125,1.5,-0.125,-1.937499761581421,-0.5624997615814209,0.6249995231628418
a21_s1_happy_sad,21,1,happy,sad,28,1.5,1.875,0.875,1.25,0.375,-0.625,0.0
a21_s1_neutral_angry,21,1,neutral,angry,0,0.671875,0.671875,0.671875,0.671875,0.0,0.0,0.0
a21_s1_neutral_angry,21,1,neutral,angry,1,-0.153564453125,-0.40966796875,-0.3056640625,-0.451416015625,-0.200927734375,-0.096923828125,0.1103515625
a21_s1_neutral_angry,21,1,neutral,angry,2,0.41015625,0.4033203125,0.29296875,0.39251708984375,0.046356201171875,-0.063995361328125,0.10638427734375
a21_s1_neutral_angry,21,1,neutral,angry,3,0.125,0.09375,-0.046875,0.1093740463256836,0.0624995231628418,-0.0781254768371582,0.1874990463256836
a21_s1_neutral_angry,21,1,neutral,angry,4,-0.25,-0.71875,-0.4375,-0.71875,-0.375,-0.09375,0.1875
a21_s1_neutral_angry,21,1,neutral,angry,5,-1.546875,-1.703125,-1.671875,-1.6875,-0.0859375,-0.0546875,0.140625
a21_s1_neutral_angry,21,1,neutral,angry,6,-1.96875,-1.703125,-1.96875,-1.640625,0.296875,0.03125,0.0625
a21_s1_neutral_angry,21,1,neutral,angry,7,-0.640625,-0.3124990463256836,-0.46875,-0.1015625,0.3476567268371582,0.1914057731628418,0.039061546325683594
a21_s1_neutral_angry,21,1,neutral,angry,8,-0.421875,0.181640625,-0.3828125,0.3203125,0.6533203125,0.0888671875,0.099609375
a21_s1_neutral_angry,21,1,neutral,angry,9,-0.9375,0.87109375,-0.953125,0.953125,1.857421875,0.033203125,0.09765625
a21_s1_neutral_angry,21,1,neutral,angry,10,0.47265625,1.76171875,0.4609375,2.0390625,1.43359375,0.1328125,0.2890625
a21_s1_neutral_angry,21,1,neutral,angry,11,2.296875,2.69140625,2.2734375,2.78125,0.451171875,0.033203125,0.11328125
a21_s1_neutral_angry,21,1,neutral,angry,12,0.970703125,2.62890625,1.005859375,2.40625,1.529296875,-0.09375,-0.2578125
a21_s1_neutral_angry,21,1,neutral,angry,13,1.453125,1.455078125,1.3984375,1.30078125,-0.0478515625,-0.1044921875,-0.099609375
a21_s1_neutral_angry,21,1,neutral,angry,14,2.5439453125,2.188720703125,2.55859375,2.173828125,-0.3699951171875,-0.0001220703125,-0.029541015625
a21_s1_neutral_angry,21,1,neutral,angry,15,2.41845703125,1.43359375,2.27783203125,1.41015625,-0.92626953125,-0.08203125,0.1171875
a21_s1_neutral_angry,21,1,neutral,angry,16,0.8203125,-0.46875,0.82421875,-0.3515625,-1.232421875,0.060546875,0.11328125
a21_s1_neutral_angry,21,1,neutral,angry,17,1.0,-0.890625,1.2421875,-0.859375,-1.99609375,0.13671875,-0.2109375
a21_s1_neutral_angry,21,1,neutral,angry,18,0.140625,-0.6875,0.140625,-0.75,-0.859375,-0.03125,-0.0625
a21_s1_neutral_angry,21,1,neutral,angry,19,-0.328125,0.53125,-0.453125,0.703125,1.0078125,0.0234375,0.296875
a21_s1_neutral_angry,21,1,neutral,angry,20,-0.71875,0.390625,-1.0,0.328125,1.21875,-0.171875,0.21875
a21_s1_neutral_angry,21,1,neutral,angry,21,-2.03125,0.3125,-2.0625,0.265625,2.3359375,-0.0390625,-0.015625
a21_s1_neutral_angry,21,1,neutral,angry,22,-3.625,0.6875,-3.65625,0.765625,4.3671875,0.0234375,0.109375
a21_s1_neutral_angry,21,1,neutral,angry,23,-5.15625,-1.296875,-4.531250238418579,-1.125,3.6328126192092896,0.39843738079071045,-0.4531247615814209
a21_s1_neutral_angry,21,1,neutral,angry,24,-6.062499940395355,-2.296875,-5.5937498807907104,-1.890625,3.734374910593033,0.4375000298023224,-0.06250005960464478
a21_s1_neutral_angry,21,1,neutral,angry,25,-8.562499828636646,2.0625,-7.499999970197678,1.96875,10.046874899417162,0.48437492921948433,-1.1562498584389687
a21_s1_neutral_angry,21,1,neutral,angry,26,-6.999999910593033,3.281250476837158,-6.125000149011612,3.031250476837158,9.71875050663948,0.31249988079071045,-1.124999761581421
a21_s1_neutral_angry,21,1,neutral,angry,27,-9.500000170548446,2.875,-8.500000428408384,1.875,11.375000299478415,-1.289299689233303e-07,-1.9999997421400622
a21_s1_neutral_angry,21,1,neutral,angry,28,-4.375000178813934,3.1875,-3.7500001043081284,2.4375,6.875000141561031,-0.062499962747097015,-1.375000074505806
a21_s2_happy_sad,21,2,happy,sad,0,2.0703125,2.0703125,2.0703125,2.0703125,0.0,0.0,0.0
a21_s2_happy_sad,21,2,happy,sad,1,-0.388671875,-0.380859375,-0.3515625,-0.40625,-0.0234375,0.005859375,-0.0625
a21_s2_happy_sad,21,2,happy,sad,2,-1.3603515625,-1.203125,-1.396484375,-1.2890625,0.13232421875,-0.06103515625,-0.0498046875
a21_s2_happy_sad,21,2,happy,sad,3,-1.7343740463256836,-1.671875,-1.75390625,-1.74609375,0.0351557731628418,-0.0468754768371582,-0.054686546325683594
a21_s2_happy_sad,21,2,happy,sad,4,-2.484375,-2.15625,-2.640625,-2.234375,0.3671875,-0.1171875,0.078125
a21_s2_happy_sad,21,2,happy,sad,5,-2.171875,-2.046875,-2.1875,-2.21875,0.046875,-0.09375,-0.15625
a21_s2_happy_sad,21,2,happy,sad,6,-1.546875,-1.296875,-1.578125,-1.4375,0.1953125,-0.0859375,-0.109375
a21_s2_happy_sad,21,2,happy,sad,7,-0.421875,-0.609375,-0.4375,-0.75,-0.25,-0.078125,-0.125
a21_s2_happy_sad,21,2,happy,sad,8,-1.1630859375,-1.1875,-1.194091796875,-1.298828125,-0.0645751953125,-0.0711669921875,-0.080322265625
a21_s2_happy_sad,21,2,happy,sad,9,1.1640625,1.5546875,1.015625,1.1875,0.28125,-0.2578125,-0.21875
a21_s2_happy_sad,21,2,happy,sad,10,-2.89453125,-1.51171875,-3.1171875,-1.71826171875,1.390869140625,-0.214599609375,0.01611328125
a21_s2_happy_sad,21,2,happy,sad,11,-1.330078125,-1.44921875,-1.59375,-1.7138671875,-0.11962890625,-0.26416015625,-0.0009765625
a21_s2_happy_sad,21,2,happy,sad,12,-1.4912109375,-1.45703125,-1.646484375,-1.736328125,-0.02783203125,-0.21728515625,-0.1240234375
a21_s2_happy_sad,21,2,happy,sad,13,1.51171875,1.4580078125,1.5556640625,1.28076171875,-0.164306640625,-0.066650390625,-0.22119140625
a21_s2_happy_sad,21,2,happy,sad,14,-0.1640625,0.646484375,-0.1484375,0.171875,0.5654296875,-0.2294921875,-0.490234375
a21_s2_happy_sad,21,2,happy,sad,15,1.21875,1.9794921875,1.0234375,1.4921875,0.61474609375,-0.34130859375,-0.2919921875
a21_s2_happy_sad,21,2,happy,sad,16,0.8515625,0.546875,1.0,-0.03125,-0.66796875,-0.21484375,-0.7265625
a21_s2_happy_sad,21,2,happy,sad,17,0.203125,0.34375,0.3125,0.375,0.1015625,0.0703125,-0.078125
a21_s2_happy_sad,21,2,happy,sad,18,0.46875,0.3125,0.78125,0.09375,-0.421875,0.046875,-0.53125
a21_s2_happy_sad,21,2,happy,sad,19,0.953125,-0.53125,1.28125,-0.15625,-1.4609375,0.3515625,0.046875
a21_s2_happy_sad,21,2,happy,sad,20,0.9062495231628418,0.6875,0.96875,0.90625,-0.1406247615814209,0.1406252384185791,0.1562495231628418
a21_s2_happy_sad,21,2,happy,sad,21,1.1875,0.125,1.3125,0.0,-1.1875,0.0,-0.25
a21_s2_happy_sad,21,2,happy,sad,22,-1.1249995231628418,0.203125,-1.03125,-0.125,1.117187261581421,-0.1171877384185791,-0.4218745231628418
a21_s2_happy_sad,21,2,happy,sad,23,-1.375,-2.03125,-1.3125,-2.765625,-1.0546875,-0.3359375,-0.796875
a21_s2_happy_sad,21,2,happy,sad,24,-0.8125,-1.625,-0.9375,-2.171875476837158,-1.023437738418579,-0.3359377384185791,-0.4218754768371582
a21_s2_happy_sad,21,2,happy,sad,25,0.875,-3.4375,0.1875,-4.375,-4.4375,-0.8125,-0.25
a21_s2_happy_sad,21,2,happy,sad,26,2.375,-4.406249523162842,1.812500238418579,-4.15625,-6.3749998807907104,-0.15625011920928955,0.8124992847442627
a21_s2_happy_sad,21,2,happy,sad,27,1.0,-6.2500001192092896,0.0,-6.437500134110451,-6.84375012665987,-0.5937500074505806,0.8124999850988388
a21_s2_happy_sad,21,2,happy,sad,28,0.5,-6.500000178813934,-0.125,-5.6249998807907104,-6.250000029802322,0.12500014901161194,1.5000002980232239
a21_s2_neutral_angry,21,2,neutral,angry,0,0.671875,0.671875,0.671875,0.671875,0.0,0.0,0.0
a21_s2_neutral_angry,21,2,neutral,angry,1,-0.32958984375,-0.5181121826171875,-0.419921875,-0.580078125,-0.17433929443359375,-0.07614898681640625,0.0283660888671875
a21_s2_neutral_angry,21,2,neutral,angry,2,0.2919921875,0.3076171875,0.1865234375,0.2490234375,0.0390625,-0.08203125,0.046875
a21_s2_neutral_angry,21,2,neutral,angry,3,-0.015625,0.140625,-0.171875,0.109375,0.21875,-0.09375,0.125
a21_s2_neutral_angry,21,2,neutral,angry,4,-0.28125,-0.453125,-0.5,-0.671875,-0.171875,-0.21875,0.0
a21_s2_neutral_angry,21,2,neutral,angry,5,-1.609375,-1.515625,-1.875,-1.796875,0.0859375,-0.2734375,-0.015625
a21_s2_neutral_angry,21,2,neutral,angry,6,-2.203125,-1.5625,-2.1875,-1.625,0.6015625,-0.0234375,-0.078125
a21_s2_neutral_angry,21,2,neutral,angry,7,-0.6875,-0.21875,-0.4375,-0.0625,0.421875,0.203125,-0.09375
a21_s2_neutral_angry,21,2,neutral,angry,8,-0.625,-0.1728515625,-0.40625,-0.060546875,0.39892578125,0.16552734375,-0.1064453125
a21_s2_neutral_angry,21,2,neutral,angry,9,-1.25,1.029296875,-1.3671875,0.708984375,2.177734375,-0.21875,-0.203125
a21_s2_neutral_angry,21,2,neutral,angry,10,1.0859375,2.25,1.328125,1.9609375,0.8984375,-0.0234375,-0.53125
a21_s2_neutral_angry,21,2,neutral,angry,11,2.8515625,3.333984375,2.9257822036743164,2.97265625,0.2646479606628418,-0.1435542106628418,-0.4355478286743164
a21_s2_neutral_angry,21,2,neutral,angry,12,1.515625,2.6328125,1.6875,2.3515625,0.890625,-0.0546875,-0.453125
a21_s2_neutral_angry,21,2,neutral,angry,13,2.9609375,2.515625,3.1015634536743164,2.4765625,-0.5351567268371582,0.0507817268371582,-0.1796884536743164
a21_s2_neutral_angry,21,2,neutral,angry,14,2.66015625,2.9130859375,3.0625,3.1640625,0.17724609375,0.32666015625,-0.1513671875
a21_s2_neutral_angry,21,2,neutral,angry,15,2.84375,1.96484375,3.125,2.1640625,-0.919921875,0.240234375,-0.08203125
a21_s2_neutral_angry,21,2,neutral,angry,16,1.1533203125,0.015625,1.4423828125,0.125,-1.2275390625,0.19921875,-0.1796875
a21_s2_neutral_angry,21,2,neutral,angry,17,1.515625,-0.7265625,1.6865234375,-0.78125,-2.35498046875,0.05810546875,-0.2255859375
a21_s2_neutral_angry,21,2,neutral,angry,18,0.8671875,-0.328125,0.671875,-0.609375,-1.23828125,-0.23828125,-0.0859375
a21_s2_neutral_angry,21,2,neutral,angry,19,-0.21875,0.46875,0.109375,0.09375,0.3359375,-0.0234375,-0.703125
a21_s2_neutral_angry,21,2,neutral,angry,20,-0.8125,0.40625,-0.4375,0.046875,0.8515625,0.0078125,-0.734375
a21_s2_neutral_angry,21,2,neutral,angry,21,-0.9375,0.5,-0.78125,-0.03125,1.09375,-0.1875,-0.6875
a21_s2_neutral_angry,21,2,neutral,angry,22,-2.531250476837158,0.1875,-2.0,-0.65625,2.031250238418579,-0.1562497615814209,-1.3750004768371582
a21_s2_neutral_angry,21,2,neutral,angry,23,-4.53125,-2.171875,-3.937499761581421,-2.9375,1.6796873807907104,-0.08593738079071045,-1.359375238418579
a21_s2_neutral_angry,21,2,neutral,angry,24,-6.187499970197678,-3.15625,-5.750000044703484,-3.484375,2.6484375074505806,0.054687462747097015,-0.765624925494194
a21_s2_neutral_angry,21,2,neutral,angry,25,-8.937500476837158,1.625,-8.249999925494194,0.5625,9.687500201165676,-0.1874997243285179,-1.7500005513429642
a21_s2_neutral_angry,21,2,neutral,angry,26,-7.000000178813934,2.9375,-6.125,2.0625,9.062500089406967,8.940696716308594e-08,-1.7500001788139343
a21_s2_neutral_angry,21,2,neutral,angry,27,-8.06250006891787,2.25,-7.624999872408807,1.8125,9.874999970663339,9.825453162193298e-08,-0.8750001965090632
a21_s2_neutral_angry,21,2,neutral,angry,28,-3.9999998435378075,2.8125,-3.749999977648258,2.3125,6.437499910593033,-0.12500006705522537,-0.7499998658895493
a22_s1_happy_sad,22,1,happy,sad,0,2.0703125,2.0703125,2.0703125,2.0703125,0.0,0.0,0.0
a22_s1_happy_sad,22,1,happy,sad,1,-0.64111328125,-0.4404296875,-0.6025390625,-0.357421875,0.222900390625,0.060791015625,0.04443359375
a22_s1_happy_sad,22,1,happy,sad,2,-1.43359375,-1.44921875,-1.40625,-1.4140625,-0.01171875,0.03125,0.0078125
a22_s1_happy_sad,22,1,happy,sad,3,-1.82421875,-1.6796875,-1.84765625,-1.6796884536743164,0.1562495231628418,-0.011719226837158203,0.023436546325683594
a22_s1_happy_sad,22,1,happy,sad,4,-2.078125,-2.015625,-2.25,-2.125,0.09375,-0.140625,0.0625
a22_s1_happy_sad,22,1,happy,sad,5,-2.234375,-1.765625,-2.328125,-1.890625,0.453125,-0.109375,-0.03125
a22_s1_happy_sad,22,1,happy,sad,6,-1.96875,-1.375,-2.03125,-1.4375,0.59375,-0.0625,0.0
a22_s1_happy_sad,22,1,happy,sad,7,-1.0625,-0.71875,-1.078125,-0.734375,0.34375,-0.015625,0.0
a22_s1_happy_sad,22,1,happy,sad,8,-1.5751953125,-1.275390625,-1.556640625,-1.17578125,0.34033203125,0.05908203125,0.0810546875
a22_s1_happy_sad,22,1,happy,sad,9,0.5703125,1.09375,0.5546875,1.21484375,0.591796875,0.052734375,0.13671875
a22_s1_happy_sad,22,1,happy,sad,10,-2.6484375,-2.4140625,-2.6796875,-2.5312490463256836,0.1914067268371582,-0.0742182731628418,-0.0859365463256836
a22_s1_happy_sad,22,1,happy,sad,11,-2.203125,-2.1640625,-2.3828125,-2.30078125,0.060546875,-0.158203125,0.04296875
a22_s1_happy_sad,22,1,happy,sad,12,-2.8720703125,-1.927734375,-3.06243896484375,-2.15380859375,0.926483154296875,-0.208221435546875,-0.03570556640625
a22_s1_happy_sad,22,1,happy,sad,13,0.4375,0.9765625,0.421875,1.1953125,0.65625,0.1015625,0.234375
a22_s1_happy_sad,22,1,happy,sad,14,-0.59375,-0.1875,-0.71875,-0.25,0.4375,-0.09375,0.0625
a22_s1_happy_sad,22,1,happy,sad,15,0.6875,0.0625,0.59375,-0.03125,-0.625,-0.09375,0.0
a22_s1_happy_sad,22,1,happy,sad,16,-0.625,-1.09375,-0.59375,-1.09375,-0.484375,0.015625,-0.03125
a22_s1_happy_sad,22,1,happy,sad,17,-1.03125,-0.9062495231628418,-1.0,-1.3125,-0.0937497615814209,-0.1875002384185791,-0.4375004768371582
a22_s1_happy_sad,22,1,happy,sad,18,-0.6875,-0.4375,-0.5,-0.71875,0.015625,-0.046875,-0.46875
a22_s1_happy_sad,22,1,happy,sad,19,-0.75,-1.234375,-0.59375,-1.3593754768371582,-0.6250002384185791,0.015624761581420898,-0.2812504768371582
a22_s1_happy_sad,22,1,happy,sad,20,1.34375,-0.1875,1.125,-0.375,-1.515625,-0.203125,0.03125
a22_s1_happy_sad,22,1,happy,sad,21,1.875,0.875,1.65625,1.28125,-0.6875,0.09375,0.625
a22_s1_happy_sad,22,1,happy,sad,22,1.3125,0.5,0.90625,0.78125,-0.46875,-0.0625,0.6875
a22_s1_happy_sad,22,1,happy,sad,23,0.25,-0.59375,-0.5,0.1875,-0.078125,0.015625,1.53125
a22_s1_happy_sad,22,1,happy,sad,24,4.5625001192092896,1.9375,3.0625000596046448,2.96875,-1.3593750894069672,-0.2343750298023224,2.5312500596046448
a22_s1_happy_sad,22,1,happy,sad,25,7.999999821186066,5.5625001192092896,5.999999761581421,6.4375,-0.9999997317790985,-0.5625000894069672,2.8749999403953552
a22_s1_happy_sad,22,1,happy,sad,26,8.437500447034836,4.718750238418579,6.562499970197678,5.0000001192092896,-2.6406250298023224,-0.7968752980232239,2.1562503576278687
a22_s1_happy_sad,22,1,happy,sad,27,6.375000189989805,2.75,4.0000001564621925,3.4375000596046448,-2.0937501434236765,-0.843749986961484,3.0625000931322575
a22_s1_happy_sad,22,1,happy,sad,28,4.250000081956387,2.2500001192092896,2.624999925494194,2.5,-1.0624999441206455,-0.687500137835741,1.875000037252903
a22_s1_neutral_angry,22,1,neutral,angry,0,0.671875,0.671875,0.671875,0.671875,0.0,0.0,0.0
a22_s1_neutral_angry,22,1,neutral,angry,1,-0.18017578125,-0.1630859375,-0.2421875,-0.1630859375,0.048095703125,-0.031005859375,0.06201171875
a22_s1_neutral_angry,22,1,neutral,angry,2,0.365234375,0.3185272216796875,0.3818359375,0.4033203125,-0.01261138916015625,0.05069732666015625,0.0681915283203125
a22_s1_neutral_angry,22,1,neutral,angry,3,0.0625,-0.140625,0.140625,0.015625,-0.1640625,0.1171875,0.078125
a22_s1_neutral_angry,22,1,neutral,angry,4,-0.53125,-0.96875,-0.59375,-0.9375,-0.390625,-0.015625,0.09375
a22_s1_neutral_angry,22,1,neutral,angry,5,-1.3125,-1.59375,-1.3125,-1.5,-0.234375,0.046875,0.09375
a22_s1_neutral_angry,22,1,neutral,angry,6,-1.40625,-1.453125,-1.375,-1.421875,-0.046875,0.03125,0.0
a22_s1_neutral_angry,22,1,neutral,angry,7,-0.078125,0.046875,-0.046875,0.015625,0.09375,0.0,-0.0625
a22_s1_neutral_angry,22,1,neutral,angry,8,-1.046875,-0.862060546875,-1.0,-0.8321533203125,0.17633056640625,0.03839111328125,-0.0169677734375
a22_s1_neutral_angry,22,1,neutral,angry,9,-0.421875,-0.07421875,-0.25,0.095703125,0.3466796875,0.1708984375,-0.001953125
a22_s1_neutral_angry,22,1,neutral,angry,10,-0.92578125,0.845703125,-0.859375,1.0244140625,1.82763671875,0.12255859375,0.1123046875
a22_s1_neutral_angry,22,1,neutral,angry,11,1.33984375,1.817138671875,1.314453125,1.9716796875,0.5672607421875,0.0645751953125,0.179931640625
a22_s1_neutral_angry,22,1,neutral,angry,12,1.37890625,0.10546875,1.6240234375,0.41015625,-1.24365234375,0.27490234375,0.0595703125
a22_s1_neutral_angry,22,1,neutral,angry,13,1.09765625,0.125,1.30859375,0.515625,-0.8828125,0.30078125,0.1796875
a22_s1_neutral_angry,22,1,neutral,angry,14,1.34375,0.09375,1.328125,0.203125,-1.1875,0.046875,0.125
a22_s1_neutral_angry,22,1,neutral,angry,15,1.50390625,1.1875,1.4375,1.421875,-0.166015625,0.083984375,0.30078125
a22_s1_neutral_angry,22,1,neutral,angry,16,0.609375,0.640625,0.71875,0.953125,0.1328125,0.2109375,0.203125
a22_s1_neutral_angry,22,1,neutral,angry,17,0.203125,-0.03125,0.328125,0.109375,-0.2265625,0.1328125,0.015625
a22_s1_neutral_angry,22,1,neutral,angry,18,-0.640625,0.21875,-0.453125,0.34375,0.828125,0.15625,-0.0625
a22_s1_neutral_angry,22,1,neutral,angry,19,-0.34375,0.984375,-0.3437495231628418,1.265625,1.468749761581421,0.1406252384185791,0.2812495231628418
a22_s1_neutral_angry,22,1,neutral,angry,20,-0.28125,0.9375,-0.40625,0.984375,1.3046875,-0.0390625,0.171875
a22_s1_neutral_angry,22,1,neutral,angry,21,-0.71875,0.71875,-0.75,0.34375,1.265625,-0.203125,-0.34375
a22_s1_neutral_angry,22,1,neutral,angry,22,-1.8125,-0.28125,-2.25,0.03125,1.90625,-0.0625,0.75
a22_s1_neutral_angry,22,1,neutral,angry,23,-3.499999761581421,-1.265625,-3.8437498807907104,-0.875,2.6015623211860657,0.023437440395355225,0.7343751192092896
a22_s1_neutral_angry,22,1,neutral,angry,24,-5.1562501192092896,-2.375,-5.843749940395355,-2.0,3.3125000298023224,-0.15624991059303284,1.0624998211860657
a22_s1_neutral_angry,22,1,neutral,angry,25,-8.875000208616257,0.875,-9.437499910593033,1.71875,10.453125059604645,0.14062514901161194,1.4062497019767761
a22_s1_neutral_angry,22,1,neutral,angry,26,-7.125000059604645,1.65625,-7.750000298023224,2.90625,9.718750178813934,0.31249988079071045,1.875000238418579
a22_s1_neutral_angry,22,1,neutral,angry,27,-7.937500165775418,2.5,-8.312499615829438,2.8125,10.781249890802428,-0.031249725027009845,0.6874994500540197
a22_s1_neutral_angry,22,1,neutral,angry,28,-4.000000149011612,2.500000238418579,-4.249999783933163,2.875,6.812500085681677,0.06250006332993507,0.6249993965029716
a22_s2_happy_sad,22,2,happy,sad,0,2.0703125,2.0703125,2.0703125,2.0703125,0.0,0.0,0.0
a22_s2_happy_sad,22,2,happy,sad,1,-0.5615234375,-0.484375,-0.51171875,-0.412109375,0.08837890625,0.06103515625,0.0224609375
a22_s2_happy_sad,22,2,happy,sad,2,-1.419921875,-1.3828125,-1.341796875,-1.3046875,0.037109375,0.078125,0.0
a22_s2_happy_sad,22,2,happy,sad,3,-1.7812509536743164,-1.84375,-1.6796875,-1.7382802963256836,-0.060545921325683594,0.1035165786743164,0.00390625
a22_s2_happy_sad,22,2,happy,sad,4,-1.953125,-2.109375,-1.90625,-2.0703125,-0.16015625,0.04296875,-0.0078125
a22_s2_happy_sad,22,2,happy,sad,5,-1.96875,-2.265625,-2.0,-2.28125,-0.2890625,-0.0234375,0.015625
a22_s2_happy_sad,22,2,happy,sad,6,-1.5,-1.53125,-1.5,-1.5625,-0.046875,-0.015625,-0.03125
a22_s2_happy_sad,22,2,happy,sad,7,-0.328125,-0.53125,-0.34375,-0.59375,-0.2265625,-0.0390625,-0.046875
a22_s2_happy_sad,22,2,happy,sad,8,-0.11328125,-0.5390625,-0.2792959213256836,-0.703125,-0.4248051643371582,-0.1650385856628418,0.0019521713256835938
a22_s2_happy_sad,22,2,happy,sad,9,1.91015625,2.0390625,1.9140625,1.921875,0.068359375,-0.056640625,-0.12109375
a22_s2_happy_sad,22,2,happy,sad,10,-1.91015625,-1.8408212661743164,-1.9335927963256836,-2.09375,-0.045411109924316406,-0.1381826400756836,-0.2294921875
a22_s2_happy_sad,22,2,happy,sad,11,-2.25,-1.79296875,-2.4140625,-1.90234375,0.484375,-0.13671875,0.0546875
a22_s2_happy_sad,22,2,happy,sad,12,-2.3984375,-1.3594970703125,-2.5859375,-1.60546875,1.00970458984375,-0.21673583984375,-0.0584716796875
a22_s2_happy_sad,22,2,happy,sad,13,0.84375,1.1328125,0.8125,0.8984375,0.1875,-0.1328125,-0.203125
a22_s2_happy_sad,22,2,happy,sad,14,-0.25,-0.578125,-0.09375,-0.515625,-0.375,0.109375,-0.09375
a22_s2_happy_sad,22,2,happy,sad,15,0.375,-0.5625,0.5,-0.4375,-0.9375,0.125,0.0
a22_s2_happy_sad,22,2,happy,sad,16,-0.6875,-1.6875,-0.8125,-1.921875,-1.0546875,-0.1796875,-0.109375
a22_s2_happy_sad,22,2,happy,sad,17,-1.28125,-1.546875,-1.09375,-1.6875,-0.4296875,0.0234375,-0.328125
a22_s2_happy_sad,22,2,happy,sad,18,-0.9375,-0.71875,-0.65625,-1.0,-0.0625,0.0,-0.5625
a22_s2_happy_sad,22,2,happy,sad,19,-0.09375,-0.890625,-0.09375,-1.359375,-1.03125,-0.234375,-0.46875
a22_s2_happy_sad,22,2,happy,sad,20,0.4375,-0.125,0.5,-0.28125,-0.671875,-0.046875,-0.21875
a22_s2_happy_sad,22,2,happy,sad,21,-0.34375,0.40625,-0.0625002384185791,0.40625,0.6093751192092896,0.14062488079071045,-0.2812497615814209
a22_s2_happy_sad,22,2,happy,sad,22,-1.09375,-0.25,-1.0625,-0.09375,0.90625,0.09375,0.125
a22_s2_happy_sad,22,2,happy,sad,23,-1.8125,-1.34375,-1.5,-0.625,0.671875,0.515625,0.40625
a22_s2_happy_sad,22,2,happy,sad,24,0.1875,0.90625,0.3125,1.78125,1.09375,0.5,0.75
a22_s2_happy_sad,22,2,happy,sad,25,3.2500001192092896,5.1875,3.1874998807907104,6.531249821186066,2.640624910593033,0.6406247913837433,1.4062500596046448
a22_s2_happy_sad,22,2,happy,sad,26,3.3750001788139343,3.375,3.1874999403953552,4.375,0.5937499403953552,0.40624988079071045,1.187500238418579
a22_s2_happy_sad,22,2,happy,sad,27,2.7499999552965164,0.9375,3.249999925494194,2.687500089406967,-1.1874998956918716,1.1250000298023224,1.2500001192092896
a22_s2_happy_sad,22,2,happy,sad,28,1.625,0.375,1.6249999701976776,1.2499998807907104,-0.8125000447034836,0.43749992549419403,0.8749999105930328
a22_s2_neutral_angry,22,2,neutral,angry,0,0.671875,0.671875,0.671875,0.671875,0.0,0.0,0.0
a22_s2_neutral_angry,22,2,neutral,angry,1,-0.2197265625,-0.1640625,-0.2802734375,-0.1669921875,0.08447265625,-0.03173828125,0.0576171875
a22_s2_neutral_angry,22,2,neutral,angry,2,0.21875,0.27099609375,0.130859375,0.27490234375,0.09814453125,-0.0419921875,0.091796875
a22_s2_neutral_angry,22,2,neutral,angry,3,0.03125,-0.15625,0.0,-0.09375,-0.140625,0.015625,0.09375
a22_s2_neutral_angry,22,2,neutral,angry,4,-0.40625,-0.546875,-0.4375,-0.46875,-0.0859375,0.0234375,0.109375
a22_s2_neutral_angry,22,2,neutral,angry,5,-1.0625,-1.265625,-1.21875,-1.34375,-0.1640625,-0.1171875,0.078125
a22_s2_neutral_angry,22,2,neutral,angry,6,-1.5625,-1.671875,-1.59375,-1.703125,-0.109375,-0.03125,0.0
a22_s2_neutral_angry,22,2,neutral,angry,7,-0.484375,-0.25,-0.5,-0.296875,0.21875,-0.03125,-0.03125
a22_s2_neutral_angry,22,2,neutral,angry,8,-1.609375,-1.8525390625,-1.59375,-1.8818349838256836,-0.2656245231628418,-0.006835460662841797,-0.044920921325683594
a22_s2_neutral_angry,22,2,neutral,angry,9,-0.484375,-0.80078125,-0.53125,-0.8984375,-0.341796875,-0.072265625,-0.05078125
a22_s2_neutral_angry,22,2,neutral,angry,10,-0.85546875,1.255859375,-0.6855459213256836,1.21875,2.007812023162842,0.0664067268371582,-0.2070322036743164
a22_s2_neutral_angry,22,2,neutral,angry,11,1.1632080078125,2.76171875,1.268798828125,2.578125,1.45391845703125,-0.03900146484375,-0.2891845703125
a22_s2_neutral_angry,22,2,neutral,angry,12,0.94873046875,0.906494140625,1.4580078125,1.0078125,-0.2462158203125,0.3052978515625,-0.407958984375
a22_s2_neutral_angry,22,2,neutral,angry,13,0.9150390625,0.53125,1.02178955078125,0.38671875,-0.509429931640625,-0.018890380859375,-0.25128173828125
a22_s2_neutral_angry,22,2,neutral,angry,14,1.66015625,0.796875,1.8046875,0.75,-0.958984375,0.048828125,-0.19140625
a22_s2_neutral_angry,22,2,neutral,angry,15,1.1796875,1.703125,1.408203125,1.640625,0.3779296875,0.0830078125,-0.291015625
a22_s2_neutral_angry,22,2,neutral,angry,16,-0.09375,-0.09375,0.2109375,-0.09375,-0.15234375,0.15234375,-0.3046875
a22_s2_neutral_angry,22,2,neutral,angry,17,-0.3125,-0.171875,0.046875,-0.109375,-0.0078125,0.2109375,-0.296875
a22_s2_neutral_angry,22,2,neutral,angry,18,-1.5625,-1.859375,-1.125,-1.8125,-0.4921875,0.2421875,-0.390625
a22_s2_neutral_angry,22,2,neutral,angry,19,0.125,-0.96875,0.4375,-0.6250004768371582,-1.078125238418579,0.3281247615814209,0.031249523162841797
a22_s2_neutral_angry,22,2,neutral,angry,20,-0.34375,-0.78125,-0.1875,-0.3125,-0.28125,0.3125,0.3125
a22_s2_neutral_angry,22,2,neutral,angry,21,-1.21875,-2.0,-1.03125,-1.5625,-0.65625,0.3125,0.25
a22_s2_neutral_angry,22,2,neutral,angry,22,-2.40625,-2.703125,-2.28125,-2.484375,-0.25,0.171875,0.09375
a22_s2_neutral_angry,22,2,neutral,angry,23,-4.249999761581421,-3.03125,-4.0625,-2.78125,1.2499998807907104,0.21874988079071045,0.0625002384185791
a22_s2_neutral_angry,22,2,neutral,angry,24,-5.812499791383743,-3.906249523162842,-5.749999761581421,-3.578125476837158,2.039062276482582,0.195312038064003,0.2656240165233612
a22_s2_neutral_angry,22,2,neutral,angry,25,-10.12499988079071,-1.21875,-9.375000432133675,-1.0,8.640625156462193,0.4843747243285179,-0.5312494486570358
a22_s2_neutral_angry,22,2,neutral,angry,26,-7.8124998807907104,-0.875,-7.250000178813934,-1.0625,6.562500029802322,0.18749985098838806,-0.7499997019767761
a22_s2_neutral_angry,22,2,neutral,angry,27,-8.687499668449163,0.37499988079071045,-8.12499996740371,-0.3125,8.437499758321792,-0.06250008987262845,-1.249999581836164
a22_s2_neutral_angry,22,2,neutral,angry,28,-4.499999798834324,0.6250001192092896,-4.124999776482582,0.375,4.812499847263098,0.06249995157122612,-0.6250001415610313
a23_s1_happy_sad,23,1,happy,sad,0,2.0703125,2.0703125,2.0703125,2.0703125,0.0,0.0,0.0
a23_s1_happy_sad,23,1,happy,sad,1,-0.576171875,-0.568359375,-0.633544921875,-0.580078125,0.0306396484375,-0.0345458984375,0.045654296875
a23_s1_happy_sad,23,1,happy,sad,2,-1.296875,-1.529296875,-1.37109375,-1.52734375,-0.1943359375,-0.0361328125,0.076171875
a23_s1_happy_sad,23,1,happy,sad,3,-1.5781259536743164,-1.6328115463256836,-1.6015615463256836,-1.62109375,-0.0371088981628418,-0.005858898162841797,0.03515338897705078
a23_s1_happy_sad,23,1,happy,sad,4,-2.03125,-1.859375,-2.140625,-1.8828125,0.21484375,-0.06640625,0.0859375
a23_s1_happy_sad,23,1,happy,sad,5,-2.15625,-1.796875,-2.3125,-1.859375,0.40625,-0.109375,0.09375
a23_s1_happy_sad,23,1,happy,sad,6,-1.59375,-1.25,-1.671875,-1.234375,0.390625,-0.03125,0.09375
a23_s1_happy_sad,23,1,happy,sad,7,-0.5625,-0.59375,-0.5625,-0.65625,-0.0625,-0.03125,-0.0625
a23_s1_happy_sad,23,1,happy,sad,8,0.35498046875,-0.36328125,0.099609375,-0.515625,-0.666748046875,-0.203857421875,0.10302734375
a23_s1_happy_sad,23,1,happy,sad,9,1.5625,2.0703125,1.40234375,1.71875,0.412109375,-0.255859375,-0.19140625
a23_s1_happy_sad,23,1,happy,sad,10,-2.8906240463256836,-2.328125,-3.01171875,-2.4726572036743164,0.5507802963256836,-0.1328134536743164,-0.0234375
a23_s1_happy_sad,23,1,happy,sad,11,-2.0830078125,-1.7734375,-2.1015625,-1.8984375,0.25634765625,-0.07177734375,-0.1064453125
a23_s1_happy_sad,23,1,happy,sad,12,-2.0703125,-1.46875,-2.1953134536743164,-1.568359375,0.6142582893371582,-0.1123051643371582,0.025391578674316406
a23_s1_happy_sad,23,1,happy,sad,13,1.09130859375,1.9765625,1.404296875,2.0390625,0.760009765625,0.187744140625,-0.25048828125
a23_s1_happy_sad,23,1,happy,sad,14,-0.4375,0.2109375,-0.296875,0.3359375,0.640625,0.1328125,-0.015625
a23_s1_happy_sad,23,1,happy,sad,15,0.75,0.359375,0.6875,0.375,-0.3515625,-0.0234375,0.078125
a23_s1_happy_sad,23,1,happy,sad,16,-0.46875,-0.421875,-0.5,-0.671875,-0.0625,-0.140625,-0.21875
a23_s1_happy_sad,23,1,happy,sad,17,-0.15625,-0.640625,-0.125,-0.921875,-0.640625,-0.125,-0.3125
a23_s1_happy_sad,23,1,happy,sad,18,0.0625,-0.53125,0.1875,-0.625,-0.703125,0.015625,-0.21875
a23_s1_happy_sad,23,1,happy,sad,19,0.21875,-0.375,0.359375,-0.625,-0.7890625,-0.0546875,-0.390625
a23_s1_happy_sad,23,1,happy,sad,20,1.1875,0.5,1.25,0.46875,-0.734375,0.015625,-0.09375
a23_s1_happy_sad,23,1,happy,sad,21,1.8125,1.4375,1.78125,1.5625,-0.296875,0.046875,0.15625
a23_s1_happy_sad,23,1,happy,sad,22,1.71875,1.15625,1.921875,1.4375,-0.5234375,0.2421875,0.078125
a23_s1_happy_sad,23,1,happy,sad,23,0.09375,0.09375,0.1875,0.0625,-0.0625,0.03125,-0.125
a23_s1_happy_sad,23,1,happy,sad,24,2.8125,1.1875,2.59375,0.96875,-1.625,-0.21875,0.0
a23_s1_happy_sad,23,1,happy,sad,25,5.249999523162842,4.218750238418579,5.1874998807907104,3.875,-1.1718745827674866,-0.20312494039535522,-0.28125059604644775
a23_s1_happy_sad,23,1,happy,sad,26,5.4375,3.687499761581421,5.406250238418579,3.5,-1.828125238418579,-0.1093747615814209,-0.15625
a23_s1_happy_sad,23,1,happy,sad,27,4.000000476837158,0.25,4.812500059604645,0.0,-4.2812502682209015,0.2812497913837433,-1.0624995827674866
a23_s1_happy_sad,23,1,happy,sad,28,4.374999761581421,0.375,4.437500059604645,0.5,-3.968749910593033,0.09375014901161194,0.06249970197677612
a23_s1_neutral_angry,23,1,neutral,angry,0,0.671875,0.671875,0.671875,0.671875,0.0,0.0,0.0
a23_s1_neutral_angry,23,1,neutral,angry,1,-0.26611328125,-0.2109375,-0.2685546875,-0.0947265625,0.114501953125,0.056884765625,0.11865234375
a23_s1_neutral_angry,23,1,neutral,angry,2,0.4228515625,0.309326171875,0.46826171875,0.56201171875,-0.0098876953125,0.1490478515625,0.207275390625
a23_s1_neutral_angry,23,1,neutral,angry,3,0.15625,0.078125,0.140625,0.265625,0.0234375,0.0859375,0.203125
a23_s1_neutral_angry,23,1,neutral,angry,4,-0.21875,0.09375,-0.375,0.140625,0.4140625,-0.0546875,0.203125
a23_s1_neutral_angry,23,1,neutral,angry,5,-1.15625,-1.03125,-1.1875,-0.921875,0.1953125,0.0390625,0.140625
a23_s1_neutral_angry,23,1,neutral,angry,6,-1.65625,-1.203125,-1.78125,-1.234375,0.5,-0.078125,0.09375
a23_s1_neutral_angry,23,1,neutral,angry,7,-0.03125,0.03125,-0.234375,0.0625,0.1796875,-0.0859375,0.234375
a23_s1_neutral_angry,23,1,neutral,angry,8,-1.078125,-1.080078125,-1.1796875,-1.05859375,0.0595703125,-0.0400390625,0.123046875
a23_s1_neutral_angry,23,1,neutral,angry,9,0.203125,-0.046875,0.359375,0.203125,-0.203125,0.203125,0.09375
a23_s1_neutral_angry,23,1,neutral,angry,10,1.400390625,1.490234375,1.13671875,1.3642578125,0.15869140625,-0.19482421875,0.1376953125
a23_s1_neutral_angry,23,1,neutral,angry,11,2.6015625,2.2578125,2.3632802963256836,2.08984375,-0.3085932731628418,-0.2031254768371582,0.0703134536743164
a23_s1_neutral_angry,23,1,neutral,angry,12,1.93359375,1.57421875,1.703125,1.498046875,-0.2822265625,-0.1533203125,0.154296875
a23_s1_neutral_angry,23,1,neutral,angry,13,2.3964834213256836,0.91015625,2.318359375,0.9921875,-1.4062495231628418,0.001953601837158203,0.1601552963256836
a23_s1_neutral_angry,23,1,neutral,angry,14,3.625,1.53125,3.3046865463256836,1.203125,-2.097655773162842,-0.3242192268371582,-0.007811546325683594
a23_s1_neutral_angry,23,1,neutral,angry,15,3.26123046875,1.234375,3.21484375,1.234375,-2.003662109375,-0.023193359375,0.04638671875
a23_s1_neutral_angry,23,1,neutral,angry,16,1.47265625,0.171875,1.51171875,0.3359375,-1.23828125,0.1015625,0.125
a23_s1_neutral_angry,23,1,neutral,angry,17,0.6640625,-0.921875,0.90234375,-0.4375,-1.462890625,0.361328125,0.24609375
a23_s1_neutral_angry,23,1,neutral,angry,18,-0.1875,-1.640625,-0.265625,-1.1875,-1.1875,0.1875,0.53125
a23_s1_neutral_angry,23,1,neutral,angry,19,-0.28125,-0.421875,-0.4375,-0.125,0.0859375,0.0703125,0.453125
a23_s1_neutral_angry,23,1,neutral,angry,20,-0.5625,-0.53125,-0.765625,0.09375,0.4453125,0.2109375,0.828125
a23_s1_neutral_angry,23,1,neutral,angry,21,-1.65625,-0.875,-1.484375,-0.40625,0.9296875,0.3203125,0.296875
a23_s1_neutral_angry,23,1,neutral,angry,22,-2.9375,-2.0,-2.5,-1.6875,0.875,0.375,-0.125
a23_s1_neutral_angry,23,1,neutral,angry,23,-3.90625,-2.78125,-3.53125,-2.5625,1.046875,0.296875,-0.15625
a23_s1_neutral_angry,23,1,neutral,angry,24,-5.531249821186066,-3.5,-5.3124998807907104,-2.562500476837158,2.390624612569809,0.5781247317790985,0.7187495827674866
a23_s1_neutral_angry,23,1,neutral,angry,25,-6.874999865889549,-0.46875,-6.500000149011612,-0.15625,6.375000007450581,0.34374985843896866,-0.06249971687793732
a23_s1_neutral_angry,23,1,neutral,angry,26,-5.3124998807907104,0.875,-5.1249998807907104,1.40625,6.3593748807907104,0.359375,0.34375
a23_s1_neutral_angry,23,1,neutral,angry,27,-6.749999839812517,-1.0625,-6.687500225380063,1.0625,6.71875003259629,1.093749807216227,2.062500385567546
a23_s1_neutral_angry,23,1,neutral,angry,28,-2.9999999403953552,0.0625,-3.0000000447034836,1.6875,3.8749999925494194,0.8124999478459358,1.6250001043081284
a23_s2_happy_sad,23,2,happy,sad,0,2.0703125,2.0703125,2.0703125,2.0703125,0.0,0.0,0.0
a23_s2_happy_sad,23,2,happy,sad,1,-0.5009765625,-0.5107421875,-0.4677734375,-0.53466796875,-0.038330078125,0.004638671875,-0.05712890625
a23_s2_happy_sad,23,2,happy,sad,2,-1.314453125,-1.291015625,-1.3203125,-1.32421875,0.009765625,-0.01953125,-0.02734375
a23_s2_happy_sad,23,2,happy,sad,3,-1.52734375,-1.56640625,-1.62109375,-1.6835947036743164,-0.0507817268371582,-0.1054692268371582,-0.023438453674316406
a23_s2_happy_sad,23,2,happy,sad,4,-1.65625,-1.765625,-1.84375,-1.90625,-0.0859375,-0.1640625,0.046875
a23_s2_happy_sad,23,2,happy,sad,5,-1.125,-1.65625,-1.171875,-1.8125,-0.5859375,-0.1015625,-0.109375
a23_s2_happy_sad,23,2,happy,sad,6,-0.8125,-1.046875,-0.84375,-1.203125,-0.296875,-0.09375,-0.125
a23_s2_happy_sad,23,2,happy,sad,7,-0.453125,-0.15625,-0.3828125,-0.21875,0.23046875,0.00390625,-0.1328125
a23_s2_happy_sad,23,2,happy,sad,8,-0.234375,0.11328125,-0.302734375,-0.087890625,0.28125,-0.134765625,-0.1328125
a23_s2_happy_sad,23,2,happy,sad,9,1.33203125,2.015625,1.265625,1.9453125,0.681640625,-0.068359375,-0.00390625
a23_s2_happy_sad,23,2,happy,sad,10,-2.9453125,-2.3046865463256836,-3.140625,-2.3984375,0.6914067268371582,-0.1445317268371582,0.1015615463256836
a23_s2_happy_sad,23,2,happy,sad,11,-2.42822265625,-1.5576171875,-2.685546875,-1.828125,0.864013671875,-0.263916015625,-0.01318359375
a23_s2_happy_sad,23,2,happy,sad,12,-1.66796875,-1.4082040786743164,-1.888671875,-1.609375,0.2695307731628418,-0.2109370231628418,0.019532203674316406
a23_s2_happy_sad,23,2,happy,sad,13,0.65625,0.2412109375,0.5234375,0.280029296875,-0.3292236328125,-0.0469970703125,0.171630859375
a23_s2_happy_sad,23,2,happy,sad,14,0.1875,-0.671875,-0.1875,-0.890625,-0.78125,-0.296875,0.15625
a23_s2_happy_sad,23,2,happy,sad,15,0.578125,0.234375,0.265625,-0.046875,-0.328125,-0.296875,0.03125
a23_s2_happy_sad,23,2,happy,sad,16,-0.71875,-0.703125,-0.875,-0.84375,0.0234375,-0.1484375,0.015625
a23_s2_happy_sad,23,2,happy,sad,17,-0.875,-0.78125,-0.875,-1.03125,-0.03125,-0.125,-0.25
a23_s2_happy_sad,23,2,happy,sad,18,-0.9375,-0.875,-1.0,-1.03125,0.015625,-0.109375,-0.09375
a23_s2_happy_sad,23,2,happy,sad,19,0.34375,-0.5,0.40625,-0.15625,-0.703125,0.203125,0.28125
a23_s2_happy_sad,23,2,happy,sad,20,0.25,-0.53125,0.34375,-0.15625,-0.640625,0.234375,0.28125
a23_s2_happy_sad,23,2,happy,sad,21,1.9375,0.46875,2.1875,0.59375,-1.53125,0.1875,-0.125
a23_s2_happy_sad,23,2,happy,sad,22,1.46875,0.0625,1.84375,0.28125,-1.484375,0.296875,-0.15625
a23_s2_happy_sad,23,2,happy,sad,23,1.1875,0.09375,2.000000476837158,0.21875,-1.437500238418579,0.4687502384185791,-0.6875004768371582
a23_s2_happy_sad,23,2,happy,sad,24,4.328125,0.84375,5.09375,0.59375,-3.9921875,0.2578125,-1.015625
a23_s2_happy_sad,23,2,happy,sad,25,4.875,5.0000001192092896,7.000000238418579,5.125,-0.8750000596046448,1.1250000596046448,-2.0000003576278687
a23_s2_happy_sad,23,2,happy,sad,26,5.531249761581421,5.0625,6.875,5.25,-1.0468748807907104,0.7656251192092896,-1.156250238418579
a23_s2_happy_sad,23,2,happy,sad,27,4.0625,2.125,5.500000238418579,2.5624999701976776,-2.4375001341104507,0.9375001043081284,-1.0000002682209015
a23_s2_happy_sad,23,2,happy,sad,28,4.1249998807907104,1.3749998807907104,5.062500238418579,1.625,-3.0937501192092896,0.5937502384185791,-0.6875002384185791
a23_s2_neutral_angry,23,2,neutral,angry,0,0.671875,0.671875,0.671875,0.671875,0.0,0.0,0.0
a23_s2_neutral_angry,23,2,neutral,angry,1,-0.43359375,-0.296875,-0.2939453125,-0.1162109375,0.1572265625,0.16015625,0.041015625
a23_s2_neutral_angry,23,2,neutral,angry,2,0.30078125,0.33544921875,0.349609375,0.52734375,0.106201171875,0.120361328125,0.14306640625
a23_s2_neutral_angry,23,2,neutral,angry,3,0.1875,0.1718740463256836,0.21875,0.4062509536743164,0.0859375,0.1328134536743164,0.2031269073486328
a23_s2_neutral_angry,23,2,neutral,angry,4,0.09375,0.140625,-0.03125,0.171875,0.125,-0.046875,0.15625
a23_s2_neutral_angry,23,2,neutral,angry,5,-1.15625,-0.90625,-1.15625,-0.84375,0.28125,0.03125,0.0625
a23_s2_neutral_angry,23,2,neutral,angry,6,-1.65625,-0.828125,-1.875,-0.96875,0.8671875,-0.1796875,0.078125
a23_s2_neutral_angry,23,2,neutral,angry,7,0.0,0.6953125,-0.34375,0.421875,0.73046875,-0.30859375,0.0703125
a23_s2_neutral_angry,23,2,neutral,angry,8,-1.65625,-0.951171875,-1.76171875,-1.265625,0.6005859375,-0.2099609375,-0.208984375
a23_s2_neutral_angry,23,2,neutral,angry,9,0.40625,-0.078125,0.203125,0.03125,-0.328125,-0.046875,0.3125
a23_s2_neutral_angry,23,2,neutral,angry,10,0.7656841278076172,1.8125,0.6015625,1.82421875,1.1347360610961914,-0.0762014389038086,0.1758403778076172
a23_s2_neutral_angry,23,2,neutral,angry,11,2.33984375,3.1953125,2.12890625,3.109375,0.91796875,-0.1484375,0.125
a23_s2_neutral_angry,23,2,neutral,angry,12,2.376953125,1.94140625,2.3515625,1.81640625,-0.4853515625,-0.0751953125,-0.099609375
a23_s2_neutral_angry,23,2,neutral,angry,13,2.2500009536743164,1.4296875,2.2626953125,1.767578125,-0.6577153205871582,0.1752924919128418,0.3251962661743164
a23_s2_neutral_angry,23,2,neutral,angry,14,2.9931640625,2.296875,2.994140625,2.03125,-0.82958984375,-0.13232421875,-0.2666015625
a23_s2_neutral_angry,23,2,neutral,angry,15,2.109375,1.359375,2.21875,1.546875,-0.7109375,0.1484375,0.078125
a23_s2_neutral_angry,23,2,neutral,angry,16,0.8125,0.09375,0.796875,0.078125,-0.71875,-0.015625,0.0
a23_s2_neutral_angry,23,2,neutral,angry,17,0.03125,-0.671875,-0.0625,-0.265625,-0.453125,0.15625,0.5
a23_s2_neutral_angry,23,2,neutral,angry,18,-1.671875,-0.8749995231628418,-1.8125,-0.5937495231628418,1.0078129768371582,0.0703125,0.421875
a23_s2_neutral_angry,23,2,neutral,angry,19,-0.875,0.8124995231628418,-0.8125,1.109375,1.804687261581421,0.1796877384185791,0.2343754768371582
a23_s2_neutral_angry,23,2,neutral,angry,20,-1.40625,0.9375,-0.90625,1.4531254768371582,2.351562738418579,0.5078127384185791,0.015625476837158203
a23_s2_neutral_angry,23,2,neutral,angry,21,-2.03125,0.0625,-1.5,0.734375,2.1640625,0.6015625,0.140625
a23_s2_neutral_angry,23,2,neutral,angry,22,-3.03125,-0.96875,-2.6875,-1.6406245231628418,1.554687738418579,-0.1640622615814209,-1.0156245231628418
a23_s2_neutral_angry,23,2,neutral,angry,23,-4.281249761581421,-2.34375,-4.125,-3.421875,1.3203123807907104,-0.46093761920928955,-1.234374761581421
a23_s2_neutral_angry,23,2,neutral,angry,24,-6.531249940395355,-2.156250476837158,-6.781250089406967,-2.859375,4.148437276482582,-0.47656233608722687,-0.45312437415122986
a23_s2_neutral_angry,23,2,neutral,angry,25,-9.12499988079071,1.0,-9.937499940395355,0.15625,10.109374910593033,-0.8281250298023224,-0.031249940395355225
a23_s2_neutral_angry,23,2,neutral,angry,26,-7.2499998807907104,3.250000238418579,-7.999999582767487,2.5625,10.531249850988388,-0.7187499701976776,0.06249946355819702
a23_s2_neutral_angry,23,2,neutral,angry,27,-7.874999988824129,0.375,-8.499999593012035,2.3125,9.531249790918082,0.6562501979060471,2.562499604187906
a23_s2_neutral_angry,23,2,neutral,angry,28,-3.4999999403953552,1.125,-3.8750000447034836,2.500000476837158,5.5000002309679985,0.5000001862645149,1.7500005811452866
a24_s1_happy_sad,24,1,happy,sad,0,2.0703125,2.0703125,2.0703125,2.0703125,0.0,0.0,0.0
a24_s1_happy_sad,24,1,happy,sad,1,-0.4873046875,-0.30859375,-0.56494140625,-0.4373779296875,0.15313720703125,-0.10321044921875,-0.0511474609375
a24_s1_happy_sad,24,1,happy,sad,2,-1.234375,-0.91015625,-1.37109375,-1.076171875,0.3095703125,-0.1513671875,-0.029296875
a24_s1_happy_sad,24,1,happy,sad,3,-1.5859375,-1.4531259536743164,-1.7031259536743164,-1.5546875,0.140625,-0.109375,0.015626907348632812
a24_s1_happy_sad,24,1,happy,sad,4,-2.2265625,-1.71875,-2.4609375,-1.8125,0.578125,-0.1640625,0.140625
a24_s1_happy_sad,24,1,happy,sad,5,-2.265625,-2.140625,-2.265625,-2.109375,0.140625,0.015625,0.03125
a24_s1_happy_sad,24,1,happy,sad,6,-1.890625,-1.90625,-2.0,-2.015625,-0.015625,-0.109375,0.0
a24_s1_happy_sad,24,1,happy,sad,7,-0.96875,-0.859375,-0.9375,-0.859375,0.09375,0.015625,-0.03125
a24_s1_happy_sad,24,1,happy,sad,8,-0.693359375,-0.79296875,-0.5078125,-0.806640625,-0.19921875,0.0859375,-0.19921875
a24_s1_happy_sad,24,1,happy,sad,9,1.49609375,1.3847646713256836,1.55078125,1.294921875,-0.1835942268371582,-0.017577648162841797,-0.1445302963256836
a24_s1_happy_sad,24,1,happy,sad,10,-2.17578125,-1.2744131088256836,-2.16015625,-1.6875009536743164,0.68701171875,-0.1987314224243164,-0.4287128448486328
a24_s1_happy_sad,24,1,happy,sad,11,-1.1796875,-0.703125,-0.953125,-0.875,0.27734375,0.02734375,-0.3984375
a24_s1_happy_sad,24,1,happy,sad,12,-2.109375,-1.1630859375,-2.203125,-1.4443359375,0.8525390625,-0.1875,-0.1875
a24_s1_happy_sad,24,1,happy,sad,13,0.697265625,1.861328125,0.494140625,2.04541015625,1.357666015625,-0.009521484375,0.38720703125
a24_s1_happy_sad,24,1,happy,sad,14,-0.1875,1.40625,-0.34375,1.328125,1.6328125,-0.1171875,0.078125
a24_s1_happy_sad,24,1,happy,sad,15,1.03125,2.125,0.921875,2.21875,1.1953125,-0.0078125,0.203125
a24_s1_happy_sad,24,1,happy,sad,16,-0.4375,0.46875,-0.109375,0.515625,0.765625,0.1875,-0.28125
a24_s1_happy_sad,24,1,happy,sad,17,-0.59375,-0.46875,-0.59375,-0.40625,0.15625,0.03125,0.0625
a24_s1_happy_sad,24,1,happy,sad,18,-0.53125,-0.375,-0.4375,-0.5,0.046875,-0.015625,-0.21875
a24_s1_happy_sad,24,1,happy,sad,19,-0.375,-1.0312504768371582,-0.125,-0.6875,-0.6093752384185791,0.2968752384185791,0.0937504768371582
a24_s1_happy_sad,24,1,happy,sad,20,0.90625,0.0,1.375,0.25,-1.015625,0.359375,-0.21875
a24_s1_happy_sad,24,1,happy,sad,21,2.46875,0.25,1.65625,0.3125,-1.78125,-0.375,0.875
a24_s1_happy_sad,24,1,happy,sad,22,0.78125,0.21875,-0.5,0.0,-0.03125,-0.75,1.0625
a24_s1_happy_sad,24,1,happy,sad,23,2.062499761581421,-1.5625,1.125,-1.78125,-3.2656248807907104,-0.5781248807907104,0.7187497615814209
a24_s1_happy_sad,24,1,happy,sad,24,4.999999761581421,-0.90625,3.5625001788139343,-0.90625,-5.187499970197678,-0.7187497913837433,1.4374995827674866
a24_s1_happy_sad,24,1,happy,sad,25,11.874999761581421,-1.21875,6.8125001192092896,-1.687499761581421,-10.796874821186066,-2.765624701976776,4.5937498807907104
a24_s1_happy_sad,24,1,happy,sad,26,9.437500178813934,-1.6875,6.687499910593033,-2.125000238418579,-9.968750163912773,-1.5937502533197403,2.3125000298023224
a24_s1_happy_sad,24,1,happy,sad,27,5.437500137835741,-4.5625,2.499999977648258,-5.999999761581421,-9.24999993853271,-2.187499960884452,1.500000398606062
a24_s1_happy_sad,24,1,happy,sad,28,3.625000014901161,-2.6249998807907104,1.6250000596046448,-3.5,-5.687499977648258,-1.437500037252903,1.1249998360872269
a24_s1_neutral_angry,24,1,neutral,angry,0,0.671875,0.671875,0.671875,0.671875,0.0,0.0,0.0
a24_s1_neutral_angry,24,1,neutral,angry,1,-0.23583984375,-0.2412109375,-0.318359375,-0.2890625,0.011962890625,-0.065185546875,0.03466796875
a24_s1_neutral_angry,24,1,neutral,angry,2,0.244140625,0.24658203125,0.142578125,0.1357421875,-0.002197265625,-0.106201171875,-0.00927734375
a24_s1_neutral_angry,24,1,neutral,angry,3,-0.03125,-0.203125,-0.15625,-0.2656259536743164,-0.1406254768371582,-0.0937504768371582,0.062499046325683594
a24_s1_neutral_angry,24,1,neutral,angry,4,-0.96875,-1.125,-0.984375,-1.140625,-0.15625,-0.015625,0.0
a24_s1_neutral_angry,24,1,neutral,angry,5,-1.625,-2.203125,-1.671875,-2.140625,-0.5234375,0.0078125,0.109375
a24_s1_neutral_angry,24,1,neutral,angry,6,-1.15625,-1.4375,-1.125,-1.359375,-0.2578125,0.0546875,0.046875
a24_s1_neutral_angry,24,1,neutral,angry,7,-0.7343759536743164,-0.40625,-0.578125,-0.2031259536743164,0.3515625,0.1796875,0.04687309265136719
a24_s1_neutral_angry,24,1,neutral,angry,8,-0.8671875,-0.900390625,-0.79296875,-0.765625,-0.0029296875,0.1044921875,0.060546875
a24_s1_neutral_angry,24,1,neutral,angry,9,0.96875,-0.28515625,1.0234375,0.0078125,-1.134765625,0.173828125,0.23828125
a24_s1_neutral_angry,24,1,neutral,angry,10,1.34228515625,0.56298828125,1.5019521713256836,0.85888671875,-0.7111811637878418,0.2277827262878418,0.1362314224243164
a24_s1_neutral_angry,24,1,neutral,angry,11,2.43359375,1.7109375,2.62109375,2.171875,-0.5859375,0.32421875,0.2734375
a24_s1_neutral_angry,24,1,neutral,angry,12,0.94140625,0.578125,1.359375,0.9765625,-0.373046875,0.408203125,-0.01953125
a24_s1_neutral_angry,24,1,neutral,angry,13,0.1015625,0.55078125,0.2421875,0.92578125,0.56640625,0.2578125,0.234375
a24_s1_neutral_angry,24,1,neutral,angry,14,1.578125,0.265625,1.3984375,0.34375,-1.18359375,-0.05078125,0.2578125
a24_s1_neutral_angry,24,1,neutral,angry,15,1.484375,1.515625,1.09375,1.5,0.21875,-0.203125,0.375
a24_s1_neutral_angry,24,1,neutral,angry,16,0.765625,-0.046875,0.671875,-0.1328125,-0.80859375,-0.08984375,0.0078125
a24_s1_neutral_angry,24,1,neutral,angry,17,0.78125,-0.53125,0.703125,-0.75,-1.3828125,-0.1484375,-0.140625
a24_s1_neutral_angry,24,1,neutral,angry,18,-0.71875,-0.921875,-0.875,-0.9375,-0.1328125,-0.0859375,0.140625
a24_s1_neutral_angry,24,1,neutral,angry,19,-0.625,0.1875,-0.71875,0.28125,0.90625,0.0,0.1875
a24_s1_neutral_angry,24,1,neutral,angry,20,-0.3125,-0.171875,-0.34375,-0.28125,0.1015625,-0.0703125,-0.078125
a24_s1_neutral_angry,24,1,neutral,angry,21,-0.84375,-0.125,-0.875,-0.296875,0.6484375,-0.1015625,-0.140625
a24_s1_neutral_angry,24,1,neutral,angry,22,-2.53125,-0.703125,-2.15625,-0.546875,1.71875,0.265625,-0.21875
a24_s1_neutral_angry,24,1,neutral,angry,23,-2.96875,-2.578125,-3.21875,-2.515625,0.546875,-0.09375,0.3125
a24_s1_neutral_angry,24,1,neutral,angry,24,-5.937500208616257,-2.578125,-5.9374998807907104,-2.75,3.2734375447034836,-0.08593733608722687,-0.17187532782554626
a24_s1_neutral_angry,24,1,neutral,angry,25,-7.749999836087227,1.3125,-7.875000037252903,1.09375,9.015624936670065,-0.17187510058283806,-0.09374979883432388
a24_s1_neutral_angry,24,1,neutral,angry,26,-6.124999865889549,2.71875,-6.187499985098839,2.15625,8.593749925494194,-0.3125000596046448,-0.49999988079071045
a24_s1_neutral_angry,24,1,neutral,angry,27,-8.125000204425305,4.875,-8.437499834690243,4.0625,12.750000019557774,-0.5624998151324689,-0.5000003697350621
a24_s1_neutral_angry,24,1,neutral,angry,28,-3.6249999701976776,5.124999523162842,-3.8749999552965164,4.0,8.312499724328518,-0.6874997541308403,-0.874999538064003
a24_s2_happy_sad,24,2,happy,sad,0,2.0703125,2.0703125,2.0703125,2.0703125,0.0,0.0,0.0
a24_s2_happy_sad,24,2,happy,sad,1,-0.4375,-0.337890625,-0.492919921875,-0.34228515625,0.1251220703125,-0.0299072265625,0.051025390625
a24_s2_happy_sad,24,2,happy,sad,2,-1.326171875,-1.21484375,-1.29296875,-1.16796875,0.1181640625,0.0400390625,0.013671875
a24_s2_happy_sad,24,2,happy,sad,3,-1.77734375,-1.6875,-1.7148427963256836,-1.5546875,0.1249995231628418,0.0976567268371582,0.0703115463256836
a24_s2_happy_sad,24,2,happy,sad,4,-2.3359375,-2.1953125,-2.265625,-2.0625,0.171875,0.1015625,0.0625
a24_s2_happy_sad,24,2,happy,sad,5,-2.09375,-2.265625,-2.078125,-2.296875,-0.1953125,-0.0078125,-0.046875
a24_s2_happy_sad,24,2,happy,sad,6,-1.890625,-1.890625,-1.96875,-1.96875,0.0,-0.078125,0.0
a24_s2_happy_sad,24,2,happy,sad,7,-0.765625,-0.7265634536743164,-0.765625,-0.7421875,0.031249523162841797,-0.007812023162841797,-0.015624046325683594
a24_s2_happy_sad,24,2,happy,sad,8,-0.6865234375,-0.09765625,-0.765625,-0.064453125,0.64501953125,-0.02294921875,0.1123046875
a24_s2_happy_sad,24,2,happy,sad,9,1.09765625,2.03369140625,0.990234375,1.935546875,0.940673828125,-0.102783203125,0.00927734375
a24_s2_happy_sad,24,2,happy,sad,10,-2.296875,-0.67578125,-2.07421875,-0.5546875,1.5703125,0.171875,-0.1015625
a24_s2_happy_sad,24,2,happy,sad,11,-1.6875,-0.57421875,-1.390625,-0.578125,0.962890625,0.146484375,-0.30078125
a24_s2_happy_sad,24,2,happy,sad,12,-1.953125,-1.177734375,-1.8046875,-1.005859375,0.787109375,0.16015625,0.0234375
a24_s2_happy_sad,24,2,happy,sad,13,0.890625,2.37109375,0.85546875,2.05078125,1.337890625,-0.177734375,-0.28515625
a24_s2_happy_sad,24,2,happy,sad,14,0.390625,1.390625,0.203125,1.40625,1.1015625,-0.0859375,0.203125
a24_s2_happy_sad,24,2,happy,sad,15,1.25,1.8125,1.078125,2.015625,0.75,0.015625,0.375
a24_s2_happy_sad,24,2,happy,sad,16,-0.40625,0.078125,-0.3125,0.3125,0.5546875,0.1640625,0.140625
a24_s2_happy_sad,24,2,happy,sad,17,-0.9375,-0.546875,-0.703125,-0.59375,0.25,0.09375,-0.28125
a24_s2_happy_sad,24,2,happy,sad,18,-0.53125,-0.8125,-0.59375,-0.65625,-0.171875,0.046875,0.21875
a24_s2_happy_sad,24,2,happy,sad,19,-0.40625,-0.7187504768371582,-0.28125,0.0625,0.015624761581420898,0.4531252384185791,0.6562504768371582
a24_s2_happy_sad,24,2,happy,sad,20,0.59375,0.53125,0.4375,0.09375,-0.203125,-0.296875,-0.28125
a24_s2_happy_sad,24,2,happy,sad,21,0.0625,0.09375,0.1875,0.0625,-0.046875,0.046875,-0.15625
a24_s2_happy_sad,24,2,happy,sad,22,-1.5,-1.21875,-1.25,-1.21875,0.15625,0.125,-0.25
a24_s2_happy_sad,24,2,happy,sad,23,-0.9375,-3.312500476837158,-0.5625,-1.96875,-1.890625238418579,0.8593752384185791,0.9687504768371582
a24_s2_happy_sad,24,2,happy,sad,24,-0.875,-1.59375,-0.4375,-0.3125,-0.296875,0.859375,0.84375
a24_s2_happy_sad,24,2,happy,sad,25,-1.4375,-3.4374998807907104,-0.9374997615814209,-0.3125,-0.6875000596046448,1.8125000596046448,2.6249996423721313
a24_s2_happy_sad,24,2,happy,sad,26,-1.125,-2.3750000596046448,-0.25,-0.0625,-0.5312500298023224,1.5937500298023224,1.4375000596046448
a24_s2_happy_sad,24,2,happy,sad,27,-1.125,-7.250000215135515,-1.25,-4.874999955296516,-4.875000085216016,1.1250001299194992,2.5000002598389983
a24_s2_happy_sad,24,2,happy,sad,28,-0.375,-3.749999910593033,-0.375,-2.1249999403953552,-2.562499925494194,0.8124999850988388,1.6249999701976776
a24_s2_neutral_angry,24,2,neutral,angry,0,0.671875,0.671875,0.671875,0.671875,0.0,0.0,0.0
a24_s2_neutral_angry,24,2,neutral,angry,1,-0.169189453125,-0.17578125,-0.26416015625,-0.2666015625,-0.0045166015625,-0.0928955078125,0.004150390625
a24_s2_neutral_angry,24,2,neutral,angry,2,0.37255859375,0.3984375,0.2841796875,0.30078125,0.021240234375,-0.093017578125,-0.00927734375
a24_s2_neutral_angry,24,2,neutral,angry,3,0.140625,-0.03125,0.0625,-0.109375,-0.171875,-0.078125,0.0
a24_s2_neutral_angry,24,2,neutral,angry,4,-0.59375,-0.921875,-0.625,-0.9375,-0.3203125,-0.0234375,0.015625
a24_s2_neutral_angry,24,2,neutral,angry,5,-1.4375,-1.984375,-1.40625,-1.890625,-0.515625,0.0625,0.0625
a24_s2_neutral_angry,24,2,neutral,angry,6,-1.15625,-1.546875,-1.1875,-1.625,-0.4140625,-0.0546875,-0.046875
a24_s2_neutral_angry,24,2,neutral,angry,7,-0.453125,-0.015625,-0.65625,-0.203125,0.4453125,-0.1953125,0.015625
a24_s2_neutral_angry,24,2,neutral,angry,8,-1.6015625,-0.65966796875,-1.6796875,-0.6845703125,0.968505859375,-0.051513671875,0.05322265625
a24_s2_neutral_angry,24,2,neutral,angry,9,-0.15625,0.17578125,-0.109375,0.328125,0.384765625,0.099609375,0.10546875
a24_s2_neutral_angry,24,2,neutral,angry,10,0.77734375,1.486328125,0.84375,1.57421875,0.7197265625,0.0771484375,0.021484375
a24_s2_neutral_angry,24,2,neutral,angry,11,2.62890625,2.45703125,2.763671875,2.796875,-0.0693359375,0.2373046875,0.205078125
a24_s2_neutral_angry,24,2,neutral,angry,12,2.1640625,0.8046875,2.2265625,1.046875,-1.26953125,0.15234375,0.1796875
a24_s2_neutral_angry,24,2,neutral,angry,13,0.796875,0.6796875,0.8505859375,0.625,-0.17138671875,-0.00048828125,-0.1083984375
a24_s2_neutral_angry,24,2,neutral,angry,14,1.4765625,1.5,1.42578125,1.328125,-0.037109375,-0.111328125,-0.12109375
a24_s2_neutral_angry,24,2,neutral,angry,15,1.4609375,1.890625,1.35546875,1.65625,0.365234375,-0.169921875,-0.12890625
a24_s2_neutral_angry,24,2,neutral,angry,16,0.8984375,0.5625,0.8203125,0.296875,-0.4296875,-0.171875,-0.1875
a24_s2_neutral_angry,24,2,neutral,angry,17,0.203125,-0.015625,0.234375,-0.125,-0.2890625,-0.0390625,-0.140625
a24_s2_neutral_angry,24,2,neutral,angry,18,-1.125,-0.2500004768371582,-1.34375,-0.53125,0.8437497615814209,-0.2499997615814209,-0.0624995231628418
a24_s2_neutral_angry,24,2,neutral,angry,19,-0.375,0.8125,-0.5,0.640625,1.1640625,-0.1484375,-0.046875
a24_s2_neutral_angry,24,2,neutral,angry,20,-0.5624995231628418,0.15625,-0.4687495231628418,0.0625,0.6249995231628418,0.0,-0.1875
a24_s2_neutral_angry,24,2,neutral,angry,21,-1.125,-0.25,-1.03125,-0.234375,0.8359375,0.0546875,-0.078125
a24_s2_neutral_angry,24,2,neutral,angry,22,-2.71875,-1.71875,-2.78125,-1.65625,1.0625,0.0,0.125
a24_s2_neutral_angry,24,2,neutral,angry,23,-3.46875,-3.0625,-3.40625,-2.75,0.53125,0.1875,0.25
a24_s2_neutral_angry,24,2,neutral,angry,24,-6.500000223517418,-3.28125,-6.687500029802322,-3.0,3.45312512665987,0.04687509685754776,0.4687498062849045
a24_s2_neutral_angry,24,2,neutral,angry,25,-8.500000409781933,0.03125,-8.437500059604645,0.28125,8.625000234693289,0.15625017508864403,0.18749964982271194
a24_s2_neutral_angry,24,2,neutral,angry,26,-6.9374998807907104,2.4375,-6.687499850988388,2.59375,9.32812486588955,0.2031250149011612,-0.09375002980232239
a24_s2_neutral_angry,24,2,neutral,angry,27,-8.812500371830538,2.124999523162842,-8.812500108964741,2.625,11.18750000197906,0.25000036985147744,0.5000002139713615
a24_s2_neutral_angry,24,2,neutral,angry,28,-4.375000052154064,2.812500476837158,-4.374999985098839,3.375000476837158,7.46875049546361,0.2812500335276127,0.5624999329447746
