filename,audio_path,speaker,word,label
OAF_back_angry.wav,/root/autodl-tmp/kfair/data/tess/audio/OAF_back_angry.wav,OAF,back,angry
OAF_back_happy.wav,/root/autodl-tmp/kfair/data/tess/audio/OAF_back_happy.wav,OAF,back,happy
OAF_back_neutral.wav,/root/autodl-tmp/kfair/data/tess/audio/OAF_back_neutral.wav,OAF,back,neutral
OAF_back_sad.wav,/root/autodl-tmp/kfair/data/tess/audio/OAF_back_sad.wav,OAF,back,sad
OAF_bar_angry.wav,/root/autodl-tmp/kfair/data/tess/audio/OAF_bar_angry.wav,OAF,bar,angry
OAF_bar_happy.wav,/root/autodl-tmp/kfair/data/tess/audio/OAF_bar_happy.wav,OAF,bar,happy
OAF_bar_neutral.wav,/root/autodl-tmp/kfair/data/tess/audio/OAF_bar_neutral.wav,OAF,bar,neutral
OAF_bar_sad.wav,/root/autodl-tmp/kfair/data/tess/audio/OAF_bar_sad.wav,OAF,bar,sad
OAF_base_angry.wav,/root/autodl-tmp/kfair/data/tess/audio/OAF_base_angry.wav,OAF,base,angry
OAF_base_happy.wav,/root/autodl-tmp/kfair/data/tess/audio/OAF_base_happy.wav,OAF,base,happy
OAF_base_neutral.wav,/root/autodl-tmp/kfair/data/tess/audio/OAF_base_neutral.wav,OAF,base,neutral
OAF_base_sad.wav,/root/autodl-tmp/kfair/data/tess/audio/OAF_base_sad.wav,OAF,base,sad
OAF_bath_angry.wav,/root/autodl-tmp/kfair/data/tess/audio/OAF_bath_angry.wav,OAF,bath,angry
OAF_bath_happy.wav,/root/autodl-tmp/kfair/data/tess/audio/OAF_bath_happy.wav,OAF,bath,happy
OAF_bath_neutral.wav,/root/autodl-tmp/kfair/data/tess/audio/OAF_bath_neutral.wav,OAF,bath,neutral
OAF_bath_sad.wav,/root/autodl-tmp/kfair/data/tess/audio/OAF_bath_sad.wav,OAF,bath,sad
OAF_bean_angry.wav,/root/autodl-tmp/kfair/data/tess/audio/OAF_bean_angry.wav,OAF,bean,angry
OAF_bean_happy.wav,/root/autodl-tmp/kfair/data/tess/audio/OAF_bean_happy.wav,OAF,bean,happy
OAF_bean_neutral.wav,/root/autodl-tmp/kfair/data/tess/audio/OAF_bean_neutral.wav,OAF,bean,neutral
OAF_bean_sad.wav,/root/autodl-tmp/kfair/data/tess/audio/OAF_bean_sad.wav,OAF,bean,sad
OAF_beg_angry.wav,/root/autodl-tmp/kfair/data/tess/audio/OAF_beg_angry.wav,OAF,beg,angry
OAF_beg_happy.wav,/root/autodl-tmp/kfair/data/tess/audio/OAF_beg_happy.wav,OAF,beg,happy
OAF_beg_neutral.wav,/root/autodl-tmp/kfair/data/tess/audio/OAF_beg_neutral.wav,OAF,beg,neutral
OAF_beg_sad.wav,/root/autodl-tmp/kfair/data/tess/audio/OAF_beg_sad.wav,OAF,beg,sad
OAF_bite_angry.wav,/root/autodl-tmp/kfair/data/tess/audio/OAF_bite_angry.wav,OAF,bite,angry
OAF_bite_happy.wav,/root/autodl-tmp/kfair/data/tess/audio/OAF_bite_happy.wav,OAF,bite,happy
OA_bite_neutral.wav,/root/autodl-tmp/kfair/data/tess/audio/OA_bite_neutral.wav,OAF,bite,neutral
OAF_bite_sad.wav,/root/autodl-tmp/kfair/data/tess/audio/OAF_bite_sad.wav,OAF,bite,sad
OAF_boat_angry.wav,/root/autodl-tmp/kfair/data/tess/audio/OAF_boat_angry.wav,OAF,boat,angry
OAF_boat_happy.wav,/root/autodl-tmp/kfair/data/tess/audio/OAF_boat_happy.wav,OAF,boat,happy
OAF_boat_neutral.wav,/root/autodl-tmp/kfair/data/tess/audio/OAF_boat_neutral.wav,OAF,boat,neutral
OAF_boat_sad.wav,/root/autodl-tmp/kfair/data/tess/audio/OAF_boat_sad.wav,OAF,boat,sad
OAF_bone_angry.wav,/root/autodl-tmp/kfair/data/tess/audio/OAF_bone_angry.wav,OAF,bone,angry
OAF_bone_happy.wav,/root/autodl-tmp/kfair/data/tess/audio/OAF_bone_happy.wav,OAF,bone,happy
OAF_bone_neutral.wav,/root/autodl-tmp/kfair/data/tess/audio/OAF_bone_neutral.wav,OAF,bone,neutral
OAF_bone_sad.wav,/root/autodl-tmp/kfair/data/tess/audio/OAF_bone_sad.wav,OAF,bone,sad
OAF_book_angry.wav,/root/autodl-tmp/kfair/data/tess/audio/OAF_book_angry.wav,OAF,book,angry
OAF_book_happy.wav,/root/autodl-tmp/kfair/data/tess/audio/OAF_book_happy.wav,OAF,book,happy
OAF_book_neutral.wav,/root/autodl-tmp/kfair/data/tess/audio/OAF_book_neutral.wav,OAF,book,neutral
OAF_book_sad.wav,/root/autodl-tmp/kfair/data/tess/audio/OAF_book_sad.wav,OAF,book,sad
OAF_bought_angry.wav,/root/autodl-tmp/kfair/data/tess/audio/OAF_bought_angry.wav,OAF,bought,angry
OAF_bought_happy.wav,/root/autodl-tmp/kfair/data/tess/audio/OAF_bought_happy.wav,OAF,bought,happy
OAF_bought_neutral.wav,/root/autodl-tmp/kfair/data/tess/audio/OAF_bought_neutral.wav,OAF,bought,neutral
OAF_bought_sad.wav,/root/autodl-tmp/kfair/data/tess/audio/OAF_bought_sad.wav,OAF,bought,sad
OAF_burn_angry.wav,/root/autodl-tmp/kfair/data/tess/audio/OAF_burn_angry.wav,OAF,burn,angry
OAF_burn_happy.wav,/root/autodl-tmp/kfair/data/tess/audio/OAF_burn_happy.wav,OAF,burn,happy
OAF_burn_neutral.wav,/root/autodl-tmp/kfair/data/tess/audio/OAF_burn_neutral.wav,OAF,burn,neutral
OAF_burn_sad.wav,/root/autodl-tmp/kfair/data/tess/audio/OAF_burn_sad.wav,OAF,burn,sad
OAF_cab_angry.wav,/root/autodl-tmp/kfair/data/tess/audio/OAF_cab_angry.wav,OAF,cab,angry
OAF_cab_happy.wav,/root/autodl-tmp/kfair/data/tess/audio/OAF_cab_happy.wav,OAF,cab,happy
OAF_cab_neutral.wav,/root/autodl-tmp/kfair/data/tess/audio/OAF_cab_neutral.wav,OAF,cab,neutral
OAF_cab_sad.wav,/root/autodl-tmp/kfair/data/tess/audio/OAF_cab_sad.wav,OAF,cab,sad
OAF_calm_angry.wav,/root/autodl-tmp/kfair/data/tess/audio/OAF_calm_angry.wav,OAF,calm,angry
OAF_calm_happy.wav,/root/autodl-tmp/kfair/data/tess/audio/OAF_calm_happy.wav,OAF,calm,happy
OAF_calm_neutral.wav,/root/autodl-tmp/kfair/data/tess/audio/OAF_calm_neutral.wav,OAF,calm,neutral
OAF_calm_sad.wav,/root/autodl-tmp/kfair/data/tess/audio/OAF_calm_sad.wav,OAF,calm,sad
OAF_came_angry.wav,/root/autodl-tmp/kfair/data/tess/audio/OAF_came_angry.wav,OAF,came,angry
OAF_came_happy.wav,/root/autodl-tmp/kfair/data/tess/audio/OAF_came_happy.wav,OAF,came,happy
OAF_came_neutral.wav,/root/autodl-tmp/kfair/data/tess/audio/OAF_came_neutral.wav,OAF,came,neutral
OAF_came_sad.wav,/root/autodl-tmp/kfair/data/tess/audio/OAF_came_sad.wav,OAF,came,sad
OAF_cause_angry.wav,/root/autodl-tmp/kfair/data/tess/audio/OAF_cause_angry.wav,OAF,cause,angry
OAF_cause_happy.wav,/root/autodl-tmp/kfair/data/tess/audio/OAF_cause_happy.wav,OAF,cause,happy
OAF_cause_neutral.wav,/root/autodl-tmp/kfair/data/tess/audio/OAF_cause_neutral.wav,OAF,cause,neutral
OAF_cause_sad.wav,/root/autodl-tmp/kfair/data/tess/audio/OAF_cause_sad.wav,OAF,cause,sad
OAF_chain_angry.wav,/root/autodl-tmp/kfair/data/tess/audio/OAF_chain_angry.wav,OAF,chain,angry
OAF_chain_happy.wav,/root/autodl-tmp/kfair/data/tess/audio/OAF_chain_happy.wav,OAF,chain,happy
OAF_chain_neutral.wav,/root/autodl-tmp/kfair/data/tess/audio/OAF_chain_neutral.wav,OAF,chain,neutral
OAF_chain_sad.wav,/root/autodl-tmp/kfair/data/tess/audio/OAF_chain_sad.wav,OAF,chain,sad
OAF_chair_angry.wav,/root/autodl-tmp/kfair/data/tess/audio/OAF_chair_angry.wav,OAF,chair,angry
OAF_chair_happy.wav,/root/autodl-tmp/kfair/data/tess/audio/OAF_chair_happy.wav,OAF,chair,happy
OAF_chair_neutral.wav,/root/autodl-tmp/kfair/data/tess/audio/OAF_chair_neutral.wav,OAF,chair,neutral
OAF_chair_sad.wav,/root/autodl-tmp/kfair/data/tess/audio/OAF_chair_sad.wav,OAF,chair,sad
OAF_chalk_angry.wav,/root/autodl-tmp/kfair/data/tess/audio/OAF_chalk_angry.wav,OAF,chalk,angry
OAF_chalk_happy.wav,/root/autodl-tmp/kfair/data/tess/audio/OAF_chalk_happy.wav,OAF,chalk,happy
OAF_chalk_neutral.wav,/root/autodl-tmp/kfair/data/tess/audio/OAF_chalk_neutral.wav,OAF,chalk,neutral
OAF_chalk_sad.wav,/root/autodl-tmp/kfair/data/tess/audio/OAF_chalk_sad.wav,OAF,chalk,sad
OAF_chat_angry.wav,/root/autodl-tmp/kfair/data/tess/audio/OAF_chat_angry.wav,OAF,chat,angry
OAF_chat_happy.wav,/root/autodl-tmp/kfair/data/tess/audio/OAF_chat_happy.wav,OAF,chat,happy
OAF_chat_neutral.wav,/root/autodl-tmp/kfair/data/tess/audio/OAF_chat_neutral.wav,OAF,chat,neutral
OAF_chat_sad.wav,/root/autodl-tmp/kfair/data/tess/audio/OAF_chat_sad.wav,OAF,chat,sad
OAF_check_angry.wav,/root/autodl-tmp/kfair/data/tess/audio/OAF_check_angry.wav,OAF,check,angry
OAF_check_happy.wav,/root/autodl-tmp/kfair/data/tess/audio/OAF_check_happy.wav,OAF,check,happy
OAF_check_neutral.wav,/root/autodl-tmp/kfair/data/tess/audio/OAF_check_neutral.wav,OAF,check,neutral
OAF_check_sad.wav,/root/autodl-tmp/kfair/data/tess/audio/OAF_check_sad.wav,OAF,check,sad
OAF_cheek_angry.wav,/root/autodl-tmp/kfair/data/tess/audio/OAF_cheek_angry.wav,OAF,cheek,angry
OAF_cheek_happy.wav,/root/autodl-tmp/kfair/data/tess/audio/OAF_cheek_happy.wav,OAF,cheek,happy
OAF_cheek_neutral.wav,/root/autodl-tmp/kfair/data/tess/audio/OAF_cheek_neutral.wav,OAF,cheek,neutral
OAF_cheek_sad.wav,/root/autodl-tmp/kfair/data/tess/audio/OAF_cheek_sad.wav,OAF,cheek,sad
OAF_chief_angry.wav,/root/autodl-tmp/kfair/data/tess/audio/OAF_chief_angry.wav,OAF,chief,angry
OAF_chief_happy.wav,/root/autodl-tmp/kfair/data/tess/audio/OAF_chief_happy.wav,OAF,chief,happy
OAF_chief_neutral.wav,/root/autodl-tmp/kfair/data/tess/audio/OAF_chief_neutral.wav,OAF,chief,neutral
OAF_chief_sad.wav,/root/autodl-tmp/kfair/data/tess/audio/OAF_chief_sad.wav,OAF,chief,sad
OAF_choice_angry.wav,/root/autodl-tmp/kfair/data/tess/audio/OAF_choice_angry.wav,OAF,choice,angry
OAF_choice_happy.wav,/root/autodl-tmp/kfair/data/tess/audio/OAF_choice_happy.wav,OAF,choice,happy
OAF_choice_neutral.wav,/root/autodl-tmp/kfair/data/tess/audio/OAF_choice_neutral.wav,OAF,choice,neutral
OAF_choice_sad.wav,/root/autodl-tmp/kfair/data/tess/audio/OAF_choice_sad.wav,OAF,choice,sad
OAF_cool_angry.wav,/root/autodl-tmp/kfair/data/tess/audio/OAF_cool_angry.wav,OAF,cool,angry
OAF_cool_happy.wav,/root/autodl-tmp/kfair/data/tess/audio/OAF_cool_happy.wav,OAF,cool,happy
OAF_cool_neutral.wav,/root/autodl-tmp/kfair/data/tess/audio/OAF_cool_neutral.wav,OAF,cool,neutral
OAF_cool_sad.wav,/root/autodl-tmp/kfair/data/tess/audio/OAF_cool_sad.wav,OAF,cool,sad
OAF_dab_angry.wav,/root/autodl-tmp/kfair/data/tess/audio/OAF_dab_angry.wav,OAF,dab,angry
OAF_dab_happy.wav,/root/autodl-tmp/kfair/data/tess/audio/OAF_dab_happy.wav,OAF,dab,happy
OAF_dab_neutral.wav,/root/autodl-tmp/kfair/data/tess/audio/OAF_dab_neutral.wav,OAF,dab,neutral
OAF_dab_sad.wav,/root/autodl-tmp/kfair/data/tess/audio/OAF_dab_sad.wav,OAF,dab,sad
OAF_date_angry.wav,/root/autodl-tmp/kfair/data/tess/audio/OAF_date_angry.wav,OAF,date,angry
OAF_date_happy.wav,/root/autodl-tmp/kfair/data/tess/audio/OAF_date_happy.wav,OAF,date,happy
OAF_date_neutral.wav,/root/autodl-tmp/kfair/data/tess/audio/OAF_date_neutral.wav,OAF,date,neutral
OAF_date_sad.wav,/root/autodl-tmp/kfair/data/tess/audio/OAF_date_sad.wav,OAF,date,sad
OAF_dead_angry.wav,/root/autodl-tmp/kfair/data/tess/audio/OAF_dead_angry.wav,OAF,dead,angry
OAF_dead_happy.wav,/root/autodl-tmp/kfair/data/tess/audio/OAF_dead_happy.wav,OAF,dead,happy
OAF_dead_neutral.wav,/root/autodl-tmp/kfair/data/tess/audio/OAF_dead_neutral.wav,OAF,dead,neutral
OAF_dead_sad.wav,/root/autodl-tmp/kfair/data/tess/audio/OAF_dead_sad.wav,OAF,dead,sad
OAF_death_angry.wav,/root/autodl-tmp/kfair/data/tess/audio/OAF_death_angry.wav,OAF,death,angry
OAF_death_happy.wav,/root/autodl-tmp/kfair/data/tess/audio/OAF_death_happy.wav,OAF,death,happy
OAF_death_neutral.wav,/root/autodl-tmp/kfair/data/tess/audio/OAF_death_neutral.wav,OAF,death,neutral
OAF_death_sad.wav,/root/autodl-tmp/kfair/data/tess/audio/OAF_death_sad.wav,OAF,death,sad
OAF_deep_angry.wav,/root/autodl-tmp/kfair/data/tess/audio/OAF_deep_angry.wav,OAF,deep,angry
OAF_deep_happy.wav,/root/autodl-tmp/kfair/data/tess/audio/OAF_deep_happy.wav,OAF,deep,happy
OAF_deep_neutral.wav,/root/autodl-tmp/kfair/data/tess/audio/OAF_deep_neutral.wav,OAF,deep,neutral
OAF_deep_sad.wav,/root/autodl-tmp/kfair/data/tess/audio/OAF_deep_sad.wav,OAF,deep,sad
OAF_dime_angry.wav,/root/autodl-tmp/kfair/data/tess/audio/OAF_dime_angry.wav,OAF,dime,angry
OAF_dime_happy.wav,/root/autodl-tmp/kfair/data/tess/audio/OAF_dime_happy.wav,OAF,dime,happy
OAF_dime_neutral.wav,/root/autodl-tmp/kfair/data/tess/audio/OAF_dime_neutral.wav,OAF,dime,neutral
OAF_dime_sad.wav,/root/autodl-tmp/kfair/data/tess/audio/OAF_dime_sad.wav,OAF,dime,sad
OAF_dip_angry.wav,/root/autodl-tmp/kfair/data/tess/audio/OAF_dip_angry.wav,OAF,dip,angry
OAF_dip_happy.wav,/root/autodl-tmp/kfair/data/tess/audio/OAF_dip_happy.wav,OAF,dip,happy
OAF_dip_neutral.wav,/root/autodl-tmp/kfair/data/tess/audio/OAF_dip_neutral.wav,OAF,dip,neutral
OAF_dip_sad.wav,/root/autodl-tmp/kfair/data/tess/audio/OAF_dip_sad.wav,OAF,dip,sad
OAF_ditch_angry.wav,/root/autodl-tmp/kfair/data/tess/audio/OAF_ditch_angry.wav,OAF,ditch,angry
OAF_ditch_happy.wav,/root/autodl-tmp/kfair/data/tess/audio/OAF_ditch_happy.wav,OAF,ditch,happy
OAF_ditch_neutral.wav,/root/autodl-tmp/kfair/data/tess/audio/OAF_ditch_neutral.wav,OAF,ditch,neutral
OAF_ditch_sad.wav,/root/autodl-tmp/kfair/data/tess/audio/OAF_ditch_sad.wav,OAF,ditch,sad
OAF_dodge_angry.wav,/root/autodl-tmp/kfair/data/tess/audio/OAF_dodge_angry.wav,OAF,dodge,angry
OAF_dodge_happy.wav,/root/autodl-tmp/kfair/data/tess/audio/OAF_dodge_happy.wav,OAF,dodge,happy
OAF_dodge_neutral.wav,/root/autodl-tmp/kfair/data/tess/audio/OAF_dodge_neutral.wav,OAF,dodge,neutral
OAF_dodge_sad.wav,/root/autodl-tmp/kfair/data/tess/audio/OAF_dodge_sad.wav,OAF,dodge,sad
OAF_dog_angry.wav,/root/autodl-tmp/kfair/data/tess/audio/OAF_dog_angry.wav,OAF,dog,angry
OAF_dog_happy.wav,/root/autodl-tmp/kfair/data/tess/audio/OAF_dog_happy.wav,OAF,dog,happy
OAF_dog_neutral.wav,/root/autodl-tmp/kfair/data/tess/audio/OAF_dog_neutral.wav,OAF,dog,neutral
OAF_dog_sad.wav,/root/autodl-tmp/kfair/data/tess/audio/OAF_dog_sad.wav,OAF,dog,sad
OAF_doll_angry.wav,/root/autodl-tmp/kfair/data/tess/audio/OAF_doll_angry.wav,OAF,doll,angry
OAF_doll_happy.wav,/root/autodl-tmp/kfair/data/tess/audio/OAF_doll_happy.wav,OAF,doll,happy
OAF_doll_neutral.wav,/root/autodl-tmp/kfair/data/tess/audio/OAF_doll_neutral.wav,OAF,doll,neutral
OAF_doll_sad.wav,/root/autodl-tmp/kfair/data/tess/audio/OAF_doll_sad.wav,OAF,doll,sad
OAF_door_angry.wav,/root/autodl-tmp/kfair/data/tess/audio/OAF_door_angry.wav,OAF,door,angry
OAF_door_happy.wav,/root/autodl-tmp/kfair/data/tess/audio/OAF_door_happy.wav,OAF,door,happy
OAF_door_neutral.wav,/root/autodl-tmp/kfair/data/tess/audio/OAF_door_neutral.wav,OAF,door,neutral
OAF_door_sad.wav,/root/autodl-tmp/kfair/data/tess/audio/OAF_door_sad.wav,OAF,door,sad
OAF_fail_angry.wav,/root/autodl-tmp/kfair/data/tess/audio/OAF_fail_angry.wav,OAF,fail,angry
OAF_fail_happy.wav,/root/autodl-tmp/kfair/data/tess/audio/OAF_fail_happy.wav,OAF,fail,happy
OAF_fail_neutral.wav,/root/autodl-tmp/kfair/data/tess/audio/OAF_fail_neutral.wav,OAF,fail,neutral
OAF_fail_sad.wav,/root/autodl-tmp/kfair/data/tess/audio/OAF_fail_sad.wav,OAF,fail,sad
OAF_fall_angry.wav,/root/autodl-tmp/kfair/data/tess/audio/OAF_fall_angry.wav,OAF,fall,angry
OAF_fall_happy.wav,/root/autodl-tmp/kfair/data/tess/audio/OAF_fall_happy.wav,OAF,fall,happy
OAF_fall_neutral.wav,/root/autodl-tmp/kfair/data/tess/audio/OAF_fall_neutral.wav,OAF,fall,neutral
OAF_fall_sad.wav,/root/autodl-tmp/kfair/data/tess/audio/OAF_fall_sad.wav,OAF,fall,sad
OAF_far_angry.wav,/root/autodl-tmp/kfair/data/tess/audio/OAF_far_angry.wav,OAF,far,angry
OAF_far_happy.wav,/root/autodl-tmp/kfair/data/tess/audio/OAF_far_happy.wav,OAF,far,happy
OAF_far_neutral.wav,/root/autodl-tmp/kfair/data/tess/audio/OAF_far_neutral.wav,OAF,far,neutral
OAF_far_sad.wav,/root/autodl-tmp/kfair/data/tess/audio/OAF_far_sad.wav,OAF,far,sad
OAF_fat_angry.wav,/root/autodl-tmp/kfair/data/tess/audio/OAF_fat_angry.wav,OAF,fat,angry
OAF_fat_happy.wav,/root/autodl-tmp/kfair/data/tess/audio/OAF_fat_happy.wav,OAF,fat,happy
OAF_fat_neutral.wav,/root/autodl-tmp/kfair/data/tess/audio/OAF_fat_neutral.wav,OAF,fat,neutral
OAF_fat_sad.wav,/root/autodl-tmp/kfair/data/tess/audio/OAF_fat_sad.wav,OAF,fat,sad
OAF_fit_angry.wav,/root/autodl-tmp/kfair/data/tess/audio/OAF_fit_angry.wav,OAF,fit,angry
OAF_fit_happy.wav,/root/autodl-tmp/kfair/data/tess/audio/OAF_fit_happy.wav,OAF,fit,happy
OAF_fit_neutral.wav,/root/autodl-tmp/kfair/data/tess/audio/OAF_fit_neutral.wav,OAF,fit,neutral
OAF_fit_sad.wav,/root/autodl-tmp/kfair/data/tess/audio/OAF_fit_sad.wav,OAF,fit,sad
OAF_five_angry.wav,/root/autodl-tmp/kfair/data/tess/audio/OAF_five_angry.wav,OAF,five,angry
OAF_five_happy.wav,/root/autodl-tmp/kfair/data/tess/audio/OAF_five_happy.wav,OAF,five,happy
OAF_five_neutral.wav,/root/autodl-tmp/kfair/data/tess/audio/OAF_five_neutral.wav,OAF,five,neutral
OAF_five_sad.wav,/root/autodl-tmp/kfair/data/tess/audio/OAF_five_sad.wav,OAF,five,sad
OAF_food_angry.wav,/root/autodl-tmp/kfair/data/tess/audio/OAF_food_angry.wav,OAF,food,angry
OAF_food_happy.wav,/root/autodl-tmp/kfair/data/tess/audio/OAF_food_happy.wav,OAF,food,happy
OAF_food_neutral.wav,/root/autodl-tmp/kfair/data/tess/audio/OAF_food_neutral.wav,OAF,food,neutral
OAF_food_sad.wav,/root/autodl-tmp/kfair/data/tess/audio/OAF_food_sad.wav,OAF,food,sad
OAF_gap_angry.wav,/root/autodl-tmp/kfair/data/tess/audio/OAF_gap_angry.wav,OAF,gap,angry
OAF_gap_happy.wav,/root/autodl-tmp/kfair/data/tess/audio/OAF_gap_happy.wav,OAF,gap,happy
OAF_gap_neutral.wav,/root/autodl-tmp/kfair/data/tess/audio/OAF_gap_neutral.wav,OAF,gap,neutral
OAF_gap_sad.wav,/root/autodl-tmp/kfair/data/tess/audio/OAF_gap_sad.wav,OAF,gap,sad
OAF_gas_angry.wav,/root/autodl-tmp/kfair/data/tess/audio/OAF_gas_angry.wav,OAF,gas,angry
OAF_gas_happy.wav,/root/autodl-tmp/kfair/data/tess/audio/OAF_gas_happy.wav,OAF,gas,happy
OAF_gas_neutral.wav,/root/autodl-tmp/kfair/data/tess/audio/OAF_gas_neutral.wav,OAF,gas,neutral
OAF_gas_sad.wav,/root/autodl-tmp/kfair/data/tess/audio/OAF_gas_sad.wav,OAF,gas,sad
OAF_gaze_angry.wav,/root/autodl-tmp/kfair/data/tess/audio/OAF_gaze_angry.wav,OAF,gaze,angry
OAF_gaze_happy.wav,/root/autodl-tmp/kfair/data/tess/audio/OAF_gaze_happy.wav,OAF,gaze,happy
OAF_gaze_neutral.wav,/root/autodl-tmp/kfair/data/tess/audio/OAF_gaze_neutral.wav,OAF,gaze,neutral
OAF_gaze_sad.wav,/root/autodl-tmp/kfair/data/tess/audio/OAF_gaze_sad.wav,OAF,gaze,sad
OAF_germ_angry.wav,/root/autodl-tmp/kfair/data/tess/audio/OAF_germ_angry.wav,OAF,germ,angry
OAF_germ_happy.wav,/root/autodl-tmp/kfair/data/tess/audio/OAF_germ_happy.wav,OAF,germ,happy
OAF_germ_neutral.wav,/root/autodl-tmp/kfair/data/tess/audio/OAF_germ_neutral.wav,OAF,germ,neutral
OAF_germ_sad.wav,/root/autodl-tmp/kfair/data/tess/audio/OAF_germ_sad.wav,OAF,germ,sad
OAF_get_angry.wav,/root/autodl-tmp/kfair/data/tess/audio/OAF_get_angry.wav,OAF,get,angry
OAF_get_happy.wav,/root/autodl-tmp/kfair/data/tess/audio/OAF_get_happy.wav,OAF,get,happy
OAF_get_neutral.wav,/root/autodl-tmp/kfair/data/tess/audio/OAF_get_neutral.wav,OAF,get,neutral
OAF_get_sad.wav,/root/autodl-tmp/kfair/data/tess/audio/OAF_get_sad.wav,OAF,get,sad
OAF_gin_angry.wav,/root/autodl-tmp/kfair/data/tess/audio/OAF_gin_angry.wav,OAF,gin,angry
OAF_gin_happy.wav,/root/autodl-tmp/kfair/data/tess/audio/OAF_gin_happy.wav,OAF,gin,happy
OAF_gin_neutral.wav,/root/autodl-tmp/kfair/data/tess/audio/OAF_gin_neutral.wav,OAF,gin,neutral
OAF_gin_sad.wav,/root/autodl-tmp/kfair/data/tess/audio/OAF_gin_sad.wav,OAF,gin,sad
OAF_goal_angry.wav,/root/autodl-tmp/kfair/data/tess/audio/OAF_goal_angry.wav,OAF,goal,angry
OAF_goal_happy.wav,/root/autodl-tmp/kfair/data/tess/audio/OAF_goal_happy.wav,OAF,goal,happy
OAF_goal_neutral.wav,/root/autodl-tmp/kfair/data/tess/audio/OAF_goal_neutral.wav,OAF,goal,neutral
OAF_goal_sad.wav,/root/autodl-tmp/kfair/data/tess/audio/OAF_goal_sad.wav,OAF,goal,sad
OAF_good_angry.wav,/root/autodl-tmp/kfair/data/tess/audio/OAF_good_angry.wav,OAF,good,angry
OAF_good_happy.wav,/root/autodl-tmp/kfair/data/tess/audio/OAF_good_happy.wav,OAF,good,happy
OAF_good_neutral.wav,/root/autodl-tmp/kfair/data/tess/audio/OAF_good_neutral.wav,OAF,good,neutral
OAF_good_sad.wav,/root/autodl-tmp/kfair/data/tess/audio/OAF_good_sad.wav,OAF,good,sad
OAF_goose_angry.wav,/root/autodl-tmp/kfair/data/tess/audio/OAF_goose_angry.wav,OAF,goose,angry
OAF_goose_happy.wav,/root/autodl-tmp/kfair/data/tess/audio/OAF_goose_happy.wav,OAF,goose,happy
OAF_goose_neutral.wav,/root/autodl-tmp/kfair/data/tess/audio/OAF_goose_neutral.wav,OAF,goose,neutral
OAF_goose_sad.wav,/root/autodl-tmp/kfair/data/tess/audio/OAF_goose_sad.wav,OAF,goose,sad
OAF_gun_angry.wav,/root/autodl-tmp/kfair/data/tess/audio/OAF_gun_angry.wav,OAF,gun,angry
OAF_gun_happy.wav,/root/autodl-tmp/kfair/data/tess/audio/OAF_gun_happy.wav,OAF,gun,happy
OAF_gun_neutral.wav,/root/autodl-tmp/kfair/data/tess/audio/OAF_gun_neutral.wav,OAF,gun,neutral
OAF_gun_sad.wav,/root/autodl-tmp/kfair/data/tess/audio/OAF_gun_sad.wav,OAF,gun,sad
OAF_half_angry.wav,/root/autodl-tmp/kfair/data/tess/audio/OAF_half_angry.wav,OAF,half,angry
OAF_half_happy.wav,/root/autodl-tmp/kfair/data/tess/audio/OAF_half_happy.wav,OAF,half,happy
OAF_half_neutral.wav,/root/autodl-tmp/kfair/data/tess/audio/OAF_half_neutral.wav,OAF,half,neutral
OAF_half_sad.wav,/root/autodl-tmp/kfair/data/tess/audio/OAF_half_sad.wav,OAF,half,sad
OAF_hall_angry.wav,/root/autodl-tmp/kfair/data/tess/audio/OAF_hall_angry.wav,OAF,hall,angry
OAF_hall_happy.wav,/root/autodl-tmp/kfair/data/tess/audio/OAF_hall_happy.wav,OAF,hall,happy
OAF_hall_neutral.wav,/root/autodl-tmp/kfair/data/tess/audio/OAF_hall_neutral.wav,OAF,hall,neutral
OAF_hall_sad.wav,/root/autodl-tmp/kfair/data/tess/audio/OAF_hall_sad.wav,OAF,hall,sad
OAF_hash_angry.wav,/root/autodl-tmp/kfair/data/tess/audio/OAF_hash_angry.wav,OAF,hash,angry
OAF_hash_happy.wav,/root/autodl-tmp/kfair/data/tess/audio/OAF_hash_happy.wav,OAF,hash,happy
OAF_hash_neutral.wav,/root/autodl-tmp/kfair/data/tess/audio/OAF_hash_neutral.wav,OAF,hash,neutral
OAF_hash_sad.wav,/root/autodl-tmp/kfair/data/tess/audio/OAF_hash_sad.wav,OAF,hash,sad
OAF_hate_angry.wav,/root/autodl-tmp/kfair/data/tess/audio/OAF_hate_angry.wav,OAF,hate,angry
OAF_hate_happy.wav,/root/autodl-tmp/kfair/data/tess/audio/OAF_hate_happy.wav,OAF,hate,happy
OAF_hate_neutral.wav,/root/autodl-tmp/kfair/data/tess/audio/OAF_hate_neutral.wav,OAF,hate,neutral
OAF_hate_sad.wav,/root/autodl-tmp/kfair/data/tess/audio/OAF_hate_sad.wav,OAF,hate,sad
OAF_have_angry.wav,/root/autodl-tmp/kfair/data/tess/audio/OAF_have_angry.wav,OAF,have,angry
OAF_have_happy.wav,/root/autodl-tmp/kfair/data/tess/audio/OAF_have_happy.wav,OAF,have,happy
OAF_have_neutral.wav,/root/autodl-tmp/kfair/data/tess/audio/OAF_have_neutral.wav,OAF,have,neutral
OAF_have_sad.wav,/root/autodl-tmp/kfair/data/tess/audio/OAF_have_sad.wav,OAF,have,sad
OAF_haze_angry.wav,/root/autodl-tmp/kfair/data/tess/audio/OAF_haze_angry.wav,OAF,haze,angry
OAF_haze_happy.wav,/root/autodl-tmp/kfair/data/tess/audio/OAF_haze_happy.wav,OAF,haze,happy
OAF_haze_neutral.wav,/root/autodl-tmp/kfair/data/tess/audio/OAF_haze_neutral.wav,OAF,haze,neutral
OAF_haze_sad.wav,/root/autodl-tmp/kfair/data/tess/audio/OAF_haze_sad.wav,OAF,haze,sad
OAF_hire_angry.wav,/root/autodl-tmp/kfair/data/tess/audio/OAF_hire_angry.wav,OAF,hire,angry
OAF_hire_happy.wav,/root/autodl-tmp/kfair/data/tess/audio/OAF_hire_happy.wav,OAF,hire,happy
OAF_hire_neutral.wav,/root/autodl-tmp/kfair/data/tess/audio/OAF_hire_neutral.wav,OAF,hire,neutral
OAF_hire_sad.wav,/root/autodl-tmp/kfair/data/tess/audio/OAF_hire_sad.wav,OAF,hire,sad
OAF_hit_angry.wav,/root/autodl-tmp/kfair/data/tess/audio/OAF_hit_angry.wav,OAF,hit,angry
OAF_hit_happy.wav,/root/autodl-tmp/kfair/data/tess/audio/OAF_hit_happy.wav,OAF,hit,happy
OAF_hit_neutral.wav,/root/autodl-tmp/kfair/data/tess/audio/OAF_hit_neutral.wav,OAF,hit,neutral
OAF_hit_sad.wav,/root/autodl-tmp/kfair/data/tess/audio/OAF_hit_sad.wav,OAF,hit,sad
OAF_hole_angry.wav,/root/autodl-tmp/kfair/data/tess/audio/OAF_hole_angry.wav,OAF,hole,angry
OAF_hole_happy.wav,/root/autodl-tmp/kfair/data/tess/audio/OAF_hole_happy.wav,OAF,hole,happy
OAF_hole_neutral.wav,/root/autodl-tmp/kfair/data/tess/audio/OAF_hole_neutral.wav,OAF,hole,neutral
OAF_hole_sad.wav,/root/autodl-tmp/kfair/data/tess/audio/OAF_hole_sad.wav,OAF,hole,sad
OAF_home_angry.wav,/root/autodl-tmp/kfair/data/tess/audio/OAF_home_angry.wav,OAF,home,angry
OAF_home_happy.wav,/root/autodl-tmp/kfair/data/tess/audio/OAF_home_happy.wav,OAF,home,happy
OAF_home_neutral.wav,/root/autodl-tmp/kfair/data/tess/audio/OAF_home_neutral.wav,OAF,home,neutral
OAF_home_sad.wav,/root/autodl-tmp/kfair/data/tess/audio/OAF_home_sad.wav,OAF,home,sad
OAF_hurl_angry.wav,/root/autodl-tmp/kfair/data/tess/audio/OAF_hurl_angry.wav,OAF,hurl,angry
OAF_hurl_happy.wav,/root/autodl-tmp/kfair/data/tess/audio/OAF_hurl_happy.wav,OAF,hurl,happy
OAF_hurl_neutral.wav,/root/autodl-tmp/kfair/data/tess/audio/OAF_hurl_neutral.wav,OAF,hurl,neutral
OAF_hurl_sad.wav,/root/autodl-tmp/kfair/data/tess/audio/OAF_hurl_sad.wav,OAF,hurl,sad
OAF_hush_angry.wav,/root/autodl-tmp/kfair/data/tess/audio/OAF_hush_angry.wav,OAF,hush,angry
OAF_hush_happy.wav,/root/autodl-tmp/kfair/data/tess/audio/OAF_hush_happy.wav,OAF,hush,happy
OAF_hush_neutral.wav,/root/autodl-tmp/kfair/data/tess/audio/OAF_hush_neutral.wav,OAF,hush,neutral
OAF_hush_sad.wav,/root/autodl-tmp/kfair/data/tess/audio/OAF_hush_sad.wav,OAF,hush,sad
OAF_jail_angry.wav,/root/autodl-tmp/kfair/data/tess/audio/OAF_jail_angry.wav,OAF,jail,angry
OAF_jail_happy.wav,/root/autodl-tmp/kfair/data/tess/audio/OAF_jail_happy.wav,OAF,jail,happy
OAF_jail_neutral.wav,/root/autodl-tmp/kfair/data/tess/audio/OAF_jail_neutral.wav,OAF,jail,neutral
OAF_jail_sad.wav,/root/autodl-tmp/kfair/data/tess/audio/OAF_jail_sad.wav,OAF,jail,sad
OAF_jar_angry.wav,/root/autodl-tmp/kfair/data/tess/audio/OAF_jar_angry.wav,OAF,jar,angry
OAF_jar_happy.wav,/root/autodl-tmp/kfair/data/tess/audio/OAF_jar_happy.wav,OAF,jar,happy
OAF_jar_neutral.wav,/root/autodl-tmp/kfair/data/tess/audio/OAF_jar_neutral.wav,OAF,jar,neutral
OAF_jar_sad.wav,/root/autodl-tmp/kfair/data/tess/audio/OAF_jar_sad.wav,OAF,jar,sad
OAF_join_angry.wav,/root/autodl-tmp/kfair/data/tess/audio/OAF_join_angry.wav,OAF,join,angry
OAF_join_happy.wav,/root/autodl-tmp/kfair/data/tess/audio/OAF_join_happy.wav,OAF,join,happy
OAF_join_neutral.wav,/root/autodl-tmp/kfair/data/tess/audio/OAF_join_neutral.wav,OAF,join,neutral
OAF_join_sad.wav,/root/autodl-tmp/kfair/data/tess/audio/OAF_join_sad.wav,OAF,join,sad
OAF_judge_angry.wav,/root/autodl-tmp/kfair/data/tess/audio/OAF_judge_angry.wav,OAF,judge,angry
OAF_judge_happy.wav,/root/autodl-tmp/kfair/data/tess/audio/OAF_judge_happy.wav,OAF,judge,happy
OAF_judge_neutral.wav,/root/autodl-tmp/kfair/data/tess/audio/OAF_judge_neutral.wav,OAF,judge,neutral
OAF_judge_sad.wav,/root/autodl-tmp/kfair/data/tess/audio/OAF_judge_sad.wav,OAF,judge,sad
OAF_jug_angry.wav,/root/autodl-tmp/kfair/data/tess/audio/OAF_jug_angry.wav,OAF,jug,angry
OAF_jug_happy.wav,/root/autodl-tmp/kfair/data/tess/audio/OAF_jug_happy.wav,OAF,jug,happy
OAF_jug_neutral.wav,/root/autodl-tmp/kfair/data/tess/audio/OAF_jug_neutral.wav,OAF,jug,neutral
OAF_jug_sad.wav,/root/autodl-tmp/kfair/data/tess/audio/OAF_jug_sad.wav,OAF,jug,sad
OAF_juice_angry.wav,/root/autodl-tmp/kfair/data/tess/audio/OAF_juice_angry.wav,OAF,juice,angry
OAF_juice_happy.wav,/root/autodl-tmp/kfair/data/tess/audio/OAF_juice_happy.wav,OAF,juice,happy
OAF_juice_neutral.wav,/root/autodl-tmp/kfair/data/tess/audio/OAF_juice_neutral.wav,OAF,juice,neutral
OAF_juice_sad.wav,/root/autodl-tmp/kfair/data/tess/audio/OAF_juice_sad.wav,OAF,juice,sad
OAF_keen_angry.wav,/root/autodl-tmp/kfair/data/tess/audio/OAF_keen_angry.wav,OAF,keen,angry
OAF_keen_happy.wav,/root/autodl-tmp/kfair/data/tess/audio/OAF_keen_happy.wav,OAF,keen,happy
OAF_keen_neutral.wav,/root/autodl-tmp/kfair/data/tess/audio/OAF_keen_neutral.wav,OAF,keen,neutral
OAF_keen_sad.wav,/root/autodl-tmp/kfair/data/tess/audio/OAF_keen_sad.wav,OAF,keen,sad
OAF_keep_angry.wav,/root/autodl-tmp/kfair/data/tess/audio/OAF_keep_angry.wav,OAF,keep,angry
OAF_keep_happy.wav,/root/autodl-tmp/kfair/data/tess/audio/OAF_keep_happy.wav,OAF,keep,happy
OAF_keep_neutral.wav,/root/autodl-tmp/kfair/data/tess/audio/OAF_keep_neutral.wav,OAF,keep,neutral
OAF_keep_sad.wav,/root/autodl-tmp/kfair/data/tess/audio/OAF_keep_sad.wav,OAF,keep,sad
OAF_keg_angry.wav,/root/autodl-tmp/kfair/data/tess/audio/OAF_keg_angry.wav,OAF,keg,angry
OAF_keg_happy.wav,/root/autodl-tmp/kfair/data/tess/audio/OAF_keg_happy.wav,OAF,keg,happy
OAF_keg_neutral.wav,/root/autodl-tmp/kfair/data/tess/audio/OAF_keg_neutral.wav,OAF,keg,neutral
OAF_keg_sad.wav,/root/autodl-tmp/kfair/data/tess/audio/OAF_keg_sad.wav,OAF,keg,sad
OAF_kick_angry.wav,/root/autodl-tmp/kfair/data/tess/audio/OAF_kick_angry.wav,OAF,kick,angry
OAF_kick_happy.wav,/root/autodl-tmp/kfair/data/tess/audio/OAF_kick_happy.wav,OAF,kick,happy
OAF_kick_neutral.wav,/root/autodl-tmp/kfair/data/tess/audio/OAF_kick_neutral.wav,OAF,kick,neutral
OAF_kick_sad.wav,/root/autodl-tmp/kfair/data/tess/audio/OAF_kick_sad.wav,OAF,kick,sad
OAF_kill_angry.wav,/root/autodl-tmp/kfair/data/tess/audio/OAF_kill_angry.wav,OAF,kill,angry
OAF_kill_happy.wav,/root/autodl-tmp/kfair/data/tess/audio/OAF_kill_happy.wav,OAF,kill,happy
OAF_kill_neutral.wav,/root/autodl-tmp/kfair/data/tess/audio/OAF_kill_neutral.wav,OAF,kill,neutral
OAF_kill_sad.wav,/root/autodl-tmp/kfair/data/tess/audio/OAF_kill_sad.wav,OAF,kill,sad
OAF_king_angry.wav,/root/autodl-tmp/kfair/data/tess/audio/OAF_king_angry.wav,OAF,king,angry
OAF_king_happy.wav,/root/autodl-tmp/kfair/data/tess/audio/OAF_king_happy.wav,OAF,king,happy
OAF_king_neutral.wav,/root/autodl-tmp/kfair/data/tess/audio/OAF_king_neutral.wav,OAF,king,neutral
OAF_king_sad.wav,/root/autodl-tmp/kfair/data/tess/audio/OAF_king_sad.wav,OAF,king,sad
OAF_kite_angry.wav,/root/autodl-tmp/kfair/data/tess/audio/OAF_kite_angry.wav,OAF,kite,angry
OAF_kite_happy.wav,/root/autodl-tmp/kfair/data/tess/audio/OAF_kite_happy.wav,OAF,kite,happy
OAF_kite_neutral.wav,/root/autodl-tmp/kfair/data/tess/audio/OAF_kite_neutral.wav,OAF,kite,neutral
OAF_kite_sad.wav,/root/autodl-tmp/kfair/data/tess/audio/OAF_kite_sad.wav,OAF,kite,sad
OAF_knock_angry.wav,/root/autodl-tmp/kfair/data/tess/audio/OAF_knock_angry.wav,OAF,knock,angry
OAF_knock_happy.wav,/root/autodl-tmp/kfair/data/tess/audio/OAF_knock_happy.wav,OAF,knock,happy
OAF_knock_neutral.wav,/root/autodl-tmp/kfair/data/tess/audio/OAF_knock_neutral.wav,OAF,knock,neutral
OAF_knock_sad.wav,/root/autodl-tmp/kfair/data/tess/audio/OAF_knock_sad.wav,OAF,knock,sad
OAF_late_angry.wav,/root/autodl-tmp/kfair/data/tess/audio/OAF_late_angry.wav,OAF,late,angry
OAF_late_happy.wav,/root/autodl-tmp/kfair/data/tess/audio/OAF_late_happy.wav,OAF,late,happy
OAF_late_neutral.wav,/root/autodl-tmp/kfair/data/tess/audio/OAF_late_neutral.wav,OAF,late,neutral
OAF_late_sad.wav,/root/autodl-tmp/kfair/data/tess/audio/OAF_late_sad.wav,OAF,late,sad
OAF_laud_angry.wav,/root/autodl-tmp/kfair/data/tess/audio/OAF_laud_angry.wav,OAF,laud,angry
OAF_laud_happy.wav,/root/autodl-tmp/kfair/data/tess/audio/OAF_laud_happy.wav,OAF,laud,happy
OAF_laud_neutral.wav,/root/autodl-tmp/kfair/data/tess/audio/OAF_laud_neutral.wav,OAF,laud,neutral
OAF_laud_sad.wav,/root/autodl-tmp/kfair/data/tess/audio/OAF_laud_sad.wav,OAF,laud,sad
OAF_lean_angry.wav,/root/autodl-tmp/kfair/data/tess/audio/OAF_lean_angry.wav,OAF,lean,angry
OAF_lean_happy.wav,/root/autodl-tmp/kfair/data/tess/audio/OAF_lean_happy.wav,OAF,lean,happy
OAF_lean_neutral.wav,/root/autodl-tmp/kfair/data/tess/audio/OAF_lean_neutral.wav,OAF,lean,neutral
OAF_lean_sad.wav,/root/autodl-tmp/kfair/data/tess/audio/OAF_lean_sad.wav,OAF,lean,sad
OAF_learn_angry.wav,/root/autodl-tmp/kfair/data/tess/audio/OAF_learn_angry.wav,OAF,learn,angry
OAF_learn_happy.wav,/root/autodl-tmp/kfair/data/tess/audio/OAF_learn_happy.wav,OAF,learn,happy
OAF_learn_neutral.wav,/root/autodl-tmp/kfair/data/tess/audio/OAF_learn_neutral.wav,OAF,learn,neutral
OAF_learn_sad.wav,/root/autodl-tmp/kfair/data/tess/audio/OAF_learn_sad.wav,OAF,learn,sad
OAF_lease_angry.wav,/root/autodl-tmp/kfair/data/tess/audio/OAF_lease_angry.wav,OAF,lease,angry
OAF_lease_happy.wav,/root/autodl-tmp/kfair/data/tess/audio/OAF_lease_happy.wav,OAF,lease,happy
OAF_lease_neutral.wav,/root/autodl-tmp/kfair/data/tess/audio/OAF_lease_neutral.wav,OAF,lease,neutral
OAF_lease_sad.wav,/root/autodl-tmp/kfair/data/tess/audio/OAF_lease_sad.wav,OAF,lease,sad
OAF_lid_angry.wav,/root/autodl-tmp/kfair/data/tess/audio/OAF_lid_angry.wav,OAF,lid,angry
OAF_lid_happy.wav,/root/autodl-tmp/kfair/data/tess/audio/OAF_lid_happy.wav,OAF,lid,happy
OAF_lid_neutral.wav,/root/autodl-tmp/kfair/data/tess/audio/OAF_lid_neutral.wav,OAF,lid,neutral
OAF_lid_sad.wav,/root/autodl-tmp/kfair/data/tess/audio/OAF_lid_sad.wav,OAF,lid,sad
OAF_life_angry.wav,/root/autodl-tmp/kfair/data/tess/audio/OAF_life_angry.wav,OAF,life,angry
OAF_life_happy.wav,/root/autodl-tmp/kfair/data/tess/audio/OAF_life_happy.wav,OAF,life,happy
OAF_life_neutral.wav,/root/autodl-tmp/kfair/data/tess/audio/OAF_life_neutral.wav,OAF,life,neutral
OAF_life_sad.wav,/root/autodl-tmp/kfair/data/tess/audio/OAF_life_sad.wav,OAF,life,sad
OAF_limb_angry.wav,/root/autodl-tmp/kfair/data/tess/audio/OAF_limb_angry.wav,OAF,limb,angry
OAF_limb_happy.wav,/root/autodl-tmp/kfair/data/tess/audio/OAF_limb_happy.wav,OAF,limb,happy
OAF_limb_neutral.wav,/root/autodl-tmp/kfair/data/tess/audio/OAF_limb_neutral.wav,OAF,limb,neutral
OAF_limb_sad.wav,/root/autodl-tmp/kfair/data/tess/audio/OAF_limb_sad.wav,OAF,limb,sad
OAF_live_angry.wav,/root/autodl-tmp/kfair/data/tess/audio/OAF_live_angry.wav,OAF,live,angry
OAF_live_happy.wav,/root/autodl-tmp/kfair/data/tess/audio/OAF_live_happy.wav,OAF,live,happy
OAF_live_neutral.wav,/root/autodl-tmp/kfair/data/tess/audio/OAF_live_neutral.wav,OAF,live,neutral
OAF_live_sad.wav,/root/autodl-tmp/kfair/data/tess/audio/OAF_live_sad.wav,OAF,live,sad
OAF_loaf_angry.wav,/root/autodl-tmp/kfair/data/tess/audio/OAF_loaf_angry.wav,OAF,loaf,angry
OAF_loaf_happy.wav,/root/autodl-tmp/kfair/data/tess/audio/OAF_loaf_happy.wav,OAF,loaf,happy
OAF_loaf_neutral.wav,/root/autodl-tmp/kfair/data/tess/audio/OAF_loaf_neutral.wav,OAF,loaf,neutral
OAF_loaf_sad.wav,/root/autodl-tmp/kfair/data/tess/audio/OAF_loaf_sad.wav,OAF,loaf,sad
OAF_long_angry.wav,/root/autodl-tmp/kfair/data/tess/audio/OAF_long_angry.wav,OAF,long,angry
OAF_long_happy.wav,/root/autodl-tmp/kfair/data/tess/audio/OAF_long_happy.wav,OAF,long,happy
OAF_long_neutral.wav,/root/autodl-tmp/kfair/data/tess/audio/OAF_long_neutral.wav,OAF,long,neutral
OAF_long_sad.wav,/root/autodl-tmp/kfair/data/tess/audio/OAF_long_sad.wav,OAF,long,sad
OAF_lore_angry.wav,/root/autodl-tmp/kfair/data/tess/audio/OAF_lore_angry.wav,OAF,lore,angry
OAF_lore_happy.wav,/root/autodl-tmp/kfair/data/tess/audio/OAF_lore_happy.wav,OAF,lore,happy
OAF_lore_neutral.wav,/root/autodl-tmp/kfair/data/tess/audio/OAF_lore_neutral.wav,OAF,lore,neutral
OAF_lore_sad.wav,/root/autodl-tmp/kfair/data/tess/audio/OAF_lore_sad.wav,OAF,lore,sad
OAF_lose_angry.wav,/root/autodl-tmp/kfair/data/tess/audio/OAF_lose_angry.wav,OAF,lose,angry
OAF_lose_happy.wav,/root/autodl-tmp/kfair/data/tess/audio/OAF_lose_happy.wav,OAF,lose,happy
OAF_lose_neutral.wav,/root/autodl-tmp/kfair/data/tess/audio/OAF_lose_neutral.wav,OAF,lose,neutral
OAF_lose_sad.wav,/root/autodl-tmp/kfair/data/tess/audio/OAF_lose_sad.wav,OAF,lose,sad
OAF_lot_angry.wav,/root/autodl-tmp/kfair/data/tess/audio/OAF_lot_angry.wav,OAF,lot,angry
OAF_lot_happy.wav,/root/autodl-tmp/kfair/data/tess/audio/OAF_lot_happy.wav,OAF,lot,happy
OAF_lot_neutral.wav,/root/autodl-tmp/kfair/data/tess/audio/OAF_lot_neutral.wav,OAF,lot,neutral
OAF_lot_sad.wav,/root/autodl-tmp/kfair/data/tess/audio/OAF_lot_sad.wav,OAF,lot,sad
OAF_love_angry.wav,/root/autodl-tmp/kfair/data/tess/audio/OAF_love_angry.wav,OAF,love,angry
OAF_love_happy.wav,/root/autodl-tmp/kfair/data/tess/audio/OAF_love_happy.wav,OAF,love,happy
OAF_love_neutral.wav,/root/autodl-tmp/kfair/data/tess/audio/OAF_love_neutral.wav,OAF,love,neutral
OAF_love_sad.wav,/root/autodl-tmp/kfair/data/tess/audio/OAF_love_sad.wav,OAF,love,sad
OAF_luck_angry.wav,/root/autodl-tmp/kfair/data/tess/audio/OAF_luck_angry.wav,OAF,luck,angry
OAF_luck_happy.wav,/root/autodl-tmp/kfair/data/tess/audio/OAF_luck_happy.wav,OAF,luck,happy
OAF_luck_neutral.wav,/root/autodl-tmp/kfair/data/tess/audio/OAF_luck_neutral.wav,OAF,luck,neutral
OAF_luck_sad.wav,/root/autodl-tmp/kfair/data/tess/audio/OAF_luck_sad.wav,OAF,luck,sad
OAF_make_angry.wav,/root/autodl-tmp/kfair/data/tess/audio/OAF_make_angry.wav,OAF,make,angry
OAF_make_happy.wav,/root/autodl-tmp/kfair/data/tess/audio/OAF_make_happy.wav,OAF,make,happy
OAF_make_neutral.wav,/root/autodl-tmp/kfair/data/tess/audio/OAF_make_neutral.wav,OAF,make,neutral
OAF_make_sad.wav,/root/autodl-tmp/kfair/data/tess/audio/OAF_make_sad.wav,OAF,make,sad
OAF_match_angry.wav,/root/autodl-tmp/kfair/data/tess/audio/OAF_match_angry.wav,OAF,match,angry
OAF_match_happy.wav,/root/autodl-tmp/kfair/data/tess/audio/OAF_match_happy.wav,OAF,match,happy
OAF_match_neutral.wav,/root/autodl-tmp/kfair/data/tess/audio/OAF_match_neutral.wav,OAF,match,neutral
OAF_match_sad.wav,/root/autodl-tmp/kfair/data/tess/audio/OAF_match_sad.wav,OAF,match,sad
OAF_merge_angry.wav,/root/autodl-tmp/kfair/data/tess/audio/OAF_merge_angry.wav,OAF,merge,angry
OAF_merge_happy.wav,/root/autodl-tmp/kfair/data/tess/audio/OAF_merge_happy.wav,OAF,merge,happy
OAF_merge_neutral.wav,/root/autodl-tmp/kfair/data/tess/audio/OAF_merge_neutral.wav,OAF,merge,neutral
OAF_merge_sad.wav,/root/autodl-tmp/kfair/data/tess/audio/OAF_merge_sad.wav,OAF,merge,sad
OAF_mess_angry.wav,/root/autodl-tmp/kfair/data/tess/audio/OAF_mess_angry.wav,OAF,mess,angry
OAF_mess_happy.wav,/root/autodl-tmp/kfair/data/tess/audio/OAF_mess_happy.wav,OAF,mess,happy
OAF_mess_neutral.wav,/root/autodl-tmp/kfair/data/tess/audio/OAF_mess_neutral.wav,OAF,mess,neutral
OAF_mess_sad.wav,/root/autodl-tmp/kfair/data/tess/audio/OAF_mess_sad.wav,OAF,mess,sad
OAF_met_angry.wav,/root/autodl-tmp/kfair/data/tess/audio/OAF_met_angry.wav,OAF,met,angry
OAF_met_happy.wav,/root/autodl-tmp/kfair/data/tess/audio/OAF_met_happy.wav,OAF,met,happy
OAF_met_neutral.wav,/root/autodl-tmp/kfair/data/tess/audio/OAF_met_neutral.wav,OAF,met,neutral
OAF_met_sad.wav,/root/autodl-tmp/kfair/data/tess/audio/OAF_met_sad.wav,OAF,met,sad
OAF_mill_angry.wav,/root/autodl-tmp/kfair/data/tess/audio/OAF_mill_angry.wav,OAF,mill,angry
OAF_mill_happy.wav,/root/autodl-tmp/kfair/data/tess/audio/OAF_mill_happy.wav,OAF,mill,happy
OAF_mill_neutral.wav,/root/autodl-tmp/kfair/data/tess/audio/OAF_mill_neutral.wav,OAF,mill,neutral
OAF_mill_sad.wav,/root/autodl-tmp/kfair/data/tess/audio/OAF_mill_sad.wav,OAF,mill,sad
OAF_mob_angry.wav,/root/autodl-tmp/kfair/data/tess/audio/OAF_mob_angry.wav,OAF,mob,angry
OAF_mob_happy.wav,/root/autodl-tmp/kfair/data/tess/audio/OAF_mob_happy.wav,OAF,mob,happy
OAF_mob_neutral.wav,/root/autodl-tmp/kfair/data/tess/audio/OAF_mob_neutral.wav,OAF,mob,neutral
OAF_mob_sad.wav,/root/autodl-tmp/kfair/data/tess/audio/OAF_mob_sad.wav,OAF,mob,sad
OAF_mode_angry.wav,/root/autodl-tmp/kfair/data/tess/audio/OAF_mode_angry.wav,OAF,mode,angry
OAF_mode_happy.wav,/root/autodl-tmp/kfair/data/tess/audio/OAF_mode_happy.wav,OAF,mode,happy
OAF_mode_neutral.wav,/root/autodl-tmp/kfair/data/tess/audio/OAF_mode_neutral.wav,OAF,mode,neutral
OAF_mode_sad.wav,/root/autodl-tmp/kfair/data/tess/audio/OAF_mode_sad.wav,OAF,mode,sad
OAF_mood_angry.wav,/root/autodl-tmp/kfair/data/tess/audio/OAF_mood_angry.wav,OAF,mood,angry
OAF_mood_happy.wav,/root/autodl-tmp/kfair/data/tess/audio/OAF_mood_happy.wav,OAF,mood,happy
OAF_mood_neutral.wav,/root/autodl-tmp/kfair/data/tess/audio/OAF_mood_neutral.wav,OAF,mood,neutral
OAF_mood_sad.wav,/root/autodl-tmp/kfair/data/tess/audio/OAF_mood_sad.wav,OAF,mood,sad
OAF_moon_angry.wav,/root/autodl-tmp/kfair/data/tess/audio/OAF_moon_angry.wav,OAF,moon,angry
OAF_moon_happy.wav,/root/autodl-tmp/kfair/data/tess/audio/OAF_moon_happy.wav,OAF,moon,happy
OAF_moon_neutral.wav,/root/autodl-tmp/kfair/data/tess/audio/OAF_moon_neutral.wav,OAF,moon,neutral
OAF_moon_sad.wav,/root/autodl-tmp/kfair/data/tess/audio/OAF_moon_sad.wav,OAF,moon,sad
OAF_mop_angry.wav,/root/autodl-tmp/kfair/data/tess/audio/OAF_mop_angry.wav,OAF,mop,angry
OAF_mop_happy.wav,/root/autodl-tmp/kfair/data/tess/audio/OAF_mop_happy.wav,OAF,mop,happy
OAF_mop_neutral.wav,/root/autodl-tmp/kfair/data/tess/audio/OAF_mop_neutral.wav,OAF,mop,neutral
OAF_mop_sad.wav,/root/autodl-tmp/kfair/data/tess/audio/OAF_mop_sad.wav,OAF,mop,sad
OAF_mouse_angry.wav,/root/autodl-tmp/kfair/data/tess/audio/OAF_mouse_angry.wav,OAF,mouse,angry
OAF_mouse_happy.wav,/root/autodl-tmp/kfair/data/tess/audio/OAF_mouse_happy.wav,OAF,mouse,happy
OAF_mouse_neutral.wav,/root/autodl-tmp/kfair/data/tess/audio/OAF_mouse_neutral.wav,OAF,mouse,neutral
OAF_mouse_sad.wav,/root/autodl-tmp/kfair/data/tess/audio/OAF_mouse_sad.wav,OAF,mouse,sad
OAF_nag_angry.wav,/root/autodl-tmp/kfair/data/tess/audio/OAF_nag_angry.wav,OAF,nag,angry
OAF_nag_happy.wav,/root/autodl-tmp/kfair/data/tess/audio/OAF_nag_happy.wav,OAF,nag,happy
OAF_nag_neutral.wav,/root/autodl-tmp/kfair/data/tess/audio/OAF_nag_neutral.wav,OAF,nag,neutral
OAF_nag_sad.wav,/root/autodl-tmp/kfair/data/tess/audio/OAF_nag_sad.wav,OAF,nag,sad
OAF_name_angry.wav,/root/autodl-tmp/kfair/data/tess/audio/OAF_name_angry.wav,OAF,name,angry
OAF_name_happy.wav,/root/autodl-tmp/kfair/data/tess/audio/OAF_name_happy.wav,OAF,name,happy
OAF_name_neutral.wav,/root/autodl-tmp/kfair/data/tess/audio/OAF_name_neutral.wav,OAF,name,neutral
OAF_name_sad.wav,/root/autodl-tmp/kfair/data/tess/audio/OAF_name_sad.wav,OAF,name,sad
OAF_near_angry.wav,/root/autodl-tmp/kfair/data/tess/audio/OAF_near_angry.wav,OAF,near,angry
OAF_near_happy.wav,/root/autodl-tmp/kfair/data/tess/audio/OAF_near_happy.wav,OAF,near,happy
OAF_near_neutral.wav,/root/autodl-tmp/kfair/data/tess/audio/OAF_near_neutral.wav,OAF,near,neutral
OAF_near_sad.wav,/root/autodl-tmp/kfair/data/tess/audio/OAF_near_sad.wav,OAF,near,sad
OAF_neat_angry.wav,/root/autodl-tmp/kfair/data/tess/audio/OAF_neat_angry.wav,OAF,neat,angry
OAF_neat_happy.wav,/root/autodl-tmp/kfair/data/tess/audio/OAF_neat_happy.wav,OAF,neat,happy
OAF_neat_neutral.wav,/root/autodl-tmp/kfair/data/tess/audio/OAF_neat_neutral.wav,OAF,neat,neutral
OAF_neat_sad.wav,/root/autodl-tmp/kfair/data/tess/audio/OAF_neat_sad.wav,OAF,neat,sad
OAF_nice_angry.wav,/root/autodl-tmp/kfair/data/tess/audio/OAF_nice_angry.wav,OAF,nice,angry
OAF_nice_happy.wav,/root/autodl-tmp/kfair/data/tess/audio/OAF_nice_happy.wav,OAF,nice,happy
OAF_nice_neutral.wav,/root/autodl-tmp/kfair/data/tess/audio/OAF_nice_neutral.wav,OAF,nice,neutral
OAF_nice_sad.wav,/root/autodl-tmp/kfair/data/tess/audio/OAF_nice_sad.wav,OAF,nice,sad
OAF_note_angry.wav,/root/autodl-tmp/kfair/data/tess/audio/OAF_note_angry.wav,OAF,note,angry
OAF_note_happy.wav,/root/autodl-tmp/kfair/data/tess/audio/OAF_note_happy.wav,OAF,note,happy
OAF_note_neutral.wav,/root/autodl-tmp/kfair/data/tess/audio/OAF_note_neutral.wav,OAF,note,neutral
OAF_note_sad.wav,/root/autodl-tmp/kfair/data/tess/audio/OAF_note_sad.wav,OAF,note,sad
OAF_numb_angry.wav,/root/autodl-tmp/kfair/data/tess/audio/OAF_numb_angry.wav,OAF,numb,angry
OAF_numb_happy.wav,/root/autodl-tmp/kfair/data/tess/audio/OAF_numb_happy.wav,OAF,numb,happy
OAF_numb_neutral.wav,/root/autodl-tmp/kfair/data/tess/audio/OAF_numb_neutral.wav,OAF,numb,neutral
OAF_numb_sad.wav,/root/autodl-tmp/kfair/data/tess/audio/OAF_numb_sad.wav,OAF,numb,sad
OAF_pad_angry.wav,/root/autodl-tmp/kfair/data/tess/audio/OAF_pad_angry.wav,OAF,pad,angry
OAF_pad_happy.wav,/root/autodl-tmp/kfair/data/tess/audio/OAF_pad_happy.wav,OAF,pad,happy
OAF_pad_neutral.wav,/root/autodl-tmp/kfair/data/tess/audio/OAF_pad_neutral.wav,OAF,pad,neutral
OAF_pad_sad.wav,/root/autodl-tmp/kfair/data/tess/audio/OAF_pad_sad.wav,OAF,pad,sad
OAF_page_angry.wav,/root/autodl-tmp/kfair/data/tess/audio/OAF_page_angry.wav,OAF,page,angry
OAF_page_happy.wav,/root/autodl-tmp/kfair/data/tess/audio/OAF_page_happy.wav,OAF,page,happy
OAF_page_neutral.wav,/root/autodl-tmp/kfair/data/tess/audio/OAF_page_neutral.wav,OAF,page,neutral
OAF_page_sad.wav,/root/autodl-tmp/kfair/data/tess/audio/OAF_page_sad.wav,OAF,page,sad
OAF_pain_angry.wav,/root/autodl-tmp/kfair/data/tess/audio/OAF_pain_angry.wav,OAF,pain,angry
OAF_pain_happy.wav,/root/autodl-tmp/kfair/data/tess/audio/OAF_pain_happy.wav,OAF,pain,happy
OAF_pain_neutral.wav,/root/autodl-tmp/kfair/data/tess/audio/OAF_pain_neutral.wav,OAF,pain,neutral
OAF_pain_sad.wav,/root/autodl-tmp/kfair/data/tess/audio/OAF_pain_sad.wav,OAF,pain,sad
OAF_pass_angry.wav,/root/autodl-tmp/kfair/data/tess/audio/OAF_pass_angry.wav,OAF,pass,angry
OAF_pass_happy.wav,/root/autodl-tmp/kfair/data/tess/audio/OAF_pass_happy.wav,OAF,pass,happy
OAF_pass_neutral.wav,/root/autodl-tmp/kfair/data/tess/audio/OAF_pass_neutral.wav,OAF,pass,neutral
OAF_pass_sad.wav,/root/autodl-tmp/kfair/data/tess/audio/OAF_pass_sad.wav,OAF,pass,sad
OAF_pearl_angry.wav,/root/autodl-tmp/kfair/data/tess/audio/OAF_pearl_angry.wav,OAF,pearl,angry
OAF_pearl_happy.wav,/root/autodl-tmp/kfair/data/tess/audio/OAF_pearl_happy.wav,OAF,pearl,happy
OAF_pearl_neutral.wav,/root/autodl-tmp/kfair/data/tess/audio/OAF_pearl_neutral.wav,OAF,pearl,neutral
OAF_pearl_sad.wav,/root/autodl-tmp/kfair/data/tess/audio/OAF_pearl_sad.wav,OAF,pearl,sad
OAF_peg_angry.wav,/root/autodl-tmp/kfair/data/tess/audio/OAF_peg_angry.wav,OAF,peg,angry
OAF_peg_happy.wav,/root/autodl-tmp/kfair/data/tess/audio/OAF_peg_happy.wav,OAF,peg,happy
OAF_peg_neutral.wav,/root/autodl-tmp/kfair/data/tess/audio/OAF_peg_neutral.wav,OAF,peg,neutral
OAF_peg_sad.wav,/root/autodl-tmp/kfair/data/tess/audio/OAF_peg_sad.wav,OAF,peg,sad
OAF_perch_angry.wav,/root/autodl-tmp/kfair/data/tess/audio/OAF_perch_angry.wav,OAF,perch,angry
OAF_perch_happy.wav,/root/autodl-tmp/kfair/data/tess/audio/OAF_perch_happy.wav,OAF,perch,happy
OAF_perch_neutral.wav,/root/autodl-tmp/kfair/data/tess/audio/OAF_perch_neutral.wav,OAF,perch,neutral
OAF_perch_sad.wav,/root/autodl-tmp/kfair/data/tess/audio/OAF_perch_sad.wav,OAF,perch,sad
OAF_phone_angry.wav,/root/autodl-tmp/kfair/data/tess/audio/OAF_phone_angry.wav,OAF,phone,angry
OAF_phone_happy.wav,/root/autodl-tmp/kfair/data/tess/audio/OAF_phone_happy.wav,OAF,phone,happy
OAF_phone_neutral.wav,/root/autodl-tmp/kfair/data/tess/audio/OAF_phone_neutral.wav,OAF,phone,neutral
OAF_phone_sad.wav,/root/autodl-tmp/kfair/data/tess/audio/OAF_phone_sad.wav,OAF,phone,sad
OAF_pick_angry.wav,/root/autodl-tmp/kfair/data/tess/audio/OAF_pick_angry.wav,OAF,pick,angry
OAF_pick_happy.wav,/root/autodl-tmp/kfair/data/tess/audio/OAF_pick_happy.wav,OAF,pick,happy
OAF_pick_neutral.wav,/root/autodl-tmp/kfair/data/tess/audio/OAF_pick_neutral.wav,OAF,pick,neutral
OAF_pick_sad.wav,/root/autodl-tmp/kfair/data/tess/audio/OAF_pick_sad.wav,OAF,pick,sad
OAF_pike_angry.wav,/root/autodl-tmp/kfair/data/tess/audio/OAF_pike_angry.wav,OAF,pike,angry
OAF_pike_happy.wav,/root/autodl-tmp/kfair/data/tess/audio/OAF_pike_happy.wav,OAF,pike,happy
OAF_pike_neutral.wav,/root/autodl-tmp/kfair/data/tess/audio/OAF_pike_neutral.wav,OAF,pike,neutral
OAF_pike_sad.wav,/root/autodl-tmp/kfair/data/tess/audio/OAF_pike_sad.wav,OAF,pike,sad
OAF_pole_angry.wav,/root/autodl-tmp/kfair/data/tess/audio/OAF_pole_angry.wav,OAF,pole,angry
OAF_pole_happy.wav,/root/autodl-tmp/kfair/data/tess/audio/OAF_pole_happy.wav,OAF,pole,happy
OAF_pole_neutral.wav,/root/autodl-tmp/kfair/data/tess/audio/OAF_pole_neutral.wav,OAF,pole,neutral
OAF_pole_sad.wav,/root/autodl-tmp/kfair/data/tess/audio/OAF_pole_sad.wav,OAF,pole,sad
OAF_pool_angry.wav,/root/autodl-tmp/kfair/data/tess/audio/OAF_pool_angry.wav,OAF,pool,angry
OAF_pool_happy.wav,/root/autodl-tmp/kfair/data/tess/audio/OAF_pool_happy.wav,OAF,pool,happy
OAF_pool_neutral.wav,/root/autodl-tmp/kfair/data/tess/audio/OAF_pool_neutral.wav,OAF,pool,neutral
OAF_pool_sad.wav,/root/autodl-tmp/kfair/data/tess/audio/OAF_pool_sad.wav,OAF,pool,sad
OAF_puff_angry.wav,/root/autodl-tmp/kfair/data/tess/audio/OAF_puff_angry.wav,OAF,puff,angry
OAF_puff_happy.wav,/root/autodl-tmp/kfair/data/tess/audio/OAF_puff_happy.wav,OAF,puff,happy
OAF_puff_neutral.wav,/root/autodl-tmp/kfair/data/tess/audio/OAF_puff_neutral.wav,OAF,puff,neutral
OAF_puff_sad.wav,/root/autodl-tmp/kfair/data/tess/audio/OAF_puff_sad.wav,OAF,puff,sad
OAF_rag_angry.wav,/root/autodl-tmp/kfair/data/tess/audio/OAF_rag_angry.wav,OAF,rag,angry
OAF_rag_happy.wav,/root/autodl-tmp/kfair/data/tess/audio/OAF_rag_happy.wav,OAF,rag,happy
OAF_rag_neutral.wav,/root/autodl-tmp/kfair/data/tess/audio/OAF_rag_neutral.wav,OAF,rag,neutral
OAF_rag_sad.wav,/root/autodl-tmp/kfair/data/tess/audio/OAF_rag_sad.wav,OAF,rag,sad
OAF_raid_angry.wav,/root/autodl-tmp/kfair/data/tess/audio/OAF_raid_angry.wav,OAF,raid,angry
OAF_raid_happy.wav,/root/autodl-tmp/kfair/data/tess/audio/OAF_raid_happy.wav,OAF,raid,happy
OAF_raid_neutral.wav,/root/autodl-tmp/kfair/data/tess/audio/OAF_raid_neutral.wav,OAF,raid,neutral
OAF_raid_sad.wav,/root/autodl-tmp/kfair/data/tess/audio/OAF_raid_sad.wav,OAF,raid,sad
OAF_rain_angry.wav,/root/autodl-tmp/kfair/data/tess/audio/OAF_rain_angry.wav,OAF,rain,angry
OAF_rain_happy.wav,/root/autodl-tmp/kfair/data/tess/audio/OAF_rain_happy.wav,OAF,rain,happy
OAF_rain_neutral.wav,/root/autodl-tmp/kfair/data/tess/audio/OAF_rain_neutral.wav,OAF,rain,neutral
OAF_rain_sad.wav,/root/autodl-tmp/kfair/data/tess/audio/OAF_rain_sad.wav,OAF,rain,sad
OAF_raise_angry.wav,/root/autodl-tmp/kfair/data/tess/audio/OAF_raise_angry.wav,OAF,raise,angry
OAF_raise_happy.wav,/root/autodl-tmp/kfair/data/tess/audio/OAF_raise_happy.wav,OAF,raise,happy
OAF_raise_neutral.wav,/root/autodl-tmp/kfair/data/tess/audio/OAF_raise_neutral.wav,OAF,raise,neutral
OAF_raise_sad.wav,/root/autodl-tmp/kfair/data/tess/audio/OAF_raise_sad.wav,OAF,raise,sad
OAF_rat_angry.wav,/root/autodl-tmp/kfair/data/tess/audio/OAF_rat_angry.wav,OAF,rat,angry
OAF_rat_happy.wav,/root/autodl-tmp/kfair/data/tess/audio/OAF_rat_happy.wav,OAF,rat,happy
OAF_rat_neutral.wav,/root/autodl-tmp/kfair/data/tess/audio/OAF_rat_neutral.wav,OAF,rat,neutral
OAF_rat_sad.wav,/root/autodl-tmp/kfair/data/tess/audio/OAF_rat_sad.wav,OAF,rat,sad
OAF_reach_angry.wav,/root/autodl-tmp/kfair/data/tess/audio/OAF_reach_angry.wav,OAF,reach,angry
OAF_reach_happy.wav,/root/autodl-tmp/kfair/data/tess/audio/OAF_reach_happy.wav,OAF,reach,happy
OAF_reach_neutral.wav,/root/autodl-tmp/kfair/data/tess/audio/OAF_reach_neutral.wav,OAF,reach,neutral
OAF_reach_sad.wav,/root/autodl-tmp/kfair/data/tess/audio/OAF_reach_sad.wav,OAF,reach,sad
OAF_read_angry.wav,/root/autodl-tmp/kfair/data/tess/audio/OAF_read_angry.wav,OAF,read,angry
OAF_read_happy.wav,/root/autodl-tmp/kfair/data/tess/audio/OAF_read_happy.wav,OAF,read,happy
OAF_read_neutral.wav,/root/autodl-tmp/kfair/data/tess/audio/OAF_read_neutral.wav,OAF,read,neutral
OAF_read_sad.wav,/root/autodl-tmp/kfair/data/tess/audio/OAF_read_sad.wav,OAF,read,sad
OAF_red_angry.wav,/root/autodl-tmp/kfair/data/tess/audio/OAF_red_angry.wav,OAF,red,angry
OAF_red_happy.wav,/root/autodl-tmp/kfair/data/tess/audio/OAF_red_happy.wav,OAF,red,happy
OAF_red_neutral.wav,/root/autodl-tmp/kfair/data/tess/audio/OAF_red_neutral.wav,OAF,red,neutral
OAF_red_sad.wav,/root/autodl-tmp/kfair/data/tess/audio/OAF_red_sad.wav,OAF,red,sad
OAF_ring_angry.wav,/root/autodl-tmp/kfair/data/tess/audio/OAF_ring_angry.wav,OAF,ring,angry
OAF_ring_happy.wav,/root/autodl-tmp/kfair/data/tess/audio/OAF_ring_happy.wav,OAF,ring,happy
OAF_ring_neutral.wav,/root/autodl-tmp/kfair/data/tess/audio/OAF_ring_neutral.wav,OAF,ring,neutral
OAF_ring_sad.wav,/root/autodl-tmp/kfair/data/tess/audio/OAF_ring_sad.wav,OAF,ring,sad
OAF_ripe_angry.wav,/root/autodl-tmp/kfair/data/tess/audio/OAF_ripe_angry.wav,OAF,ripe,angry
OAF_ripe_happy.wav,/root/autodl-tmp/kfair/data/tess/audio/OAF_ripe_happy.wav,OAF,ripe,happy
OAF_ripe_neutral.wav,/root/autodl-tmp/kfair/data/tess/audio/OAF_ripe_neutral.wav,OAF,ripe,neutral
OAF_ripe_sad.wav,/root/autodl-tmp/kfair/data/tess/audio/OAF_ripe_sad.wav,OAF,ripe,sad
OAF_road_angry.wav,/root/autodl-tmp/kfair/data/tess/audio/OAF_road_angry.wav,OAF,road,angry
OAF_road_happy.wav,/root/autodl-tmp/kfair/data/tess/audio/OAF_road_happy.wav,OAF,road,happy
OAF_road_neutral.wav,/root/autodl-tmp/kfair/data/tess/audio/OAF_road_neutral.wav,OAF,road,neutral
OAF_road_sad.wav,/root/autodl-tmp/kfair/data/tess/audio/OAF_road_sad.wav,OAF,road,sad
OAF_room_angry.wav,/root/autodl-tmp/kfair/data/tess/audio/OAF_room_angry.wav,OAF,room,angry
OAF_room_happy.wav,/root/autodl-tmp/kfair/data/tess/audio/OAF_room_happy.wav,OAF,room,happy
OAF_room_neutral.wav,/root/autodl-tmp/kfair/data/tess/audio/OAF_room_neutral.wav,OAF,room,neutral
OAF_room_sad.wav,/root/autodl-tmp/kfair/data/tess/audio/OAF_room_sad.wav,OAF,room,sad
OAF_rose_angry.wav,/root/autodl-tmp/kfair/data/tess/audio/OAF_rose_angry.wav,OAF,rose,angry
OAF_rose_happy.wav,/root/autodl-tmp/kfair/data/tess/audio/OAF_rose_happy.wav,OAF,rose,happy
OAF_rose_neutral.wav,/root/autodl-tmp/kfair/data/tess/audio/OAF_rose_neutral.wav,OAF,rose,neutral
OAF_rose_sad.wav,/root/autodl-tmp/kfair/data/tess/audio/OAF_rose_sad.wav,OAF,rose,sad
OAF_rot_angry.wav,/root/autodl-tmp/kfair/data/tess/audio/OAF_rot_angry.wav,OAF,rot,angry
OAF_rot_happy.wav,/root/autodl-tmp/kfair/data/tess/audio/OAF_rot_happy.wav,OAF,rot,happy
OAF_rot_neutral.wav,/root/autodl-tmp/kfair/data/tess/audio/OAF_rot_neutral.wav,OAF,rot,neutral
OAF_rot_sad.wav,/root/autodl-tmp/kfair/data/tess/audio/OAF_rot_sad.wav,OAF,rot,sad
OAF_rough_angry.wav,/root/autodl-tmp/kfair/data/tess/audio/OAF_rough_angry.wav,OAF,rough,angry
OAF_rough_happy.wav,/root/autodl-tmp/kfair/data/tess/audio/OAF_rough_happy.wav,OAF,rough,happy
OAF_rough_neutral.wav,/root/autodl-tmp/kfair/data/tess/audio/OAF_rough_neutral.wav,OAF,rough,neutral
OAF_rough_sad.wav,/root/autodl-tmp/kfair/data/tess/audio/OAF_rough_sad.wav,OAF,rough,sad
OAF_rush_angry.wav,/root/autodl-tmp/kfair/data/tess/audio/OAF_rush_angry.wav,OAF,rush,angry
OAF_rush_happy.wav,/root/autodl-tmp/kfair/data/tess/audio/OAF_rush_happy.wav,OAF,rush,happy
OAF_rush_neutral.wav,/root/autodl-tmp/kfair/data/tess/audio/OAF_rush_neutral.wav,OAF,rush,neutral
OAF_rush_sad.wav,/root/autodl-tmp/kfair/data/tess/audio/OAF_rush_sad.wav,OAF,rush,sad
OAF_said_angry.wav,/root/autodl-tmp/kfair/data/tess/audio/OAF_said_angry.wav,OAF,said,angry
OAF_said_happy.wav,/root/autodl-tmp/kfair/data/tess/audio/OAF_said_happy.wav,OAF,said,happy
OAF_said_neutral.wav,/root/autodl-tmp/kfair/data/tess/audio/OAF_said_neutral.wav,OAF,said,neutral
OAF_said_sad.wav,/root/autodl-tmp/kfair/data/tess/audio/OAF_said_sad.wav,OAF,said,sad
OAF_sail_angry.wav,/root/autodl-tmp/kfair/data/tess/audio/OAF_sail_angry.wav,OAF,sail,angry
OAF_sail_happy.wav,/root/autodl-tmp/kfair/data/tess/audio/OAF_sail_happy.wav,OAF,sail,happy
OAF_sail_neutral.wav,/root/autodl-tmp/kfair/data/tess/audio/OAF_sail_neutral.wav,OAF,sail,neutral
OAF_sail_sad.wav,/root/autodl-tmp/kfair/data/tess/audio/OAF_sail_sad.wav,OAF,sail,sad
OAF_search_angry.wav,/root/autodl-tmp/kfair/data/tess/audio/OAF_search_angry.wav,OAF,search,angry
OAF_search_happy.wav,/root/autodl-tmp/kfair/data/tess/audio/OAF_search_happy.wav,OAF,search,happy
OAF_search_neutral.wav,/root/autodl-tmp/kfair/data/tess/audio/OAF_search_neutral.wav,OAF,search,neutral
OAF_search_sad.wav,/root/autodl-tmp/kfair/data/tess/audio/OAF_search_sad.wav,OAF,search,sad
OAF_seize_angry.wav,/root/autodl-tmp/kfair/data/tess/audio/OAF_seize_angry.wav,OAF,seize,angry
OAF_seize_happy.wav,/root/autodl-tmp/kfair/data/tess/audio/OAF_seize_happy.wav,OAF,seize,happy
OAF_seize_neutral.wav,/root/autodl-tmp/kfair/data/tess/audio/OAF_seize_neutral.wav,OAF,seize,neutral
OAF_seize_sad.wav,/root/autodl-tmp/kfair/data/tess/audio/OAF_seize_sad.wav,OAF,seize,sad
OAF_sell_angry.wav,/root/autodl-tmp/kfair/data/tess/audio/OAF_sell_angry.wav,OAF,sell,angry
OAF_sell_happy.wav,/root/autodl-tmp/kfair/data/tess/audio/OAF_sell_happy.wav,OAF,sell,happy
OAF_sell_neutral.wav,/root/autodl-tmp/kfair/data/tess/audio/OAF_sell_neutral.wav,OAF,sell,neutral
OAF_sell_sad.wav,/root/autodl-tmp/kfair/data/tess/audio/OAF_sell_sad.wav,OAF,sell,sad
OAF_shack_angry.wav,/root/autodl-tmp/kfair/data/tess/audio/OAF_shack_angry.wav,OAF,shack,angry
OAF_shack_happy.wav,/root/autodl-tmp/kfair/data/tess/audio/OAF_shack_happy.wav,OAF,shack,happy
OAF_shack_neutral.wav,/root/autodl-tmp/kfair/data/tess/audio/OAF_shack_neutral.wav,OAF,shack,neutral
OAF_shack_sad.wav,/root/autodl-tmp/kfair/data/tess/audio/OAF_shack_sad.wav,OAF,shack,sad
OAF_shall_angry.wav,/root/autodl-tmp/kfair/data/tess/audio/OAF_shall_angry.wav,OAF,shall,angry
OAF_shall_happy.wav,/root/autodl-tmp/kfair/data/tess/audio/OAF_shall_happy.wav,OAF,shall,happy
OAF_shall_neutral.wav,/root/autodl-tmp/kfair/data/tess/audio/OAF_shall_neutral.wav,OAF,shall,neutral
OAF_shall_sad.wav,/root/autodl-tmp/kfair/data/tess/audio/OAF_shall_sad.wav,OAF,shall,sad
OAF_shawl_angry.wav,/root/autodl-tmp/kfair/data/tess/audio/OAF_shawl_angry.wav,OAF,shawl,angry
OAF_shawl_happy.wav,/root/autodl-tmp/kfair/data/tess/audio/OAF_shawl_happy.wav,OAF,shawl,happy
OAF_shawl_neutral.wav,/root/autodl-tmp/kfair/data/tess/audio/OAF_shawl_neutral.wav,OAF,shawl,neutral
OAF_shawl_sad.wav,/root/autodl-tmp/kfair/data/tess/audio/OAF_shawl_sad.wav,OAF,shawl,sad
OAF_sheep_angry.wav,/root/autodl-tmp/kfair/data/tess/audio/OAF_sheep_angry.wav,OAF,sheep,angry
OAF_sheep_happy.wav,/root/autodl-tmp/kfair/data/tess/audio/OAF_sheep_happy.wav,OAF,sheep,happy
OAF_sheep_neutral.wav,/root/autodl-tmp/kfair/data/tess/audio/OAF_sheep_neutral.wav,OAF,sheep,neutral
OAF_sheep_sad.wav,/root/autodl-tmp/kfair/data/tess/audio/OAF_sheep_sad.wav,OAF,sheep,sad
OAF_shirt_angry.wav,/root/autodl-tmp/kfair/data/tess/audio/OAF_shirt_angry.wav,OAF,shirt,angry
OAF_shirt_happy.wav,/root/autodl-tmp/kfair/data/tess/audio/OAF_shirt_happy.wav,OAF,shirt,happy
OAF_shirt_neutral.wav,/root/autodl-tmp/kfair/data/tess/audio/OAF_shirt_neutral.wav,OAF,shirt,neutral
OAF_shirt_sad.wav,/root/autodl-tmp/kfair/data/tess/audio/OAF_shirt_sad.wav,OAF,shirt,sad
OAF_should_angry.wav,/root/autodl-tmp/kfair/data/tess/audio/OAF_should_angry.wav,OAF,should,angry
OAF_should_happy.wav,/root/autodl-tmp/kfair/data/tess/audio/OAF_should_happy.wav,OAF,should,happy
OAF_should_neutral.wav,/root/autodl-tmp/kfair/data/tess/audio/OAF_should_neutral.wav,OAF,should,neutral
OAF_should_sad.wav,/root/autodl-tmp/kfair/data/tess/audio/OAF_should_sad.wav,OAF,should,sad
OAF_shout_angry.wav,/root/autodl-tmp/kfair/data/tess/audio/OAF_shout_angry.wav,OAF,shout,angry
OAF_shout_happy.wav,/root/autodl-tmp/kfair/data/tess/audio/OAF_shout_happy.wav,OAF,shout,happy
OAF_shout_neutral.wav,/root/autodl-tmp/kfair/data/tess/audio/OAF_shout_neutral.wav,OAF,shout,neutral
OAF_shout_sad.wav,/root/autodl-tmp/kfair/data/tess/audio/OAF_shout_sad.wav,OAF,shout,sad
OAF_size_angry.wav,/root/autodl-tmp/kfair/data/tess/audio/OAF_size_angry.wav,OAF,size,angry
OAF_size_happy.wav,/root/autodl-tmp/kfair/data/tess/audio/OAF_size_happy.wav,OAF,size,happy
OAF_size_neutral.wav,/root/autodl-tmp/kfair/data/tess/audio/OAF_size_neutral.wav,OAF,size,neutral
OAF_size_sad.wav,/root/autodl-tmp/kfair/data/tess/audio/OAF_size_sad.wav,OAF,size,sad
OAF_soap_angry.wav,/root/autodl-tmp/kfair/data/tess/audio/OAF_soap_angry.wav,OAF,soap,angry
OAF_soap_happy.wav,/root/autodl-tmp/kfair/data/tess/audio/OAF_soap_happy.wav,OAF,soap,happy
OAF_soap_neutral.wav,/root/autodl-tmp/kfair/data/tess/audio/OAF_soap_neutral.wav,OAF,soap,neutral
OAF_soap_sad.wav,/root/autodl-tmp/kfair/data/tess/audio/OAF_soap_sad.wav,OAF,soap,sad
OAF_soup_angry.wav,/root/autodl-tmp/kfair/data/tess/audio/OAF_soup_angry.wav,OAF,soup,angry
OAF_soup_happy.wav,/root/autodl-tmp/kfair/data/tess/audio/OAF_soup_happy.wav,OAF,soup,happy
OAF_soup_neutral.wav,/root/autodl-tmp/kfair/data/tess/audio/OAF_soup_neutral.wav,OAF,soup,neutral
OAF_soup_sad.wav,/root/autodl-tmp/kfair/data/tess/audio/OAF_soup_sad.wav,OAF,soup,sad
OAF_sour_angry.wav,/root/autodl-tmp/kfair/data/tess/audio/OAF_sour_angry.wav,OAF,sour,angry
OAF_sour_happy.wav,/root/autodl-tmp/kfair/data/tess/audio/OAF_sour_happy.wav,OAF,sour,happy
OAF_sour_neutral.wav,/root/autodl-tmp/kfair/data/tess/audio/OAF_sour_neutral.wav,OAF,sour,neutral
OAF_sour_sad.wav,/root/autodl-tmp/kfair/data/tess/audio/OAF_sour_sad.wav,OAF,sour,sad
OAF_south_angry.wav,/root/autodl-tmp/kfair/data/tess/audio/OAF_south_angry.wav,OAF,south,angry
OAF_south_happy.wav,/root/autodl-tmp/kfair/data/tess/audio/OAF_south_happy.wav,OAF,south,happy
OAF_south_neutral.wav,/root/autodl-tmp/kfair/data/tess/audio/OAF_south_neutral.wav,OAF,south,neutral
OAF_south_sad.wav,/root/autodl-tmp/kfair/data/tess/audio/OAF_south_sad.wav,OAF,south,sad
OAF_sub_angry.wav,/root/autodl-tmp/kfair/data/tess/audio/OAF_sub_angry.wav,OAF,sub,angry
OAF_sub_happy.wav,/root/autodl-tmp/kfair/data/tess/audio/OAF_sub_happy.wav,OAF,sub,happy
OAF_sub_neutral.wav,/root/autodl-tmp/kfair/data/tess/audio/OAF_sub_neutral.wav,OAF,sub,neutral
OAF_sub_sad.wav,/root/autodl-tmp/kfair/data/tess/audio/OAF_sub_sad.wav,OAF,sub,sad
OAF_such_angry.wav,/root/autodl-tmp/kfair/data/tess/audio/OAF_such_angry.wav,OAF,such,angry
OAF_such_happy.wav,/root/autodl-tmp/kfair/data/tess/audio/OAF_such_happy.wav,OAF,such,happy
OAF_such_neutral.wav,/root/autodl-tmp/kfair/data/tess/audio/OAF_such_neutral.wav,OAF,such,neutral
OAF_such_sad.wav,/root/autodl-tmp/kfair/data/tess/audio/OAF_such_sad.wav,OAF,such,sad
OAF_sure_angry.wav,/root/autodl-tmp/kfair/data/tess/audio/OAF_sure_angry.wav,OAF,sure,angry
OAF_sure_happy.wav,/root/autodl-tmp/kfair/data/tess/audio/OAF_sure_happy.wav,OAF,sure,happy
OAF_sure_neutral.wav,/root/autodl-tmp/kfair/data/tess/audio/OAF_sure_neutral.wav,OAF,sure,neutral
OAF_sure_sad.wav,/root/autodl-tmp/kfair/data/tess/audio/OAF_sure_sad.wav,OAF,sure,sad
OAF_take_angry.wav,/root/autodl-tmp/kfair/data/tess/audio/OAF_take_angry.wav,OAF,take,angry
OAF_take_happy.wav,/root/autodl-tmp/kfair/data/tess/audio/OAF_take_happy.wav,OAF,take,happy
OAF_take_neutral.wav,/root/autodl-tmp/kfair/data/tess/audio/OAF_take_neutral.wav,OAF,take,neutral
OAF_take_sad.wav,/root/autodl-tmp/kfair/data/tess/audio/OAF_take_sad.wav,OAF,take,sad
OAF_talk_angry.wav,/root/autodl-tmp/kfair/data/tess/audio/OAF_talk_angry.wav,OAF,talk,angry
OAF_talk_happy.wav,/root/autodl-tmp/kfair/data/tess/audio/OAF_talk_happy.wav,OAF,talk,happy
OAF_talk_neutral.wav,/root/autodl-tmp/kfair/data/tess/audio/OAF_talk_neutral.wav,OAF,talk,neutral
OAF_talk_sad.wav,/root/autodl-tmp/kfair/data/tess/audio/OAF_talk_sad.wav,OAF,talk,sad
OAF_tape_angry.wav,/root/autodl-tmp/kfair/data/tess/audio/OAF_tape_angry.wav,OAF,tape,angry
OAF_tape_happy.wav,/root/autodl-tmp/kfair/data/tess/audio/OAF_tape_happy.wav,OAF,tape,happy
OAF_tape_neutral.wav,/root/autodl-tmp/kfair/data/tess/audio/OAF_tape_neutral.wav,OAF,tape,neutral
OAF_tape_sad.wav,/root/autodl-tmp/kfair/data/tess/audio/OAF_tape_sad.wav,OAF,tape,sad
OAF_team_angry.wav,/root/autodl-tmp/kfair/data/tess/audio/OAF_team_angry.wav,OAF,team,angry
OAF_team_happy.wav,/root/autodl-tmp/kfair/data/tess/audio/OAF_team_happy.wav,OAF,team,happy
OAF_team_neutral.wav,/root/autodl-tmp/kfair/data/tess/audio/OAF_team_neutral.wav,OAF,team,neutral
OAF_team_sad.wav,/root/autodl-tmp/kfair/data/tess/audio/OAF_team_sad.wav,OAF,team,sad
OAF_tell_angry.wav,/root/autodl-tmp/kfair/data/tess/audio/OAF_tell_angry.wav,OAF,tell,angry
OAF_tell_happy.wav,/root/autodl-tmp/kfair/data/tess/audio/OAF_tell_happy.wav,OAF,tell,happy
OAF_tell_neutral.wav,/root/autodl-tmp/kfair/data/tess/audio/OAF_tell_neutral.wav,OAF,tell,neutral
OAF_tell_sad.wav,/root/autodl-tmp/kfair/data/tess/audio/OAF_tell_sad.wav,OAF,tell,sad
OAF_thin_angry.wav,/root/autodl-tmp/kfair/data/tess/audio/OAF_thin_angry.wav,OAF,thin,angry
OAF_thin_happy.wav,/root/autodl-tmp/kfair/data/tess/audio/OAF_thin_happy.wav,OAF,thin,happy
OAF_thin_neutral.wav,/root/autodl-tmp/kfair/data/tess/audio/OAF_thin_neutral.wav,OAF,thin,neutral
OAF_thin_sad.wav,/root/autodl-tmp/kfair/data/tess/audio/OAF_thin_sad.wav,OAF,thin,sad
OAF_third_angry.wav,/root/autodl-tmp/kfair/data/tess/audio/OAF_third_angry.wav,OAF,third,angry
OAF_third_happy.wav,/root/autodl-tmp/kfair/data/tess/audio/OAF_third_happy.wav,OAF,third,happy
OAF_third_neutral.wav,/root/autodl-tmp/kfair/data/tess/audio/OAF_third_neutral.wav,OAF,third,neutral
OAF_third_sad.wav,/root/autodl-tmp/kfair/data/tess/audio/OAF_third_sad.wav,OAF,third,sad
OAF_thought_angry.wav,/root/autodl-tmp/kfair/data/tess/audio/OAF_thought_angry.wav,OAF,thought,angry
OAF_thought_happy.wav,/root/autodl-tmp/kfair/data/tess/audio/OAF_thought_happy.wav,OAF,thought,happy
OAF_thought_neutral.wav,/root/autodl-tmp/kfair/data/tess/audio/OAF_thought_neutral.wav,OAF,thought,neutral
OAF_thought_sad.wav,/root/autodl-tmp/kfair/data/tess/audio/OAF_thought_sad.wav,OAF,thought,sad
OAF_thumb_angry.wav,/root/autodl-tmp/kfair/data/tess/audio/OAF_thumb_angry.wav,OAF,thumb,angry
OAF_thumb_happy.wav,/root/autodl-tmp/kfair/data/tess/audio/OAF_thumb_happy.wav,OAF,thumb,happy
OAF_thumb_neutral.wav,/root/autodl-tmp/kfair/data/tess/audio/OAF_thumb_neutral.wav,OAF,thumb,neutral
OAF_thumb_sad.wav,/root/autodl-tmp/kfair/data/tess/audio/OAF_thumb_sad.wav,OAF,thumb,sad
OAF_time_angry.wav,/root/autodl-tmp/kfair/data/tess/audio/OAF_time_angry.wav,OAF,time,angry
OAF_time_happy.wav,/root/autodl-tmp/kfair/data/tess/audio/OAF_time_happy.wav,OAF,time,happy
OAF_time_neutral.wav,/root/autodl-tmp/kfair/data/tess/audio/OAF_time_neutral.wav,OAF,time,neutral
OAF_time_sad.wav,/root/autodl-tmp/kfair/data/tess/audio/OAF_time_sad.wav,OAF,time,sad
OAF_tip_angry.wav,/root/autodl-tmp/kfair/data/tess/audio/OAF_tip_angry.wav,OAF,tip,angry
OAF_tip_happy.wav,/root/autodl-tmp/kfair/data/tess/audio/OAF_tip_happy.wav,OAF,tip,happy
OAF_tip_neutral.wav,/root/autodl-tmp/kfair/data/tess/audio/OAF_tip_neutral.wav,OAF,tip,neutral
OAF_tip_sad.wav,/root/autodl-tmp/kfair/data/tess/audio/OAF_tip_sad.wav,OAF,tip,sad
OAF_tire_angry.wav,/root/autodl-tmp/kfair/data/tess/audio/OAF_tire_angry.wav,OAF,tire,angry
OAF_tire_happy.wav,/root/autodl-tmp/kfair/data/tess/audio/OAF_tire_happy.wav,OAF,tire,happy
OAF_tire_neutral.wav,/root/autodl-tmp/kfair/data/tess/audio/OAF_tire_neutral.wav,OAF,tire,neutral
OAF_tire_sad.wav,/root/autodl-tmp/kfair/data/tess/audio/OAF_tire_sad.wav,OAF,tire,sad
OAF_ton_angry.wav,/root/autodl-tmp/kfair/data/tess/audio/OAF_ton_angry.wav,OAF,ton,angry
OAF_ton_happy.wav,/root/autodl-tmp/kfair/data/tess/audio/OAF_ton_happy.wav,OAF,ton,happy
OAF_ton_neutral.wav,/root/autodl-tmp/kfair/data/tess/audio/OAF_ton_neutral.wav,OAF,ton,neutral
OAF_ton_sad.wav,/root/autodl-tmp/kfair/data/tess/audio/OAF_ton_sad.wav,OAF,ton,sad
OAF_tool_angry.wav,/root/autodl-tmp/kfair/data/tess/audio/OAF_tool_angry.wav,OAF,tool,angry
OAF_tool_happy.wav,/root/autodl-tmp/kfair/data/tess/audio/OAF_tool_happy.wav,OAF,tool,happy
OAF_tool_neutral.wav,/root/autodl-tmp/kfair/data/tess/audio/OAF_tool_neutral.wav,OAF,tool,neutral
OAF_tool_sad.wav,/root/autodl-tmp/kfair/data/tess/audio/OAF_tool_sad.wav,OAF,tool,sad
OAF_tough_angry.wav,/root/autodl-tmp/kfair/data/tess/audio/OAF_tough_angry.wav,OAF,tough,angry
OAF_tough_happy.wav,/root/autodl-tmp/kfair/data/tess/audio/OAF_tough_happy.wav,OAF,tough,happy
OAF_tough_neutral.wav,/root/autodl-tmp/kfair/data/tess/audio/OAF_tough_neutral.wav,OAF,tough,neutral
OAF_tough_sad.wav,/root/autodl-tmp/kfair/data/tess/audio/OAF_tough_sad.wav,OAF,tough,sad
OAF_turn_angry.wav,/root/autodl-tmp/kfair/data/tess/audio/OAF_turn_angry.wav,OAF,turn,angry
OAF_turn_happy.wav,/root/autodl-tmp/kfair/data/tess/audio/OAF_turn_happy.wav,OAF,turn,happy
OAF_turn_neutral.wav,/root/autodl-tmp/kfair/data/tess/audio/OAF_turn_neutral.wav,OAF,turn,neutral
OAF_turn_sad.wav,/root/autodl-tmp/kfair/data/tess/audio/OAF_turn_sad.wav,OAF,turn,sad
OAF_vine_angry.wav,/root/autodl-tmp/kfair/data/tess/audio/OAF_vine_angry.wav,OAF,vine,angry
OAF_vine_happy.wav,/root/autodl-tmp/kfair/data/tess/audio/OAF_vine_happy.wav,OAF,vine,happy
OAF_vine_neutral.wav,/root/autodl-tmp/kfair/data/tess/audio/OAF_vine_neutral.wav,OAF,vine,neutral
OAF_vine_sad.wav,/root/autodl-tmp/kfair/data/tess/audio/OAF_vine_sad.wav,OAF,vine,sad
OAF_voice_angry.wav,/root/autodl-tmp/kfair/data/tess/audio/OAF_voice_angry.wav,OAF,voice,angry
OAF_voice_happy.wav,/root/autodl-tmp/kfair/data/tess/audio/OAF_voice_happy.wav,OAF,voice,happy
OAF_voice_neutral.wav,/root/autodl-tmp/kfair/data/tess/audio/OAF_voice_neutral.wav,OAF,voice,neutral
OAF_voice_sad.wav,/root/autodl-tmp/kfair/data/tess/audio/OAF_voice_sad.wav,OAF,voice,sad
OAF_void_angry.wav,/root/autodl-tmp/kfair/data/tess/audio/OAF_void_angry.wav,OAF,void,angry
OAF_void_happy.wav,/root/autodl-tmp/kfair/data/tess/audio/OAF_void_happy.wav,OAF,void,happy
OAF_void_neutral.wav,/root/autodl-tmp/kfair/data/tess/audio/OAF_void_neutral.wav,OAF,void,neutral
OAF_void_sad.wav,/root/autodl-tmp/kfair/data/tess/audio/OAF_void_sad.wav,OAF,void,sad
OAF_vote_angry.wav,/root/autodl-tmp/kfair/data/tess/audio/OAF_vote_angry.wav,OAF,vote,angry
OAF_vote_happy.wav,/root/autodl-tmp/kfair/data/tess/audio/OAF_vote_happy.wav,OAF,vote,happy
OAF_vote_neutral.wav,/root/autodl-tmp/kfair/data/tess/audio/OAF_vote_neutral.wav,OAF,vote,neutral
OAF_vote_sad.wav,/root/autodl-tmp/kfair/data/tess/audio/OAF_vote_sad.wav,OAF,vote,sad
OAF_wag_angry.wav,/root/autodl-tmp/kfair/data/tess/audio/OAF_wag_angry.wav,OAF,wag,angry
OAF_wag_happy.wav,/root/autodl-tmp/kfair/data/tess/audio/OAF_wag_happy.wav,OAF,wag,happy
OAF_wag_neutral.wav,/root/autodl-tmp/kfair/data/tess/audio/OAF_wag_neutral.wav,OAF,wag,neutral
OAF_wag_sad.wav,/root/autodl-tmp/kfair/data/tess/audio/OAF_wag_sad.wav,OAF,wag,sad
OAF_walk_angry.wav,/root/autodl-tmp/kfair/data/tess/audio/OAF_walk_angry.wav,OAF,walk,angry
OAF_walk_happy.wav,/root/autodl-tmp/kfair/data/tess/audio/OAF_walk_happy.wav,OAF,walk,happy
OAF_walk_neutral.wav,/root/autodl-tmp/kfair/data/tess/audio/OAF_walk_neutral.wav,OAF,walk,neutral
OAF_walk_sad.wav,/root/autodl-tmp/kfair/data/tess/audio/OAF_walk_sad.wav,OAF,walk,sad
OAF_wash_angry.wav,/root/autodl-tmp/kfair/data/tess/audio/OAF_wash_angry.wav,OAF,wash,angry
OAF_wash_happy.wav,/root/autodl-tmp/kfair/data/tess/audio/OAF_wash_happy.wav,OAF,wash,happy
OAF_wash_neutral.wav,/root/autodl-tmp/kfair/data/tess/audio/OAF_wash_neutral.wav,OAF,wash,neutral
OAF_wash_sad.wav,/root/autodl-tmp/kfair/data/tess/audio/OAF_wash_sad.wav,OAF,wash,sad
OAF_week_angry.wav,/root/autodl-tmp/kfair/data/tess/audio/OAF_week_angry.wav,OAF,week,angry
OAF_week_happy.wav,/root/autodl-tmp/kfair/data/tess/audio/OAF_week_happy.wav,OAF,week,happy
OAF_week_neutral.wav,/root/autodl-tmp/kfair/data/tess/audio/OAF_week_neutral.wav,OAF,week,neutral
OAF_week_sad.wav,/root/autodl-tmp/kfair/data/tess/audio/OAF_week_sad.wav,OAF,week,sad
OAF_wheat_angry.wav,/root/autodl-tmp/kfair/data/tess/audio/OAF_wheat_angry.wav,OAF,wheat,angry
OAF_wheat_happy.wav,/root/autodl-tmp/kfair/data/tess/audio/OAF_wheat_happy.wav,OAF,wheat,happy
OAF_wheat_neutral.wav,/root/autodl-tmp/kfair/data/tess/audio/OAF_wheat_neutral.wav,OAF,wheat,neutral
OAF_wheat_sad.wav,/root/autodl-tmp/kfair/data/tess/audio/OAF_wheat_sad.wav,OAF,wheat,sad
OAF_when_angry.wav,/root/autodl-tmp/kfair/data/tess/audio/OAF_when_angry.wav,OAF,when,angry
OAF_when_happy.wav,/root/autodl-tmp/kfair/data/tess/audio/OAF_when_happy.wav,OAF,when,happy
OAF_when_neutral.wav,/root/autodl-tmp/kfair/data/tess/audio/OAF_when_neutral.wav,OAF,when,neutral
OAF_when_sad.wav,/root/autodl-tmp/kfair/data/tess/audio/OAF_when_sad.wav,OAF,when,sad
OAF_which_angry.wav,/root/autodl-tmp/kfair/data/tess/audio/OAF_which_angry.wav,OAF,which,angry
OAF_which_happy.wav,/root/autodl-tmp/kfair/data/tess/audio/OAF_which_happy.wav,OAF,which,happy
OAF_which_neutral.wav,/root/autodl-tmp/kfair/data/tess/audio/OAF_which_neutral.wav,OAF,which,neutral
OAF_which_sad.wav,/root/autodl-tmp/kfair/data/tess/audio/OAF_which_sad.wav,OAF,which,sad
OAF_whip_angry.wav,/root/autodl-tmp/kfair/data/tess/audio/OAF_whip_angry.wav,OAF,whip,angry
OAF_whip_happy.wav,/root/autodl-tmp/kfair/data/tess/audio/OAF_whip_happy.wav,OAF,whip,happy
OAF_whip_neutral.wav,/root/autodl-tmp/kfair/data/tess/audio/OAF_whip_neutral.wav,OAF,whip,neutral
OAF_whip_sad.wav,/root/autodl-tmp/kfair/data/tess/audio/OAF_whip_sad.wav,OAF,whip,sad
OAF_white_angry.wav,/root/autodl-tmp/kfair/data/tess/audio/OAF_white_angry.wav,OAF,white,angry
OAF_white_happy.wav,/root/autodl-tmp/kfair/data/tess/audio/OAF_white_happy.wav,OAF,white,happy
OAF_white_neutral.wav,/root/autodl-tmp/kfair/data/tess/audio/OAF_white_neutral.wav,OAF,white,neutral
OAF_white_sad.wav,/root/autodl-tmp/kfair/data/tess/audio/OAF_white_sad.wav,OAF,white,sad
OAF_wife_angry.wav,/root/autodl-tmp/kfair/data/tess/audio/OAF_wife_angry.wav,OAF,wife,angry
OAF_wife_happy.wav,/root/autodl-tmp/kfair/data/tess/audio/OAF_wife_happy.wav,OAF,wife,happy
OAF_wife_neutral.wav,/root/autodl-tmp/kfair/data/tess/audio/OAF_wife_neutral.wav,OAF,wife,neutral
OAF_wife_sad.wav,/root/autodl-tmp/kfair/data/tess/audio/OAF_wife_sad.wav,OAF,wife,sad
OAF_wire_angry.wav,/root/autodl-tmp/kfair/data/tess/audio/OAF_wire_angry.wav,OAF,wire,angry
OAF_wire_happy.wav,/root/autodl-tmp/kfair/data/tess/audio/OAF_wire_happy.wav,OAF,wire,happy
OAF_wire_neutral.wav,/root/autodl-tmp/kfair/data/tess/audio/OAF_wire_neutral.wav,OAF,wire,neutral
OAF_wire_sad.wav,/root/autodl-tmp/kfair/data/tess/audio/OAF_wire_sad.wav,OAF,wire,sad
OAF_witch_angry.wav,/root/autodl-tmp/kfair/data/tess/audio/OAF_witch_angry.wav,OAF,witch,angry
OAF_witch_happy.wav,/root/autodl-tmp/kfair/data/tess/audio/OAF_witch_happy.wav,OAF,witch,happy
OAF_witch_neutral.wav,/root/autodl-tmp/kfair/data/tess/audio/OAF_witch_neutral.wav,OAF,witch,neutral
OAF_witch_sad.wav,/root/autodl-tmp/kfair/data/tess/audio/OAF_witch_sad.wav,OAF,witch,sad
OAF_yearn_angry.wav,/root/autodl-tmp/kfair/data/tess/audio/OAF_yearn_angry.wav,OAF,yearn,angry
OAF_yearn_happy.wav,/root/autodl-tmp/kfair/data/tess/audio/OAF_yearn_happy.wav,OAF,yearn,happy
OAF_yearn_neutral.wav,/root/autodl-tmp/kfair/data/tess/audio/OAF_yearn_neutral.wav,OAF,yearn,neutral
OAF_yearn_sad.wav,/root/autodl-tmp/kfair/data/tess/audio/OAF_yearn_sad.wav,OAF,yearn,sad
OAF_yes_angry.wav,/root/autodl-tmp/kfair/data/tess/audio/OAF_yes_angry.wav,OAF,yes,angry
OAF_yes_happy.wav,/root/autodl-tmp/kfair/data/tess/audio/OAF_yes_happy.wav,OAF,yes,happy
OAF_yes_neutral.wav,/root/autodl-tmp/kfair/data/tess/audio/OAF_yes_neutral.wav,OAF,yes,neutral
OAF_yes_sad.wav,/root/autodl-tmp/kfair/data/tess/audio/OAF_yes_sad.wav,OAF,yes,sad
OAF_young_angry.wav,/root/autodl-tmp/kfair/data/tess/audio/OAF_young_angry.wav,OAF,young,angry
OAF_young_happy.wav,/root/autodl-tmp/kfair/data/tess/audio/OAF_young_happy.wav,OAF,young,happy
OAF_young_neutral.wav,/root/autodl-tmp/kfair/data/tess/audio/OAF_young_neutral.wav,OAF,young,neutral
OAF_young_sad.wav,/root/autodl-tmp/kfair/data/tess/audio/OAF_young_sad.wav,OAF,young,sad
OAF_youth_angry.wav,/root/autodl-tmp/kfair/data/tess/audio/OAF_youth_angry.wav,OAF,youth,angry
OAF_youth_happy.wav,/root/autodl-tmp/kfair/data/tess/audio/OAF_youth_happy.wav,OAF,youth,happy
OAF_youth_neutral.wav,/root/autodl-tmp/kfair/data/tess/audio/OAF_youth_neutral.wav,OAF,youth,neutral
OAF_youth_sad.wav,/root/autodl-tmp/kfair/data/tess/audio/OAF_youth_sad.wav,OAF,youth,sad
YAF_back_angry.wav,/root/autodl-tmp/kfair/data/tess/audio/YAF_back_angry.wav,YAF,back,angry
YAF_back_happy.wav,/root/autodl-tmp/kfair/data/tess/audio/YAF_back_happy.wav,YAF,back,happy
YAF_back_neutral.wav,/root/autodl-tmp/kfair/data/tess/audio/YAF_back_neutral.wav,YAF,back,neutral
YAF_back_sad.wav,/root/autodl-tmp/kfair/data/tess/audio/YAF_back_sad.wav,YAF,back,sad
YAF_bar_angry.wav,/root/autodl-tmp/kfair/data/tess/audio/YAF_bar_angry.wav,YAF,bar,angry
YAF_bar_happy.wav,/root/autodl-tmp/kfair/data/tess/audio/YAF_bar_happy.wav,YAF,bar,happy
YAF_bar_neutral.wav,/root/autodl-tmp/kfair/data/tess/audio/YAF_bar_neutral.wav,YAF,bar,neutral
YAF_bar_sad.wav,/root/autodl-tmp/kfair/data/tess/audio/YAF_bar_sad.wav,YAF,bar,sad
YAF_base_angry.wav,/root/autodl-tmp/kfair/data/tess/audio/YAF_base_angry.wav,YAF,base,angry
YAF_base_happy.wav,/root/autodl-tmp/kfair/data/tess/audio/YAF_base_happy.wav,YAF,base,happy
YAF_base_neutral.wav,/root/autodl-tmp/kfair/data/tess/audio/YAF_base_neutral.wav,YAF,base,neutral
YAF_base_sad.wav,/root/autodl-tmp/kfair/data/tess/audio/YAF_base_sad.wav,YAF,base,sad
YAF_bath_angry.wav,/root/autodl-tmp/kfair/data/tess/audio/YAF_bath_angry.wav,YAF,bath,angry
YAF_bath_happy.wav,/root/autodl-tmp/kfair/data/tess/audio/YAF_bath_happy.wav,YAF,bath,happy
YAF_bath_neutral.wav,/root/autodl-tmp/kfair/data/tess/audio/YAF_bath_neutral.wav,YAF,bath,neutral
YAF_bath_sad.wav,/root/autodl-tmp/kfair/data/tess/audio/YAF_bath_sad.wav,YAF,bath,sad
YAF_bean_angry.wav,/root/autodl-tmp/kfair/data/tess/audio/YAF_bean_angry.wav,YAF,bean,angry
YAF_bean_happy.wav,/root/autodl-tmp/kfair/data/tess/audio/YAF_bean_happy.wav,YAF,bean,happy
YAF_bean_neutral.wav,/root/autodl-tmp/kfair/data/tess/audio/YAF_bean_neutral.wav,YAF,bean,neutral
YAF_bean_sad.wav,/root/autodl-tmp/kfair/data/tess/audio/YAF_bean_sad.wav,YAF,bean,sad
YAF_beg_angry.wav,/root/autodl-tmp/kfair/data/tess/audio/YAF_beg_angry.wav,YAF,beg,angry
YAF_beg_happy.wav,/root/autodl-tmp/kfair/data/tess/audio/YAF_beg_happy.wav,YAF,beg,happy
YAF_beg_neutral.wav,/root/autodl-tmp/kfair/data/tess/audio/YAF_beg_neutral.wav,YAF,beg,neutral
YAF_beg_sad.wav,/root/autodl-tmp/kfair/data/tess/audio/YAF_beg_sad.wav,YAF,beg,sad
YAF_bite_angry.wav,/root/autodl-tmp/kfair/data/tess/audio/YAF_bite_angry.wav,YAF,bite,angry
YAF_bite_happy.wav,/root/autodl-tmp/kfair/data/tess/audio/YAF_bite_happy.wav,YAF,bite,happy
YAF_bite_neutral.wav,/root/autodl-tmp/kfair/data/tess/audio/YAF_bite_neutral.wav,YAF,bite,neutral
YAF_bite_sad.wav,/root/autodl-tmp/kfair/data/tess/audio/YAF_bite_sad.wav,YAF,bite,sad
YAF_boat_angry.wav,/root/autodl-tmp/kfair/data/tess/audio/YAF_boat_angry.wav,YAF,boat,angry
YAF_boat_happy.wav,/root/autodl-tmp/kfair/data/tess/audio/YAF_boat_happy.wav,YAF,boat,happy
YAF_boat_neutral.wav,/root/autodl-tmp/kfair/data/tess/audio/YAF_boat_neutral.wav,YAF,boat,neutral
YAF_boat_sad.wav,/root/autodl-tmp/kfair/data/tess/audio/YAF_boat_sad.wav,YAF,boat,sad
YAF_bone_angry.wav,/root/autodl-tmp/kfair/data/tess/audio/YAF_bone_angry.wav,YAF,bone,angry
YAF_bone_happy.wav,/root/autodl-tmp/kfair/data/tess/audio/YAF_bone_happy.wav,YAF,bone,happy
YAF_bone_neutral.wav,/root/autodl-tmp/kfair/data/tess/audio/YAF_bone_neutral.wav,YAF,bone,neutral
YAF_bone_sad.wav,/root/autodl-tmp/kfair/data/tess/audio/YAF_bone_sad.wav,YAF,bone,sad
YAF_book_angry.wav,/root/autodl-tmp/kfair/data/tess/audio/YAF_book_angry.wav,YAF,book,angry
YAF_book_happy.wav,/root/autodl-tmp/kfair/data/tess/audio/YAF_book_happy.wav,YAF,book,happy
YAF_book_neutral.wav,/root/autodl-tmp/kfair/data/tess/audio/YAF_book_neutral.wav,YAF,book,neutral
YAF_book_sad.wav,/root/autodl-tmp/kfair/data/tess/audio/YAF_book_sad.wav,YAF,book,sad
YAF_bought_angry.wav,/root/autodl-tmp/kfair/data/tess/audio/YAF_bought_angry.wav,YAF,bought,angry
YAF_bought_happy.wav,/root/autodl-tmp/kfair/data/tess/audio/YAF_bought_happy.wav,YAF,bought,happy
YAF_bought_neutral.wav,/root/autodl-tmp/kfair/data/tess/audio/YAF_bought_neutral.wav,YAF,bought,neutral
YAF_bought_sad.wav,/root/autodl-tmp/kfair/data/tess/audio/YAF_bought_sad.wav,YAF,bought,sad
YAF_burn_angry.wav,/root/autodl-tmp/kfair/data/tess/audio/YAF_burn_angry.wav,YAF,burn,angry
YAF_burn_happy.wav,/root/autodl-tmp/kfair/data/tess/audio/YAF_burn_happy.wav,YAF,burn,happy
YAF_burn_neutral.wav,/root/autodl-tmp/kfair/data/tess/audio/YAF_burn_neutral.wav,YAF,burn,neutral
YAF_burn_sad.wav,/root/autodl-tmp/kfair/data/tess/audio/YAF_burn_sad.wav,YAF,burn,sad
YAF_cab_angry.wav,/root/autodl-tmp/kfair/data/tess/audio/YAF_cab_angry.wav,YAF,cab,angry
YAF_cab_happy.wav,/root/autodl-tmp/kfair/data/tess/audio/YAF_cab_happy.wav,YAF,cab,happy
YAF_cab_neutral.wav,/root/autodl-tmp/kfair/data/tess/audio/YAF_cab_neutral.wav,YAF,cab,neutral
YAF_cab_sad.wav,/root/autodl-tmp/kfair/data/tess/audio/YAF_cab_sad.wav,YAF,cab,sad
YAF_calm_angry.wav,/root/autodl-tmp/kfair/data/tess/audio/YAF_calm_angry.wav,YAF,calm,angry
YAF_calm_happy.wav,/root/autodl-tmp/kfair/data/tess/audio/YAF_calm_happy.wav,YAF,calm,happy
YAF_calm_neutral.wav,/root/autodl-tmp/kfair/data/tess/audio/YAF_calm_neutral.wav,YAF,calm,neutral
YAF_calm_sad.wav,/root/autodl-tmp/kfair/data/tess/audio/YAF_calm_sad.wav,YAF,calm,sad
YAF_came_angry.wav,/root/autodl-tmp/kfair/data/tess/audio/YAF_came_angry.wav,YAF,came,angry
YAF_came_happy.wav,/root/autodl-tmp/kfair/data/tess/audio/YAF_came_happy.wav,YAF,came,happy
YAF_came_neutral.wav,/root/autodl-tmp/kfair/data/tess/audio/YAF_came_neutral.wav,YAF,came,neutral
YAF_came_sad.wav,/root/autodl-tmp/kfair/data/tess/audio/YAF_came_sad.wav,YAF,came,sad
YAF_cause_angry.wav,/root/autodl-tmp/kfair/data/tess/audio/YAF_cause_angry.wav,YAF,cause,angry
YAF_cause_happy.wav,/root/autodl-tmp/kfair/data/tess/audio/YAF_cause_happy.wav,YAF,cause,happy
YAF_cause_neutral.wav,/root/autodl-tmp/kfair/data/tess/audio/YAF_cause_neutral.wav,YAF,cause,neutral
YAF_cause_sad.wav,/root/autodl-tmp/kfair/data/tess/audio/YAF_cause_sad.wav,YAF,cause,sad
YAF_chain_angry.wav,/root/autodl-tmp/kfair/data/tess/audio/YAF_chain_angry.wav,YAF,chain,angry
YAF_chain_happy.wav,/root/autodl-tmp/kfair/data/tess/audio/YAF_chain_happy.wav,YAF,chain,happy
YAF_chain_neutral.wav,/root/autodl-tmp/kfair/data/tess/audio/YAF_chain_neutral.wav,YAF,chain,neutral
YAF_chain_sad.wav,/root/autodl-tmp/kfair/data/tess/audio/YAF_chain_sad.wav,YAF,chain,sad
YAF_chair_angry.wav,/root/autodl-tmp/kfair/data/tess/audio/YAF_chair_angry.wav,YAF,chair,angry
YAF_chair_happy.wav,/root/autodl-tmp/kfair/data/tess/audio/YAF_chair_happy.wav,YAF,chair,happy
YAF_chair_neutral.wav,/root/autodl-tmp/kfair/data/tess/audio/YAF_chair_neutral.wav,YAF,chair,neutral
YAF_chair_sad.wav,/root/autodl-tmp/kfair/data/tess/audio/YAF_chair_sad.wav,YAF,chair,sad
YAF_chalk_angry.wav,/root/autodl-tmp/kfair/data/tess/audio/YAF_chalk_angry.wav,YAF,chalk,angry
YAF_chalk_happy.wav,/root/autodl-tmp/kfair/data/tess/audio/YAF_chalk_happy.wav,YAF,chalk,happy
YAF_chalk_neutral.wav,/root/autodl-tmp/kfair/data/tess/audio/YAF_chalk_neutral.wav,YAF,chalk,neutral
YAF_chalk_sad.wav,/root/autodl-tmp/kfair/data/tess/audio/YAF_chalk_sad.wav,YAF,chalk,sad
YAF_chat_angry.wav,/root/autodl-tmp/kfair/data/tess/audio/YAF_chat_angry.wav,YAF,chat,angry
YAF_chat_happy.wav,/root/autodl-tmp/kfair/data/tess/audio/YAF_chat_happy.wav,YAF,chat,happy
YAF_chat_neutral.wav,/root/autodl-tmp/kfair/data/tess/audio/YAF_chat_neutral.wav,YAF,chat,neutral
YAF_chat_sad.wav,/root/autodl-tmp/kfair/data/tess/audio/YAF_chat_sad.wav,YAF,chat,sad
YAF_check_angry.wav,/root/autodl-tmp/kfair/data/tess/audio/YAF_check_angry.wav,YAF,check,angry
YAF_check_happy.wav,/root/autodl-tmp/kfair/data/tess/audio/YAF_check_happy.wav,YAF,check,happy
YAF_check_neutral.wav,/root/autodl-tmp/kfair/data/tess/audio/YAF_check_neutral.wav,YAF,check,neutral
YAF_check_sad.wav,/root/autodl-tmp/kfair/data/tess/audio/YAF_check_sad.wav,YAF,check,sad
YAF_cheek_angry.wav,/root/autodl-tmp/kfair/data/tess/audio/YAF_cheek_angry.wav,YAF,cheek,angry
YAF_cheek_happy.wav,/root/autodl-tmp/kfair/data/tess/audio/YAF_cheek_happy.wav,YAF,cheek,happy
YAF_cheek_neutral.wav,/root/autodl-tmp/kfair/data/tess/audio/YAF_cheek_neutral.wav,YAF,cheek,neutral
YAF_cheek_sad.wav,/root/autodl-tmp/kfair/data/tess/audio/YAF_cheek_sad.wav,YAF,cheek,sad
YAF_chief_angry.wav,/root/autodl-tmp/kfair/data/tess/audio/YAF_chief_angry.wav,YAF,chief,angry
YAF_chief_happy.wav,/root/autodl-tmp/kfair/data/tess/audio/YAF_chief_happy.wav,YAF,chief,happy
YAF_chief_neutral.wav,/root/autodl-tmp/kfair/data/tess/audio/YAF_chief_neutral.wav,YAF,chief,neutral
YAF_chief_sad.wav,/root/autodl-tmp/kfair/data/tess/audio/YAF_chief_sad.wav,YAF,chief,sad
YAF_choice_angry.wav,/root/autodl-tmp/kfair/data/tess/audio/YAF_choice_angry.wav,YAF,choice,angry
YAF_choice_happy.wav,/root/autodl-tmp/kfair/data/tess/audio/YAF_choice_happy.wav,YAF,choice,happy
YAF_choice_neutral.wav,/root/autodl-tmp/kfair/data/tess/audio/YAF_choice_neutral.wav,YAF,choice,neutral
YAF_choice_sad.wav,/root/autodl-tmp/kfair/data/tess/audio/YAF_choice_sad.wav,YAF,choice,sad
YAF_cool_angry.wav,/root/autodl-tmp/kfair/data/tess/audio/YAF_cool_angry.wav,YAF,cool,angry
YAF_cool_happy.wav,/root/autodl-tmp/kfair/data/tess/audio/YAF_cool_happy.wav,YAF,cool,happy
YAF_cool_neutral.wav,/root/autodl-tmp/kfair/data/tess/audio/YAF_cool_neutral.wav,YAF,cool,neutral
YAF_cool_sad.wav,/root/autodl-tmp/kfair/data/tess/audio/YAF_cool_sad.wav,YAF,cool,sad
YAF_dab_angry.wav,/root/autodl-tmp/kfair/data/tess/audio/YAF_dab_angry.wav,YAF,dab,angry
YAF_dab_happy.wav,/root/autodl-tmp/kfair/data/tess/audio/YAF_dab_happy.wav,YAF,dab,happy
YAF_dab_neutral.wav,/root/autodl-tmp/kfair/data/tess/audio/YAF_dab_neutral.wav,YAF,dab,neutral
YAF_dab_sad.wav,/root/autodl-tmp/kfair/data/tess/audio/YAF_dab_sad.wav,YAF,dab,sad
YAF_date_angry.wav,/root/autodl-tmp/kfair/data/tess/audio/YAF_date_angry.wav,YAF,date,angry
YAF_date_happy.wav,/root/autodl-tmp/kfair/data/tess/audio/YAF_date_happy.wav,YAF,date,happy
YAF_date_neutral.wav,/root/autodl-tmp/kfair/data/tess/audio/YAF_date_neutral.wav,YAF,date,neutral
YAF_date_sad.wav,/root/autodl-tmp/kfair/data/tess/audio/YAF_date_sad.wav,YAF,date,sad
YAF_dead_angry.wav,/root/autodl-tmp/kfair/data/tess/audio/YAF_dead_angry.wav,YAF,dead,angry
YAF_dead_happy.wav,/root/autodl-tmp/kfair/data/tess/audio/YAF_dead_happy.wav,YAF,dead,happy
YAF_dead_neutral.wav,/root/autodl-tmp/kfair/data/tess/audio/YAF_dead_neutral.wav,YAF,dead,neutral
YAF_dead_sad.wav,/root/autodl-tmp/kfair/data/tess/audio/YAF_dead_sad.wav,YAF,dead,sad
YAF_death_angry.wav,/root/autodl-tmp/kfair/data/tess/audio/YAF_death_angry.wav,YAF,death,angry
YAF_death_happy.wav,/root/autodl-tmp/kfair/data/tess/audio/YAF_death_happy.wav,YAF,death,happy
YAF_death_neutral.wav,/root/autodl-tmp/kfair/data/tess/audio/YAF_death_neutral.wav,YAF,death,neutral
YAF_death_sad.wav,/root/autodl-tmp/kfair/data/tess/audio/YAF_death_sad.wav,YAF,death,sad
YAF_deep_angry.wav,/root/autodl-tmp/kfair/data/tess/audio/YAF_deep_angry.wav,YAF,deep,angry
YAF_deep_happy.wav,/root/autodl-tmp/kfair/data/tess/audio/YAF_deep_happy.wav,YAF,deep,happy
YAF_deep_neutral.wav,/root/autodl-tmp/kfair/data/tess/audio/YAF_deep_neutral.wav,YAF,deep,neutral
YAF_deep_sad.wav,/root/autodl-tmp/kfair/data/tess/audio/YAF_deep_sad.wav,YAF,deep,sad
YAF_dime_angry.wav,/root/autodl-tmp/kfair/data/tess/audio/YAF_dime_angry.wav,YAF,dime,angry
YAF_dime_happy.wav,/root/autodl-tmp/kfair/data/tess/audio/YAF_dime_happy.wav,YAF,dime,happy
YAF_dime_neutral.wav,/root/autodl-tmp/kfair/data/tess/audio/YAF_dime_neutral.wav,YAF,dime,neutral
YAF_dime_sad.wav,/root/autodl-tmp/kfair/data/tess/audio/YAF_dime_sad.wav,YAF,dime,sad
YAF_dip_angry.wav,/root/autodl-tmp/kfair/data/tess/audio/YAF_dip_angry.wav,YAF,dip,angry
YAF_dip_happy.wav,/root/autodl-tmp/kfair/data/tess/audio/YAF_dip_happy.wav,YAF,dip,happy
YAF_dip_neutral.wav,/root/autodl-tmp/kfair/data/tess/audio/YAF_dip_neutral.wav,YAF,dip,neutral
YAF_dip_sad.wav,/root/autodl-tmp/kfair/data/tess/audio/YAF_dip_sad.wav,YAF,dip,sad
YAF_ditch_angry.wav,/root/autodl-tmp/kfair/data/tess/audio/YAF_ditch_angry.wav,YAF,ditch,angry
YAF_ditch_happy.wav,/root/autodl-tmp/kfair/data/tess/audio/YAF_ditch_happy.wav,YAF,ditch,happy
YAF_ditch_neutral.wav,/root/autodl-tmp/kfair/data/tess/audio/YAF_ditch_neutral.wav,YAF,ditch,neutral
YAF_ditch_sad.wav,/root/autodl-tmp/kfair/data/tess/audio/YAF_ditch_sad.wav,YAF,ditch,sad
YAF_dodge_angry.wav,/root/autodl-tmp/kfair/data/tess/audio/YAF_dodge_angry.wav,YAF,dodge,angry
YAF_dodge_happy.wav,/root/autodl-tmp/kfair/data/tess/audio/YAF_dodge_happy.wav,YAF,dodge,happy
YAF_dodge_neutral.wav,/root/autodl-tmp/kfair/data/tess/audio/YAF_dodge_neutral.wav,YAF,dodge,neutral
YAF_dodge_sad.wav,/root/autodl-tmp/kfair/data/tess/audio/YAF_dodge_sad.wav,YAF,dodge,sad
YAF_dog_angry.wav,/root/autodl-tmp/kfair/data/tess/audio/YAF_dog_angry.wav,YAF,dog,angry
YAF_dog_happy.wav,/root/autodl-tmp/kfair/data/tess/audio/YAF_dog_happy.wav,YAF,dog,happy
YAF_dog_neutral.wav,/root/autodl-tmp/kfair/data/tess/audio/YAF_dog_neutral.wav,YAF,dog,neutral
YAF_dog_sad.wav,/root/autodl-tmp/kfair/data/tess/audio/YAF_dog_sad.wav,YAF,dog,sad
YAF_doll_angry.wav,/root/autodl-tmp/kfair/data/tess/audio/YAF_doll_angry.wav,YAF,doll,angry
YAF_doll_happy.wav,/root/autodl-tmp/kfair/data/tess/audio/YAF_doll_happy.wav,YAF,doll,happy
YAF_doll_neutral.wav,/root/autodl-tmp/kfair/data/tess/audio/YAF_doll_neutral.wav,YAF,doll,neutral
YAF_doll_sad.wav,/root/autodl-tmp/kfair/data/tess/audio/YAF_doll_sad.wav,YAF,doll,sad
YAF_door_angry.wav,/root/autodl-tmp/kfair/data/tess/audio/YAF_door_angry.wav,YAF,door,angry
YAF_door_happy.wav,/root/autodl-tmp/kfair/data/tess/audio/YAF_door_happy.wav,YAF,door,happy
YAF_door_neutral.wav,/root/autodl-tmp/kfair/data/tess/audio/YAF_door_neutral.wav,YAF,door,neutral
YAF_door_sad.wav,/root/autodl-tmp/kfair/data/tess/audio/YAF_door_sad.wav,YAF,door,sad
YAF_fail_angry.wav,/root/autodl-tmp/kfair/data/tess/audio/YAF_fail_angry.wav,YAF,fail,angry
YAF_fail_happy.wav,/root/autodl-tmp/kfair/data/tess/audio/YAF_fail_happy.wav,YAF,fail,happy
YAF_fail_neutral.wav,/root/autodl-tmp/kfair/data/tess/audio/YAF_fail_neutral.wav,YAF,fail,neutral
YAF_fail_sad.wav,/root/autodl-tmp/kfair/data/tess/audio/YAF_fail_sad.wav,YAF,fail,sad
YAF_fall_angry.wav,/root/autodl-tmp/kfair/data/tess/audio/YAF_fall_angry.wav,YAF,fall,angry
YAF_fall_happy.wav,/root/autodl-tmp/kfair/data/tess/audio/YAF_fall_happy.wav,YAF,fall,happy
YAF_fall_neutral.wav,/root/autodl-tmp/kfair/data/tess/audio/YAF_fall_neutral.wav,YAF,fall,neutral
YAF_fall_sad.wav,/root/autodl-tmp/kfair/data/tess/audio/YAF_fall_sad.wav,YAF,fall,sad
YAF_far_angry.wav,/root/autodl-tmp/kfair/data/tess/audio/YAF_far_angry.wav,YAF,far,angry
YAF_far_happy.wav,/root/autodl-tmp/kfair/data/tess/audio/YAF_far_happy.wav,YAF,far,happy
YAF_far_neutral.wav,/root/autodl-tmp/kfair/data/tess/audio/YAF_far_neutral.wav,YAF,far,neutral
YAF_far_sad.wav,/root/autodl-tmp/kfair/data/tess/audio/YAF_far_sad.wav,YAF,far,sad
YAF_fat_angry.wav,/root/autodl-tmp/kfair/data/tess/audio/YAF_fat_angry.wav,YAF,fat,angry
YAF_fat_happy.wav,/root/autodl-tmp/kfair/data/tess/audio/YAF_fat_happy.wav,YAF,fat,happy
YAF_fat_neutral.wav,/root/autodl-tmp/kfair/data/tess/audio/YAF_fat_neutral.wav,YAF,fat,neutral
YAF_fat_sad.wav,/root/autodl-tmp/kfair/data/tess/audio/YAF_fat_sad.wav,YAF,fat,sad
YAF_fit_angry.wav,/root/autodl-tmp/kfair/data/tess/audio/YAF_fit_angry.wav,YAF,fit,angry
YAF_fit_happy.wav,/root/autodl-tmp/kfair/data/tess/audio/YAF_fit_happy.wav,YAF,fit,happy
YAF_fit_neutral.wav,/root/autodl-tmp/kfair/data/tess/audio/YAF_fit_neutral.wav,YAF,fit,neutral
YAF_fit_sad.wav,/root/autodl-tmp/kfair/data/tess/audio/YAF_fit_sad.wav,YAF,fit,sad
YAF_five_angry.wav,/root/autodl-tmp/kfair/data/tess/audio/YAF_five_angry.wav,YAF,five,angry
YAF_five_happy.wav,/root/autodl-tmp/kfair/data/tess/audio/YAF_five_happy.wav,YAF,five,happy
YAF_five_neutral.wav,/root/autodl-tmp/kfair/data/tess/audio/YAF_five_neutral.wav,YAF,five,neutral
YAF_five_sad.wav,/root/autodl-tmp/kfair/data/tess/audio/YAF_five_sad.wav,YAF,five,sad
YAF_food_angry.wav,/root/autodl-tmp/kfair/data/tess/audio/YAF_food_angry.wav,YAF,food,angry
YAF_food_happy.wav,/root/autodl-tmp/kfair/data/tess/audio/YAF_food_happy.wav,YAF,food,happy
YAF_food_neutral.wav,/root/autodl-tmp/kfair/data/tess/audio/YAF_food_neutral.wav,YAF,food,neutral
YAF_food_sad.wav,/root/autodl-tmp/kfair/data/tess/audio/YAF_food_sad.wav,YAF,food,sad
YAF_gap_angry.wav,/root/autodl-tmp/kfair/data/tess/audio/YAF_gap_angry.wav,YAF,gap,angry
YAF_gap_happy.wav,/root/autodl-tmp/kfair/data/tess/audio/YAF_gap_happy.wav,YAF,gap,happy
YAF_gap_neutral.wav,/root/autodl-tmp/kfair/data/tess/audio/YAF_gap_neutral.wav,YAF,gap,neutral
YAF_gap_sad.wav,/root/autodl-tmp/kfair/data/tess/audio/YAF_gap_sad.wav,YAF,gap,sad
YAF_gas_angry.wav,/root/autodl-tmp/kfair/data/tess/audio/YAF_gas_angry.wav,YAF,gas,angry
YAF_gas_happy.wav,/root/autodl-tmp/kfair/data/tess/audio/YAF_gas_happy.wav,YAF,gas,happy
YAF_gas_neutral.wav,/root/autodl-tmp/kfair/data/tess/audio/YAF_gas_neutral.wav,YAF,gas,neutral
YAF_gas_sad.wav,/root/autodl-tmp/kfair/data/tess/audio/YAF_gas_sad.wav,YAF,gas,sad
YAF_gaze_angry.wav,/root/autodl-tmp/kfair/data/tess/audio/YAF_gaze_angry.wav,YAF,gaze,angry
YAF_gaze_happy.wav,/root/autodl-tmp/kfair/data/tess/audio/YAF_gaze_happy.wav,YAF,gaze,happy
YAF_gaze_neutral.wav,/root/autodl-tmp/kfair/data/tess/audio/YAF_gaze_neutral.wav,YAF,gaze,neutral
YAF_gaze_sad.wav,/root/autodl-tmp/kfair/data/tess/audio/YAF_gaze_sad.wav,YAF,gaze,sad
YAF_germ_angry.wav,/root/autodl-tmp/kfair/data/tess/audio/YAF_germ_angry.wav,YAF,germ,angry
YAF_germ_happy.wav,/root/autodl-tmp/kfair/data/tess/audio/YAF_germ_happy.wav,YAF,germ,happy
YAF_germ_neutral.wav,/root/autodl-tmp/kfair/data/tess/audio/YAF_germ_neutral.wav,YAF,germ,neutral
YAF_germ_sad.wav,/root/autodl-tmp/kfair/data/tess/audio/YAF_germ_sad.wav,YAF,germ,sad
YAF_get_angry.wav,/root/autodl-tmp/kfair/data/tess/audio/YAF_get_angry.wav,YAF,get,angry
YAF_get_happy.wav,/root/autodl-tmp/kfair/data/tess/audio/YAF_get_happy.wav,YAF,get,happy
YAF_get_neutral.wav,/root/autodl-tmp/kfair/data/tess/audio/YAF_get_neutral.wav,YAF,get,neutral
YAF_get_sad.wav,/root/autodl-tmp/kfair/data/tess/audio/YAF_get_sad.wav,YAF,get,sad
YAF_gin_angry.wav,/root/autodl-tmp/kfair/data/tess/audio/YAF_gin_angry.wav,YAF,gin,angry
YAF_gin_happy.wav,/root/autodl-tmp/kfair/data/tess/audio/YAF_gin_happy.wav,YAF,gin,happy
YAF_gin_neutral.wav,/root/autodl-tmp/kfair/data/tess/audio/YAF_gin_neutral.wav,YAF,gin,neutral
YAF_gin_sad.wav,/root/autodl-tmp/kfair/data/tess/audio/YAF_gin_sad.wav,YAF,gin,sad
YAF_goal_angry.wav,/root/autodl-tmp/kfair/data/tess/audio/YAF_goal_angry.wav,YAF,goal,angry
YAF_goal_happy.wav,/root/autodl-tmp/kfair/data/tess/audio/YAF_goal_happy.wav,YAF,goal,happy
YAF_goal_neutral.wav,/root/autodl-tmp/kfair/data/tess/audio/YAF_goal_neutral.wav,YAF,goal,neutral
YAF_goal_sad.wav,/root/autodl-tmp/kfair/data/tess/audio/YAF_goal_sad.wav,YAF,goal,sad
YAF_good_angry.wav,/root/autodl-tmp/kfair/data/tess/audio/YAF_good_angry.wav,YAF,good,angry
YAF_good_happy.wav,/root/autodl-tmp/kfair/data/tess/audio/YAF_good_happy.wav,YAF,good,happy
YAF_good_neutral.wav,/root/autodl-tmp/kfair/data/tess/audio/YAF_good_neutral.wav,YAF,good,neutral
YAF_good_sad.wav,/root/autodl-tmp/kfair/data/tess/audio/YAF_good_sad.wav,YAF,good,sad
YAF_goose_angry.wav,/root/autodl-tmp/kfair/data/tess/audio/YAF_goose_angry.wav,YAF,goose,angry
YAF_goose_happy.wav,/root/autodl-tmp/kfair/data/tess/audio/YAF_goose_happy.wav,YAF,goose,happy
YAF_goose_neutral.wav,/root/autodl-tmp/kfair/data/tess/audio/YAF_goose_neutral.wav,YAF,goose,neutral
YAF_goose_sad.wav,/root/autodl-tmp/kfair/data/tess/audio/YAF_goose_sad.wav,YAF,goose,sad
YAF_gun_angry.wav,/root/autodl-tmp/kfair/data/tess/audio/YAF_gun_angry.wav,YAF,gun,angry
YAF_gun_happy.wav,/root/autodl-tmp/kfair/data/tess/audio/YAF_gun_happy.wav,YAF,gun,happy
YAF_gun_neutral.wav,/root/autodl-tmp/kfair/data/tess/audio/YAF_gun_neutral.wav,YAF,gun,neutral
YAF_gun_sad.wav,/root/autodl-tmp/kfair/data/tess/audio/YAF_gun_sad.wav,YAF,gun,sad
YAF_half_angry.wav,/root/autodl-tmp/kfair/data/tess/audio/YAF_half_angry.wav,YAF,half,angry
YAF_half_happy.wav,/root/autodl-tmp/kfair/data/tess/audio/YAF_half_happy.wav,YAF,half,happy
YAF_half_neutral.wav,/root/autodl-tmp/kfair/data/tess/audio/YAF_half_neutral.wav,YAF,half,neutral
YAF_half_sad.wav,/root/autodl-tmp/kfair/data/tess/audio/YAF_half_sad.wav,YAF,half,sad
YAF_hall_angry.wav,/root/autodl-tmp/kfair/data/tess/audio/YAF_hall_angry.wav,YAF,hall,angry
YAF_hall_happy.wav,/root/autodl-tmp/kfair/data/tess/audio/YAF_hall_happy.wav,YAF,hall,happy
YAF_hall_neutral.wav,/root/autodl-tmp/kfair/data/tess/audio/YAF_hall_neutral.wav,YAF,hall,neutral
YAF_hall_sad.wav,/root/autodl-tmp/kfair/data/tess/audio/YAF_hall_sad.wav,YAF,hall,sad
YAF_hash_angry.wav,/root/autodl-tmp/kfair/data/tess/audio/YAF_hash_angry.wav,YAF,hash,angry
YAF_hash_happy.wav,/root/autodl-tmp/kfair/data/tess/audio/YAF_hash_happy.wav,YAF,hash,happy
YAF_hash_neutral.wav,/root/autodl-tmp/kfair/data/tess/audio/YAF_hash_neutral.wav,YAF,hash,neutral
YAF_hash_sad.wav,/root/autodl-tmp/kfair/data/tess/audio/YAF_hash_sad.wav,YAF,hash,sad
YAF_hate_angry.wav,/root/autodl-tmp/kfair/data/tess/audio/YAF_hate_angry.wav,YAF,hate,angry
YAF_hate_happy.wav,/root/autodl-tmp/kfair/data/tess/audio/YAF_hate_happy.wav,YAF,hate,happy
YAF_hate_neutral.wav,/root/autodl-tmp/kfair/data/tess/audio/YAF_hate_neutral.wav,YAF,hate,neutral
YAF_hate_sad.wav,/root/autodl-tmp/kfair/data/tess/audio/YAF_hate_sad.wav,YAF,hate,sad
YAF_have_angry.wav,/root/autodl-tmp/kfair/data/tess/audio/YAF_have_angry.wav,YAF,have,angry
YAF_have_happy.wav,/root/autodl-tmp/kfair/data/tess/audio/YAF_have_happy.wav,YAF,have,happy
YAF_have_neutral.wav,/root/autodl-tmp/kfair/data/tess/audio/YAF_have_neutral.wav,YAF,have,neutral
YAF_have_sad.wav,/root/autodl-tmp/kfair/data/tess/audio/YAF_have_sad.wav,YAF,have,sad
YAF_haze_angry.wav,/root/autodl-tmp/kfair/data/tess/audio/YAF_haze_angry.wav,YAF,haze,angry
YAF_haze_happy.wav,/root/autodl-tmp/kfair/data/tess/audio/YAF_haze_happy.wav,YAF,haze,happy
YAF_haze_neutral.wav,/root/autodl-tmp/kfair/data/tess/audio/YAF_haze_neutral.wav,YAF,haze,neutral
YAF_haze_sad.wav,/root/autodl-tmp/kfair/data/tess/audio/YAF_haze_sad.wav,YAF,haze,sad
YAF_hire_angry.wav,/root/autodl-tmp/kfair/data/tess/audio/YAF_hire_angry.wav,YAF,hire,angry
YAF_hire_happy.wav,/root/autodl-tmp/kfair/data/tess/audio/YAF_hire_happy.wav,YAF,hire,happy
YAF_hire_neutral.wav,/root/autodl-tmp/kfair/data/tess/audio/YAF_hire_neutral.wav,YAF,hire,neutral
YAF_hire_sad.wav,/root/autodl-tmp/kfair/data/tess/audio/YAF_hire_sad.wav,YAF,hire,sad
YAF_hit_angry.wav,/root/autodl-tmp/kfair/data/tess/audio/YAF_hit_angry.wav,YAF,hit,angry
YAF_hit_happy.wav,/root/autodl-tmp/kfair/data/tess/audio/YAF_hit_happy.wav,YAF,hit,happy
YAF_hit_neutral.wav,/root/autodl-tmp/kfair/data/tess/audio/YAF_hit_neutral.wav,YAF,hit,neutral
YAF_hit_sad.wav,/root/autodl-tmp/kfair/data/tess/audio/YAF_hit_sad.wav,YAF,hit,sad
YAF_hole_angry.wav,/root/autodl-tmp/kfair/data/tess/audio/YAF_hole_angry.wav,YAF,hole,angry
YAF_hole_happy.wav,/root/autodl-tmp/kfair/data/tess/audio/YAF_hole_happy.wav,YAF,hole,happy
YAF_hole_neutral.wav,/root/autodl-tmp/kfair/data/tess/audio/YAF_hole_neutral.wav,YAF,hole,neutral
YAF_hole_sad.wav,/root/autodl-tmp/kfair/data/tess/audio/YAF_hole_sad.wav,YAF,hole,sad
YAF_home_angry.wav,/root/autodl-tmp/kfair/data/tess/audio/YAF_home_angry.wav,YAF,home,angry
YAF_home_happy.wav,/root/autodl-tmp/kfair/data/tess/audio/YAF_home_happy.wav,YAF,home,happy
YAF_home_neutral.wav,/root/autodl-tmp/kfair/data/tess/audio/YAF_home_neutral.wav,YAF,home,neutral
YAF_home_sad.wav,/root/autodl-tmp/kfair/data/tess/audio/YAF_home_sad.wav,YAF,home,sad
YAF_hurl_angry.wav,/root/autodl-tmp/kfair/data/tess/audio/YAF_hurl_angry.wav,YAF,hurl,angry
YAF_hurl_happy.wav,/root/autodl-tmp/kfair/data/tess/audio/YAF_hurl_happy.wav,YAF,hurl,happy
YAF_hurl_neutral.wav,/root/autodl-tmp/kfair/data/tess/audio/YAF_hurl_neutral.wav,YAF,hurl,neutral
YAF_hurl_sad.wav,/root/autodl-tmp/kfair/data/tess/audio/YAF_hurl_sad.wav,YAF,hurl,sad
YAF_hush_angry.wav,/root/autodl-tmp/kfair/data/tess/audio/YAF_hush_angry.wav,YAF,hush,angry
YAF_hush_happy.wav,/root/autodl-tmp/kfair/data/tess/audio/YAF_hush_happy.wav,YAF,hush,happy
YAF_hush_neutral.wav,/root/autodl-tmp/kfair/data/tess/audio/YAF_hush_neutral.wav,YAF,hush,neutral
YAF_hush_sad.wav,/root/autodl-tmp/kfair/data/tess/audio/YAF_hush_sad.wav,YAF,hush,sad
YAF_jail_angry.wav,/root/autodl-tmp/kfair/data/tess/audio/YAF_jail_angry.wav,YAF,jail,angry
YAF_jail_happy.wav,/root/autodl-tmp/kfair/data/tess/audio/YAF_jail_happy.wav,YAF,jail,happy
YAF_jail_neutral.wav,/root/autodl-tmp/kfair/data/tess/audio/YAF_jail_neutral.wav,YAF,jail,neutral
YAF_jail_sad.wav,/root/autodl-tmp/kfair/data/tess/audio/YAF_jail_sad.wav,YAF,jail,sad
YAF_jar_angry.wav,/root/autodl-tmp/kfair/data/tess/audio/YAF_jar_angry.wav,YAF,jar,angry
YAF_jar_happy.wav,/root/autodl-tmp/kfair/data/tess/audio/YAF_jar_happy.wav,YAF,jar,happy
YAF_jar_neutral.wav,/root/autodl-tmp/kfair/data/tess/audio/YAF_jar_neutral.wav,YAF,jar,neutral
YAF_jar_sad.wav,/root/autodl-tmp/kfair/data/tess/audio/YAF_jar_sad.wav,YAF,jar,sad
YAF_join_angry.wav,/root/autodl-tmp/kfair/data/tess/audio/YAF_join_angry.wav,YAF,join,angry
YAF_join_happy.wav,/root/autodl-tmp/kfair/data/tess/audio/YAF_join_happy.wav,YAF,join,happy
YAF_join_neutral.wav,/root/autodl-tmp/kfair/data/tess/audio/YAF_join_neutral.wav,YAF,join,neutral
YAF_join_sad.wav,/root/autodl-tmp/kfair/data/tess/audio/YAF_join_sad.wav,YAF,join,sad
YAF_judge_angry.wav,/root/autodl-tmp/kfair/data/tess/audio/YAF_judge_angry.wav,YAF,judge,angry
YAF_judge_happy.wav,/root/autodl-tmp/kfair/data/tess/audio/YAF_judge_happy.wav,YAF,judge,happy
YAF_judge_neutral.wav,/root/autodl-tmp/kfair/data/tess/audio/YAF_judge_neutral.wav,YAF,judge,neutral
YAF_judge_sad.wav,/root/autodl-tmp/kfair/data/tess/audio/YAF_judge_sad.wav,YAF,judge,sad
YAF_jug_angry.wav,/root/autodl-tmp/kfair/data/tess/audio/YAF_jug_angry.wav,YAF,jug,angry
YAF_jug_happy.wav,/root/autodl-tmp/kfair/data/tess/audio/YAF_jug_happy.wav,YAF,jug,happy
YAF_jug_neutral.wav,/root/autodl-tmp/kfair/data/tess/audio/YAF_jug_neutral.wav,YAF,jug,neutral
YAF_jug_sad.wav,/root/autodl-tmp/kfair/data/tess/audio/YAF_jug_sad.wav,YAF,jug,sad
YAF_juice_angry.wav,/root/autodl-tmp/kfair/data/tess/audio/YAF_juice_angry.wav,YAF,juice,angry
YAF_juice_happy.wav,/root/autodl-tmp/kfair/data/tess/audio/YAF_juice_happy.wav,YAF,juice,happy
YAF_juice_neutral.wav,/root/autodl-tmp/kfair/data/tess/audio/YAF_juice_neutral.wav,YAF,juice,neutral
YAF_juice_sad.wav,/root/autodl-tmp/kfair/data/tess/audio/YAF_juice_sad.wav,YAF,juice,sad
YAF_keen_angry.wav,/root/autodl-tmp/kfair/data/tess/audio/YAF_keen_angry.wav,YAF,keen,angry
YAF_keen_happy.wav,/root/autodl-tmp/kfair/data/tess/audio/YAF_keen_happy.wav,YAF,keen,happy
YAF_keen_neutral.wav,/root/autodl-tmp/kfair/data/tess/audio/YAF_keen_neutral.wav,YAF,keen,neutral
YAF_keen_sad.wav,/root/autodl-tmp/kfair/data/tess/audio/YAF_keen_sad.wav,YAF,keen,sad
YAF_keep_angry.wav,/root/autodl-tmp/kfair/data/tess/audio/YAF_keep_angry.wav,YAF,keep,angry
YAF_keep_happy.wav,/root/autodl-tmp/kfair/data/tess/audio/YAF_keep_happy.wav,YAF,keep,happy
YAF_keep_neutral.wav,/root/autodl-tmp/kfair/data/tess/audio/YAF_keep_neutral.wav,YAF,keep,neutral
YAF_keep_sad.wav,/root/autodl-tmp/kfair/data/tess/audio/YAF_keep_sad.wav,YAF,keep,sad
YAF_keg_angry.wav,/root/autodl-tmp/kfair/data/tess/audio/YAF_keg_angry.wav,YAF,keg,angry
YAF_keg_happy.wav,/root/autodl-tmp/kfair/data/tess/audio/YAF_keg_happy.wav,YAF,keg,happy
YAF_keg_neutral.wav,/root/autodl-tmp/kfair/data/tess/audio/YAF_keg_neutral.wav,YAF,keg,neutral
YAF_keg_sad.wav,/root/autodl-tmp/kfair/data/tess/audio/YAF_keg_sad.wav,YAF,keg,sad
YAF_kick_angry.wav,/root/autodl-tmp/kfair/data/tess/audio/YAF_kick_angry.wav,YAF,kick,angry
YAF_kick_happy.wav,/root/autodl-tmp/kfair/data/tess/audio/YAF_kick_happy.wav,YAF,kick,happy
YAF_kick_neutral.wav,/root/autodl-tmp/kfair/data/tess/audio/YAF_kick_neutral.wav,YAF,kick,neutral
YAF_kick_sad.wav,/root/autodl-tmp/kfair/data/tess/audio/YAF_kick_sad.wav,YAF,kick,sad
YAF_kill_angry.wav,/root/autodl-tmp/kfair/data/tess/audio/YAF_kill_angry.wav,YAF,kill,angry
YAF_kill_happy.wav,/root/autodl-tmp/kfair/data/tess/audio/YAF_kill_happy.wav,YAF,kill,happy
YAF_kill_neutral.wav,/root/autodl-tmp/kfair/data/tess/audio/YAF_kill_neutral.wav,YAF,kill,neutral
YAF_kill_sad.wav,/root/autodl-tmp/kfair/data/tess/audio/YAF_kill_sad.wav,YAF,kill,sad
YAF_king_angry.wav,/root/autodl-tmp/kfair/data/tess/audio/YAF_king_angry.wav,YAF,king,angry
YAF_king_happy.wav,/root/autodl-tmp/kfair/data/tess/audio/YAF_king_happy.wav,YAF,king,happy
YAF_king_neutral.wav,/root/autodl-tmp/kfair/data/tess/audio/YAF_king_neutral.wav,YAF,king,neutral
YAF_king_sad.wav,/root/autodl-tmp/kfair/data/tess/audio/YAF_king_sad.wav,YAF,king,sad
YAF_kite_angry.wav,/root/autodl-tmp/kfair/data/tess/audio/YAF_kite_angry.wav,YAF,kite,angry
YAF_kite_happy.wav,/root/autodl-tmp/kfair/data/tess/audio/YAF_kite_happy.wav,YAF,kite,happy
YAF_kite_neutral.wav,/root/autodl-tmp/kfair/data/tess/audio/YAF_kite_neutral.wav,YAF,kite,neutral
YAF_kite_sad.wav,/root/autodl-tmp/kfair/data/tess/audio/YAF_kite_sad.wav,YAF,kite,sad
YAF_knock_angry.wav,/root/autodl-tmp/kfair/data/tess/audio/YAF_knock_angry.wav,YAF,knock,angry
YAF_knock_happy.wav,/root/autodl-tmp/kfair/data/tess/audio/YAF_knock_happy.wav,YAF,knock,happy
YAF_knock_neutral.wav,/root/autodl-tmp/kfair/data/tess/audio/YAF_knock_neutral.wav,YAF,knock,neutral
YAF_knock_sad.wav,/root/autodl-tmp/kfair/data/tess/audio/YAF_knock_sad.wav,YAF,knock,sad
YAF_late_angry.wav,/root/autodl-tmp/kfair/data/tess/audio/YAF_late_angry.wav,YAF,late,angry
YAF_late_happy.wav,/root/autodl-tmp/kfair/data/tess/audio/YAF_late_happy.wav,YAF,late,happy
YAF_late_neutral.wav,/root/autodl-tmp/kfair/data/tess/audio/YAF_late_neutral.wav,YAF,late,neutral
YAF_late_sad.wav,/root/autodl-tmp/kfair/data/tess/audio/YAF_late_sad.wav,YAF,late,sad
YAF_laud_angry.wav,/root/autodl-tmp/kfair/data/tess/audio/YAF_laud_angry.wav,YAF,laud,angry
YAF_laud_happy.wav,/root/autodl-tmp/kfair/data/tess/audio/YAF_laud_happy.wav,YAF,laud,happy
YAF_laud_neutral.wav,/root/autodl-tmp/kfair/data/tess/audio/YAF_laud_neutral.wav,YAF,laud,neutral
YAF_laud_sad.wav,/root/autodl-tmp/kfair/data/tess/audio/YAF_laud_sad.wav,YAF,laud,sad
YAF_lean_angry.wav,/root/autodl-tmp/kfair/data/tess/audio/YAF_lean_angry.wav,YAF,lean,angry
YAF_lean_happy.wav,/root/autodl-tmp/kfair/data/tess/audio/YAF_lean_happy.wav,YAF,lean,happy
YAF_lean_neutral.wav,/root/autodl-tmp/kfair/data/tess/audio/YAF_lean_neutral.wav,YAF,lean,neutral
YAF_lean_sad.wav,/root/autodl-tmp/kfair/data/tess/audio/YAF_lean_sad.wav,YAF,lean,sad
YAF_learn_angry.wav,/root/autodl-tmp/kfair/data/tess/audio/YAF_learn_angry.wav,YAF,learn,angry
YAF_learn_happy.wav,/root/autodl-tmp/kfair/data/tess/audio/YAF_learn_happy.wav,YAF,learn,happy
YAF_learn_neutral.wav,/root/autodl-tmp/kfair/data/tess/audio/YAF_learn_neutral.wav,YAF,learn,neutral
YAF_learn_sad.wav,/root/autodl-tmp/kfair/data/tess/audio/YAF_learn_sad.wav,YAF,learn,sad
YAF_lease_angry.wav,/root/autodl-tmp/kfair/data/tess/audio/YAF_lease_angry.wav,YAF,lease,angry
YAF_lease_happy.wav,/root/autodl-tmp/kfair/data/tess/audio/YAF_lease_happy.wav,YAF,lease,happy
YAF_lease_neutral.wav,/root/autodl-tmp/kfair/data/tess/audio/YAF_lease_neutral.wav,YAF,lease,neutral
YAF_lease_sad.wav,/root/autodl-tmp/kfair/data/tess/audio/YAF_lease_sad.wav,YAF,lease,sad
YAF_lid_angry.wav,/root/autodl-tmp/kfair/data/tess/audio/YAF_lid_angry.wav,YAF,lid,angry
YAF_lid_happy.wav,/root/autodl-tmp/kfair/data/tess/audio/YAF_lid_happy.wav,YAF,lid,happy
YAF_lid_neutral.wav,/root/autodl-tmp/kfair/data/tess/audio/YAF_lid_neutral.wav,YAF,lid,neutral
YAF_lid_sad.wav,/root/autodl-tmp/kfair/data/tess/audio/YAF_lid_sad.wav,YAF,lid,sad
YAF_life_angry.wav,/root/autodl-tmp/kfair/data/tess/audio/YAF_life_angry.wav,YAF,life,angry
YAF_life_happy.wav,/root/autodl-tmp/kfair/data/tess/audio/YAF_life_happy.wav,YAF,life,happy
YAF_life_neutral.wav,/root/autodl-tmp/kfair/data/tess/audio/YAF_life_neutral.wav,YAF,life,neutral
YAF_life_sad.wav,/root/autodl-tmp/kfair/data/tess/audio/YAF_life_sad.wav,YAF,life,sad
YAF_limb_angry.wav,/root/autodl-tmp/kfair/data/tess/audio/YAF_limb_angry.wav,YAF,limb,angry
YAF_limb_happy.wav,/root/autodl-tmp/kfair/data/tess/audio/YAF_limb_happy.wav,YAF,limb,happy
YAF_limb_neutral.wav,/root/autodl-tmp/kfair/data/tess/audio/YAF_limb_neutral.wav,YAF,limb,neutral
YAF_limb_sad.wav,/root/autodl-tmp/kfair/data/tess/audio/YAF_limb_sad.wav,YAF,limb,sad
YAF_live_angry.wav,/root/autodl-tmp/kfair/data/tess/audio/YAF_live_angry.wav,YAF,live,angry
YAF_live_happy.wav,/root/autodl-tmp/kfair/data/tess/audio/YAF_live_happy.wav,YAF,live,happy
YAF_live_neutral.wav,/root/autodl-tmp/kfair/data/tess/audio/YAF_live_neutral.wav,YAF,live,neutral
YAF_live_sad.wav,/root/autodl-tmp/kfair/data/tess/audio/YAF_live_sad.wav,YAF,live,sad
YAF_loaf_angry.wav,/root/autodl-tmp/kfair/data/tess/audio/YAF_loaf_angry.wav,YAF,loaf,angry
YAF_loaf_happy.wav,/root/autodl-tmp/kfair/data/tess/audio/YAF_loaf_happy.wav,YAF,loaf,happy
YAF_loaf_neutral.wav,/root/autodl-tmp/kfair/data/tess/audio/YAF_loaf_neutral.wav,YAF,loaf,neutral
YAF_loaf_sad.wav,/root/autodl-tmp/kfair/data/tess/audio/YAF_loaf_sad.wav,YAF,loaf,sad
YAF_long_angry.wav,/root/autodl-tmp/kfair/data/tess/audio/YAF_long_angry.wav,YAF,long,angry
YAF_long_happy.wav,/root/autodl-tmp/kfair/data/tess/audio/YAF_long_happy.wav,YAF,long,happy
YAF_long_neutral.wav,/root/autodl-tmp/kfair/data/tess/audio/YAF_long_neutral.wav,YAF,long,neutral
YAF_long_sad.wav,/root/autodl-tmp/kfair/data/tess/audio/YAF_long_sad.wav,YAF,long,sad
YAF_lore_angry.wav,/root/autodl-tmp/kfair/data/tess/audio/YAF_lore_angry.wav,YAF,lore,angry
YAF_lore_happy.wav,/root/autodl-tmp/kfair/data/tess/audio/YAF_lore_happy.wav,YAF,lore,happy
YAF_lore_neutral.wav,/root/autodl-tmp/kfair/data/tess/audio/YAF_lore_neutral.wav,YAF,lore,neutral
YAF_lore_sad.wav,/root/autodl-tmp/kfair/data/tess/audio/YAF_lore_sad.wav,YAF,lore,sad
YAF_lose_angry.wav,/root/autodl-tmp/kfair/data/tess/audio/YAF_lose_angry.wav,YAF,lose,angry
YAF_lose_happy.wav,/root/autodl-tmp/kfair/data/tess/audio/YAF_lose_happy.wav,YAF,lose,happy
YAF_lose_neutral.wav,/root/autodl-tmp/kfair/data/tess/audio/YAF_lose_neutral.wav,YAF,lose,neutral
YAF_lose_sad.wav,/root/autodl-tmp/kfair/data/tess/audio/YAF_lose_sad.wav,YAF,lose,sad
YAF_lot_angry.wav,/root/autodl-tmp/kfair/data/tess/audio/YAF_lot_angry.wav,YAF,lot,angry
YAF_lot_happy.wav,/root/autodl-tmp/kfair/data/tess/audio/YAF_lot_happy.wav,YAF,lot,happy
YAF_lot_neutral.wav,/root/autodl-tmp/kfair/data/tess/audio/YAF_lot_neutral.wav,YAF,lot,neutral
YAF_lot_sad.wav,/root/autodl-tmp/kfair/data/tess/audio/YAF_lot_sad.wav,YAF,lot,sad
YAF_love_angry.wav,/root/autodl-tmp/kfair/data/tess/audio/YAF_love_angry.wav,YAF,love,angry
YAF_love_happy.wav,/root/autodl-tmp/kfair/data/tess/audio/YAF_love_happy.wav,YAF,love,happy
YAF_love_neutral.wav,/root/autodl-tmp/kfair/data/tess/audio/YAF_love_neutral.wav,YAF,love,neutral
YAF_love_sad.wav,/root/autodl-tmp/kfair/data/tess/audio/YAF_love_sad.wav,YAF,love,sad
YAF_luck_angry.wav,/root/autodl-tmp/kfair/data/tess/audio/YAF_luck_angry.wav,YAF,luck,angry
YAF_luck_happy.wav,/root/autodl-tmp/kfair/data/tess/audio/YAF_luck_happy.wav,YAF,luck,happy
YAF_luck_neutral.wav,/root/autodl-tmp/kfair/data/tess/audio/YAF_luck_neutral.wav,YAF,luck,neutral
YAF_luck_sad.wav,/root/autodl-tmp/kfair/data/tess/audio/YAF_luck_sad.wav,YAF,luck,sad
YAF_make_angry.wav,/root/autodl-tmp/kfair/data/tess/audio/YAF_make_angry.wav,YAF,make,angry
YAF_make_happy.wav,/root/autodl-tmp/kfair/data/tess/audio/YAF_make_happy.wav,YAF,make,happy
YAF_make_neutral.wav,/root/autodl-tmp/kfair/data/tess/audio/YAF_make_neutral.wav,YAF,make,neutral
YAF_make_sad.wav,/root/autodl-tmp/kfair/data/tess/audio/YAF_make_sad.wav,YAF,make,sad
YAF_match_angry.wav,/root/autodl-tmp/kfair/data/tess/audio/YAF_match_angry.wav,YAF,match,angry
YAF_match_happy.wav,/root/autodl-tmp/kfair/data/tess/audio/YAF_match_happy.wav,YAF,match,happy
YAF_match_neutral.wav,/root/autodl-tmp/kfair/data/tess/audio/YAF_match_neutral.wav,YAF,match,neutral
YAF_match_sad.wav,/root/autodl-tmp/kfair/data/tess/audio/YAF_match_sad.wav,YAF,match,sad
YAF_merge_angry.wav,/root/autodl-tmp/kfair/data/tess/audio/YAF_merge_angry.wav,YAF,merge,angry
YAF_merge_happy.wav,/root/autodl-tmp/kfair/data/tess/audio/YAF_merge_happy.wav,YAF,merge,happy
YAF_merge_neutral.wav,/root/autodl-tmp/kfair/data/tess/audio/YAF_merge_neutral.wav,YAF,merge,neutral
YAF_merge_sad.wav,/root/autodl-tmp/kfair/data/tess/audio/YAF_merge_sad.wav,YAF,merge,sad
YAF_mess_angry.wav,/root/autodl-tmp/kfair/data/tess/audio/YAF_mess_angry.wav,YAF,mess,angry
YAF_mess_happy.wav,/root/autodl-tmp/kfair/data/tess/audio/YAF_mess_happy.wav,YAF,mess,happy
YAF_mess_neutral.wav,/root/autodl-tmp/kfair/data/tess/audio/YAF_mess_neutral.wav,YAF,mess,neutral
YAF_mess_sad.wav,/root/autodl-tmp/kfair/data/tess/audio/YAF_mess_sad.wav,YAF,mess,sad
YAF_met_angry.wav,/root/autodl-tmp/kfair/data/tess/audio/YAF_met_angry.wav,YAF,met,angry
YAF_met_happy.wav,/root/autodl-tmp/kfair/data/tess/audio/YAF_met_happy.wav,YAF,met,happy
YAF_met_neutral.wav,/root/autodl-tmp/kfair/data/tess/audio/YAF_met_neutral.wav,YAF,met,neutral
YAF_met_sad.wav,/root/autodl-tmp/kfair/data/tess/audio/YAF_met_sad.wav,YAF,met,sad
YAF_mill_angry.wav,/root/autodl-tmp/kfair/data/tess/audio/YAF_mill_angry.wav,YAF,mill,angry
YAF_mill_happy.wav,/root/autodl-tmp/kfair/data/tess/audio/YAF_mill_happy.wav,YAF,mill,happy
YAF_mill_neutral.wav,/root/autodl-tmp/kfair/data/tess/audio/YAF_mill_neutral.wav,YAF,mill,neutral
YAF_mill_sad.wav,/root/autodl-tmp/kfair/data/tess/audio/YAF_mill_sad.wav,YAF,mill,sad
YAF_mob_angry.wav,/root/autodl-tmp/kfair/data/tess/audio/YAF_mob_angry.wav,YAF,mob,angry
YAF_mob_happy.wav,/root/autodl-tmp/kfair/data/tess/audio/YAF_mob_happy.wav,YAF,mob,happy
YAF_mob_neutral.wav,/root/autodl-tmp/kfair/data/tess/audio/YAF_mob_neutral.wav,YAF,mob,neutral
YAF_mob_sad.wav,/root/autodl-tmp/kfair/data/tess/audio/YAF_mob_sad.wav,YAF,mob,sad
YAF_mode_angry.wav,/root/autodl-tmp/kfair/data/tess/audio/YAF_mode_angry.wav,YAF,mode,angry
YAF_mode_happy.wav,/root/autodl-tmp/kfair/data/tess/audio/YAF_mode_happy.wav,YAF,mode,happy
YAF_mode_neutral.wav,/root/autodl-tmp/kfair/data/tess/audio/YAF_mode_neutral.wav,YAF,mode,neutral
YAF_mode_sad.wav,/root/autodl-tmp/kfair/data/tess/audio/YAF_mode_sad.wav,YAF,mode,sad
YAF_mood_angry.wav,/root/autodl-tmp/kfair/data/tess/audio/YAF_mood_angry.wav,YAF,mood,angry
YAF_mood_happy.wav,/root/autodl-tmp/kfair/data/tess/audio/YAF_mood_happy.wav,YAF,mood,happy
YAF_mood_neutral.wav,/root/autodl-tmp/kfair/data/tess/audio/YAF_mood_neutral.wav,YAF,mood,neutral
YAF_mood_sad.wav,/root/autodl-tmp/kfair/data/tess/audio/YAF_mood_sad.wav,YAF,mood,sad
YAF_moon_angry.wav,/root/autodl-tmp/kfair/data/tess/audio/YAF_moon_angry.wav,YAF,moon,angry
YAF_moon_happy.wav,/root/autodl-tmp/kfair/data/tess/audio/YAF_moon_happy.wav,YAF,moon,happy
YAF_moon_neutral.wav,/root/autodl-tmp/kfair/data/tess/audio/YAF_moon_neutral.wav,YAF,moon,neutral
YAF_moon_sad.wav,/root/autodl-tmp/kfair/data/tess/audio/YAF_moon_sad.wav,YAF,moon,sad
YAF_mop_angry.wav,/root/autodl-tmp/kfair/data/tess/audio/YAF_mop_angry.wav,YAF,mop,angry
YAF_mop_happy.wav,/root/autodl-tmp/kfair/data/tess/audio/YAF_mop_happy.wav,YAF,mop,happy
YAF_mop_neutral.wav,/root/autodl-tmp/kfair/data/tess/audio/YAF_mop_neutral.wav,YAF,mop,neutral
YAF_mop_sad.wav,/root/autodl-tmp/kfair/data/tess/audio/YAF_mop_sad.wav,YAF,mop,sad
YAF_mouse_angry.wav,/root/autodl-tmp/kfair/data/tess/audio/YAF_mouse_angry.wav,YAF,mouse,angry
YAF_mouse_happy.wav,/root/autodl-tmp/kfair/data/tess/audio/YAF_mouse_happy.wav,YAF,mouse,happy
YAF_mouse_neutral.wav,/root/autodl-tmp/kfair/data/tess/audio/YAF_mouse_neutral.wav,YAF,mouse,neutral
YAF_mouse_sad.wav,/root/autodl-tmp/kfair/data/tess/audio/YAF_mouse_sad.wav,YAF,mouse,sad
YAF_nag_angry.wav,/root/autodl-tmp/kfair/data/tess/audio/YAF_nag_angry.wav,YAF,nag,angry
YAF_nag_happy.wav,/root/autodl-tmp/kfair/data/tess/audio/YAF_nag_happy.wav,YAF,nag,happy
YAF_nag_neutral.wav,/root/autodl-tmp/kfair/data/tess/audio/YAF_nag_neutral.wav,YAF,nag,neutral
YAF_nag_sad.wav,/root/autodl-tmp/kfair/data/tess/audio/YAF_nag_sad.wav,YAF,nag,sad
YAF_name_angry.wav,/root/autodl-tmp/kfair/data/tess/audio/YAF_name_angry.wav,YAF,name,angry
YAF_name_happy.wav,/root/autodl-tmp/kfair/data/tess/audio/YAF_name_happy.wav,YAF,name,happy
YAF_name_neutral.wav,/root/autodl-tmp/kfair/data/tess/audio/YAF_name_neutral.wav,YAF,name,neutral
YAF_name_sad.wav,/root/autodl-tmp/kfair/data/tess/audio/YAF_name_sad.wav,YAF,name,sad
YAF_near_angry.wav,/root/autodl-tmp/kfair/data/tess/audio/YAF_near_angry.wav,YAF,near,angry
YAF_near_happy.wav,/root/autodl-tmp/kfair/data/tess/audio/YAF_near_happy.wav,YAF,near,happy
YAF_near_neutral.wav,/root/autodl-tmp/kfair/data/tess/audio/YAF_near_neutral.wav,YAF,near,neutral
YAF_near_sad.wav,/root/autodl-tmp/kfair/data/tess/audio/YAF_near_sad.wav,YAF,near,sad
YAF_neat_angry.wav,/root/autodl-tmp/kfair/data/tess/audio/YAF_neat_angry.wav,YAF,neat,angry
YAF_neat_happy.wav,/root/autodl-tmp/kfair/data/tess/audio/YAF_neat_happy.wav,YAF,neat,happy
YAF_neat_neutral.wav,/root/autodl-tmp/kfair/data/tess/audio/YAF_neat_neutral.wav,YAF,neat,neutral
YAF_neat_sad.wav,/root/autodl-tmp/kfair/data/tess/audio/YAF_neat_sad.wav,YAF,neat,sad
YAF_nice_angry.wav,/root/autodl-tmp/kfair/data/tess/audio/YAF_nice_angry.wav,YAF,nice,angry
YAF_nice_happy.wav,/root/autodl-tmp/kfair/data/tess/audio/YAF_nice_happy.wav,YAF,nice,happy
YAF_nice_neutral.wav,/root/autodl-tmp/kfair/data/tess/audio/YAF_nice_neutral.wav,YAF,nice,neutral
YAF_nice_sad.wav,/root/autodl-tmp/kfair/data/tess/audio/YAF_nice_sad.wav,YAF,nice,sad
YAF_note_angry.wav,/root/autodl-tmp/kfair/data/tess/audio/YAF_note_angry.wav,YAF,note,angry
YAF_note_happy.wav,/root/autodl-tmp/kfair/data/tess/audio/YAF_note_happy.wav,YAF,note,happy
YAF_note_neutral.wav,/root/autodl-tmp/kfair/data/tess/audio/YAF_note_neutral.wav,YAF,note,neutral
YAF_note_sad.wav,/root/autodl-tmp/kfair/data/tess/audio/YAF_note_sad.wav,YAF,note,sad
YAF_numb_angry.wav,/root/autodl-tmp/kfair/data/tess/audio/YAF_numb_angry.wav,YAF,numb,angry
YAF_numb_happy.wav,/root/autodl-tmp/kfair/data/tess/audio/YAF_numb_happy.wav,YAF,numb,happy
YAF_numb_neutral.wav,/root/autodl-tmp/kfair/data/tess/audio/YAF_numb_neutral.wav,YAF,numb,neutral
YAF_numb_sad.wav,/root/autodl-tmp/kfair/data/tess/audio/YAF_numb_sad.wav,YAF,numb,sad
YAF_pad_angry.wav,/root/autodl-tmp/kfair/data/tess/audio/YAF_pad_angry.wav,YAF,pad,angry
YAF_pad_happy.wav,/root/autodl-tmp/kfair/data/tess/audio/YAF_pad_happy.wav,YAF,pad,happy
YAF_pad_neutral.wav,/root/autodl-tmp/kfair/data/tess/audio/YAF_pad_neutral.wav,YAF,pad,neutral
YAF_pad_sad.wav,/root/autodl-tmp/kfair/data/tess/audio/YAF_pad_sad.wav,YAF,pad,sad
YAF_page_angry.wav,/root/autodl-tmp/kfair/data/tess/audio/YAF_page_angry.wav,YAF,page,angry
YAF_page_happy.wav,/root/autodl-tmp/kfair/data/tess/audio/YAF_page_happy.wav,YAF,page,happy
YAF_page_neutral.wav,/root/autodl-tmp/kfair/data/tess/audio/YAF_page_neutral.wav,YAF,page,neutral
YAF_page_sad.wav,/root/autodl-tmp/kfair/data/tess/audio/YAF_page_sad.wav,YAF,page,sad
YAF_pain_angry.wav,/root/autodl-tmp/kfair/data/tess/audio/YAF_pain_angry.wav,YAF,pain,angry
YAF_pain_happy.wav,/root/autodl-tmp/kfair/data/tess/audio/YAF_pain_happy.wav,YAF,pain,happy
YAF_pain_neutral.wav,/root/autodl-tmp/kfair/data/tess/audio/YAF_pain_neutral.wav,YAF,pain,neutral
YAF_pain_sad.wav,/root/autodl-tmp/kfair/data/tess/audio/YAF_pain_sad.wav,YAF,pain,sad
YAF_pass_angry.wav,/root/autodl-tmp/kfair/data/tess/audio/YAF_pass_angry.wav,YAF,pass,angry
YAF_pass_happy.wav,/root/autodl-tmp/kfair/data/tess/audio/YAF_pass_happy.wav,YAF,pass,happy
YAF_pass_neutral.wav,/root/autodl-tmp/kfair/data/tess/audio/YAF_pass_neutral.wav,YAF,pass,neutral
YAF_pass_sad.wav,/root/autodl-tmp/kfair/data/tess/audio/YAF_pass_sad.wav,YAF,pass,sad
YAF_pearl_angry.wav,/root/autodl-tmp/kfair/data/tess/audio/YAF_pearl_angry.wav,YAF,pearl,angry
YAF_pearl_happy.wav,/root/autodl-tmp/kfair/data/tess/audio/YAF_pearl_happy.wav,YAF,pearl,happy
YAF_pearl_neutral.wav,/root/autodl-tmp/kfair/data/tess/audio/YAF_pearl_neutral.wav,YAF,pearl,neutral
YAF_pearl_sad.wav,/root/autodl-tmp/kfair/data/tess/audio/YAF_pearl_sad.wav,YAF,pearl,sad
YAF_peg_angry.wav,/root/autodl-tmp/kfair/data/tess/audio/YAF_peg_angry.wav,YAF,peg,angry
YAF_peg_happy.wav,/root/autodl-tmp/kfair/data/tess/audio/YAF_peg_happy.wav,YAF,peg,happy
YAF_peg_neutral.wav,/root/autodl-tmp/kfair/data/tess/audio/YAF_peg_neutral.wav,YAF,peg,neutral
YAF_peg_sad.wav,/root/autodl-tmp/kfair/data/tess/audio/YAF_peg_sad.wav,YAF,peg,sad
YAF_perch_angry.wav,/root/autodl-tmp/kfair/data/tess/audio/YAF_perch_angry.wav,YAF,perch,angry
YAF_perch_happy.wav,/root/autodl-tmp/kfair/data/tess/audio/YAF_perch_happy.wav,YAF,perch,happy
YAF_perch_neutral.wav,/root/autodl-tmp/kfair/data/tess/audio/YAF_perch_neutral.wav,YAF,perch,neutral
YAF_perch_sad.wav,/root/autodl-tmp/kfair/data/tess/audio/YAF_perch_sad.wav,YAF,perch,sad
YAF_phone_angry.wav,/root/autodl-tmp/kfair/data/tess/audio/YAF_phone_angry.wav,YAF,phone,angry
YAF_phone_happy.wav,/root/autodl-tmp/kfair/data/tess/audio/YAF_phone_happy.wav,YAF,phone,happy
YAF_phone_neutral.wav,/root/autodl-tmp/kfair/data/tess/audio/YAF_phone_neutral.wav,YAF,phone,neutral
YAF_phone_sad.wav,/root/autodl-tmp/kfair/data/tess/audio/YAF_phone_sad.wav,YAF,phone,sad
YAF_pick_angry.wav,/root/autodl-tmp/kfair/data/tess/audio/YAF_pick_angry.wav,YAF,pick,angry
YAF_pick_happy.wav,/root/autodl-tmp/kfair/data/tess/audio/YAF_pick_happy.wav,YAF,pick,happy
YAF_pick_neutral.wav,/root/autodl-tmp/kfair/data/tess/audio/YAF_pick_neutral.wav,YAF,pick,neutral
YAF_pick_sad.wav,/root/autodl-tmp/kfair/data/tess/audio/YAF_pick_sad.wav,YAF,pick,sad
YAF_pike_angry.wav,/root/autodl-tmp/kfair/data/tess/audio/YAF_pike_angry.wav,YAF,pike,angry
YAF_pike_happy.wav,/root/autodl-tmp/kfair/data/tess/audio/YAF_pike_happy.wav,YAF,pike,happy
YAF_pike_neutral.wav,/root/autodl-tmp/kfair/data/tess/audio/YAF_pike_neutral.wav,YAF,pike,neutral
YAF_pike_sad.wav,/root/autodl-tmp/kfair/data/tess/audio/YAF_pike_sad.wav,YAF,pike,sad
YAF_pole_angry.wav,/root/autodl-tmp/kfair/data/tess/audio/YAF_pole_angry.wav,YAF,pole,angry
YAF_pole_happy.wav,/root/autodl-tmp/kfair/data/tess/audio/YAF_pole_happy.wav,YAF,pole,happy
YAF_pole_neutral.wav,/root/autodl-tmp/kfair/data/tess/audio/YAF_pole_neutral.wav,YAF,pole,neutral
YAF_pole_sad.wav,/root/autodl-tmp/kfair/data/tess/audio/YAF_pole_sad.wav,YAF,pole,sad
YAF_pool_angry.wav,/root/autodl-tmp/kfair/data/tess/audio/YAF_pool_angry.wav,YAF,pool,angry
YAF_pool_happy.wav,/root/autodl-tmp/kfair/data/tess/audio/YAF_pool_happy.wav,YAF,pool,happy
YAF_pool_neutral.wav,/root/autodl-tmp/kfair/data/tess/audio/YAF_pool_neutral.wav,YAF,pool,neutral
YAF_pool_sad.wav,/root/autodl-tmp/kfair/data/tess/audio/YAF_pool_sad.wav,YAF,pool,sad
YAF_puff_angry.wav,/root/autodl-tmp/kfair/data/tess/audio/YAF_puff_angry.wav,YAF,puff,angry
YAF_puff_happy.wav,/root/autodl-tmp/kfair/data/tess/audio/YAF_puff_happy.wav,YAF,puff,happy
YAF_puff_neutral.wav,/root/autodl-tmp/kfair/data/tess/audio/YAF_puff_neutral.wav,YAF,puff,neutral
YAF_puff_sad.wav,/root/autodl-tmp/kfair/data/tess/audio/YAF_puff_sad.wav,YAF,puff,sad
YAF_rag_angry.wav,/root/autodl-tmp/kfair/data/tess/audio/YAF_rag_angry.wav,YAF,rag,angry
YAF_rag_happy.wav,/root/autodl-tmp/kfair/data/tess/audio/YAF_rag_happy.wav,YAF,rag,happy
YAF_rag_neutral.wav,/root/autodl-tmp/kfair/data/tess/audio/YAF_rag_neutral.wav,YAF,rag,neutral
YAF_rag_sad.wav,/root/autodl-tmp/kfair/data/tess/audio/YAF_rag_sad.wav,YAF,rag,sad
YAF_raid_angry.wav,/root/autodl-tmp/kfair/data/tess/audio/YAF_raid_angry.wav,YAF,raid,angry
YAF_raid_happy.wav,/root/autodl-tmp/kfair/data/tess/audio/YAF_raid_happy.wav,YAF,raid,happy
YAF_raid_neutral.wav,/root/autodl-tmp/kfair/data/tess/audio/YAF_raid_neutral.wav,YAF,raid,neutral
YAF_raid_sad.wav,/root/autodl-tmp/kfair/data/tess/audio/YAF_raid_sad.wav,YAF,raid,sad
YAF_rain_angry.wav,/root/autodl-tmp/kfair/data/tess/audio/YAF_rain_angry.wav,YAF,rain,angry
YAF_rain_happy.wav,/root/autodl-tmp/kfair/data/tess/audio/YAF_rain_happy.wav,YAF,rain,happy
YAF_rain_neutral.wav,/root/autodl-tmp/kfair/data/tess/audio/YAF_rain_neutral.wav,YAF,rain,neutral
YAF_rain_sad.wav,/root/autodl-tmp/kfair/data/tess/audio/YAF_rain_sad.wav,YAF,rain,sad
YAF_raise_angry.wav,/root/autodl-tmp/kfair/data/tess/audio/YAF_raise_angry.wav,YAF,raise,angry
YAF_raise_happy.wav,/root/autodl-tmp/kfair/data/tess/audio/YAF_raise_happy.wav,YAF,raise,happy
YAF_raise_neutral.wav,/root/autodl-tmp/kfair/data/tess/audio/YAF_raise_neutral.wav,YAF,raise,neutral
YAF_raise_sad.wav,/root/autodl-tmp/kfair/data/tess/audio/YAF_raise_sad.wav,YAF,raise,sad
YAF_rat_angry.wav,/root/autodl-tmp/kfair/data/tess/audio/YAF_rat_angry.wav,YAF,rat,angry
YAF_rat_happy.wav,/root/autodl-tmp/kfair/data/tess/audio/YAF_rat_happy.wav,YAF,rat,happy
YAF_rat_neutral.wav,/root/autodl-tmp/kfair/data/tess/audio/YAF_rat_neutral.wav,YAF,rat,neutral
YAF_rat_sad.wav,/root/autodl-tmp/kfair/data/tess/audio/YAF_rat_sad.wav,YAF,rat,sad
YAF_reach_angry.wav,/root/autodl-tmp/kfair/data/tess/audio/YAF_reach_angry.wav,YAF,reach,angry
YAF_reach_happy.wav,/root/autodl-tmp/kfair/data/tess/audio/YAF_reach_happy.wav,YAF,reach,happy
YAF_reach_neutral.wav,/root/autodl-tmp/kfair/data/tess/audio/YAF_reach_neutral.wav,YAF,reach,neutral
YAF_reach_sad.wav,/root/autodl-tmp/kfair/data/tess/audio/YAF_reach_sad.wav,YAF,reach,sad
YAF_read_angry.wav,/root/autodl-tmp/kfair/data/tess/audio/YAF_read_angry.wav,YAF,read,angry
YAF_read_happy.wav,/root/autodl-tmp/kfair/data/tess/audio/YAF_read_happy.wav,YAF,read,happy
YAF_read_neutral.wav,/root/autodl-tmp/kfair/data/tess/audio/YAF_read_neutral.wav,YAF,read,neutral
YAF_read_sad.wav,/root/autodl-tmp/kfair/data/tess/audio/YAF_read_sad.wav,YAF,read,sad
YAF_red_angry.wav,/root/autodl-tmp/kfair/data/tess/audio/YAF_red_angry.wav,YAF,red,angry
YAF_red_happy.wav,/root/autodl-tmp/kfair/data/tess/audio/YAF_red_happy.wav,YAF,red,happy
YAF_red_neutral.wav,/root/autodl-tmp/kfair/data/tess/audio/YAF_red_neutral.wav,YAF,red,neutral
YAF_red_sad.wav,/root/autodl-tmp/kfair/data/tess/audio/YAF_red_sad.wav,YAF,red,sad
YAF_ring_angry.wav,/root/autodl-tmp/kfair/data/tess/audio/YAF_ring_angry.wav,YAF,ring,angry
YAF_ring_happy.wav,/root/autodl-tmp/kfair/data/tess/audio/YAF_ring_happy.wav,YAF,ring,happy
YAF_ring_neutral.wav,/root/autodl-tmp/kfair/data/tess/audio/YAF_ring_neutral.wav,YAF,ring,neutral
YAF_ring_sad.wav,/root/autodl-tmp/kfair/data/tess/audio/YAF_ring_sad.wav,YAF,ring,sad
YAF_ripe_angry.wav,/root/autodl-tmp/kfair/data/tess/audio/YAF_ripe_angry.wav,YAF,ripe,angry
YAF_ripe_happy.wav,/root/autodl-tmp/kfair/data/tess/audio/YAF_ripe_happy.wav,YAF,ripe,happy
YAF_ripe_neutral.wav,/root/autodl-tmp/kfair/data/tess/audio/YAF_ripe_neutral.wav,YAF,ripe,neutral
YAF_ripe_sad.wav,/root/autodl-tmp/kfair/data/tess/audio/YAF_ripe_sad.wav,YAF,ripe,sad
YAF_road_angry.wav,/root/autodl-tmp/kfair/data/tess/audio/YAF_road_angry.wav,YAF,road,angry
YAF_road_happy.wav,/root/autodl-tmp/kfair/data/tess/audio/YAF_road_happy.wav,YAF,road,happy
YAF_road_neutral.wav,/root/autodl-tmp/kfair/data/tess/audio/YAF_road_neutral.wav,YAF,road,neutral
YAF_road_sad.wav,/root/autodl-tmp/kfair/data/tess/audio/YAF_road_sad.wav,YAF,road,sad
YAF_room_angry.wav,/root/autodl-tmp/kfair/data/tess/audio/YAF_room_angry.wav,YAF,room,angry
YAF_room_happy.wav,/root/autodl-tmp/kfair/data/tess/audio/YAF_room_happy.wav,YAF,room,happy
YAF_room_neutral.wav,/root/autodl-tmp/kfair/data/tess/audio/YAF_room_neutral.wav,YAF,room,neutral
YAF_room_sad.wav,/root/autodl-tmp/kfair/data/tess/audio/YAF_room_sad.wav,YAF,room,sad
YAF_rose_angry.wav,/root/autodl-tmp/kfair/data/tess/audio/YAF_rose_angry.wav,YAF,rose,angry
YAF_rose_happy.wav,/root/autodl-tmp/kfair/data/tess/audio/YAF_rose_happy.wav,YAF,rose,happy
YAF_rose_neutral.wav,/root/autodl-tmp/kfair/data/tess/audio/YAF_rose_neutral.wav,YAF,rose,neutral
YAF_rose_sad.wav,/root/autodl-tmp/kfair/data/tess/audio/YAF_rose_sad.wav,YAF,rose,sad
YAF_rot_angry.wav,/root/autodl-tmp/kfair/data/tess/audio/YAF_rot_angry.wav,YAF,rot,angry
YAF_rot_happy.wav,/root/autodl-tmp/kfair/data/tess/audio/YAF_rot_happy.wav,YAF,rot,happy
YAF_rot_neutral.wav,/root/autodl-tmp/kfair/data/tess/audio/YAF_rot_neutral.wav,YAF,rot,neutral
YAF_rot_sad.wav,/root/autodl-tmp/kfair/data/tess/audio/YAF_rot_sad.wav,YAF,rot,sad
YAF_rough_angry.wav,/root/autodl-tmp/kfair/data/tess/audio/YAF_rough_angry.wav,YAF,rough,angry
YAF_rough_happy.wav,/root/autodl-tmp/kfair/data/tess/audio/YAF_rough_happy.wav,YAF,rough,happy
YAF_rough_neutral.wav,/root/autodl-tmp/kfair/data/tess/audio/YAF_rough_neutral.wav,YAF,rough,neutral
YAF_rough_sad.wav,/root/autodl-tmp/kfair/data/tess/audio/YAF_rough_sad.wav,YAF,rough,sad
YAF_rush_angry.wav,/root/autodl-tmp/kfair/data/tess/audio/YAF_rush_angry.wav,YAF,rush,angry
YAF_rush_happy.wav,/root/autodl-tmp/kfair/data/tess/audio/YAF_rush_happy.wav,YAF,rush,happy
YAF_rush_neutral.wav,/root/autodl-tmp/kfair/data/tess/audio/YAF_rush_neutral.wav,YAF,rush,neutral
YAF_rush_sad.wav,/root/autodl-tmp/kfair/data/tess/audio/YAF_rush_sad.wav,YAF,rush,sad
YAF_said_angry.wav,/root/autodl-tmp/kfair/data/tess/audio/YAF_said_angry.wav,YAF,said,angry
YAF_said_happy.wav,/root/autodl-tmp/kfair/data/tess/audio/YAF_said_happy.wav,YAF,said,happy
YAF_said_neutral.wav,/root/autodl-tmp/kfair/data/tess/audio/YAF_said_neutral.wav,YAF,said,neutral
YAF_said_sad.wav,/root/autodl-tmp/kfair/data/tess/audio/YAF_said_sad.wav,YAF,said,sad
YAF_sail_angry.wav,/root/autodl-tmp/kfair/data/tess/audio/YAF_sail_angry.wav,YAF,sail,angry
YAF_sail_happy.wav,/root/autodl-tmp/kfair/data/tess/audio/YAF_sail_happy.wav,YAF,sail,happy
YAF_sail_neutral.wav,/root/autodl-tmp/kfair/data/tess/audio/YAF_sail_neutral.wav,YAF,sail,neutral
YAF_sail_sad.wav,/root/autodl-tmp/kfair/data/tess/audio/YAF_sail_sad.wav,YAF,sail,sad
YAF_search_angry.wav,/root/autodl-tmp/kfair/data/tess/audio/YAF_search_angry.wav,YAF,search,angry
YAF_search_happy.wav,/root/autodl-tmp/kfair/data/tess/audio/YAF_search_happy.wav,YAF,search,happy
YAF_search_neutral.wav,/root/autodl-tmp/kfair/data/tess/audio/YAF_search_neutral.wav,YAF,search,neutral
YAF_search_sad.wav,/root/autodl-tmp/kfair/data/tess/audio/YAF_search_sad.wav,YAF,search,sad
YAF_seize_angry.wav,/root/autodl-tmp/kfair/data/tess/audio/YAF_seize_angry.wav,YAF,seize,angry
YAF_seize_happy.wav,/root/autodl-tmp/kfair/data/tess/audio/YAF_seize_happy.wav,YAF,seize,happy
YAF_seize_neutral.wav,/root/autodl-tmp/kfair/data/tess/audio/YAF_seize_neutral.wav,YAF,seize,neutral
YAF_seize_sad.wav,/root/autodl-tmp/kfair/data/tess/audio/YAF_seize_sad.wav,YAF,seize,sad
YAF_sell_angry.wav,/root/autodl-tmp/kfair/data/tess/audio/YAF_sell_angry.wav,YAF,sell,angry
YAF_sell_happy.wav,/root/autodl-tmp/kfair/data/tess/audio/YAF_sell_happy.wav,YAF,sell,happy
YAF_sell_neutral.wav,/root/autodl-tmp/kfair/data/tess/audio/YAF_sell_neutral.wav,YAF,sell,neutral
YAF_sell_sad.wav,/root/autodl-tmp/kfair/data/tess/audio/YAF_sell_sad.wav,YAF,sell,sad
YAF_shack_angry.wav,/root/autodl-tmp/kfair/data/tess/audio/YAF_shack_angry.wav,YAF,shack,angry
YAF_shack_happy.wav,/root/autodl-tmp/kfair/data/tess/audio/YAF_shack_happy.wav,YAF,shack,happy
YAF_shack_neutral.wav,/root/autodl-tmp/kfair/data/tess/audio/YAF_shack_neutral.wav,YAF,shack,neutral
YAF_shack_sad.wav,/root/autodl-tmp/kfair/data/tess/audio/YAF_shack_sad.wav,YAF,shack,sad
YAF_shall_angry.wav,/root/autodl-tmp/kfair/data/tess/audio/YAF_shall_angry.wav,YAF,shall,angry
YAF_shall_happy.wav,/root/autodl-tmp/kfair/data/tess/audio/YAF_shall_happy.wav,YAF,shall,happy
YAF_shall_neutral.wav,/root/autodl-tmp/kfair/data/tess/audio/YAF_shall_neutral.wav,YAF,shall,neutral
YAF_shall_sad.wav,/root/autodl-tmp/kfair/data/tess/audio/YAF_shall_sad.wav,YAF,shall,sad
YAF_shawl_angry.wav,/root/autodl-tmp/kfair/data/tess/audio/YAF_shawl_angry.wav,YAF,shawl,angry
YAF_shawl_happy.wav,/root/autodl-tmp/kfair/data/tess/audio/YAF_shawl_happy.wav,YAF,shawl,happy
YAF_shawl_neutral.wav,/root/autodl-tmp/kfair/data/tess/audio/YAF_shawl_neutral.wav,YAF,shawl,neutral
YAF_shawl_sad.wav,/root/autodl-tmp/kfair/data/tess/audio/YAF_shawl_sad.wav,YAF,shawl,sad
YAF_sheep_angry.wav,/root/autodl-tmp/kfair/data/tess/audio/YAF_sheep_angry.wav,YAF,sheep,angry
YAF_sheep_happy.wav,/root/autodl-tmp/kfair/data/tess/audio/YAF_sheep_happy.wav,YAF,sheep,happy
YAF_sheep_neutral.wav,/root/autodl-tmp/kfair/data/tess/audio/YAF_sheep_neutral.wav,YAF,sheep,neutral
YAF_sheep_sad.wav,/root/autodl-tmp/kfair/data/tess/audio/YAF_sheep_sad.wav,YAF,sheep,sad
YAF_shirt_angry.wav,/root/autodl-tmp/kfair/data/tess/audio/YAF_shirt_angry.wav,YAF,shirt,angry
YAF_shirt_happy.wav,/root/autodl-tmp/kfair/data/tess/audio/YAF_shirt_happy.wav,YAF,shirt,happy
YAF_shirt_neutral.wav,/root/autodl-tmp/kfair/data/tess/audio/YAF_shirt_neutral.wav,YAF,shirt,neutral
YAF_shirt_sad.wav,/root/autodl-tmp/kfair/data/tess/audio/YAF_shirt_sad.wav,YAF,shirt,sad
YAF_should_angry.wav,/root/autodl-tmp/kfair/data/tess/audio/YAF_should_angry.wav,YAF,should,angry
YAF_should_happy.wav,/root/autodl-tmp/kfair/data/tess/audio/YAF_should_happy.wav,YAF,should,happy
YAF_should_neutral.wav,/root/autodl-tmp/kfair/data/tess/audio/YAF_should_neutral.wav,YAF,should,neutral
YAF_should_sad.wav,/root/autodl-tmp/kfair/data/tess/audio/YAF_should_sad.wav,YAF,should,sad
YAF_shout_angry.wav,/root/autodl-tmp/kfair/data/tess/audio/YAF_shout_angry.wav,YAF,shout,angry
YAF_shout_happy.wav,/root/autodl-tmp/kfair/data/tess/audio/YAF_shout_happy.wav,YAF,shout,happy
YAF_shout_neutral.wav,/root/autodl-tmp/kfair/data/tess/audio/YAF_shout_neutral.wav,YAF,shout,neutral
YAF_shout_sad.wav,/root/autodl-tmp/kfair/data/tess/audio/YAF_shout_sad.wav,YAF,shout,sad
YAF_size_angry.wav,/root/autodl-tmp/kfair/data/tess/audio/YAF_size_angry.wav,YAF,size,angry
YAF_size_happy.wav,/root/autodl-tmp/kfair/data/tess/audio/YAF_size_happy.wav,YAF,size,happy
YAF_size_neutral.wav,/root/autodl-tmp/kfair/data/tess/audio/YAF_size_neutral.wav,YAF,size,neutral
YAF_size_sad.wav,/root/autodl-tmp/kfair/data/tess/audio/YAF_size_sad.wav,YAF,size,sad
YAF_soap_angry.wav,/root/autodl-tmp/kfair/data/tess/audio/YAF_soap_angry.wav,YAF,soap,angry
YAF_soap_happy.wav,/root/autodl-tmp/kfair/data/tess/audio/YAF_soap_happy.wav,YAF,soap,happy
YAF_soap_neutral.wav,/root/autodl-tmp/kfair/data/tess/audio/YAF_soap_neutral.wav,YAF,soap,neutral
YAF_soap_sad.wav,/root/autodl-tmp/kfair/data/tess/audio/YAF_soap_sad.wav,YAF,soap,sad
YAF_soup_angry.wav,/root/autodl-tmp/kfair/data/tess/audio/YAF_soup_angry.wav,YAF,soup,angry
YAF_soup_happy.wav,/root/autodl-tmp/kfair/data/tess/audio/YAF_soup_happy.wav,YAF,soup,happy
YAF_soup_neutral.wav,/root/autodl-tmp/kfair/data/tess/audio/YAF_soup_neutral.wav,YAF,soup,neutral
YAF_soup_sad.wav,/root/autodl-tmp/kfair/data/tess/audio/YAF_soup_sad.wav,YAF,soup,sad
YAF_sour_angry.wav,/root/autodl-tmp/kfair/data/tess/audio/YAF_sour_angry.wav,YAF,sour,angry
YAF_sour_happy.wav,/root/autodl-tmp/kfair/data/tess/audio/YAF_sour_happy.wav,YAF,sour,happy
YAF_sour_neutral.wav,/root/autodl-tmp/kfair/data/tess/audio/YAF_sour_neutral.wav,YAF,sour,neutral
YAF_sour_sad.wav,/root/autodl-tmp/kfair/data/tess/audio/YAF_sour_sad.wav,YAF,sour,sad
YAF_south_angry.wav,/root/autodl-tmp/kfair/data/tess/audio/YAF_south_angry.wav,YAF,south,angry
YAF_south_happy.wav,/root/autodl-tmp/kfair/data/tess/audio/YAF_south_happy.wav,YAF,south,happy
YAF_south_neutral.wav,/root/autodl-tmp/kfair/data/tess/audio/YAF_south_neutral.wav,YAF,south,neutral
YAF_south_sad.wav,/root/autodl-tmp/kfair/data/tess/audio/YAF_south_sad.wav,YAF,south,sad
YAF_sub_angry.wav,/root/autodl-tmp/kfair/data/tess/audio/YAF_sub_angry.wav,YAF,sub,angry
YAF_sub_happy.wav,/root/autodl-tmp/kfair/data/tess/audio/YAF_sub_happy.wav,YAF,sub,happy
YAF_sub_neutral.wav,/root/autodl-tmp/kfair/data/tess/audio/YAF_sub_neutral.wav,YAF,sub,neutral
YAF_sub_sad.wav,/root/autodl-tmp/kfair/data/tess/audio/YAF_sub_sad.wav,YAF,sub,sad
YAF_such_angry.wav,/root/autodl-tmp/kfair/data/tess/audio/YAF_such_angry.wav,YAF,such,angry
YAF_such_happy.wav,/root/autodl-tmp/kfair/data/tess/audio/YAF_such_happy.wav,YAF,such,happy
YAF_such_neutral.wav,/root/autodl-tmp/kfair/data/tess/audio/YAF_such_neutral.wav,YAF,such,neutral
YAF_such_sad.wav,/root/autodl-tmp/kfair/data/tess/audio/YAF_such_sad.wav,YAF,such,sad
YAF_sure_angry.wav,/root/autodl-tmp/kfair/data/tess/audio/YAF_sure_angry.wav,YAF,sure,angry
YAF_sure_happy.wav,/root/autodl-tmp/kfair/data/tess/audio/YAF_sure_happy.wav,YAF,sure,happy
YAF_sure_neutral.wav,/root/autodl-tmp/kfair/data/tess/audio/YAF_sure_neutral.wav,YAF,sure,neutral
YAF_sure_sad.wav,/root/autodl-tmp/kfair/data/tess/audio/YAF_sure_sad.wav,YAF,sure,sad
YAF_take_angry.wav,/root/autodl-tmp/kfair/data/tess/audio/YAF_take_angry.wav,YAF,take,angry
YAF_take_happy.wav,/root/autodl-tmp/kfair/data/tess/audio/YAF_take_happy.wav,YAF,take,happy
YAF_take_neutral.wav,/root/autodl-tmp/kfair/data/tess/audio/YAF_take_neutral.wav,YAF,take,neutral
YAF_take_sad.wav,/root/autodl-tmp/kfair/data/tess/audio/YAF_take_sad.wav,YAF,take,sad
YAF_talk_angry.wav,/root/autodl-tmp/kfair/data/tess/audio/YAF_talk_angry.wav,YAF,talk,angry
YAF_talk_happy.wav,/root/autodl-tmp/kfair/data/tess/audio/YAF_talk_happy.wav,YAF,talk,happy
YAF_talk_neutral.wav,/root/autodl-tmp/kfair/data/tess/audio/YAF_talk_neutral.wav,YAF,talk,neutral
YAF_talk_sad.wav,/root/autodl-tmp/kfair/data/tess/audio/YAF_talk_sad.wav,YAF,talk,sad
YAF_tape_angry.wav,/root/autodl-tmp/kfair/data/tess/audio/YAF_tape_angry.wav,YAF,tape,angry
YAF_tape_happy.wav,/root/autodl-tmp/kfair/data/tess/audio/YAF_tape_happy.wav,YAF,tape,happy
YAF_tape_neutral.wav,/root/autodl-tmp/kfair/data/tess/audio/YAF_tape_neutral.wav,YAF,tape,neutral
YAF_tape_sad.wav,/root/autodl-tmp/kfair/data/tess/audio/YAF_tape_sad.wav,YAF,tape,sad
YAF_team_angry.wav,/root/autodl-tmp/kfair/data/tess/audio/YAF_team_angry.wav,YAF,team,angry
YAF_team_happy.wav,/root/autodl-tmp/kfair/data/tess/audio/YAF_team_happy.wav,YAF,team,happy
YAF_team_neutral.wav,/root/autodl-tmp/kfair/data/tess/audio/YAF_team_neutral.wav,YAF,team,neutral
YAF_team_sad.wav,/root/autodl-tmp/kfair/data/tess/audio/YAF_team_sad.wav,YAF,team,sad
YAF_tell_angry.wav,/root/autodl-tmp/kfair/data/tess/audio/YAF_tell_angry.wav,YAF,tell,angry
YAF_tell_happy.wav,/root/autodl-tmp/kfair/data/tess/audio/YAF_tell_happy.wav,YAF,tell,happy
YAF_tell_neutral.wav,/root/autodl-tmp/kfair/data/tess/audio/YAF_tell_neutral.wav,YAF,tell,neutral
YAF_tell_sad.wav,/root/autodl-tmp/kfair/data/tess/audio/YAF_tell_sad.wav,YAF,tell,sad
YAF_thin_angry.wav,/root/autodl-tmp/kfair/data/tess/audio/YAF_thin_angry.wav,YAF,thin,angry
YAF_thin_happy.wav,/root/autodl-tmp/kfair/data/tess/audio/YAF_thin_happy.wav,YAF,thin,happy
YAF_thin_neutral.wav,/root/autodl-tmp/kfair/data/tess/audio/YAF_thin_neutral.wav,YAF,thin,neutral
YAF_thin_sad.wav,/root/autodl-tmp/kfair/data/tess/audio/YAF_thin_sad.wav,YAF,thin,sad
YAF_third_angry.wav,/root/autodl-tmp/kfair/data/tess/audio/YAF_third_angry.wav,YAF,third,angry
YAF_third_happy.wav,/root/autodl-tmp/kfair/data/tess/audio/YAF_third_happy.wav,YAF,third,happy
YAF_third_neutral.wav,/root/autodl-tmp/kfair/data/tess/audio/YAF_third_neutral.wav,YAF,third,neutral
YAF_third_sad.wav,/root/autodl-tmp/kfair/data/tess/audio/YAF_third_sad.wav,YAF,third,sad
YAF_thought_angry.wav,/root/autodl-tmp/kfair/data/tess/audio/YAF_thought_angry.wav,YAF,thought,angry
YAF_thought_happy.wav,/root/autodl-tmp/kfair/data/tess/audio/YAF_thought_happy.wav,YAF,thought,happy
YAF_thought_neutral.wav,/root/autodl-tmp/kfair/data/tess/audio/YAF_thought_neutral.wav,YAF,thought,neutral
YAF_thought_sad.wav,/root/autodl-tmp/kfair/data/tess/audio/YAF_thought_sad.wav,YAF,thought,sad
YAF_thumb_angry.wav,/root/autodl-tmp/kfair/data/tess/audio/YAF_thumb_angry.wav,YAF,thumb,angry
YAF_thumb_happy.wav,/root/autodl-tmp/kfair/data/tess/audio/YAF_thumb_happy.wav,YAF,thumb,happy
YAF_thumb_neutral.wav,/root/autodl-tmp/kfair/data/tess/audio/YAF_thumb_neutral.wav,YAF,thumb,neutral
YAF_thumb_sad.wav,/root/autodl-tmp/kfair/data/tess/audio/YAF_thumb_sad.wav,YAF,thumb,sad
YAF_time_angry.wav,/root/autodl-tmp/kfair/data/tess/audio/YAF_time_angry.wav,YAF,time,angry
YAF_time_happy.wav,/root/autodl-tmp/kfair/data/tess/audio/YAF_time_happy.wav,YAF,time,happy
YAF_time_neutral.wav,/root/autodl-tmp/kfair/data/tess/audio/YAF_time_neutral.wav,YAF,time,neutral
YAF_time_sad.wav,/root/autodl-tmp/kfair/data/tess/audio/YAF_time_sad.wav,YAF,time,sad
YAF_tip_angry.wav,/root/autodl-tmp/kfair/data/tess/audio/YAF_tip_angry.wav,YAF,tip,angry
YAF_tip_happy.wav,/root/autodl-tmp/kfair/data/tess/audio/YAF_tip_happy.wav,YAF,tip,happy
YAF_tip_neutral.wav,/root/autodl-tmp/kfair/data/tess/audio/YAF_tip_neutral.wav,YAF,tip,neutral
YAF_tip_sad.wav,/root/autodl-tmp/kfair/data/tess/audio/YAF_tip_sad.wav,YAF,tip,sad
YAF_tire_angry.wav,/root/autodl-tmp/kfair/data/tess/audio/YAF_tire_angry.wav,YAF,tire,angry
YAF_tire_happy.wav,/root/autodl-tmp/kfair/data/tess/audio/YAF_tire_happy.wav,YAF,tire,happy
YAF_tire_neutral.wav,/root/autodl-tmp/kfair/data/tess/audio/YAF_tire_neutral.wav,YAF,tire,neutral
YAF_tire_sad.wav,/root/autodl-tmp/kfair/data/tess/audio/YAF_tire_sad.wav,YAF,tire,sad
YAF_ton_angry.wav,/root/autodl-tmp/kfair/data/tess/audio/YAF_ton_angry.wav,YAF,ton,angry
YAF_ton_happy.wav,/root/autodl-tmp/kfair/data/tess/audio/YAF_ton_happy.wav,YAF,ton,happy
YAF_ton_neutral.wav,/root/autodl-tmp/kfair/data/tess/audio/YAF_ton_neutral.wav,YAF,ton,neutral
YAF_ton_sad.wav,/root/autodl-tmp/kfair/data/tess/audio/YAF_ton_sad.wav,YAF,ton,sad
YAF_tool_angry.wav,/root/autodl-tmp/kfair/data/tess/audio/YAF_tool_angry.wav,YAF,tool,angry
YAF_tool_happy.wav,/root/autodl-tmp/kfair/data/tess/audio/YAF_tool_happy.wav,YAF,tool,happy
YAF_tool_neutral.wav,/root/autodl-tmp/kfair/data/tess/audio/YAF_tool_neutral.wav,YAF,tool,neutral
YAF_tool_sad.wav,/root/autodl-tmp/kfair/data/tess/audio/YAF_tool_sad.wav,YAF,tool,sad
YAF_tough_angry.wav,/root/autodl-tmp/kfair/data/tess/audio/YAF_tough_angry.wav,YAF,tough,angry
YAF_tough_happy.wav,/root/autodl-tmp/kfair/data/tess/audio/YAF_tough_happy.wav,YAF,tough,happy
YAF_tough_neutral.wav,/root/autodl-tmp/kfair/data/tess/audio/YAF_tough_neutral.wav,YAF,tough,neutral
YAF_tough_sad.wav,/root/autodl-tmp/kfair/data/tess/audio/YAF_tough_sad.wav,YAF,tough,sad
YAF_turn_angry.wav,/root/autodl-tmp/kfair/data/tess/audio/YAF_turn_angry.wav,YAF,turn,angry
YAF_turn_happy.wav,/root/autodl-tmp/kfair/data/tess/audio/YAF_turn_happy.wav,YAF,turn,happy
YAF_turn_neutral.wav,/root/autodl-tmp/kfair/data/tess/audio/YAF_turn_neutral.wav,YAF,turn,neutral
YAF_turn_sad.wav,/root/autodl-tmp/kfair/data/tess/audio/YAF_turn_sad.wav,YAF,turn,sad
YAF_vine_angry.wav,/root/autodl-tmp/kfair/data/tess/audio/YAF_vine_angry.wav,YAF,vine,angry
YAF_vine_happy.wav,/root/autodl-tmp/kfair/data/tess/audio/YAF_vine_happy.wav,YAF,vine,happy
YAF_vine_neutral.wav,/root/autodl-tmp/kfair/data/tess/audio/YAF_vine_neutral.wav,YAF,vine,neutral
YAF_vine_sad.wav,/root/autodl-tmp/kfair/data/tess/audio/YAF_vine_sad.wav,YAF,vine,sad
YAF_voice_angry.wav,/root/autodl-tmp/kfair/data/tess/audio/YAF_voice_angry.wav,YAF,voice,angry
YAF_voice_happy.wav,/root/autodl-tmp/kfair/data/tess/audio/YAF_voice_happy.wav,YAF,voice,happy
YAF_voice_neutral.wav,/root/autodl-tmp/kfair/data/tess/audio/YAF_voice_neutral.wav,YAF,voice,neutral
YAF_voice_sad.wav,/root/autodl-tmp/kfair/data/tess/audio/YAF_voice_sad.wav,YAF,voice,sad
YAF_void_angry.wav,/root/autodl-tmp/kfair/data/tess/audio/YAF_void_angry.wav,YAF,void,angry
YAF_void_happy.wav,/root/autodl-tmp/kfair/data/tess/audio/YAF_void_happy.wav,YAF,void,happy
YAF_void_neutral.wav,/root/autodl-tmp/kfair/data/tess/audio/YAF_void_neutral.wav,YAF,void,neutral
YAF_void_sad.wav,/root/autodl-tmp/kfair/data/tess/audio/YAF_void_sad.wav,YAF,void,sad
YAF_vote_angry.wav,/root/autodl-tmp/kfair/data/tess/audio/YAF_vote_angry.wav,YAF,vote,angry
YAF_vote_happy.wav,/root/autodl-tmp/kfair/data/tess/audio/YAF_vote_happy.wav,YAF,vote,happy
YAF_vote_neutral.wav,/root/autodl-tmp/kfair/data/tess/audio/YAF_vote_neutral.wav,YAF,vote,neutral
YAF_vote_sad.wav,/root/autodl-tmp/kfair/data/tess/audio/YAF_vote_sad.wav,YAF,vote,sad
YAF_wag_angry.wav,/root/autodl-tmp/kfair/data/tess/audio/YAF_wag_angry.wav,YAF,wag,angry
YAF_wag_happy.wav,/root/autodl-tmp/kfair/data/tess/audio/YAF_wag_happy.wav,YAF,wag,happy
YAF_wag_neutral.wav,/root/autodl-tmp/kfair/data/tess/audio/YAF_wag_neutral.wav,YAF,wag,neutral
YAF_wag_sad.wav,/root/autodl-tmp/kfair/data/tess/audio/YAF_wag_sad.wav,YAF,wag,sad
YAF_walk_angry.wav,/root/autodl-tmp/kfair/data/tess/audio/YAF_walk_angry.wav,YAF,walk,angry
YAF_walk_happy.wav,/root/autodl-tmp/kfair/data/tess/audio/YAF_walk_happy.wav,YAF,walk,happy
YAF_walk_neutral.wav,/root/autodl-tmp/kfair/data/tess/audio/YAF_walk_neutral.wav,YAF,walk,neutral
YAF_walk_sad.wav,/root/autodl-tmp/kfair/data/tess/audio/YAF_walk_sad.wav,YAF,walk,sad
YAF_wash_angry.wav,/root/autodl-tmp/kfair/data/tess/audio/YAF_wash_angry.wav,YAF,wash,angry
YAF_wash_happy.wav,/root/autodl-tmp/kfair/data/tess/audio/YAF_wash_happy.wav,YAF,wash,happy
YAF_wash_neutral.wav,/root/autodl-tmp/kfair/data/tess/audio/YAF_wash_neutral.wav,YAF,wash,neutral
YAF_wash_sad.wav,/root/autodl-tmp/kfair/data/tess/audio/YAF_wash_sad.wav,YAF,wash,sad
YAF_week_angry.wav,/root/autodl-tmp/kfair/data/tess/audio/YAF_week_angry.wav,YAF,week,angry
YAF_week_happy.wav,/root/autodl-tmp/kfair/data/tess/audio/YAF_week_happy.wav,YAF,week,happy
YAF_week_neutral.wav,/root/autodl-tmp/kfair/data/tess/audio/YAF_week_neutral.wav,YAF,week,neutral
YAF_week_sad.wav,/root/autodl-tmp/kfair/data/tess/audio/YAF_week_sad.wav,YAF,week,sad
YAF_wheat_angry.wav,/root/autodl-tmp/kfair/data/tess/audio/YAF_wheat_angry.wav,YAF,wheat,angry
YAF_wheat_happy.wav,/root/autodl-tmp/kfair/data/tess/audio/YAF_wheat_happy.wav,YAF,wheat,happy
YAF_wheat_neutral.wav,/root/autodl-tmp/kfair/data/tess/audio/YAF_wheat_neutral.wav,YAF,wheat,neutral
YAF_wheat_sad.wav,/root/autodl-tmp/kfair/data/tess/audio/YAF_wheat_sad.wav,YAF,wheat,sad
YAF_when_angry.wav,/root/autodl-tmp/kfair/data/tess/audio/YAF_when_angry.wav,YAF,when,angry
YAF_when_happy.wav,/root/autodl-tmp/kfair/data/tess/audio/YAF_when_happy.wav,YAF,when,happy
YAF_when_neutral.wav,/root/autodl-tmp/kfair/data/tess/audio/YAF_when_neutral.wav,YAF,when,neutral
YAF_when_sad.wav,/root/autodl-tmp/kfair/data/tess/audio/YAF_when_sad.wav,YAF,when,sad
YAF_which_angry.wav,/root/autodl-tmp/kfair/data/tess/audio/YAF_which_angry.wav,YAF,which,angry
YAF_which_happy.wav,/root/autodl-tmp/kfair/data/tess/audio/YAF_which_happy.wav,YAF,which,happy
YAF_which_neutral.wav,/root/autodl-tmp/kfair/data/tess/audio/YAF_which_neutral.wav,YAF,which,neutral
YAF_which_sad.wav,/root/autodl-tmp/kfair/data/tess/audio/YAF_which_sad.wav,YAF,which,sad
YAF_whip_angry.wav,/root/autodl-tmp/kfair/data/tess/audio/YAF_whip_angry.wav,YAF,whip,angry
YAF_whip_happy.wav,/root/autodl-tmp/kfair/data/tess/audio/YAF_whip_happy.wav,YAF,whip,happy
YAF_whip_neutral.wav,/root/autodl-tmp/kfair/data/tess/audio/YAF_whip_neutral.wav,YAF,whip,neutral
YAF_whip_sad.wav,/root/autodl-tmp/kfair/data/tess/audio/YAF_whip_sad.wav,YAF,whip,sad
YAF_white_angry.wav,/root/autodl-tmp/kfair/data/tess/audio/YAF_white_angry.wav,YAF,white,angry
YAF_white_happy.wav,/root/autodl-tmp/kfair/data/tess/audio/YAF_white_happy.wav,YAF,white,happy
YAF_white_neutral.wav,/root/autodl-tmp/kfair/data/tess/audio/YAF_white_neutral.wav,YAF,white,neutral
YAF_white_sad.wav,/root/autodl-tmp/kfair/data/tess/audio/YAF_white_sad.wav,YAF,white,sad
YAF_wife_angry.wav,/root/autodl-tmp/kfair/data/tess/audio/YAF_wife_angry.wav,YAF,wife,angry
YAF_wife_happy.wav,/root/autodl-tmp/kfair/data/tess/audio/YAF_wife_happy.wav,YAF,wife,happy
YAF_wife_neutral.wav,/root/autodl-tmp/kfair/data/tess/audio/YAF_wife_neutral.wav,YAF,wife,neutral
YAF_wife_sad.wav,/root/autodl-tmp/kfair/data/tess/audio/YAF_wife_sad.wav,YAF,wife,sad
YAF_wire_angry.wav,/root/autodl-tmp/kfair/data/tess/audio/YAF_wire_angry.wav,YAF,wire,angry
YAF_wire_happy.wav,/root/autodl-tmp/kfair/data/tess/audio/YAF_wire_happy.wav,YAF,wire,happy
YAF_wire_neutral.wav,/root/autodl-tmp/kfair/data/tess/audio/YAF_wire_neutral.wav,YAF,wire,neutral
YAF_wire_sad.wav,/root/autodl-tmp/kfair/data/tess/audio/YAF_wire_sad.wav,YAF,wire,sad
YAF_witch_angry.wav,/root/autodl-tmp/kfair/data/tess/audio/YAF_witch_angry.wav,YAF,witch,angry
YAF_witch_happy.wav,/root/autodl-tmp/kfair/data/tess/audio/YAF_witch_happy.wav,YAF,witch,happy
YAF_witch_neutral.wav,/root/autodl-tmp/kfair/data/tess/audio/YAF_witch_neutral.wav,YAF,witch,neutral
YAF_witch_sad.wav,/root/autodl-tmp/kfair/data/tess/audio/YAF_witch_sad.wav,YAF,witch,sad
YAF_yearn_angry.wav,/root/autodl-tmp/kfair/data/tess/audio/YAF_yearn_angry.wav,YAF,yearn,angry
YAF_yearn_happy.wav,/root/autodl-tmp/kfair/data/tess/audio/YAF_yearn_happy.wav,YAF,yearn,happy
YAF_yearn_neutral.wav,/root/autodl-tmp/kfair/data/tess/audio/YAF_yearn_neutral.wav,YAF,yearn,neutral
YAF_yearn_sad.wav,/root/autodl-tmp/kfair/data/tess/audio/YAF_yearn_sad.wav,YAF,yearn,sad
YAF_yes_angry.wav,/root/autodl-tmp/kfair/data/tess/audio/YAF_yes_angry.wav,YAF,yes,angry
YAF_yes_happy.wav,/root/autodl-tmp/kfair/data/tess/audio/YAF_yes_happy.wav,YAF,yes,happy
YAF_yes_neutral.wav,/root/autodl-tmp/kfair/data/tess/audio/YAF_yes_neutral.wav,YAF,yes,neutral
YAF_yes_sad.wav,/root/autodl-tmp/kfair/data/tess/audio/YAF_yes_sad.wav,YAF,yes,sad
YAF_young_angry.wav,/root/autodl-tmp/kfair/data/tess/audio/YAF_young_angry.wav,YAF,young,angry
YAF_young_happy.wav,/root/autodl-tmp/kfair/data/tess/audio/YAF_young_happy.wav,YAF,young,happy
YAF_young_neutral.wav,/root/autodl-tmp/kfair/data/tess/audio/YAF_young_neutral.wav,YAF,young,neutral
YAF_young_sad.wav,/root/autodl-tmp/kfair/data/tess/audio/YAF_young_sad.wav,YAF,young,sad
YAF_youth_angry.wav,/root/autodl-tmp/kfair/data/tess/audio/YAF_youth_angry.wav,YAF,youth,angry
YAF_youth_happy.wav,/root/autodl-tmp/kfair/data/tess/audio/YAF_youth_happy.wav,YAF,youth,happy
YAF_youth_neutral.wav,/root/autodl-tmp/kfair/data/tess/audio/YAF_youth_neutral.wav,YAF,youth,neutral
YAF_youth_sad.wav,/root/autodl-tmp/kfair/data/tess/audio/YAF_youth_sad.wav,YAF,youth,sad
