pair_id,speaker,word,label_a,label_b,file_a,file_b,AA,AB,BA,BB,ME_C,ME_D,interaction
OAF_back_neutral_happy,OAF,back,neutral,happy,OAF_back_neutral.wav,OAF_back_happy.wav,0.4375,2.1250000596046448,0.5,2.2500000596046448,1.7187500596046448,0.09375,0.0625
OAF_back_neutral_sad,OAF,back,neutral,sad,OAF_back_neutral.wav,OAF_back_sad.wav,5.874999910593033,7.312499821186066,6.0625001192092896,7.812499716877937,1.5937497541308403,0.3437500521540642,0.31249968707561493
OAF_back_neutral_angry,OAF,back,neutral,angry,OAF_back_neutral.wav,OAF_back_angry.wav,4.8749998807907104,3.0000000596046448,4.3750001192092896,2.124999910593033,-2.062500014901161,-0.6874999552965164,-0.37500038743019104
OAF_back_happy_sad,OAF,back,happy,sad,OAF_back_happy.wav,OAF_back_sad.wav,-1.1250000596046448,4.999999940395355,-1.6250000894069672,5.7500001937150955,6.750000141561031,0.12500011175870895,1.2500002831220627
OAF_back_happy_angry,OAF,back,happy,angry,OAF_back_happy.wav,OAF_back_angry.wav,-1.5000000596046448,1.8750000596046448,-1.8750000298023224,1.8749999105930328,3.5625000298023224,-0.18750005960464478,0.3749998211860657
OAF_back_sad_angry,OAF,back,sad,angry,OAF_back_sad.wav,OAF_back_angry.wav,-1.3749999552965164,3.7499999403953552,-0.9999999701976776,4.124999910593033,5.124999888241291,0.3749999776482582,-1.4901161193847656e-08
OAF_bar_neutral_happy,OAF,bar,neutral,happy,OAF_bar_neutral.wav,OAF_bar_happy.wav,0.1875,4.312499888241291,0.25,4.3125001937150955,4.093750040978193,0.03125015273690224,-0.062499694526195526
OAF_bar_neutral_sad,OAF,bar,neutral,sad,OAF_bar_neutral.wav,OAF_bar_sad.wav,5.562500089406967,8.062499523162842,5.499999925494194,7.687500059604645,2.3437497839331627,-0.21874981373548508,-0.3124992996454239
OAF_bar_neutral_angry,OAF,bar,neutral,angry,OAF_bar_neutral.wav,OAF_bar_angry.wav,4.4375001192092896,-0.5,3.375000238418579,-2.625000089406967,-5.468750223517418,-1.5937499850988388,-1.0625002086162567
OAF_bar_happy_sad,OAF,bar,happy,sad,OAF_bar_happy.wav,OAF_bar_sad.wav,-4.1250001937150955,5.749999910593033,-3.249999925494194,5.250000059604645,9.187500044703484,0.1875002086162567,-1.3750001192092896
OAF_bar_happy_angry,OAF,bar,happy,angry,OAF_bar_happy.wav,OAF_bar_angry.wav,-4.5000001937150955,1.5,-4.250000052154064,0.5,5.37500012293458,-0.37499992921948433,-1.2500001415610313
OAF_bar_sad_angry,OAF,bar,sad,angry,OAF_bar_sad.wav,OAF_bar_angry.wav,-0.7500000596046448,1.0000001192092896,-1.0000000298023224,0.5,1.6250001043081284,-0.3750000447034836,-0.25000014901161194
OAF_base_neutral_happy,OAF,base,neutral,happy,OAF_base_neutral.wav,OAF_base_happy.wav,-0.25,2.375,-0.1875,1.625,2.21875,-0.34375,-0.8125
OAF_base_neutral_sad,OAF,base,neutral,sad,OAF_base_neutral.wav,OAF_base_sad.wav,4.437499940395355,6.5624998807907104,5.187500059604645,6.937499940395355,1.9374999105930328,0.5625000894069672,-0.3750000596046448
OAF_base_neutral_angry,OAF,base,neutral,angry,OAF_base_neutral.wav,OAF_base_angry.wav,3.4375,0.25,3.25,0.125,-3.15625,-0.15625,0.0625
OAF_base_happy_sad,OAF,base,happy,sad,OAF_base_happy.wav,OAF_base_sad.wav,-0.25,4.874999850988388,-0.25,4.874999940395355,5.124999895691872,4.470348358154297e-08,8.940696716308594e-08
OAF_base_happy_angry,OAF,base,happy,angry,OAF_base_happy.wav,OAF_base_angry.wav,-1.25,1.9999998807907104,-3.3750000298023224,2.0000001192092896,4.312500014901161,-1.0624998956918716,2.1250002682209015
OAF_base_sad_angry,OAF,base,sad,angry,OAF_base_sad.wav,OAF_base_angry.wav,-0.5,3.125,-1.0000000298023224,2.0000001192092896,3.312500074505806,-0.8124999552965164,-0.6249998509883881
OAF_bath_neutral_happy,OAF,bath,neutral,happy,OAF_bath_neutral.wav,OAF_bath_happy.wav,0.8125,3.1250000596046448,0.5,2.6250000298023224,2.2187500447034836,-0.4062500149011612,-0.1875000298023224
OAF_bath_neutral_sad,OAF,bath,neutral,sad,OAF_bath_neutral.wav,OAF_bath_sad.wav,6.812500149011612,6.812499761581421,7.1249998807907104,7.25,0.062499865889549255,0.3749999850988388,0.1250005066394806
OAF_bath_neutral_angry,OAF,bath,neutral,angry,OAF_bath_neutral.wav,OAF_bath_angry.wav,5.5625001192092896,4.499999925494194,5.4999998807907104,3.2499998956918716,-1.6562500894069672,-0.6562501341104507,-1.1874997913837433
OAF_bath_happy_sad,OAF,bath,happy,sad,OAF_bath_happy.wav,OAF_bath_sad.wav,-2.7500000298023224,4.625,-2.5000000596046448,4.25,7.062500044703484,-0.0625000149011612,-0.6249999701976776
OAF_bath_happy_angry,OAF,bath,happy,angry,OAF_bath_happy.wav,OAF_bath_angry.wav,-3.3750000298023224,3.6249998807907104,-3.749999761581421,2.7499998956918716,6.749999783933163,-0.6249998584389687,-0.5000002533197403
OAF_bath_sad_angry,OAF,bath,sad,angry,OAF_bath_sad.wav,OAF_bath_angry.wav,0.25,4.375000029802322,-0.375,3.1249998956918716,3.812499962747097,-0.9375000670552254,-0.6250001341104507
OAF_bean_neutral_happy,OAF,bean,neutral,happy,OAF_bean_neutral.wav,OAF_bean_happy.wav,0.625,2.3125000298023224,0.8125,2.5624999403953552,1.7187499850988388,0.21874995529651642,0.06249991059303284
OAF_bean_neutral_sad,OAF,bean,neutral,sad,OAF_bean_neutral.wav,OAF_bean_sad.wav,6.249999940395355,6.375000059604645,5.624999850988388,5.75,0.12500013411045074,-0.625000074505806,2.9802322387695312e-08
OAF_bean_neutral_angry,OAF,bean,neutral,angry,OAF_bean_neutral.wav,OAF_bean_angry.wav,5.125,-2.500000089406967,4.3125,-2.125,-7.031250044703484,-0.21874995529651642,1.1875000894069672
OAF_bean_happy_sad,OAF,bean,happy,sad,OAF_bean_happy.wav,OAF_bean_sad.wav,-2.4999999403953552,4.8749998807907104,-2.5625000298023224,3.75,6.843749925494194,-0.5937499850988388,-1.0624997913837433
OAF_bean_happy_angry,OAF,bean,happy,angry,OAF_bean_happy.wav,OAF_bean_angry.wav,-2.7499999403953552,-0.125,-2.7500000298023224,-0.5,2.437499985098839,-0.18750004470348358,-0.37499991059303284
OAF_bean_sad_angry,OAF,bean,sad,angry,OAF_bean_sad.wav,OAF_bean_angry.wav,0.125,0.5,-0.5,0.5,0.6875,-0.3125,0.625
OAF_beg_neutral_happy,OAF,beg,neutral,happy,OAF_beg_neutral.wav,OAF_beg_happy.wav,-0.0625,4.062499850988388,-0.125,4.000000014901161,4.124999932944775,-0.062499918043613434,1.6391277313232422e-07
OAF_beg_neutral_sad,OAF,beg,neutral,sad,OAF_beg_neutral.wav,OAF_beg_sad.wav,5.375000029802322,7.687500447034836,5.687499821186066,7.812499970197678,2.2187502831220627,0.21874965727329254,-0.1875002682209015
OAF_beg_neutral_angry,OAF,beg,neutral,angry,OAF_beg_neutral.wav,OAF_beg_angry.wav,3.75,4.937500029802322,3.1250001192092896,2.2500000298023224,0.1562499701976776,-1.6562499403953552,-2.0625001192092896
OAF_beg_happy_sad,OAF,beg,happy,sad,OAF_beg_happy.wav,OAF_beg_sad.wav,-1.8750000149011612,5.2499998807907104,-0.875,6.124999970197678,7.062499932944775,0.9375000521540642,-0.12499992549419403
OAF_beg_happy_angry,OAF,beg,happy,angry,OAF_beg_happy.wav,OAF_beg_angry.wav,-2.375000014901161,4.374999947845936,-2.9375000447034836,3.0000000298023224,6.3437500186264515,-0.9687499739229679,-0.812499888241291
OAF_beg_sad_angry,OAF,beg,sad,angry,OAF_beg_sad.wav,OAF_beg_angry.wav,-1.1249999701976776,4.499999791383743,-0.7500000298023224,3.8749997913837433,5.124999791383743,-0.1250000298023224,-0.9999999403953552
OAF_bite_neutral_happy,OAF,bite,neutral,happy,OA_bite_neutral.wav,OAF_bite_happy.wav,0.3125,2.5000000596046448,1.0,2.375,1.7812500298023224,0.2812499701976776,-0.8125000596046448
OAF_bite_neutral_sad,OAF,bite,neutral,sad,OA_bite_neutral.wav,OAF_bite_sad.wav,6.125000044703484,8.374999731779099,6.4375001192092896,7.562499523162842,1.6874995455145836,-0.2500000670552254,-1.1250002831220627
OAF_bite_neutral_angry,OAF,bite,neutral,angry,OA_bite_neutral.wav,OAF_bite_angry.wav,4.75,2.0000000298023224,4.187500238418579,2.124999910593033,-2.406250149011612,-0.21874994039535522,0.6874996423721313
OAF_bite_happy_sad,OAF,bite,happy,sad,OAF_bite_happy.wav,OAF_bite_sad.wav,-2.125,5.375000059604645,-2.0000000447034836,5.0,7.250000052154064,-0.12500005215406418,-0.5000000149011612
OAF_bite_happy_angry,OAF,bite,happy,angry,OAF_bite_happy.wav,OAF_bite_angry.wav,-2.75,1.9999999403953552,-2.6250001192092896,2.374999910593033,4.874999985098839,0.24999992549419403,0.25000008940696716
OAF_bite_sad_angry,OAF,bite,sad,angry,OAF_bite_sad.wav,OAF_bite_angry.wav,-0.25,3.874999850988388,-1.125,3.499999910593033,4.3749998807907104,-0.6249999701976776,0.5000000596046448
OAF_boat_neutral_happy,OAF,boat,neutral,happy,OAF_boat_neutral.wav,OAF_boat_happy.wav,0.875,3.125000089406967,0.6875,2.7499999403953552,2.156250014901161,-0.28125007450580597,-0.18750014901161194
OAF_boat_neutral_sad,OAF,boat,neutral,sad,OAF_boat_neutral.wav,OAF_boat_sad.wav,5.374999940395355,7.937500238418579,5.5,7.749999612569809,2.4062499552965164,-0.03125028312206268,-0.3125006854534149
OAF_boat_neutral_angry,OAF,boat,neutral,angry,OAF_boat_neutral.wav,OAF_boat_angry.wav,4.75,-3.624999962747097,3.8749998807907104,-3.5,-7.874999921768904,-0.37500007823109627,1.0000000819563866
OAF_boat_happy_sad,OAF,boat,happy,sad,OAF_boat_happy.wav,OAF_boat_sad.wav,-5.375000178813934,5.6250001192092896,-5.124999821186066,5.750000089406967,10.937500104308128,0.18750016391277313,-0.12500038743019104
OAF_boat_happy_angry,OAF,boat,happy,angry,OAF_boat_happy.wav,OAF_boat_angry.wav,-4.562500178813934,-1.375,-4.125000089406967,-0.875,3.2187501341104507,0.4687500447034836,0.06249991059303284
OAF_boat_sad_angry,OAF,boat,sad,angry,OAF_boat_sad.wav,OAF_boat_angry.wav,-1.1249999701976776,-0.625,-0.8750000596046448,0.0,0.6875000149011612,0.4374999552965164,0.37500008940696716
OAF_bone_neutral_happy,OAF,bone,neutral,happy,OAF_bone_neutral.wav,OAF_bone_happy.wav,0.625,1.8749998807907104,0.9375,2.3750001192092896,1.34375,0.40625011920928955,0.1875002384185791
OAF_bone_neutral_sad,OAF,bone,neutral,sad,OAF_bone_neutral.wav,OAF_bone_sad.wav,7.124999821186066,6.437499910593033,7.9375001937150955,6.624999895691872,-1.0000001043081284,0.5000001788139343,-0.625000387430191
OAF_bone_neutral_angry,OAF,bone,neutral,angry,OAF_bone_neutral.wav,OAF_bone_angry.wav,5.624999761581421,3.875000089406967,5.312499761581421,2.874999925494194,-2.0937497541308403,-0.6562500819563866,-0.6875001639127731
OAF_bone_happy_sad,OAF,bone,happy,sad,OAF_bone_happy.wav,OAF_bone_sad.wav,-2.1250001192092896,4.499999910593033,-1.375,4.749999895691872,6.374999962747097,0.5000000521540642,-0.5000001341104507
OAF_bone_happy_angry,OAF,bone,happy,angry,OAF_bone_happy.wav,OAF_bone_angry.wav,-3.5000001192092896,3.124999925494194,-3.8124999701976776,2.749999925494194,6.593749970197678,-0.34374992549419403,-0.06250014901161194
OAF_bone_sad_angry,OAF,bone,sad,angry,OAF_bone_sad.wav,OAF_bone_angry.wav,-1.3750000149011612,3.999999798834324,-1.1249999701976776,3.124999925494194,4.812499854713678,-0.31249991431832314,-1.1249999180436134
OAF_book_neutral_happy,OAF,book,neutral,happy,OAF_book_neutral.wav,OAF_book_happy.wav,-0.375,3.0,-0.125,3.374999925494194,3.437499962747097,0.312499962747097,0.12499992549419403
OAF_book_neutral_sad,OAF,book,neutral,sad,OAF_book_neutral.wav,OAF_book_sad.wav,2.624999910593033,7.437499791383743,2.8750001192092896,6.812499910593033,4.374999836087227,-0.18749983608722687,-0.8750000894069672
OAF_book_neutral_angry,OAF,book,neutral,angry,OAF_book_neutral.wav,OAF_book_angry.wav,1.4999998807907104,1.8749999701976776,1.25,1.1250000596046448,0.12500007450580597,-0.49999989569187164,-0.5000000298023224
OAF_book_happy_sad,OAF,book,happy,sad,OAF_book_happy.wav,OAF_book_sad.wav,-4.375000163912773,5.187500208616257,-3.7499997913837433,5.437499910593033,9.375000037252903,0.437500037252903,-0.3750006705522537
OAF_book_happy_angry,OAF,book,happy,angry,OAF_book_happy.wav,OAF_book_angry.wav,-3.937500163912773,2.8750000447034836,-4.374999940395355,1.8750000596046448,6.531250104308128,-0.7187498807907104,-0.5625002086162567
OAF_book_sad_angry,OAF,book,sad,angry,OAF_book_sad.wav,OAF_book_angry.wav,-1.0000000298023224,5.062499821186066,-0.6249999403953552,2.8750000596046448,4.781249925494194,-0.9062498360872269,-2.562499850988388
OAF_bought_neutral_happy,OAF,bought,neutral,happy,OAF_bought_neutral.wav,OAF_bought_happy.wav,-0.375,3.7500000074505806,0.0625,3.937499798834324,3.9999999031424522,0.31249989569187164,-0.2500002086162567
OAF_bought_neutral_sad,OAF,bought,neutral,sad,OAF_bought_neutral.wav,OAF_bought_sad.wav,3.6874999403953552,8.43750011920929,4.125000089406967,8.56250011920929,4.593750104308128,0.28125007450580597,-0.31250014901161194
OAF_bought_neutral_angry,OAF,bought,neutral,angry,OAF_bought_neutral.wav,OAF_bought_angry.wav,2.3125,1.999999925494194,2.125,1.6250000298023224,-0.4062500223517418,-0.2812499478459358,-0.18749989569187164
OAF_bought_happy_sad,OAF,bought,happy,sad,OAF_bought_happy.wav,OAF_bought_sad.wav,-6.374999798834324,5.875000029802322,-5.812500074505806,6.4375001192092896,12.250000011175871,0.5624999068677425,3.650784492492676e-07
OAF_bought_happy_angry,OAF,bought,happy,angry,OAF_bought_happy.wav,OAF_bought_angry.wav,-5.124999798834324,1.8749999701976776,-4.562500149011612,1.9999999105930328,6.781249914318323,0.3437497951090336,-0.4374997094273567
OAF_bought_sad_angry,OAF,bought,sad,angry,OAF_bought_sad.wav,OAF_bought_angry.wav,-0.875,3.8750001788139343,-1.125,3.624999910593033,4.750000044703484,-0.25000013411045074,-2.682209014892578e-07
OAF_burn_neutral_happy,OAF,burn,neutral,happy,OAF_burn_neutral.wav,OAF_burn_happy.wav,-0.0625,1.3749999701976776,0.1875,1.5000000596046448,1.3750000149011612,0.18750004470348358,-0.12499991059303284
OAF_burn_neutral_sad,OAF,burn,neutral,sad,OAF_burn_neutral.wav,OAF_burn_sad.wav,5.624999970197678,7.312499970197678,6.062499850988388,7.125000059604645,1.3750001043081284,0.1249999850988388,-0.6249997913837433
OAF_burn_neutral_angry,OAF,burn,neutral,angry,OAF_burn_neutral.wav,OAF_burn_angry.wav,4.75,0.0,4.3125,-1.125,-5.09375,-0.78125,-0.6875
OAF_burn_happy_sad,OAF,burn,happy,sad,OAF_burn_happy.wav,OAF_burn_sad.wav,-1.7500000596046448,5.374999970197678,-2.374999910593033,5.000000059604645,7.25,-0.49999988079071045,0.24999994039535522
OAF_burn_happy_angry,OAF,burn,happy,angry,OAF_burn_happy.wav,OAF_burn_angry.wav,-1.6250000596046448,0.875,-1.375,0.875,2.3750000298023224,0.1250000298023224,-0.2500000596046448
OAF_burn_sad_angry,OAF,burn,sad,angry,OAF_burn_sad.wav,OAF_burn_angry.wav,-1.1250000596046448,0.125,-0.875,0.625,1.3750000298023224,0.3750000298023224,0.24999994039535522
OAF_cab_neutral_happy,OAF,cab,neutral,happy,OAF_cab_neutral.wav,OAF_cab_happy.wav,0.1875,2.875000089406967,0.5625,2.7500001192092896,2.4375001043081284,0.1250000149011612,-0.4999999701976776
OAF_cab_neutral_sad,OAF,cab,neutral,sad,OAF_cab_neutral.wav,OAF_cab_sad.wav,6.375000059604645,7.687499821186066,6.312500178813934,7.812499791383743,1.406249687075615,0.03125004470348358,0.18749985098838806
OAF_cab_neutral_angry,OAF,cab,neutral,angry,OAF_cab_neutral.wav,OAF_cab_angry.wav,4.75,-2.624999925494194,3.2499998807907104,-3.0000000447034836,-6.812499925494194,-0.9375001192092896,1.125
OAF_cab_happy_sad,OAF,cab,happy,sad,OAF_cab_happy.wav,OAF_cab_sad.wav,-2.2500001192092896,6.250000178813934,-2.6249999552965164,5.874999791383743,8.500000022351742,-0.37500011175870895,-5.513429641723633e-07
OAF_cab_happy_angry,OAF,cab,happy,angry,OAF_cab_happy.wav,OAF_cab_angry.wav,-2.6250001192092896,0.125,-3.1250000447034836,0.375,3.1250000819563866,-0.12499996274709702,0.749999925494194
OAF_cab_sad_angry,OAF,cab,sad,angry,OAF_cab_sad.wav,OAF_cab_angry.wav,-1.5000000298023224,-0.625,-1.6249999701976776,-0.625,0.9375,-0.06249997019767761,0.12499994039535522
OAF_calm_neutral_happy,OAF,calm,neutral,happy,OAF_calm_neutral.wav,OAF_calm_happy.wav,-0.6875,2.8125001192092896,-0.1875,2.3750000596046448,3.031250089406967,0.031249970197677612,-0.9375000596046448
OAF_calm_neutral_sad,OAF,calm,neutral,sad,OAF_calm_neutral.wav,OAF_calm_sad.wav,4.125000149011612,7.562500298023224,4.250000178813934,7.999999642372131,3.5937498062849045,0.28124968707561493,0.3124993145465851
OAF_calm_neutral_angry,OAF,calm,neutral,angry,OAF_calm_neutral.wav,OAF_calm_angry.wav,2.3750001192092896,-2.375000089406967,1.2500001192092896,-2.624999910593033,-4.3125001192092896,-0.6874999105930328,0.8750001788139343
OAF_calm_happy_sad,OAF,calm,happy,sad,OAF_calm_happy.wav,OAF_calm_sad.wav,-1.7500000596046448,5.8750001192092896,-1.625,6.8125001192092896,8.031250149011612,0.5312500298023224,0.8124999403953552
OAF_calm_happy_angry,OAF,calm,happy,angry,OAF_calm_happy.wav,OAF_calm_angry.wav,-2.0000000596046448,-0.125,-2.6249998807907104,-0.25,2.1249999701976776,-0.37499991059303284,0.4999998211860657
OAF_calm_sad_angry,OAF,calm,sad,angry,OAF_calm_sad.wav,OAF_calm_angry.wav,-0.875,0.0,-1.2499999701976776,-0.375,0.8749999850988388,-0.3749999850988388,-2.9802322387695312e-08
OAF_came_neutral_happy,OAF,came,neutral,happy,OAF_came_neutral.wav,OAF_came_happy.wav,-0.4375,3.6875,-0.4375,3.3124998807907104,3.9374999403953552,-0.18750005960464478,-0.37500011920928955
OAF_came_neutral_sad,OAF,came,neutral,sad,OAF_came_neutral.wav,OAF_came_sad.wav,5.749999850988388,8.000000447034836,5.749999970197678,8.625000432133675,2.5625005289912224,0.3125000521540642,0.6249998658895493
OAF_came_neutral_angry,OAF,came,neutral,angry,OAF_came_neutral.wav,OAF_came_angry.wav,4.6249998807907104,-0.125,4.25,0.0,-4.499999940395355,-0.12499994039535522,0.49999988079071045
OAF_came_happy_sad,OAF,came,happy,sad,OAF_came_happy.wav,OAF_came_sad.wav,0.75,7.374999888241291,-1.4999999403953552,7.249999955296516,7.687499891966581,-1.187499936670065,2.1250000074505806
OAF_came_happy_angry,OAF,came,happy,angry,OAF_came_happy.wav,OAF_came_angry.wav,-0.5,-0.125,-3.437499910593033,0.25,2.0312499552965164,-1.2812499552965164,3.312499910593033
OAF_came_sad_angry,OAF,came,sad,angry,OAF_came_sad.wav,OAF_came_angry.wav,-1.8749999552965164,0.25,-1.3750000149011612,-0.25,1.6249999850988388,-2.9802322387695312e-08,-0.9999999403953552
OAF_cause_neutral_happy,OAF,cause,neutral,happy,OAF_cause_neutral.wav,OAF_cause_happy.wav,-0.25,3.0000000596046448,-0.375,2.7499999403953552,3.1875,-0.18750005960464478,-0.12500011920928955
OAF_cause_neutral_sad,OAF,cause,neutral,sad,OAF_cause_neutral.wav,OAF_cause_sad.wav,5.500000208616257,9.062500357627869,5.937500178813934,8.437500447034836,3.0312502086162567,-0.09374997019767761,-1.0624998807907104
OAF_cause_neutral_angry,OAF,cause,neutral,angry,OAF_cause_neutral.wav,OAF_cause_angry.wav,3.875000238418579,1.0,3.749999761581421,1.375,-2.625,0.1249997615814209,0.5000004768371582
OAF_cause_happy_sad,OAF,cause,happy,sad,OAF_cause_happy.wav,OAF_cause_sad.wav,-1.3749999403953552,6.999999850988388,-1.8749999403953552,6.749999970197678,8.499999850988388,-0.3749999403953552,0.25000011920928955
OAF_cause_happy_angry,OAF,cause,happy,angry,OAF_cause_happy.wav,OAF_cause_angry.wav,-2.1249999403953552,2.0,-2.5000000596046448,2.5000001192092896,4.562500059604645,0.0625,0.8750002384185791
OAF_cause_sad_angry,OAF,cause,sad,angry,OAF_cause_sad.wav,OAF_cause_angry.wav,-0.8749999701976776,1.0,-1.3750000596046448,1.6250001192092896,2.437500074505806,0.0625000149011612,1.1250002086162567
OAF_chain_neutral_happy,OAF,chain,neutral,happy,OAF_chain_neutral.wav,OAF_chain_happy.wav,0.5625,2.8750000596046448,0.4999995231628418,2.375,2.0937502682209015,-0.2812502682209015,-0.4374995827674866
OAF_chain_neutral_sad,OAF,chain,neutral,sad,OAF_chain_neutral.wav,OAF_chain_sad.wav,7.562499858438969,8.875000208616257,7.9999998062849045,8.812499791383743,1.0625001676380634,0.1874997653067112,-0.5000003650784492
OAF_chain_neutral_angry,OAF,chain,neutral,angry,OAF_chain_neutral.wav,OAF_chain_angry.wav,5.312499761581421,-1.875,5.5625,-1.8750001192092896,-7.312499940395355,0.12500005960464478,-0.25000035762786865
OAF_chain_happy_sad,OAF,chain,happy,sad,OAF_chain_happy.wav,OAF_chain_sad.wav,0.0,7.499999947845936,-0.75,7.312499791383743,7.7812498696148396,-0.46875007823109627,0.5624998435378075
OAF_chain_happy_angry,OAF,chain,happy,angry,OAF_chain_happy.wav,OAF_chain_angry.wav,-0.625,0.375,-1.9999999403953552,0.75,1.8749999701976776,-0.4999999701976776,1.7499999403953552
OAF_chain_sad_angry,OAF,chain,sad,angry,OAF_chain_sad.wav,OAF_chain_angry.wav,-1.8750000298023224,0.625,-1.6250000447034836,0.375,2.250000037252903,-7.450580596923828e-09,-0.4999999850988388
OAF_chair_neutral_happy,OAF,chair,neutral,happy,OAF_chair_neutral.wav,OAF_chair_happy.wav,0.875,1.8749998807907104,1.4375004768371582,1.7499999403953552,0.6562496721744537,0.2187502682209015,-0.6875004172325134
OAF_chair_neutral_sad,OAF,chair,neutral,sad,OAF_chair_neutral.wav,OAF_chair_sad.wav,8.187500044703484,9.312499970197678,8.187499821186066,8.874999582767487,0.9062498435378075,-0.21875030547380447,-0.43750016391277313
OAF_chair_neutral_angry,OAF,chair,neutral,angry,OAF_chair_neutral.wav,OAF_chair_angry.wav,6.6875,1.7500000298023224,6.1250001192092896,2.1250000596046448,-4.468750014901161,-0.09374992549419403,0.9374999105930328
OAF_chair_happy_sad,OAF,chair,happy,sad,OAF_chair_happy.wav,OAF_chair_sad.wav,-1.3749999403953552,6.499999970197678,-0.2500000596046448,6.875000059604645,7.500000014901161,0.7499999850988388,-0.7499997913837433
OAF_chair_happy_angry,OAF,chair,happy,angry,OAF_chair_happy.wav,OAF_chair_angry.wav,-1.7499999403953552,1.8750000596046448,-3.000000089406967,2.6250000596046448,4.625000074505806,-0.25000007450580597,2.000000149011612
OAF_chair_sad_angry,OAF,chair,sad,angry,OAF_chair_sad.wav,OAF_chair_angry.wav,-0.8750000596046448,3.5000000298023224,-0.5,3.0000000596046448,3.937500074505806,-0.06249995529651642,-0.8750000298023224
OAF_chalk_neutral_happy,OAF,chalk,neutral,happy,OAF_chalk_neutral.wav,OAF_chalk_happy.wav,0.125,1.125,0.25,2.6875,1.71875,0.84375,1.4375
OAF_chalk_neutral_sad,OAF,chalk,neutral,sad,OAF_chalk_neutral.wav,OAF_chalk_sad.wav,6.812500238418579,7.937499791383743,7.062500149011612,8.249999716877937,1.1562495604157448,0.28124991804361343,0.0625000149011612
OAF_chalk_neutral_angry,OAF,chalk,neutral,angry,OAF_chalk_neutral.wav,OAF_chalk_angry.wav,5.437500238418579,1.0,5.1875,-0.125,-4.8750001192092896,-0.6875001192092896,-0.8749997615814209
OAF_chalk_happy_sad,OAF,chalk,happy,sad,OAF_chalk_happy.wav,OAF_chalk_sad.wav,-4.125,6.187499850988388,-3.5,6.6250001937150955,10.218750022351742,0.5312501713633537,-0.18749965727329254
OAF_chalk_happy_angry,OAF,chalk,happy,angry,OAF_chalk_happy.wav,OAF_chalk_angry.wav,-3.9375,1.5000000596046448,-3.7499998807907104,1.375,5.281249970197678,0.03125002980232239,-0.3125001788139343
OAF_chalk_sad_angry,OAF,chalk,sad,angry,OAF_chalk_sad.wav,OAF_chalk_angry.wav,-1.6249999552965164,2.125,-1.5000000447034836,1.625,3.4375,-0.18750004470348358,-0.6249999105930328
OAF_chat_neutral_happy,OAF,chat,neutral,happy,OAF_chat_neutral.wav,OAF_chat_happy.wav,0.5,2.5625001192092896,0.125,2.6249998807907104,2.28125,-0.15625011920928955,0.4374997615814209
OAF_chat_neutral_sad,OAF,chat,neutral,sad,OAF_chat_neutral.wav,OAF_chat_sad.wav,6.625,6.625000178813934,6.249999940395355,7.312500029802322,0.5312501341104507,0.15624989569187164,1.0624999105930328
OAF_chat_neutral_angry,OAF,chat,neutral,angry,OAF_chat_neutral.wav,OAF_chat_angry.wav,5.5,-2.125000014901161,4.8125,-2.1249999701976776,-7.281249992549419,-0.3437499776482582,0.6875000447034836
OAF_chat_happy_sad,OAF,chat,happy,sad,OAF_chat_happy.wav,OAF_chat_sad.wav,-0.75,5.374999970197678,-0.375,6.062500029802322,6.28125,0.5312500298023224,0.3125000596046448
OAF_chat_happy_angry,OAF,chat,happy,angry,OAF_chat_happy.wav,OAF_chat_angry.wav,-1.125,1.0,-2.249999910593033,0.625,2.4999999552965164,-0.7499999552965164,0.7499999105930328
OAF_chat_sad_angry,OAF,chat,sad,angry,OAF_chat_sad.wav,OAF_chat_angry.wav,-1.3750000298023224,-0.125,-0.875,0.375,1.2500000149011612,0.5000000149011612,-2.9802322387695312e-08
OAF_check_neutral_happy,OAF,check,neutral,happy,OAF_check_neutral.wav,OAF_check_happy.wav,-0.125,2.0,0.5,2.3125001192092896,1.9687500596046448,0.4687500596046448,-0.31249988079071045
OAF_check_neutral_sad,OAF,check,neutral,sad,OAF_check_neutral.wav,OAF_check_sad.wav,5.749999836087227,8.312500476837158,7.062500178813934,8.687499612569809,2.093750037252903,0.8437497392296791,-0.9375012069940567
OAF_check_neutral_angry,OAF,check,neutral,angry,OAF_check_neutral.wav,OAF_check_angry.wav,4.2499998807907104,3.1250000596046448,4.3750001192092896,2.874999985098839,-1.3124999776482582,-0.062499918043613434,-0.37500031292438507
OAF_check_happy_sad,OAF,check,happy,sad,OAF_check_happy.wav,OAF_check_sad.wav,0.125,7.187499895691872,0.5,6.937500089406967,6.749999992549419,0.06250009685754776,-0.6249998062849045
OAF_check_happy_angry,OAF,check,happy,angry,OAF_check_happy.wav,OAF_check_angry.wav,0.0,2.125000089406967,0.0,2.999999985098839,2.562500037252903,0.4374999478459358,0.8749998956918716
OAF_check_sad_angry,OAF,check,sad,angry,OAF_check_sad.wav,OAF_check_angry.wav,-0.6249999701976776,2.8749999552965164,-1.1250000596046448,2.874999985098839,3.749999985098839,-0.2500000298023224,0.5000001192092896
OAF_cheek_neutral_happy,OAF,cheek,neutral,happy,OAF_cheek_neutral.wav,OAF_cheek_happy.wav,0.1875,3.5625000596046448,0.25,3.4999999701976776,3.312500014901161,-4.470348358154297e-08,-0.12500008940696716
OAF_cheek_neutral_sad,OAF,cheek,neutral,sad,OAF_cheek_neutral.wav,OAF_cheek_sad.wav,5.437500149011612,7.749999552965164,5.500000208616257,7.625000134110451,2.218749664723873,-0.031249679625034332,-0.18749947845935822
OAF_cheek_neutral_angry,OAF,cheek,neutral,angry,OAF_cheek_neutral.wav,OAF_cheek_angry.wav,4.3125001192092896,3.624999761581421,4.187499761581421,2.7499998807907104,-1.0625001192092896,-0.5000001192092896,-0.7499995231628418
OAF_cheek_happy_sad,OAF,cheek,happy,sad,OAF_cheek_happy.wav,OAF_cheek_sad.wav,-4.624999970197678,5.374999940395355,-3.5000000298023224,6.000000134110451,9.750000037252903,0.8750000670552254,-0.4999997466802597
OAF_cheek_happy_angry,OAF,cheek,happy,angry,OAF_cheek_happy.wav,OAF_cheek_angry.wav,-4.624999970197678,2.375000089406967,-4.874999977648258,1.5,6.6875000186264515,-0.5625000484287739,-0.6250000819563866
OAF_cheek_sad_angry,OAF,cheek,sad,angry,OAF_cheek_sad.wav,OAF_cheek_angry.wav,-1.7500000149011612,3.2500000298023224,-1.3750000149011612,3.1249998807907104,4.749999970197678,0.12499992549419403,-0.5000001490116119
OAF_chief_neutral_happy,OAF,chief,neutral,happy,OAF_chief_neutral.wav,OAF_chief_happy.wav,0.0,1.8750000596046448,0.375,2.1249999403953552,1.8125,0.3124999403953552,-0.12500011920928955
OAF_chief_neutral_sad,OAF,chief,neutral,sad,OAF_chief_neutral.wav,OAF_chief_sad.wav,5.7500001192092896,7.124999791383743,5.812499821186066,7.625000178813934,1.5937500149011612,0.2812500447034836,0.4375006854534149
OAF_chief_neutral_angry,OAF,chief,neutral,angry,OAF_chief_neutral.wav,OAF_chief_angry.wav,4.7500001192092896,1.1249999403953552,4.187500238418579,1.5000000596046448,-3.1562501788139343,-0.09374988079071045,0.9375
OAF_chief_happy_sad,OAF,chief,happy,sad,OAF_chief_happy.wav,OAF_chief_sad.wav,-1.9999999403953552,4.874999761581421,-1.9999999403953552,5.625000178813934,7.249999910593033,0.3750002086162567,0.7500004172325134
OAF_chief_happy_angry,OAF,chief,happy,angry,OAF_chief_happy.wav,OAF_chief_angry.wav,-2.8749999403953552,0.875,-3.1874999701976776,0.7500000596046448,3.843749985098839,-0.2187499850988388,0.18750008940696716
OAF_chief_sad_angry,OAF,chief,sad,angry,OAF_chief_sad.wav,OAF_chief_angry.wav,-0.8749999403953552,2.7500001192092896,-0.8749999403953552,2.7500000596046448,3.6250000298023224,-2.9802322387695312e-08,-5.960464477539063e-08
OAF_choice_neutral_happy,OAF,choice,neutral,happy,OAF_choice_neutral.wav,OAF_choice_happy.wav,-0.1875,0.8750000596046448,0.25,1.8750000298023224,1.3437500447034836,0.7187499850988388,0.5624999701976776
OAF_choice_neutral_sad,OAF,choice,neutral,sad,OAF_choice_neutral.wav,OAF_choice_sad.wav,6.0000001192092896,8.37500011920929,6.124999970197678,8.625000342726707,2.437500186264515,0.18750003725290298,0.12500037252902985
OAF_choice_neutral_angry,OAF,choice,neutral,angry,OAF_choice_neutral.wav,OAF_choice_angry.wav,5.1250001192092896,-1.125,4.9375001192092896,-1.7500000596046448,-6.468750149011612,-0.4062500298023224,-0.4375000596046448
OAF_choice_happy_sad,OAF,choice,happy,sad,OAF_choice_happy.wav,OAF_choice_sad.wav,-3.8750000298023224,6.624999836087227,-3.3749999403953552,7.312499865889549,10.593749836087227,0.5937500596046448,0.18749994039535522
OAF_choice_happy_angry,OAF,choice,happy,angry,OAF_choice_happy.wav,OAF_choice_angry.wav,-3.2500000298023224,0.375,-2.1249998807907104,0.875,3.3124999552965164,0.812500074505806,-0.6250001490116119
OAF_choice_sad_angry,OAF,choice,sad,angry,OAF_choice_sad.wav,OAF_choice_angry.wav,-1.4999999850988388,0.875,-0.6249999701976776,0.125,1.5624999776482582,0.0625000074505806,-1.6250000149011612
OAF_cool_neutral_happy,OAF,cool,neutral,happy,OAF_cool_neutral.wav,OAF_cool_happy.wav,-0.5625,2.8125,0.125,2.6874998807907104,2.9687499403953552,0.2812499403953552,-0.8125001192092896
OAF_cool_neutral_sad,OAF,cool,neutral,sad,OAF_cool_neutral.wav,OAF_cool_sad.wav,4.625000044703484,7.2500001192092896,5.312500029802322,7.624999552965164,2.468749798834324,0.5312497094273567,-0.3125005513429642
OAF_cool_neutral_angry,OAF,cool,neutral,angry,OAF_cool_neutral.wav,OAF_cool_angry.wav,2.875,-1.5000000298023224,3.5,-1.3750000596046448,-4.625000044703484,0.3749999850988388,-0.5000000298023224
OAF_cool_happy_sad,OAF,cool,happy,sad,OAF_cool_happy.wav,OAF_cool_sad.wav,-3.3124998807907104,6.312499910593033,-3.875000238418579,6.187500029802322,9.843750029802322,-0.34375011920928955,0.4375004768371582
OAF_cool_happy_angry,OAF,cool,happy,angry,OAF_cool_happy.wav,OAF_cool_angry.wav,-3.3749998807907104,0.25,-3.1249999403953552,0.0,3.374999910593033,-2.9802322387695312e-08,-0.4999999403953552
OAF_cool_sad_angry,OAF,cool,sad,angry,OAF_cool_sad.wav,OAF_cool_angry.wav,-0.6250000298023224,1.625,-1.2499999403953552,1.5,2.499999985098839,-0.3749999552965164,0.49999991059303284
OAF_dab_neutral_happy,OAF,dab,neutral,happy,OAF_dab_neutral.wav,OAF_dab_happy.wav,-0.6875,1.0,-0.125,1.625,1.71875,0.59375,0.0625
OAF_dab_neutral_sad,OAF,dab,neutral,sad,OAF_dab_neutral.wav,OAF_dab_sad.wav,4.4999998807907104,6.874999821186066,4.624999821186066,7.000000059604645,2.375000089406967,0.12500008940696716,2.980232238769531e-07
OAF_dab_neutral_angry,OAF,dab,neutral,angry,OAF_dab_neutral.wav,OAF_dab_angry.wav,3.8749998807907104,1.0,3.9375,1.7499999701976776,-2.5312499552965164,0.4062500447034836,0.6874998509883881
OAF_dab_happy_sad,OAF,dab,happy,sad,OAF_dab_happy.wav,OAF_dab_sad.wav,-0.375,6.125,-0.5,5.937500059604645,6.468750029802322,-0.1562499701976776,-0.062499940395355225
OAF_dab_happy_angry,OAF,dab,happy,angry,OAF_dab_happy.wav,OAF_dab_angry.wav,0.0,2.875000089406967,-1.5000000596046448,2.2499999701976776,3.3125000596046448,-1.0625000894069672,0.8749999403953552
OAF_dab_sad_angry,OAF,dab,sad,angry,OAF_dab_sad.wav,OAF_dab_angry.wav,-0.5,2.750000089406967,-0.5,2.1249999701976776,2.9375000298023224,-0.3125000596046448,-0.6250001192092896
OAF_date_neutral_happy,OAF,date,neutral,happy,OAF_date_neutral.wav,OAF_date_happy.wav,-1.0,3.6250001192092896,-1.125,2.374999910593033,4.062500014901161,-0.6875001043081284,-1.1250002086162567
OAF_date_neutral_sad,OAF,date,neutral,sad,OAF_date_neutral.wav,OAF_date_sad.wav,3.7499998807907104,6.937500238418579,3.749999850988388,7.250000089406967,3.343750298023224,0.15624991059303284,0.31249988079071045
OAF_date_neutral_angry,OAF,date,neutral,angry,OAF_date_neutral.wav,OAF_date_angry.wav,2.8749998807907104,-1.7500000596046448,2.9999998807907104,-1.9999999701976776,-4.812499895691872,-0.06249995529651642,-0.37499991059303284
OAF_date_happy_sad,OAF,date,happy,sad,OAF_date_happy.wav,OAF_date_sad.wav,-1.5000000298023224,6.875000029802322,-1.2500000298023224,6.687500089406967,8.156250089406967,0.03125002980232239,-0.4374999403953552
OAF_date_happy_angry,OAF,date,happy,angry,OAF_date_happy.wav,OAF_date_angry.wav,-2.624999910593033,0.7499999403953552,-3.4999998807907104,0.0,3.4374998658895493,-0.8124999552965164,0.1250000298023224
OAF_date_sad_angry,OAF,date,sad,angry,OAF_date_sad.wav,OAF_date_angry.wav,-1.1249999701976776,1.5000001192092896,-0.7500000298023224,1.375,2.3750000596046448,0.12499991059303284,-0.5000000596046448
OAF_dead_neutral_happy,OAF,dead,neutral,happy,OAF_dead_neutral.wav,OAF_dead_happy.wav,-0.3125,2.875,-0.3125,2.9374999403953552,3.2187499701976776,0.031249970197677612,0.062499940395355225
OAF_dead_neutral_sad,OAF,dead,neutral,sad,OAF_dead_neutral.wav,OAF_dead_sad.wav,4.625000089406967,6.312500208616257,3.9999999403953552,6.687499970197678,2.187500074505806,-0.12500019371509552,0.9999999105930328
OAF_dead_neutral_angry,OAF,dead,neutral,angry,OAF_dead_neutral.wav,OAF_dead_angry.wav,4.1250001192092896,1.375,3.4999999403953552,2.249999910593033,-2.000000074505806,0.12499986588954926,1.5000000894069672
OAF_dead_happy_sad,OAF,dead,happy,sad,OAF_dead_happy.wav,OAF_dead_sad.wav,-1.2499999403953552,5.125000059604645,-2.2499999403953552,5.562499970197678,7.093749955296516,-0.2812500447034836,1.4374999105930328
OAF_dead_happy_angry,OAF,dead,happy,angry,OAF_dead_happy.wav,OAF_dead_angry.wav,-1.2499999403953552,1.7500001192092896,-1.6249998807907104,2.374999910593033,3.499999925494194,0.12499992549419403,0.9999997317790985
OAF_dead_sad_angry,OAF,dead,sad,angry,OAF_dead_sad.wav,OAF_dead_angry.wav,-0.6249999701976776,1.6249999403953552,-0.375,2.124999910593033,2.374999910593033,0.3749999701976776,0.25
OAF_death_neutral_happy,OAF,death,neutral,happy,OAF_death_neutral.wav,OAF_death_happy.wav,-0.6875,5.062500134110451,-0.8125,4.937499951571226,5.750000042840838,-0.1250000912696123,-1.825392246246338e-07
OAF_death_neutral_sad,OAF,death,neutral,sad,OAF_death_neutral.wav,OAF_death_sad.wav,5.375000059604645,8.375000387430191,6.624999910593033,7.750000447034836,2.0625004321336746,0.3124999552965164,-1.8749997913837433
OAF_death_neutral_angry,OAF,death,neutral,angry,OAF_death_neutral.wav,OAF_death_angry.wav,4.75,3.9375000596046448,5.375000238418579,3.8124999701976776,-1.1875001043081284,0.25000007450580597,-0.7500003278255463
OAF_death_happy_sad,OAF,death,happy,sad,OAF_death_happy.wav,OAF_death_sad.wav,-6.937499951571226,6.687500074505806,-7.250000074505806,5.999999970197678,13.437500035390258,-0.5000001136213541,-0.3749999813735485
OAF_death_happy_angry,OAF,death,happy,angry,OAF_death_happy.wav,OAF_death_angry.wav,-5.874999951571226,0.75,-6.062500016763806,1.4999999701976776,7.093749969266355,0.2812499525025487,0.9375000353902578
OAF_death_sad_angry,OAF,death,sad,angry,OAF_death_sad.wav,OAF_death_angry.wav,-0.8749999701976776,0.8749999403953552,-1.6249999403953552,1.4999999701976776,2.437499910593033,-0.06249997019767761,1.375
OAF_deep_neutral_happy,OAF,deep,neutral,happy,OAF_deep_neutral.wav,OAF_deep_happy.wav,0.1875,2.625,0.375,3.1250001192092896,2.5937500596046448,0.3437500596046448,0.31250011920928955
OAF_deep_neutral_sad,OAF,deep,neutral,sad,OAF_deep_neutral.wav,OAF_deep_sad.wav,4.125000059604645,5.1875,4.75,5.3124998807907104,0.8124999105930328,0.37499991059303284,-0.5000000596046448
OAF_deep_neutral_angry,OAF,deep,neutral,angry,OAF_deep_neutral.wav,OAF_deep_angry.wav,4.500000059604645,2.0625,4.812499761581421,1.6875,-2.781249910593033,-0.03125014901161194,-0.6874997019767761
OAF_deep_happy_sad,OAF,deep,happy,sad,OAF_deep_happy.wav,OAF_deep_sad.wav,-4.1875001192092896,2.6250001192092896,-3.125000089406967,2.8749998807907104,6.406250104308128,0.6562498956918716,-0.8125002682209015
OAF_deep_happy_angry,OAF,deep,happy,angry,OAF_deep_happy.wav,OAF_deep_angry.wav,-4.0625001192092896,-0.875,-3.874999910593033,-1.1249999403953552,2.9687500447034836,-0.031249865889549255,-0.43750014901161194
OAF_deep_sad_angry,OAF,deep,sad,angry,OAF_deep_sad.wav,OAF_deep_angry.wav,0.25,-0.5,-0.125,0.625,0.0,0.375,1.5
OAF_dime_neutral_happy,OAF,dime,neutral,happy,OAF_dime_neutral.wav,OAF_dime_happy.wav,-0.6875,1.0000000596046448,-0.3125,0.8750000596046448,1.4375000596046448,0.125,-0.5
OAF_dime_neutral_sad,OAF,dime,neutral,sad,OAF_dime_neutral.wav,OAF_dime_sad.wav,5.937500178813934,8.187499761581421,5.6875001192092896,8.187500059604645,2.374999761581421,-0.12499988079071045,0.25000035762786865
OAF_dime_neutral_angry,OAF,dime,neutral,angry,OAF_dime_neutral.wav,OAF_dime_angry.wav,4.812500238418579,3.250000089406967,4.3125,2.2500000447034836,-1.8125000521540642,-0.7500001415610313,-0.4999998062849045
OAF_dime_happy_sad,OAF,dime,happy,sad,OAF_dime_happy.wav,OAF_dime_sad.wav,-1.7500000596046448,5.999999761581421,-2.3124998807907104,7.062500059604645,8.56249988079071,0.2500002384185791,1.6250001192092896
OAF_dime_happy_angry,OAF,dime,happy,angry,OAF_dime_happy.wav,OAF_dime_angry.wav,-1.1250000596046448,2.375000089406967,-1.3749999403953552,2.3750000447034836,3.6250000670552254,-0.12499996274709702,0.24999983608722687
OAF_dime_sad_angry,OAF,dime,sad,angry,OAF_dime_sad.wav,OAF_dime_angry.wav,0.25,4.124999925494194,0.0,3.3750000447034836,3.624999985098839,-0.4999999403953552,-0.49999988079071045
OAF_dip_neutral_happy,OAF,dip,neutral,happy,OAF_dip_neutral.wav,OAF_dip_happy.wav,0.1875,2.5000000596046448,-0.1875,2.3125,2.4062500298023224,-0.2812500298023224,0.18749994039535522
OAF_dip_neutral_sad,OAF,dip,neutral,sad,OAF_dip_neutral.wav,OAF_dip_sad.wav,5.812499850988388,7.437499910593033,5.312499850988388,8.499999910593033,2.4062500596046448,0.28125,1.5625
OAF_dip_neutral_angry,OAF,dip,neutral,angry,OAF_dip_neutral.wav,OAF_dip_angry.wav,4.8124998807907104,1.7499999403953552,4.4375,2.3749999403953552,-2.5625,0.12500005960464478,0.9999998807907104
OAF_dip_happy_sad,OAF,dip,happy,sad,OAF_dip_happy.wav,OAF_dip_sad.wav,0.0,5.812499821186066,1.0,7.062499910593033,5.937499865889549,1.1250000447034836,0.25000008940696716
OAF_dip_happy_angry,OAF,dip,happy,angry,OAF_dip_happy.wav,OAF_dip_angry.wav,-0.625,1.625,-2.5,1.1249999403953552,2.9374999701976776,-1.1875000298023224,1.3749999403953552
OAF_dip_sad_angry,OAF,dip,sad,angry,OAF_dip_sad.wav,OAF_dip_angry.wav,-1.2500000298023224,2.2500000596046448,-1.3749999850988388,2.3749999403953552,3.6250000074505806,-3.725290298461914e-08,0.24999983608722687
OAF_ditch_neutral_happy,OAF,ditch,neutral,happy,OAF_ditch_neutral.wav,OAF_ditch_happy.wav,0.5625,4.8124997690320015,0.6875,4.937499854713678,4.24999981187284,0.12500004284083843,8.568167686462402e-08
OAF_ditch_neutral_sad,OAF,ditch,neutral,sad,OAF_ditch_neutral.wav,OAF_ditch_sad.wav,6.562499791383743,6.687499791383743,7.312500089406967,5.874999821186066,-0.6562501341104507,-0.031249836087226868,-1.5625002682209015
OAF_ditch_neutral_angry,OAF,ditch,neutral,angry,OAF_ditch_neutral.wav,OAF_ditch_angry.wav,5.437499761581421,-0.375,4.687500238418579,-0.125,-5.3125,-0.2499997615814209,0.9999995231628418
OAF_ditch_happy_sad,OAF,ditch,happy,sad,OAF_ditch_happy.wav,OAF_ditch_sad.wav,-6.249999854713678,4.999999821186066,-5.187499925494194,4.874999821186066,10.656249711290002,0.46874996460974216,-1.1874999292194843
OAF_ditch_happy_angry,OAF,ditch,happy,angry,OAF_ditch_happy.wav,OAF_ditch_angry.wav,-4.812499854713678,1.3750001192092896,-4.937500078231096,0.9999999403953552,6.06249999627471,-0.2500002011656761,-0.24999995529651642
OAF_ditch_sad_angry,OAF,ditch,sad,angry,OAF_ditch_sad.wav,OAF_ditch_angry.wav,-1.2500000596046448,2.9999999403953552,-1.2500000298023224,1.7499999403953552,3.624999985098839,-0.6249999850988388,-1.2500000298023224
OAF_dodge_neutral_happy,OAF,dodge,neutral,happy,OAF_dodge_neutral.wav,OAF_dodge_happy.wav,0.5,2.5000001192092896,0.4375,2.4999999403953552,2.0312500298023224,-0.03125008940696716,0.062499821186065674
OAF_dodge_neutral_sad,OAF,dodge,neutral,sad,OAF_dodge_neutral.wav,OAF_dodge_sad.wav,7.1249998807907104,7.375000149011612,7.124999940395355,7.937499701976776,0.5312500149011612,0.2812498062849045,0.5624994933605194
OAF_dodge_neutral_angry,OAF,dodge,neutral,angry,OAF_dodge_neutral.wav,OAF_dodge_angry.wav,5.4999998807907104,0.125,4.9999998807907104,-0.25,-5.3124998807907104,-0.4375,0.125
OAF_dodge_happy_sad,OAF,dodge,happy,sad,OAF_dodge_happy.wav,OAF_dodge_sad.wav,-0.3749999403953552,7.000000089406967,-0.75,7.187500178813934,7.656250104308128,-0.0937499850988388,0.5625001490116119
OAF_dodge_happy_angry,OAF,dodge,happy,angry,OAF_dodge_happy.wav,OAF_dodge_angry.wav,-1.6249999403953552,2.6250001192092896,-1.5000001192092896,2.125,3.937500089406967,-0.18750014901161194,-0.6249999403953552
OAF_dodge_sad_angry,OAF,dodge,sad,angry,OAF_dodge_sad.wav,OAF_dodge_angry.wav,-0.9999999403953552,2.8749999701976776,-1.6249999701976776,1.375,3.4374999403953552,-1.0625,-0.8749999403953552
OAF_dog_neutral_happy,OAF,dog,neutral,happy,OAF_dog_neutral.wav,OAF_dog_happy.wav,-0.875,2.3750001192092896,-0.5,2.125,2.9375000596046448,0.062499940395355225,-0.6250001192092896
OAF_dog_neutral_sad,OAF,dog,neutral,sad,OAF_dog_neutral.wav,OAF_dog_sad.wav,4.374999761581421,6.75,4.875000059604645,7.9999997317790985,2.7499999552965164,0.8750000149011612,0.7499994337558746
OAF_dog_neutral_angry,OAF,dog,neutral,angry,OAF_dog_neutral.wav,OAF_dog_angry.wav,3.874999761581421,2.3749999701976776,4.500000238418579,1.5000000298023224,-2.25,-0.12499973177909851,-1.5000004172325134
OAF_dog_happy_sad,OAF,dog,happy,sad,OAF_dog_happy.wav,OAF_dog_sad.wav,-0.875,5.2499998807907104,-0.6249999403953552,6.562500208616257,6.656250014901161,0.7812501937150955,1.0625002682209015
OAF_dog_happy_angry,OAF,dog,happy,angry,OAF_dog_happy.wav,OAF_dog_angry.wav,-1.5,2.1250001192092896,-2.2499998807907104,1.6250000298023224,3.750000014901161,-0.6249999850988388,0.2499997913837433
OAF_dog_sad_angry,OAF,dog,sad,angry,OAF_dog_sad.wav,OAF_dog_angry.wav,-0.8749999701976776,4.1249998807907104,0.125,2.7500000298023224,3.8124999403953552,-0.18749994039535522,-2.3749998211860657
OAF_doll_neutral_happy,OAF,doll,neutral,happy,OAF_doll_neutral.wav,OAF_doll_happy.wav,0.5,2.7500000298023224,0.8125,2.5000000596046448,1.9687500447034836,0.031250014901161194,-0.5624999701976776
OAF_doll_neutral_sad,OAF,doll,neutral,sad,OAF_doll_neutral.wav,OAF_doll_sad.wav,7.4375,7.1875,7.437500059604645,7.187499821186066,-0.25000011920928955,-5.960464477539063e-08,-2.384185791015625e-07
OAF_doll_neutral_angry,OAF,doll,neutral,angry,OAF_doll_neutral.wav,OAF_doll_angry.wav,6.5625,1.2500000596046448,6.3125,1.3750000596046448,-5.124999940395355,-0.0625,0.375
OAF_doll_happy_sad,OAF,doll,happy,sad,OAF_doll_happy.wav,OAF_doll_sad.wav,-3.8749998211860657,4.500000059604645,-3.5624998807907104,5.374999821186066,8.656249791383743,0.5937498509883881,0.5624998211860657
OAF_doll_happy_angry,OAF,doll,happy,angry,OAF_doll_happy.wav,OAF_doll_angry.wav,-3.8124998211860657,1.9999999403953552,-4.125000059604645,2.1250000596046448,6.031249940395355,-0.09375005960464478,0.43750035762786865
OAF_doll_sad_angry,OAF,doll,sad,angry,OAF_doll_sad.wav,OAF_doll_angry.wav,-0.375,0.6249999403953552,-0.25,0.5000000596046448,0.875,5.960464477539063e-08,-0.24999988079071045
OAF_door_neutral_happy,OAF,door,neutral,happy,OAF_door_neutral.wav,OAF_door_happy.wav,-1.0,3.0625000298023224,-0.6875,3.375000089406967,4.062500059604645,0.3125000298023224,5.960464477539063e-08
OAF_door_neutral_sad,OAF,door,neutral,sad,OAF_door_neutral.wav,OAF_door_sad.wav,4.625000029802322,7.562499761581421,5.624999761581421,7.437499761581421,2.3749998658895493,0.43749986588954926,-1.1249997317790985
OAF_door_neutral_angry,OAF,door,neutral,angry,OAF_door_neutral.wav,OAF_door_angry.wav,4.125,1.7499999403953552,4.7500001192092896,1.1250000596046448,-3.0000000596046448,1.1920928955078125e-07,-1.25
OAF_door_happy_sad,OAF,door,happy,sad,OAF_door_happy.wav,OAF_door_sad.wav,-5.874999850988388,5.749999970197678,-5.187500059604645,5.999999761581421,11.406249821186066,0.4687497913837433,-0.4375
OAF_door_happy_angry,OAF,door,happy,angry,OAF_door_happy.wav,OAF_door_angry.wav,-4.249999850988388,1.375,-3.6249998956918716,1.3750000596046448,5.312499903142452,0.3125000074505806,-0.6249998956918716
OAF_door_sad_angry,OAF,door,sad,angry,OAF_door_sad.wav,OAF_door_angry.wav,-0.25,2.8749998807907104,-0.75,2.3750000596046448,3.1249999701976776,-0.49999991059303284,1.7881393432617188e-07
OAF_fail_neutral_happy,OAF,fail,neutral,happy,OAF_fail_neutral.wav,OAF_fail_happy.wav,0.375,0.5,0.0625,0.8750001192092896,0.4687500596046448,0.031250059604644775,0.6875001192092896
OAF_fail_neutral_sad,OAF,fail,neutral,sad,OAF_fail_neutral.wav,OAF_fail_sad.wav,7.6875001937150955,7.562499776482582,7.624999821186066,7.375000178813934,-0.1875000298023224,-0.1249999850988388,-0.12499922513961792
OAF_fail_neutral_angry,OAF,fail,neutral,angry,OAF_fail_neutral.wav,OAF_fail_angry.wav,5.937500238418579,2.9999998956918716,4.999999761581421,2.8749999701976776,-2.5312500670552254,-0.5312502011656761,0.8125005513429642
OAF_fail_happy_sad,OAF,fail,happy,sad,OAF_fail_happy.wav,OAF_fail_sad.wav,0.875,5.624999850988388,-0.6250000596046448,5.625000178813934,5.500000044703484,-0.7499998658895493,1.500000387430191
OAF_fail_happy_angry,OAF,fail,happy,angry,OAF_fail_happy.wav,OAF_fail_angry.wav,-0.375,3.1250000447034836,-2.0,2.8749999701976776,4.187500007450581,-0.937500037252903,1.374999925494194
OAF_fail_sad_angry,OAF,fail,sad,angry,OAF_fail_sad.wav,OAF_fail_angry.wav,-1.3749999403953552,3.9999998435378075,-2.125000014901161,2.9999999701976776,5.249999884516001,-0.8749999739229679,-0.24999979883432388
OAF_fall_neutral_happy,OAF,fall,neutral,happy,OAF_fall_neutral.wav,OAF_fall_happy.wav,-0.3125,-1.1250000298023224,-0.125,0.25,-0.2187500149011612,0.7812500149011612,1.1875000298023224
OAF_fall_neutral_sad,OAF,fall,neutral,sad,OAF_fall_neutral.wav,OAF_fall_sad.wav,5.999999910593033,6.6875001192092896,6.562500149011612,7.312499821186066,0.7187499403953552,0.5937499701976776,0.06249946355819702
OAF_fall_neutral_angry,OAF,fall,neutral,angry,OAF_fall_neutral.wav,OAF_fall_angry.wav,4.6249998807907104,-1.6249999701976776,3.3124998807907104,-1.875,-5.718749865889549,-0.7812500149011612,1.0624999701976776
OAF_fall_happy_sad,OAF,fall,happy,sad,OAF_fall_happy.wav,OAF_fall_sad.wav,-2.5625000596046448,5.3750001192092896,-2.7500001192092896,5.749999821186066,8.218750059604645,0.09374982118606567,0.5624997615814209
OAF_fall_happy_angry,OAF,fall,happy,angry,OAF_fall_happy.wav,OAF_fall_angry.wav,-2.3125000596046448,0.375,-0.625,0.375,1.8437500298023224,0.8437500298023224,-1.6875000596046448
OAF_fall_sad_angry,OAF,fall,sad,angry,OAF_fall_sad.wav,OAF_fall_angry.wav,-0.6250000596046448,0.5,-0.8750000298023224,0.25,1.1250000447034836,-0.2499999850988388,-2.9802322387695312e-08
OAF_far_neutral_happy,OAF,far,neutral,happy,OAF_far_neutral.wav,OAF_far_happy.wav,0.375,3.3749999701976776,0.375,2.9374999403953552,2.7812499552965164,-0.2187500149011612,-0.4375000298023224
OAF_far_neutral_sad,OAF,far,neutral,sad,OAF_far_neutral.wav,OAF_far_sad.wav,5.000000178813934,6.7500001192092896,5.1250001192092896,6.687499761581421,1.6562497913837433,0.031249791383743286,-0.18750029802322388
OAF_far_neutral_angry,OAF,far,neutral,angry,OAF_far_neutral.wav,OAF_far_angry.wav,3.375000238418579,0.0,3.3749998807907104,0.0,-3.3750000596046448,-1.7881393432617188e-07,3.5762786865234375e-07
OAF_far_happy_sad,OAF,far,happy,sad,OAF_far_happy.wav,OAF_far_sad.wav,-3.2499999403953552,5.4374998807907104,-2.5624999701976776,5.062499761581421,8.156249776482582,0.15624992549419403,-1.0625000894069672
OAF_far_happy_angry,OAF,far,happy,angry,OAF_far_happy.wav,OAF_far_angry.wav,-3.6874999403953552,0.375,-3.1874999403953552,0.875,4.062499940395355,0.5,0.0
OAF_far_sad_angry,OAF,far,sad,angry,OAF_far_sad.wav,OAF_far_angry.wav,-0.5,0.875,-1.7500000596046448,0.875,2.0000000298023224,-0.6250000298023224,1.2500000596046448
OAF_fat_neutral_happy,OAF,fat,neutral,happy,OAF_fat_neutral.wav,OAF_fat_happy.wav,0.125,2.3750001043081284,-0.1875,2.374999910593033,2.4062500074505806,-0.15625009685754776,0.3124998062849045
OAF_fat_neutral_sad,OAF,fat,neutral,sad,OAF_fat_neutral.wav,OAF_fat_sad.wav,5.062499970197678,5.625,6.3749998807907104,6.437500089406967,0.31250011920928955,1.0625,-0.4999998211860657
OAF_fat_neutral_angry,OAF,fat,neutral,angry,OAF_fat_neutral.wav,OAF_fat_angry.wav,3.8125,0.25,3.875,0.25,-3.59375,0.03125,-0.0625
OAF_fat_happy_sad,OAF,fat,happy,sad,OAF_fat_happy.wav,OAF_fat_sad.wav,-2.499999910593033,4.749999850988388,-3.5000001043081284,5.250000089406967,7.999999977648258,-0.2499999776482582,1.5000004321336746
OAF_fat_happy_angry,OAF,fat,happy,angry,OAF_fat_happy.wav,OAF_fat_angry.wav,-2.374999910593033,1.125,-1.7500000894069672,1.875,3.5625,0.6874999105930328,0.12500017881393433
OAF_fat_sad_angry,OAF,fat,sad,angry,OAF_fat_sad.wav,OAF_fat_angry.wav,-0.9999999701976776,1.7500001192092896,-1.3750000596046448,1.125,2.625000074505806,-0.5000001043081284,-0.2500000298023224
OAF_fit_neutral_happy,OAF,fit,neutral,happy,OAF_fit_neutral.wav,OAF_fit_happy.wav,-0.3125,2.125,0.3125,2.2499999701976776,2.187499985098839,0.3749999850988388,-0.5000000298023224
OAF_fit_neutral_sad,OAF,fit,neutral,sad,OAF_fit_neutral.wav,OAF_fit_sad.wav,5.749999985098839,7.687499940395355,6.624999791383743,8.374999582767487,1.8437498733401299,0.7812497243285179,-0.18750016391277313
OAF_fit_neutral_angry,OAF,fit,neutral,angry,OAF_fit_neutral.wav,OAF_fit_angry.wav,4.125,-1.5,4.7500001192092896,-2.125000089406967,-6.250000104308128,1.4901161193847656e-08,-1.2500002086162567
OAF_fit_happy_sad,OAF,fit,happy,sad,OAF_fit_happy.wav,OAF_fit_sad.wav,-2.4999999701976776,5.875000089406967,-2.249999985098839,6.250000059604645,8.437500052154064,0.3124999776482582,0.1249999850988388
OAF_fit_happy_angry,OAF,fit,happy,angry,OAF_fit_happy.wav,OAF_fit_angry.wav,-2.9999999701976776,0.8749998807907104,-3.0625000298023224,0.25,3.5937499403953552,-0.3437499701976776,-0.5624998211860657
OAF_fit_sad_angry,OAF,fit,sad,angry,OAF_fit_sad.wav,OAF_fit_angry.wav,-0.6250000596046448,-0.25,-1.2500000298023224,0.375,1.0000000447034836,1.4901161193847656e-08,1.2499999701976776
OAF_five_neutral_happy,OAF,five,neutral,happy,OAF_five_neutral.wav,OAF_five_happy.wav,-0.25,2.25,-0.375,1.6249999403953552,2.2499999701976776,-0.3750000298023224,-0.5000000596046448
OAF_five_neutral_sad,OAF,five,neutral,sad,OAF_five_neutral.wav,OAF_five_sad.wav,5.937500104308128,5.625000059604645,6.187500134110451,6.000000029802322,-0.25000007450580597,0.3125,0.12499994039535522
OAF_five_neutral_angry,OAF,five,neutral,angry,OAF_five_neutral.wav,OAF_five_angry.wav,4.3125001192092896,0.125,4.312500238418579,0.12500005960464478,-4.187500149011612,8.940696716308594e-08,-5.960464477539063e-08
OAF_five_happy_sad,OAF,five,happy,sad,OAF_five_happy.wav,OAF_five_sad.wav,-3.1874999403953552,4.687500029802322,-3.6875001192092896,5.062500029802322,8.312500059604645,-0.06250008940696716,0.8750001788139343
OAF_five_happy_angry,OAF,five,happy,angry,OAF_five_happy.wav,OAF_five_angry.wav,-1.9999999403953552,1.2500000596046448,-3.6250001788139343,1.1250000596046448,4.0000001192092896,-0.8750001192092896,1.500000238418579
OAF_five_sad_angry,OAF,five,sad,angry,OAF_five_sad.wav,OAF_five_angry.wav,-1.0000000298023224,1.125,-1.6250000298023224,1.2500000596046448,2.5000000596046448,-0.2499999701976776,0.7500000596046448
OAF_food_neutral_happy,OAF,food,neutral,happy,OAF_food_neutral.wav,OAF_food_happy.wav,-0.75,3.8750001192092896,-1.0625,3.0624998807907104,4.375,-0.5625001192092896,-0.5000002384185791
OAF_food_neutral_sad,OAF,food,neutral,sad,OAF_food_neutral.wav,OAF_food_sad.wav,4.687499836087227,8.000000193715096,4.875000134110451,7.687499970197678,3.0625000968575478,-0.062499962747097015,-0.5000005215406418
OAF_food_neutral_angry,OAF,food,neutral,angry,OAF_food_neutral.wav,OAF_food_angry.wav,3.0624998807907104,-0.5,3.0000001192092896,-0.75,-3.65625,-0.15624988079071045,-0.1875002384185791
OAF_food_happy_sad,OAF,food,happy,sad,OAF_food_happy.wav,OAF_food_sad.wav,-1.25,6.374999865889549,-1.6249999403953552,6.812499970197678,8.031249888241291,0.031250081956386566,0.8125000447034836
OAF_food_happy_angry,OAF,food,happy,angry,OAF_food_happy.wav,OAF_food_angry.wav,-2.9999998807907104,1.6249998807907104,-4.437499850988388,0.125,4.5937498062849045,-1.468749925494194,-0.06249991059303284
OAF_food_sad_angry,OAF,food,sad,angry,OAF_food_sad.wav,OAF_food_angry.wav,-1.9999999701976776,2.375000089406967,-1.7499999552965164,1.4999998807907104,3.812499947845936,-0.31250009685754776,-1.125000223517418
OAF_gap_neutral_happy,OAF,gap,neutral,happy,OAF_gap_neutral.wav,OAF_gap_happy.wav,0.1875,3.7500000558793545,0.3125,2.750000074505806,3.0000000651925802,-0.43749999068677425,-1.1249999813735485
OAF_gap_neutral_sad,OAF,gap,neutral,sad,OAF_gap_neutral.wav,OAF_gap_sad.wav,6.062499850988388,8.187499821186066,6.0625001192092896,7.500000149011612,1.78125,-0.3437497019767761,-0.6874999403953552
OAF_gap_neutral_angry,OAF,gap,neutral,angry,OAF_gap_neutral.wav,OAF_gap_angry.wav,4.4374998807907104,3.625,3.8125001192092896,2.8749999403953552,-0.8750000298023224,-0.6874999105930328,-0.12500029802322388
OAF_gap_happy_sad,OAF,gap,happy,sad,OAF_gap_happy.wav,OAF_gap_sad.wav,-4.624999836087227,5.250000178813934,-4.187499955296516,5.937500149011612,10.000000059604645,0.562499925494194,0.25000008940696716
OAF_gap_happy_angry,OAF,gap,happy,angry,OAF_gap_happy.wav,OAF_gap_angry.wav,-4.062499836087227,1.6250000596046448,-4.625000134110451,2.1249999403953552,6.218749985098839,-0.031250208616256714,1.0625001788139343
OAF_gap_sad_angry,OAF,gap,sad,angry,OAF_gap_sad.wav,OAF_gap_angry.wav,-1.1250000298023224,4.499999970197678,-1.2500000298023224,3.2499999403953552,5.062499985098839,-0.6875000149011612,-1.1250000298023224
OAF_gas_neutral_happy,OAF,gas,neutral,happy,OAF_gas_neutral.wav,OAF_gas_happy.wav,0.25,3.5000000298023224,-0.3125,3.3749998807907104,3.4687499552965164,-0.34375007450580597,0.43749985098838806
OAF_gas_neutral_sad,OAF,gas,neutral,sad,OAF_gas_neutral.wav,OAF_gas_sad.wav,6.812499776482582,6.625000149011612,6.874999821186066,6.937500044703484,-0.06249970197677612,0.1874999701976776,0.24999985098838806
OAF_gas_neutral_angry,OAF,gas,neutral,angry,OAF_gas_neutral.wav,OAF_gas_angry.wav,4.937499761581421,2.75,4.187500238418579,2.1249999403953552,-2.1250000298023224,-0.6874997913837433,0.12499946355819702
OAF_gas_happy_sad,OAF,gas,happy,sad,OAF_gas_happy.wav,OAF_gas_sad.wav,-3.3749998807907104,6.000000059604645,-2.3750001043081284,5.562500044703484,8.656250044703484,0.28124988079071045,-1.4374997913837433
OAF_gas_happy_angry,OAF,gas,happy,angry,OAF_gas_happy.wav,OAF_gas_angry.wav,-3.6249998807907104,1.0,-3.9374997913837433,0.3749999403953552,4.4687498062849045,-0.4687499850988388,-0.31250014901161194
OAF_gas_sad_angry,OAF,gas,sad,angry,OAF_gas_sad.wav,OAF_gas_angry.wav,-1.6250000447034836,2.7500001192092896,-1.7499999701976776,1.7499999403953552,3.937500037252903,-0.5625000521540642,-0.8750002533197403
OAF_gaze_neutral_happy,OAF,gaze,neutral,happy,OAF_gaze_neutral.wav,OAF_gaze_happy.wav,0.1875,3.0000000596046448,0.4375,2.7499999701976776,2.562500014901161,-4.470348358154297e-08,-0.5000000894069672
OAF_gaze_neutral_sad,OAF,gaze,neutral,sad,OAF_gaze_neutral.wav,OAF_gaze_sad.wav,5.562500059604645,6.6874998807907104,5.687500208616257,6.312500149011612,0.8749998807907104,-0.12499979138374329,-0.49999988079071045
OAF_gaze_neutral_angry,OAF,gaze,neutral,angry,OAF_gaze_neutral.wav,OAF_gaze_angry.wav,4.5625,1.125,4.124999761581421,0.8750000596046448,-3.343749850988388,-0.34375008940696716,0.18750029802322388
OAF_gaze_happy_sad,OAF,gaze,happy,sad,OAF_gaze_happy.wav,OAF_gaze_sad.wav,-1.6249999701976776,5.2499998807907104,-0.5,5.437500149011612,6.40625,0.6562501192092896,-0.9374997019767761
OAF_gaze_happy_angry,OAF,gaze,happy,angry,OAF_gaze_happy.wav,OAF_gaze_angry.wav,-2.3749999701976776,1.125,-2.500000089406967,1.6250000596046448,3.8125000596046448,0.1874999701976776,0.6250001788139343
OAF_gaze_sad_angry,OAF,gaze,sad,angry,OAF_gaze_sad.wav,OAF_gaze_angry.wav,-1.1250000298023224,2.75,-0.6249999403953552,2.0000000596046448,3.250000014901161,-0.12499992549419403,-1.2500000298023224
OAF_germ_neutral_happy,OAF,germ,neutral,happy,OAF_germ_neutral.wav,OAF_germ_happy.wav,0.125,3.1875,-0.25,3.0625,3.1875,-0.25,0.25
OAF_germ_neutral_sad,OAF,germ,neutral,sad,OAF_germ_neutral.wav,OAF_germ_sad.wav,6.375000208616257,7.562500178813934,6.437500223517418,7.750000238418579,1.2499999925494194,0.12500003725290298,0.12500004470348358
OAF_germ_neutral_angry,OAF,germ,neutral,angry,OAF_germ_neutral.wav,OAF_germ_angry.wav,4.875000238418579,0.0,4.437499761581421,0.625,-4.34375,0.0937497615814209,1.0625004768371582
OAF_germ_happy_sad,OAF,germ,happy,sad,OAF_germ_happy.wav,OAF_germ_sad.wav,-3.4375,5.999999940395355,-3.9999999403953552,5.875000238418579,9.656250059604645,-0.3437498211860657,0.4375002384185791
OAF_germ_happy_angry,OAF,germ,happy,angry,OAF_germ_happy.wav,OAF_germ_angry.wav,-3.5625,0.875,-4.8125001192092896,1.0,5.125000059604645,-0.5625000596046448,1.3750001192092896
OAF_germ_sad_angry,OAF,germ,sad,angry,OAF_germ_sad.wav,OAF_germ_angry.wav,-0.625,1.5000001192092896,-0.875,1.25,2.1250000596046448,-0.2500000596046448,-1.1920928955078125e-07
OAF_get_neutral_happy,OAF,get,neutral,happy,OAF_get_neutral.wav,OAF_get_happy.wav,-0.8125,2.3750000596046448,-0.5625,2.125,2.9375000298023224,-2.9802322387695312e-08,-0.5000000596046448
OAF_get_neutral_sad,OAF,get,neutral,sad,OAF_get_neutral.wav,OAF_get_sad.wav,3.75,6.375000059604645,4.125000059604645,6.4375001192092896,2.4687500596046448,0.21875005960464478,-0.3125
OAF_get_neutral_angry,OAF,get,neutral,angry,OAF_get_neutral.wav,OAF_get_angry.wav,2.75,4.500000238418579,2.875,3.3124999403953552,1.0937500894069672,-0.5312501490116119,-1.3125002980232239
OAF_get_happy_sad,OAF,get,happy,sad,OAF_get_happy.wav,OAF_get_sad.wav,-2.0,5.249999940395355,-1.7500001192092896,5.8125001192092896,7.406250089406967,0.4062500298023224,0.3125002980232239
OAF_get_happy_angry,OAF,get,happy,angry,OAF_get_happy.wav,OAF_get_angry.wav,-2.25,2.6249999701976776,-2.9375,1.8749999403953552,4.843749955296516,-0.7187500149011612,-0.06250002980232239
OAF_get_sad_angry,OAF,get,sad,angry,OAF_get_sad.wav,OAF_get_angry.wav,-1.25,3.687500089406967,-0.625,2.6249999403953552,4.093750014901161,-0.21875007450580597,-1.687500149011612
OAF_gin_neutral_happy,OAF,gin,neutral,happy,OAF_gin_neutral.wav,OAF_gin_happy.wav,0.1875,2.125,0.0625,2.5624998807907104,2.2187499403953552,0.15624994039535522,0.5624998807907104
OAF_gin_neutral_sad,OAF,gin,neutral,sad,OAF_gin_neutral.wav,OAF_gin_sad.wav,6.1875001192092896,7.374999761581421,5.812499910593033,7.812500149011612,1.5937499403953552,0.03125008940696716,0.8125005960464478
OAF_gin_neutral_angry,OAF,gin,neutral,angry,OAF_gin_neutral.wav,OAF_gin_angry.wav,5.0625001192092896,-1.2500000298023224,4.187499761581421,0.0,-5.249999955296516,0.18749983608722687,2.125000387430191
OAF_gin_happy_sad,OAF,gin,happy,sad,OAF_gin_happy.wav,OAF_gin_sad.wav,-2.6249998807907104,6.437500238418579,-2.2499998807907104,6.687500149011612,9.000000074505806,0.3124999552965164,-0.12500008940696716
OAF_gin_happy_angry,OAF,gin,happy,angry,OAF_gin_happy.wav,OAF_gin_angry.wav,-3.1874998807907104,1.125,-3.4375,1.875,4.812499940395355,0.24999994039535522,1.0000001192092896
OAF_gin_sad_angry,OAF,gin,sad,angry,OAF_gin_sad.wav,OAF_gin_angry.wav,-1.1250000298023224,1.6250000596046448,-0.375,1.5,2.3125000447034836,0.3124999850988388,-0.8750000894069672
OAF_goal_neutral_happy,OAF,goal,neutral,happy,OAF_goal_neutral.wav,OAF_goal_happy.wav,-1.0625,2.5,-0.9374997615814209,2.5624998807907104,3.5312498211860657,0.09375005960464478,-0.06250035762786865
OAF_goal_neutral_sad,OAF,goal,neutral,sad,OAF_goal_neutral.wav,OAF_goal_sad.wav,3.1249999403953552,7.250000238418579,2.7499998807907104,7.500000149011612,4.437500283122063,-0.06250007450580597,0.6249999701976776
OAF_goal_neutral_angry,OAF,goal,neutral,angry,OAF_goal_neutral.wav,OAF_goal_angry.wav,2.375,-1.4999999701976776,2.25,-1.6250000596046448,-3.875000014901161,-0.12500004470348358,-8.940696716308594e-08
OAF_goal_happy_sad,OAF,goal,happy,sad,OAF_goal_happy.wav,OAF_goal_sad.wav,-0.125,6.187499761581421,-0.25,6.312500149011612,6.437499955296516,1.9371509552001953e-07,0.25000038743019104
OAF_goal_happy_angry,OAF,goal,happy,angry,OAF_goal_happy.wav,OAF_goal_angry.wav,-0.875,0.25,-2.5,0.25,1.9375,-0.8125,1.625
OAF_goal_sad_angry,OAF,goal,sad,angry,OAF_goal_sad.wav,OAF_goal_angry.wav,-0.8750000298023224,1.0,-0.7499999701976776,0.75,1.6875,-0.06249997019767761,-0.3750000596046448
OAF_good_neutral_happy,OAF,good,neutral,happy,OAF_good_neutral.wav,OAF_good_happy.wav,-0.125,2.75,0.1875,2.5625,2.625,0.0625,-0.5
OAF_good_neutral_sad,OAF,good,neutral,sad,OAF_good_neutral.wav,OAF_good_sad.wav,4.5000001192092896,8.125000029802322,4.875,7.5,3.1249999552965164,-0.12500007450580597,-0.9999999105930328
OAF_good_neutral_angry,OAF,good,neutral,angry,OAF_good_neutral.wav,OAF_good_angry.wav,3.8750001192092896,-2.625000074505806,3.875,-1.7499999701976776,-6.062500081956387,0.4374999925494194,0.8750002235174179
OAF_good_happy_sad,OAF,good,happy,sad,OAF_good_happy.wav,OAF_good_sad.wav,-2.375,6.000000059604645,-3.562500238418579,5.5,8.718750149011612,-0.8437501490116119,0.6875001788139343
OAF_good_happy_angry,OAF,good,happy,angry,OAF_good_happy.wav,OAF_good_angry.wav,-2.875,0.125,-4.4375001192092896,0.25,3.8437500596046448,-0.7187500596046448,1.6875001192092896
OAF_good_sad_angry,OAF,good,sad,angry,OAF_good_sad.wav,OAF_good_angry.wav,-1.25,0.625,-1.2499999701976776,0.875,1.9999999850988388,0.1250000149011612,0.2499999701976776
OAF_goose_neutral_happy,OAF,goose,neutral,happy,OAF_goose_neutral.wav,OAF_goose_happy.wav,-0.5,3.125,0.125,3.3750000447034836,3.437500022351742,0.4375000223517418,-0.3749999552965164
OAF_goose_neutral_sad,OAF,goose,neutral,sad,OAF_goose_neutral.wav,OAF_goose_sad.wav,6.1249998807907104,8.124999910593033,5.999999970197678,7.937500104308128,1.9687500819563866,-0.15624985843896866,-0.06249989569187164
OAF_goose_neutral_angry,OAF,goose,neutral,angry,OAF_goose_neutral.wav,OAF_goose_angry.wav,4.8749998807907104,1.5000001192092896,5.249999761581421,-0.3749999403953552,-4.4999997317790985,-0.7500000894069672,-2.2499999403953552
OAF_goose_happy_sad,OAF,goose,happy,sad,OAF_goose_happy.wav,OAF_goose_sad.wav,-4.0624998062849045,6.250000149011612,-4.249999895691872,6.437500104308128,10.499999977648258,-6.705522537231445e-08,0.3750000447034836
OAF_goose_happy_angry,OAF,goose,happy,angry,OAF_goose_happy.wav,OAF_goose_angry.wav,-3.9374998062849045,0.5,-4.375000014901161,0.25,4.531249910593033,-0.34375010430812836,0.1875002086162567
OAF_goose_sad_angry,OAF,goose,sad,angry,OAF_goose_sad.wav,OAF_goose_angry.wav,-1.6249999850988388,2.3750000596046448,-1.874999925494194,1.875,3.874999985098839,-0.375,-0.25000011920928955
OAF_gun_neutral_happy,OAF,gun,neutral,happy,OAF_gun_neutral.wav,OAF_gun_happy.wav,-1.25,3.7500000074505806,-1.0,4.00000012665987,5.000000067055225,0.2500000596046448,1.1920928955078125e-07
OAF_gun_neutral_sad,OAF,gun,neutral,sad,OAF_gun_neutral.wav,OAF_gun_sad.wav,2.4999998807907104,6.3125001192092896,2.6249998807907104,6.687499821186066,3.937500089406967,0.24999985098838806,0.24999970197677612
OAF_gun_neutral_angry,OAF,gun,neutral,angry,OAF_gun_neutral.wav,OAF_gun_angry.wav,2.6249998807907104,-1.0000000298023224,2.9999998807907104,-0.3749999403953552,-3.4999998658895493,0.5000000447034836,0.25000008940696716
OAF_gun_happy_sad,OAF,gun,happy,sad,OAF_gun_happy.wav,OAF_gun_sad.wav,-5.87500012665987,5.937499940395355,-4.875000029802322,6.124999821186066,11.406249959021807,0.5937499888241291,-0.8125002160668373
OAF_gun_happy_angry,OAF,gun,happy,angry,OAF_gun_happy.wav,OAF_gun_angry.wav,-5.50000012665987,1.875,-5.875000059604645,2.125,7.6875000931322575,-0.062499966472387314,0.6249999329447746
OAF_gun_sad_angry,OAF,gun,sad,angry,OAF_gun_sad.wav,OAF_gun_angry.wav,-0.7500000596046448,0.75,-1.7499999850988388,1.0,2.125000022351742,-0.374999962747097,1.249999925494194
OAF_half_neutral_happy,OAF,half,neutral,happy,OAF_half_neutral.wav,OAF_half_happy.wav,0.125,4.562499850988388,0.0625,4.062499850988388,4.218749850988388,-0.28125,-0.4375
OAF_half_neutral_sad,OAF,half,neutral,sad,OAF_half_neutral.wav,OAF_half_sad.wav,6.749999985098839,5.312500029802322,6.625000059604645,6.812499895691872,-0.6250000596046448,0.6874999701976776,1.6249997913837433
OAF_half_neutral_angry,OAF,half,neutral,angry,OAF_half_neutral.wav,OAF_half_angry.wav,5.0,2.5,4.562500238418579,2.6249999403953552,-2.218750149011612,-0.15624991059303284,0.5624997019767761
OAF_half_happy_sad,OAF,half,happy,sad,OAF_half_happy.wav,OAF_half_sad.wav,-2.750000089406967,5.249999850988388,-2.874999910593033,5.749999895691872,8.31249987334013,0.18750011175870895,0.6249998658895493
OAF_half_happy_angry,OAF,half,happy,angry,OAF_half_happy.wav,OAF_half_angry.wav,-3.874999850988388,2.5,-4.062499925494194,1.4999999403953552,5.968749858438969,-0.5937500670552254,-0.8124999850988388
OAF_half_sad_angry,OAF,half,sad,angry,OAF_half_sad.wav,OAF_half_angry.wav,-1.3750000149011612,2.8750000596046448,-1.1249999701976776,2.6249999403953552,3.9999999925494194,-3.725290298461914e-08,-0.5000001639127731
OAF_hall_neutral_happy,OAF,hall,neutral,happy,OAF_hall_neutral.wav,OAF_hall_happy.wav,-0.3125,2.2499998807907104,0.125,2.3749998807907104,2.4062498807907104,0.28125,-0.3125
OAF_hall_neutral_sad,OAF,hall,neutral,sad,OAF_hall_neutral.wav,OAF_hall_sad.wav,5.937500149011612,7.062500178813934,6.250000029802322,7.499999761581421,1.1874998807907104,0.3749997317790985,0.12499970197677612
OAF_hall_neutral_angry,OAF,hall,neutral,angry,OAF_hall_neutral.wav,OAF_hall_angry.wav,4.6875001192092896,-1.75,4.375,-2.6250000596046448,-6.718750089406967,-0.5937500894069672,-0.5624999403953552
OAF_hall_happy_sad,OAF,hall,happy,sad,OAF_hall_happy.wav,OAF_hall_sad.wav,-1.25,5.1250001192092896,-1.6250001192092896,6.249999761581421,7.125,0.3749997615814209,1.499999761581421
OAF_hall_happy_angry,OAF,hall,happy,angry,OAF_hall_happy.wav,OAF_hall_angry.wav,-1.6249998807907104,0.875,-3.8750000596046448,0.25,3.3124999701976776,-1.4375000894069672,1.6250001788139343
OAF_hall_sad_angry,OAF,hall,sad,angry,OAF_hall_sad.wav,OAF_hall_angry.wav,-1.0,0.6250001192092896,-1.0,0.125,1.3750000596046448,-0.2500000596046448,-0.5000001192092896
OAF_hash_neutral_happy,OAF,hash,neutral,happy,OAF_hash_neutral.wav,OAF_hash_happy.wav,0.25,1.75,0.1875,3.3749999701976776,2.343749985098839,0.7812499850988388,1.6874999701976776
OAF_hash_neutral_sad,OAF,hash,neutral,sad,OAF_hash_neutral.wav,OAF_hash_sad.wav,6.499999850988388,6.812499761581421,5.937500178813934,6.687499970197678,0.5312498509883881,-0.3437497317790985,0.43749988079071045
OAF_hash_neutral_angry,OAF,hash,neutral,angry,OAF_hash_neutral.wav,OAF_hash_angry.wav,4.8749998807907104,-3.1250000596046448,4.3125001192092896,-2.375,-7.343750029802322,0.09375014901161194,1.3124998211860657
OAF_hash_happy_sad,OAF,hash,happy,sad,OAF_hash_happy.wav,OAF_hash_sad.wav,-3.0624999701976776,5.000000089406967,-2.3749999701976776,5.249999970197678,7.84375,0.4687499403953552,-0.43750011920928955
OAF_hash_happy_angry,OAF,hash,happy,angry,OAF_hash_happy.wav,OAF_hash_angry.wav,-3.0624999701976776,0.25,-2.8750000447034836,0.125,3.1562500074505806,0.031249962747097015,-0.31249992549419403
OAF_hash_sad_angry,OAF,hash,sad,angry,OAF_hash_sad.wav,OAF_hash_angry.wav,-0.8749999701976776,0.0,-0.7499999403953552,0.25,0.9374999552965164,0.1875000149011612,0.12499997019767761
OAF_hate_neutral_happy,OAF,hate,neutral,happy,OAF_hate_neutral.wav,OAF_hate_happy.wav,-0.9375,1.6250000596046448,-0.9375,2.8750000447034836,3.187500052154064,0.6249999925494194,1.2499999850988388
OAF_hate_neutral_sad,OAF,hate,neutral,sad,OAF_hate_neutral.wav,OAF_hate_sad.wav,5.124999970197678,6.125000059604645,4.375000059604645,6.937499836087227,1.7812499329447746,0.031249932944774628,1.562499687075615
OAF_hate_neutral_angry,OAF,hate,neutral,angry,OAF_hate_neutral.wav,OAF_hate_angry.wav,4.125,4.124999791383743,3.1875,3.375000089406967,0.09374994039535522,-0.8437498509883881,0.18750029802322388
OAF_hate_happy_sad,OAF,hate,happy,sad,OAF_hate_happy.wav,OAF_hate_sad.wav,-5.062500044703484,5.437500104308128,-5.000000223517418,5.624999836087227,10.562500104308128,0.12499977648258209,0.12499991059303284
OAF_hate_happy_angry,OAF,hate,happy,angry,OAF_hate_happy.wav,OAF_hate_angry.wav,-3.3125000447034836,3.8749999701976776,-3.374999910593033,3.500000089406967,7.031250007450581,-0.21874987334012985,-0.3125000149011612
OAF_hate_sad_angry,OAF,hate,sad,angry,OAF_hate_sad.wav,OAF_hate_angry.wav,-1.4999999552965164,3.7500001043081284,-1.3749999403953552,3.500000089406967,5.062500044703484,-0.0625,-0.3750000298023224
OAF_have_neutral_happy,OAF,have,neutral,happy,OAF_have_neutral.wav,OAF_have_happy.wav,-1.1875,1.875,-0.375,2.5000001192092896,2.9687500596046448,0.7187500596046448,-0.18749988079071045
OAF_have_neutral_sad,OAF,have,neutral,sad,OAF_have_neutral.wav,OAF_have_sad.wav,4.249999955296516,5.875000029802322,5.875000163912773,5.937499940395355,0.843749925494194,0.8437500596046448,-1.5625002980232239
OAF_have_neutral_angry,OAF,have,neutral,angry,OAF_have_neutral.wav,OAF_have_angry.wav,2.875,2.4999998807907104,3.2499998807907104,1.8749998807907104,-0.8750000596046448,-0.12500005960464478,-0.9999998807907104
OAF_have_happy_sad,OAF,have,happy,sad,OAF_have_happy.wav,OAF_have_sad.wav,-1.125,4.374999940395355,-1.0,5.124999940395355,5.812499940395355,0.4375,0.625
OAF_have_happy_angry,OAF,have,happy,angry,OAF_have_happy.wav,OAF_have_angry.wav,-2.0000001192092896,1.6250001192092896,-2.9999998807907104,1.4999998807907104,4.0625,-0.5625,0.8749995231628418
OAF_have_sad_angry,OAF,have,sad,angry,OAF_have_sad.wav,OAF_have_angry.wav,-0.5,2.2499999701976776,-1.3749999403953552,1.8749998807907104,2.9999998956918716,-0.6250000149011612,0.49999985098838806
OAF_haze_neutral_happy,OAF,haze,neutral,happy,OAF_haze_neutral.wav,OAF_haze_happy.wav,-0.6875,2.8124999403953552,-0.375,2.6874999403953552,3.2812499403953552,0.09375,-0.4375
OAF_haze_neutral_sad,OAF,haze,neutral,sad,OAF_haze_neutral.wav,OAF_haze_sad.wav,3.749999761581421,5.499999821186066,5.062500029802322,5.937500178813934,1.3125001043081284,0.8750003129243851,-0.8749999105930328
OAF_haze_neutral_angry,OAF,haze,neutral,angry,OAF_haze_neutral.wav,OAF_haze_angry.wav,3.374999761581421,0.625,3.8125,0.7499999403953552,-2.906249910593033,0.28125008940696716,-0.3125002980232239
OAF_haze_happy_sad,OAF,haze,happy,sad,OAF_haze_happy.wav,OAF_haze_sad.wav,-1.4999999403953552,4.687499940395355,-0.24999994039535522,5.312500178813934,5.875,0.9375001192092896,-0.6249997615814209
OAF_haze_happy_angry,OAF,haze,happy,angry,OAF_haze_happy.wav,OAF_haze_angry.wav,-2.8749999403953552,2.3750000596046448,-4.437499821186066,2.7499999403953552,6.2187498807907104,-0.59375,1.937499761581421
OAF_haze_sad_angry,OAF,haze,sad,angry,OAF_haze_sad.wav,OAF_haze_angry.wav,-0.7499999403953552,1.9999999403953552,-0.6249999701976776,2.2499999403953552,2.8124998956918716,0.1874999850988388,0.1250000298023224
OAF_hire_neutral_happy,OAF,hire,neutral,happy,OAF_hire_neutral.wav,OAF_hire_happy.wav,-0.75,2.8125000596046448,-0.5625,3.062500089406967,3.593750074505806,0.2187500149011612,0.06250002980232239
OAF_hire_neutral_sad,OAF,hire,neutral,sad,OAF_hire_neutral.wav,OAF_hire_sad.wav,5.687500208616257,5.4374998807907104,5.687500238418579,5.687500059604645,-0.1250002533197403,0.12500010430812836,0.25000014901161194
OAF_hire_neutral_angry,OAF,hire,neutral,angry,OAF_hire_neutral.wav,OAF_hire_angry.wav,4.187500238418579,0.3750000596046448,3.624999761581421,-1.5000000298023224,-4.468749985098839,-1.2187502831220627,-1.312499612569809
OAF_hire_happy_sad,OAF,hire,happy,sad,OAF_hire_happy.wav,OAF_hire_sad.wav,-3.999999850988388,4.437499791383743,-4.124999850988388,5.312500059604645,8.937499776482582,0.37500013411045074,1.0000002682209015
OAF_hire_happy_angry,OAF,hire,happy,angry,OAF_hire_happy.wav,OAF_hire_angry.wav,-3.250000089406967,1.6250000596046448,-0.875,0.9999998807907104,3.375000014901161,0.8749999552965164,-3.0000002682209015
OAF_hire_sad_angry,OAF,hire,sad,angry,OAF_hire_sad.wav,OAF_hire_angry.wav,-0.8750000596046448,2.249999910593033,-0.8750000596046448,0.37499988079071045,2.1874999552965164,-0.9375000149011612,-1.8750000298023224
OAF_hit_neutral_happy,OAF,hit,neutral,happy,OAF_hit_neutral.wav,OAF_hit_happy.wav,-0.75,4.874999871477485,-0.0625,5.000000175088644,5.343750023283064,0.40625015180557966,-0.5624996963888407
OAF_hit_neutral_sad,OAF,hit,neutral,sad,OAF_hit_neutral.wav,OAF_hit_sad.wav,4.3749998807907104,5.187500149011612,4.499999865889549,5.187500059604645,0.7500002309679985,0.06249994784593582,-0.12500007450580597
OAF_hit_neutral_angry,OAF,hit,neutral,angry,OAF_hit_neutral.wav,OAF_hit_angry.wav,3.3749998807907104,-1.8749999105930328,2.625,-1.8750001192092896,-4.874999955296516,-0.3750000447034836,0.7499996721744537
OAF_hit_happy_sad,OAF,hit,happy,sad,OAF_hit_happy.wav,OAF_hit_sad.wav,-3.874999936670065,4.0000001192092896,-4.437499951571226,3.7500000596046448,8.031250033527613,-0.406250037252903,0.3124999552965164
OAF_hit_happy_angry,OAF,hit,happy,angry,OAF_hit_happy.wav,OAF_hit_angry.wav,-4.937500175088644,0.75,-5.249999850988388,0.75,5.843750013038516,-0.15624983794987202,0.31249967589974403
OAF_hit_sad_angry,OAF,hit,sad,angry,OAF_hit_sad.wav,OAF_hit_angry.wav,-1.2500000596046448,0.375,-0.8750000298023224,0.5,1.5000000447034836,0.2500000149011612,-0.2500000298023224
OAF_hole_neutral_happy,OAF,hole,neutral,happy,OAF_hole_neutral.wav,OAF_hole_happy.wav,-0.125,3.5000000596046448,0.0,2.1875001192092896,2.906250089406967,-0.5937499701976776,-1.4374999403953552
OAF_hole_neutral_sad,OAF,hole,neutral,sad,OAF_hole_neutral.wav,OAF_hole_sad.wav,5.562499850988388,6.4375,5.624999821186066,6.000000059604645,0.6250001937150955,-0.1874999850988388,-0.49999991059303284
OAF_hole_neutral_angry,OAF,hole,neutral,angry,OAF_hole_neutral.wav,OAF_hole_angry.wav,4.9374998807907104,1.9999999701976776,4.5,1.1250000596046448,-3.156249925494194,-0.6562498956918716,-0.4375000298023224
OAF_hole_happy_sad,OAF,hole,happy,sad,OAF_hole_happy.wav,OAF_hole_sad.wav,-2.3750001192092896,3.5000001788139343,-2.8749999403953552,4.375000059604645,6.562500149011612,0.1875000298023224,1.3749997019767761
OAF_hole_happy_angry,OAF,hole,happy,angry,OAF_hole_happy.wav,OAF_hole_angry.wav,-1.8750001192092896,2.624999910593033,-2.7500000298023224,1.7500000596046448,4.500000059604645,-0.8749998807907104,5.960464477539063e-08
OAF_hole_sad_angry,OAF,hole,sad,angry,OAF_hole_sad.wav,OAF_hole_angry.wav,0.0,2.3750000298023224,-0.8749999403953552,1.0000000596046448,2.125000014901161,-1.1249999552965164,-0.5000000298023224
OAF_home_neutral_happy,OAF,home,neutral,happy,OAF_home_neutral.wav,OAF_home_happy.wav,-0.0625,2.9375001192092896,0.0,3.6875000298023224,3.343750074505806,0.4062499552965164,0.6874999105930328
OAF_home_neutral_sad,OAF,home,neutral,sad,OAF_home_neutral.wav,OAF_home_sad.wav,4.874999821186066,7.750000149011612,4.499999761581421,7.6874997317790985,3.031250149011612,-0.2187502384185791,0.31249964237213135
OAF_home_neutral_angry,OAF,home,neutral,angry,OAF_home_neutral.wav,OAF_home_angry.wav,3.999999761581421,-1.7500001192092896,3.8749999403953552,-1.9999999105930328,-5.812499865889549,-0.18749980628490448,-0.12499997019767761
OAF_home_happy_sad,OAF,home,happy,sad,OAF_home_happy.wav,OAF_home_sad.wav,-3.2500000298023224,7.124999821186066,-2.9999999552965164,6.875000208616257,10.12500000745058,2.3096799850463867e-07,-0.49999968707561493
OAF_home_happy_angry,OAF,home,happy,angry,OAF_home_happy.wav,OAF_home_angry.wav,-3.1250000298023224,-0.125,-3.0000000447034836,-0.25,2.875000037252903,-7.450580596923828e-09,-0.2499999850988388
OAF_home_sad_angry,OAF,home,sad,angry,OAF_home_sad.wav,OAF_home_angry.wav,-0.7499999701976776,0.7500001192092896,-0.875,0.125,1.2500000447034836,-0.37500007450580597,-0.5000000894069672
OAF_hurl_neutral_happy,OAF,hurl,neutral,happy,OAF_hurl_neutral.wav,OAF_hurl_happy.wav,-0.3125,3.3749998807907104,-0.6875,3.875,4.124999940395355,0.06250005960464478,0.8750001192092896
OAF_hurl_neutral_sad,OAF,hurl,neutral,sad,OAF_hurl_neutral.wav,OAF_hurl_sad.wav,4.375,5.812499821186066,4.062499970197678,5.437499940395355,1.4062498956918716,-0.3437499552965164,-0.06249985098838806
OAF_hurl_neutral_angry,OAF,hurl,neutral,angry,OAF_hurl_neutral.wav,OAF_hurl_angry.wav,4.125,1.0,3.6875,0.7500000596046448,-3.0312499701976776,-0.3437499701976776,0.18750005960464478
OAF_hurl_happy_sad,OAF,hurl,happy,sad,OAF_hurl_happy.wav,OAF_hurl_sad.wav,-4.1875,4.2500001192092896,-4.1875,4.499999940395355,8.562500029802322,0.12499991059303284,0.24999982118606567
OAF_hurl_happy_angry,OAF,hurl,happy,angry,OAF_hurl_happy.wav,OAF_hurl_angry.wav,-3.6875,0.875,-4.124999761581421,1.1250000596046448,4.906249910593033,-0.09374985098838806,0.6874998211860657
OAF_hurl_sad_angry,OAF,hurl,sad,angry,OAF_hurl_sad.wav,OAF_hurl_angry.wav,-0.375,1.25,-0.5,1.6250000596046448,1.8750000298023224,0.1250000298023224,0.5000000596046448
OAF_hush_neutral_happy,OAF,hush,neutral,happy,OAF_hush_neutral.wav,OAF_hush_happy.wav,-0.1875,4.749999828636646,-0.3125,4.624999895691872,4.937499862164259,-0.12499996647238731,6.705522537231445e-08
OAF_hush_neutral_sad,OAF,hush,neutral,sad,OAF_hush_neutral.wav,OAF_hush_sad.wav,6.562499925494194,7.187500149011612,6.375000178813934,7.062500208616257,0.6562501266598701,-0.15624984353780746,0.06249980628490448
OAF_hush_neutral_angry,OAF,hush,neutral,angry,OAF_hush_neutral.wav,OAF_hush_angry.wav,4.9374998807907104,3.6250001192092896,4.8125,2.4999999403953552,-1.8124999105930328,-0.6250000298023224,-1.0000002980232239
OAF_hush_happy_sad,OAF,hush,happy,sad,OAF_hush_happy.wav,OAF_hush_sad.wav,-5.312499895691872,5.687499940395355,-3.750000089406967,6.000000208616257,10.375000067055225,0.937500037252903,-1.249999538064003
OAF_hush_happy_angry,OAF,hush,happy,angry,OAF_hush_happy.wav,OAF_hush_angry.wav,-4.937499895691872,2.1249999701976776,-4.812499918043613,1.1249999403953552,6.499999862164259,-0.4375000260770321,-1.1250000074505806
OAF_hush_sad_angry,OAF,hush,sad,angry,OAF_hush_sad.wav,OAF_hush_angry.wav,-1.2499999701976776,2.2499998807907104,-1.5000000596046448,1.2499999403953552,3.124999925494194,-0.6250000149011612,-0.7499998509883881
OAF_jail_neutral_happy,OAF,jail,neutral,happy,OAF_jail_neutral.wav,OAF_jail_happy.wav,-0.25,1.1250000298023224,0.0,0.625,1.0000000149011612,-0.1250000149011612,-0.7500000298023224
OAF_jail_neutral_sad,OAF,jail,neutral,sad,OAF_jail_neutral.wav,OAF_jail_sad.wav,5.312500029802322,9.125000476837158,6.249999970197678,8.56249988079071,3.0625001788139343,0.18749967217445374,-1.500000536441803
OAF_jail_neutral_angry,OAF,jail,neutral,angry,OAF_jail_neutral.wav,OAF_jail_angry.wav,4.5625,1.0,4.3750001192092896,-0.75,-4.343750059604645,-0.9687499403953552,-1.5625001192092896
OAF_jail_happy_sad,OAF,jail,happy,sad,OAF_jail_happy.wav,OAF_jail_sad.wav,-2.6875001192092896,7.312499791383743,-2.9375001192092896,7.5624998807907104,10.249999955296516,4.470348358154297e-08,0.5000000894069672
OAF_jail_happy_angry,OAF,jail,happy,angry,OAF_jail_happy.wav,OAF_jail_angry.wav,-2.1250001192092896,1.875,-0.375,1.25,2.8125000596046448,0.5625000596046448,-2.3750001192092896
OAF_jail_sad_angry,OAF,jail,sad,angry,OAF_jail_sad.wav,OAF_jail_angry.wav,-1.625,1.625,-0.9999999403953552,1.125,2.6874999701976776,0.06250002980232239,-1.1250000596046448
OAF_jar_neutral_happy,OAF,jar,neutral,happy,OAF_jar_neutral.wav,OAF_jar_happy.wav,0.0,2.3124998807907104,-0.0625,2.1250000596046448,2.2499999701976776,-0.12499991059303284,-0.12499982118606567
OAF_jar_neutral_sad,OAF,jar,neutral,sad,OAF_jar_neutral.wav,OAF_jar_sad.wav,2.75,7.875000476837158,3.6249998807907104,7.375,4.437500298023224,0.18749970197677612,-1.3750003576278687
OAF_jar_neutral_angry,OAF,jar,neutral,angry,OAF_jar_neutral.wav,OAF_jar_angry.wav,2.875,0.125,3.0000000596046448,-0.3749999403953552,-3.0625,-0.18749994039535522,-0.625
OAF_jar_happy_sad,OAF,jar,happy,sad,OAF_jar_happy.wav,OAF_jar_sad.wav,-4.937500059604645,5.9999998807907104,-4.000000059604645,6.375,10.65625,0.6562500596046448,-0.5624998807907104
OAF_jar_happy_angry,OAF,jar,happy,angry,OAF_jar_happy.wav,OAF_jar_angry.wav,-3.6250000596046448,0.875,-3.6875001043081284,1.125,4.656250081956387,0.09374997764825821,0.3125000447034836
OAF_jar_sad_angry,OAF,jar,sad,angry,OAF_jar_sad.wav,OAF_jar_angry.wav,-1.125,2.0,-0.5,2.25,2.9375,0.4375,-0.375
OAF_join_neutral_happy,OAF,join,neutral,happy,OAF_join_neutral.wav,OAF_join_happy.wav,-0.1875,3.9374999403953552,0.375,3.624999985098839,3.687499962747097,0.1250000223517418,-0.8749999552965164
OAF_join_neutral_sad,OAF,join,neutral,sad,OAF_join_neutral.wav,OAF_join_sad.wav,6.500000178813934,8.187499821186066,6.625000089406967,8.562500268220901,1.8124999105930328,0.2500001788139343,0.250000536441803
OAF_join_neutral_angry,OAF,join,neutral,angry,OAF_join_neutral.wav,OAF_join_angry.wav,5.125000238418579,1.375,4.812500238418579,1.3750000596046448,-3.5937502086162567,-0.1562499701976776,0.3125000596046448
OAF_join_happy_sad,OAF,join,happy,sad,OAF_join_happy.wav,OAF_join_sad.wav,-6.000000223517418,7.375000029802322,-5.749999813735485,7.374999791383743,13.249999929219484,0.12500008568167686,-0.25000064820051193
OAF_join_happy_angry,OAF,join,happy,angry,OAF_join_happy.wav,OAF_join_angry.wav,-5.125000223517418,2.3750000596046448,-4.937500029802322,2.2500000596046448,7.343750186264515,0.03125009685754776,-0.3125001937150955
OAF_join_sad_angry,OAF,join,sad,angry,OAF_join_sad.wav,OAF_join_angry.wav,-1.3750000298023224,1.125,-1.0000000298023224,1.2500000596046448,2.3750000596046448,0.2500000298023224,-0.24999994039535522
OAF_judge_neutral_happy,OAF,judge,neutral,happy,OAF_judge_neutral.wav,OAF_judge_happy.wav,-0.1875,3.1875001043081284,-0.3125,3.437499910593033,3.5625000074505806,0.06249990314245224,0.3749998062849045
OAF_judge_neutral_sad,OAF,judge,neutral,sad,OAF_judge_neutral.wav,OAF_judge_sad.wav,7.25,7.9999997317790985,7.625000074505806,8.437500029802322,0.7812498435378075,0.4062501862645149,0.06250022351741791
OAF_judge_neutral_angry,OAF,judge,neutral,angry,OAF_judge_neutral.wav,OAF_judge_angry.wav,5.625,1.625,6.312500238418579,1.0,-4.6562501192092896,0.03125011920928955,-1.312500238418579
OAF_judge_happy_sad,OAF,judge,happy,sad,OAF_judge_happy.wav,OAF_judge_sad.wav,-3.687499910593033,5.625000059604645,-3.125000074505806,6.375000029802322,9.406250037252903,0.6562499031424522,0.18750013411045074
OAF_judge_happy_angry,OAF,judge,happy,angry,OAF_judge_happy.wav,OAF_judge_angry.wav,-3.875000149011612,3.125,-4.062500029802322,3.0,7.031250089406967,-0.15624994039535522,0.06249988079071045
OAF_judge_sad_angry,OAF,judge,sad,angry,OAF_judge_sad.wav,OAF_judge_angry.wav,-1.3750000298023224,2.374999910593033,-0.7500000298023224,1.875,3.187499985098839,0.06250004470348358,-1.1249999105930328
OAF_jug_neutral_happy,OAF,jug,neutral,happy,OAF_jug_neutral.wav,OAF_jug_happy.wav,0.0,2.375,-0.25,2.3749998807907104,2.4999999403953552,-0.12500005960464478,0.24999988079071045
OAF_jug_neutral_sad,OAF,jug,neutral,sad,OAF_jug_neutral.wav,OAF_jug_sad.wav,5.750000089406967,7.749999642372131,6.312499761581421,7.875000357627869,1.781250074505806,0.3437501937150955,-0.43749895691871643
OAF_jug_neutral_angry,OAF,jug,neutral,angry,OAF_jug_neutral.wav,OAF_jug_angry.wav,4.7500001192092896,-1.875,4.3750001192092896,-1.9999999105930328,-6.500000074505806,-0.24999995529651642,0.25000008940696716
OAF_jug_happy_sad,OAF,jug,happy,sad,OAF_jug_happy.wav,OAF_jug_sad.wav,-0.25,6.6249998807907104,-0.7499999403953552,6.4999998807907104,7.062499850988388,-0.3124999701976776,0.3749999403953552
OAF_jug_happy_angry,OAF,jug,happy,angry,OAF_jug_happy.wav,OAF_jug_angry.wav,-0.625,0.75,-2.6250000298023224,1.0,2.500000014901161,-0.8750000149011612,2.2500000298023224
OAF_jug_sad_angry,OAF,jug,sad,angry,OAF_jug_sad.wav,OAF_jug_angry.wav,-0.375,0.625,-0.8750000596046448,0.25,1.0625000298023224,-0.4375000298023224,0.12500005960464478
OAF_juice_neutral_happy,OAF,juice,neutral,happy,OAF_juice_neutral.wav,OAF_juice_happy.wav,0.5625,2.0,0.5,2.0,1.46875,-0.03125,0.0625
OAF_juice_neutral_sad,OAF,juice,neutral,sad,OAF_juice_neutral.wav,OAF_juice_sad.wav,6.749999910593033,6.937500208616257,6.812499910593033,7.500000223517418,0.4375003054738045,0.3125000074505806,0.5000000149011612
OAF_juice_neutral_angry,OAF,juice,neutral,angry,OAF_juice_neutral.wav,OAF_juice_angry.wav,5.9999998807907104,1.6250000596046448,5.5625,1.0000000596046448,-4.4687498807907104,-0.5312499403953552,-0.18750011920928955
OAF_juice_happy_sad,OAF,juice,happy,sad,OAF_juice_happy.wav,OAF_juice_sad.wav,-3.3125,5.687500178813934,-2.6249999403953552,6.062500223517418,8.843750171363354,0.5312500521540642,-0.3125000149011612
OAF_juice_happy_angry,OAF,juice,happy,angry,OAF_juice_happy.wav,OAF_juice_angry.wav,-3.937500238418579,1.4999998807907104,-4.624999940395355,0.3750000596046448,5.218750059604645,-0.9062497615814209,-0.43750011920928955
OAF_juice_sad_angry,OAF,juice,sad,angry,OAF_juice_sad.wav,OAF_juice_angry.wav,-1.4999999850988388,2.1250000298023224,-1.0,1.2500000596046448,2.937500037252903,-0.1874999925494194,-1.3749999552965164
OAF_keen_neutral_happy,OAF,keen,neutral,happy,OAF_keen_neutral.wav,OAF_keen_happy.wav,0.9374995231628418,2.8125001192092896,0.875,3.187500238418579,2.0937504172325134,0.15625029802322388,0.43749964237213135
OAF_keen_neutral_sad,OAF,keen,neutral,sad,OAF_keen_neutral.wav,OAF_keen_sad.wav,8.124999538064003,8.062499940395355,8.499999552965164,7.625000059604645,-0.4687495455145836,-0.031249932944774628,-0.8124998956918716
OAF_keen_neutral_angry,OAF,keen,neutral,angry,OAF_keen_neutral.wav,OAF_keen_angry.wav,6.499999523162842,1.2499998807907104,4.9374998807907104,0.375,-4.906249761581421,-1.218749761581421,0.6874997615814209
OAF_keen_happy_sad,OAF,keen,happy,sad,OAF_keen_happy.wav,OAF_keen_sad.wav,-5.437500238418579,6.375000089406967,-3.4374998211860657,6.562500059604645,10.906250104308128,1.0937501937150955,-1.8125004470348358
OAF_keen_happy_angry,OAF,keen,happy,angry,OAF_keen_happy.wav,OAF_keen_angry.wav,-4.750000238418579,-0.125,-4.499999940395355,-0.125,4.500000089406967,0.12500014901161194,-0.2500002980232239
OAF_keen_sad_angry,OAF,keen,sad,angry,OAF_keen_sad.wav,OAF_keen_angry.wav,-0.5,0.125,-1.25,0.5,1.1875,-0.1875,1.125
OAF_keep_neutral_happy,OAF,keep,neutral,happy,OAF_keep_neutral.wav,OAF_keep_happy.wav,0.75,3.5625001043081284,0.9375,3.625000014901161,2.7500000596046448,0.12499995529651642,-0.12500008940696716
OAF_keep_neutral_sad,OAF,keep,neutral,sad,OAF_keep_neutral.wav,OAF_keep_sad.wav,6.437499776482582,6.874999985098839,6.312499850988388,5.874999910593033,1.341104507446289e-07,-0.5625,-0.8750001490116119
OAF_keep_neutral_angry,OAF,keep,neutral,angry,OAF_keep_neutral.wav,OAF_keep_angry.wav,5.062499761581421,-0.125,4.125000238418579,-1.25,-5.28125,-1.031249761581421,-0.1875004768371582
OAF_keep_happy_sad,OAF,keep,happy,sad,OAF_keep_happy.wav,OAF_keep_sad.wav,-5.437499776482582,4.625000208616257,-3.812500014901161,4.999999910593033,9.437499955296516,0.9999997317790985,-1.2500000596046448
OAF_keep_happy_angry,OAF,keep,happy,angry,OAF_keep_happy.wav,OAF_keep_angry.wav,-4.999999776482582,-0.5,-5.1875000186264515,-0.75,4.468749897554517,-0.2187501210719347,-0.0624997578561306
OAF_keep_sad_angry,OAF,keep,sad,angry,OAF_keep_sad.wav,OAF_keep_angry.wav,-1.2500000298023224,1.7499998807907104,-1.4999999552965164,1.125,2.8124999329447746,-0.43749990314245224,-0.3749999552965164
OAF_keg_neutral_happy,OAF,keg,neutral,happy,OAF_keg_neutral.wav,OAF_keg_happy.wav,-0.25,3.1250000596046448,0.25,3.125000074505806,3.1250000670552254,0.2500000074505806,-0.4999999850988388
OAF_keg_neutral_sad,OAF,keg,neutral,sad,OAF_keg_neutral.wav,OAF_keg_sad.wav,4.749999985098839,6.249999970197678,4.874999761581421,7.5624998807907104,2.093750052154064,0.7187498435378075,1.1875001341104507
OAF_keg_neutral_angry,OAF,keg,neutral,angry,OAF_keg_neutral.wav,OAF_keg_angry.wav,3.375,0.125,3.187500238418579,0.24999994039535522,-3.093750149011612,-0.031249910593032837,0.3124997019767761
OAF_keg_happy_sad,OAF,keg,happy,sad,OAF_keg_happy.wav,OAF_keg_sad.wav,-3.000000074505806,5.500000163912773,-3.1249999403953552,6.1249998807907104,8.875000029802322,0.24999992549419403,0.7499995827674866
OAF_keg_happy_angry,OAF,keg,happy,angry,OAF_keg_happy.wav,OAF_keg_angry.wav,-3.500000074505806,1.5,-4.249999955296516,1.6249999403953552,5.437499985098839,-0.3124999701976776,0.8749998211860657
OAF_keg_sad_angry,OAF,keg,sad,angry,OAF_keg_sad.wav,OAF_keg_angry.wav,-1.75,1.75,-2.1249999180436134,1.8749999403953552,3.7499999292194843,-0.1249999888241291,0.49999985843896866
OAF_kick_neutral_happy,OAF,kick,neutral,happy,OAF_kick_neutral.wav,OAF_kick_happy.wav,-0.25,3.187500089406967,-0.375,3.4999999701976776,3.6562500298023224,0.09374994039535522,0.43749988079071045
OAF_kick_neutral_sad,OAF,kick,neutral,sad,OAF_kick_neutral.wav,OAF_kick_sad.wav,6.1250001192092896,7.687499970197678,6.249999940395355,7.499999821186066,1.4062498658895493,-0.03125016391277313,-0.3124999701976776
OAF_kick_neutral_angry,OAF,kick,neutral,angry,OAF_kick_neutral.wav,OAF_kick_angry.wav,4.5000001192092896,4.374999970197678,4.4375001192092896,3.5625001192092896,-0.500000074505806,-0.43749992549419403,-0.7499998509883881
OAF_kick_happy_sad,OAF,kick,happy,sad,OAF_kick_happy.wav,OAF_kick_sad.wav,-4.562500208616257,5.625000014901161,-3.1250001043081284,5.624999821186066,9.468750074505806,0.7187499552965164,-1.4375002980232239
OAF_kick_happy_angry,OAF,kick,happy,angry,OAF_kick_happy.wav,OAF_kick_angry.wav,-4.687500208616257,1.8749998807907104,-4.999999962747097,2.3750001192092896,6.968750085681677,0.0937502421438694,0.8124999925494194
OAF_kick_sad_angry,OAF,kick,sad,angry,OAF_kick_sad.wav,OAF_kick_angry.wav,-1.7500000596046448,3.375,-2.1250000670552254,3.3750001192092896,5.31250012293458,-0.18749994412064552,0.37500012665987015
OAF_kill_neutral_happy,OAF,kill,neutral,happy,OAF_kill_neutral.wav,OAF_kill_happy.wav,-0.0625,1.9375,0.0,2.5000000596046448,2.2500000298023224,0.3125000298023224,0.5000000596046448
OAF_kill_neutral_sad,OAF,kill,neutral,sad,OAF_kill_neutral.wav,OAF_kill_sad.wav,6.4375001937150955,8.375000029802322,6.500000178813934,9.499999687075615,2.4687496721744537,0.5937498211860657,1.0624996721744537
OAF_kill_neutral_angry,OAF,kill,neutral,angry,OAF_kill_neutral.wav,OAF_kill_angry.wav,4.812500238418579,-0.6250000596046448,3.8749998807907104,-0.7499999403953552,-5.031250059604645,-0.5312501192092896,0.8125004768371582
OAF_kill_happy_sad,OAF,kill,happy,sad,OAF_kill_happy.wav,OAF_kill_sad.wav,-0.3750000596046448,7.250000149011612,0.25,7.687500163912773,7.531250186264515,0.531250037252903,-0.18750004470348358
OAF_kill_happy_angry,OAF,kill,happy,angry,OAF_kill_happy.wav,OAF_kill_angry.wav,-1.8750000596046448,1.875,-3.2499998807907104,1.0,3.9999999701976776,-1.1249999105930328,0.4999998211860657
OAF_kill_sad_angry,OAF,kill,sad,angry,OAF_kill_sad.wav,OAF_kill_angry.wav,-1.5000000447034836,1.5,-1.2499999403953552,1.625,2.9374999925494194,0.18750005215406418,-0.12500010430812836
OAF_king_neutral_happy,OAF,king,neutral,happy,OAF_king_neutral.wav,OAF_king_happy.wav,0.375,3.5624999403953552,0.625,3.5625,3.0624999701976776,0.1250000298023224,-0.24999994039535522
OAF_king_neutral_sad,OAF,king,neutral,sad,OAF_king_neutral.wav,OAF_king_sad.wav,5.8125,7.375,6.250000149011612,7.249999850988388,1.281249850988388,0.15625,-0.5625002980232239
OAF_king_neutral_angry,OAF,king,neutral,angry,OAF_king_neutral.wav,OAF_king_angry.wav,5.0625,0.125,4.750000238418579,1.0,-4.3437501192092896,0.28125011920928955,1.187499761581421
OAF_king_happy_sad,OAF,king,happy,sad,OAF_king_happy.wav,OAF_king_sad.wav,-2.125,6.750000238418579,-2.6875,6.999999850988388,9.281250044703484,-0.15625019371509552,0.812499612569809
OAF_king_happy_angry,OAF,king,happy,angry,OAF_king_happy.wav,OAF_king_angry.wav,-3.6875,0.5,-3.7499997913837433,0.875,4.406249895691872,0.15625010430812836,0.4374997913837433
OAF_king_sad_angry,OAF,king,sad,angry,OAF_king_sad.wav,OAF_king_angry.wav,-0.9999999701976776,2.25,-0.7499999403953552,1.6250001192092896,2.812500014901161,-0.18749992549419403,-0.8749999105930328
OAF_kite_neutral_happy,OAF,kite,neutral,happy,OAF_kite_neutral.wav,OAF_kite_happy.wav,0.0,3.5,0.125,3.0624999403953552,3.2187499701976776,-0.1562500298023224,-0.5625000596046448
OAF_kite_neutral_sad,OAF,kite,neutral,sad,OAF_kite_neutral.wav,OAF_kite_sad.wav,5.687500149011612,7.250000178813934,5.875000178813934,7.499999761581421,1.5937498062849045,0.21874980628490448,0.062499552965164185
OAF_kite_neutral_angry,OAF,kite,neutral,angry,OAF_kite_neutral.wav,OAF_kite_angry.wav,5.0625001192092896,-0.2500000596046448,4.375000059604645,-1.0,-5.3437501192092896,-0.71875,-0.06249988079071045
OAF_kite_happy_sad,OAF,kite,happy,sad,OAF_kite_happy.wav,OAF_kite_sad.wav,-4.124999940395355,6.437500238418579,-1.375,6.374999761581421,9.156249970197678,1.3437497317790985,-2.8125004172325134
OAF_kite_happy_angry,OAF,kite,happy,angry,OAF_kite_happy.wav,OAF_kite_angry.wav,-4.499999940395355,0.75,-4.937500014901161,0.5000001192092896,5.343750037252903,-0.3437499776482582,0.18750019371509552
OAF_kite_sad_angry,OAF,kite,sad,angry,OAF_kite_sad.wav,OAF_kite_angry.wav,-0.25,2.6250001192092896,-0.7500000298023224,1.1250001192092896,2.3750001341104507,-1.0000000149011612,-0.9999999701976776
OAF_knock_neutral_happy,OAF,knock,neutral,happy,OAF_knock_neutral.wav,OAF_knock_happy.wav,-0.25,1.25,-0.375,1.1250001192092896,1.5000000596046448,-0.12499994039535522,1.1920928955078125e-07
OAF_knock_neutral_sad,OAF,knock,neutral,sad,OAF_knock_neutral.wav,OAF_knock_sad.wav,4.374999821186066,6.9999998807907104,5.187499761581421,8.187500357627869,2.8125003278255463,1.0000002086162567,0.375000536441803
OAF_knock_neutral_angry,OAF,knock,neutral,angry,OAF_knock_neutral.wav,OAF_knock_angry.wav,3.499999761581421,3.9374997913837433,4.1875001192092896,2.8750001192092896,-0.4374999850988388,-0.18749965727329254,-1.7500000298023224
OAF_knock_happy_sad,OAF,knock,happy,sad,OAF_knock_happy.wav,OAF_knock_sad.wav,-1.2500001192092896,5.562499821186066,-0.5,6.6874998807907104,6.999999910593033,0.9375000894069672,0.3749999403953552
OAF_knock_happy_angry,OAF,knock,happy,angry,OAF_knock_happy.wav,OAF_knock_angry.wav,-1.2500001192092896,2.7500000596046448,-2.5000001192092896,2.2500001192092896,4.375000208616257,-0.8749999701976776,0.7500000596046448
OAF_knock_sad_angry,OAF,knock,sad,angry,OAF_knock_sad.wav,OAF_knock_angry.wav,-0.125,3.749999985098839,-0.125,2.7500001192092896,3.375000052154064,-0.4999999329447746,-0.9999998658895493
OAF_late_neutral_happy,OAF,late,neutral,happy,OAF_late_neutral.wav,OAF_late_happy.wav,-1.1875,3.250000074505806,-0.8125,2.750000074505806,4.000000074505806,-0.0625,-0.875
OAF_late_neutral_sad,OAF,late,neutral,sad,OAF_late_neutral.wav,OAF_late_sad.wav,3.500000089406967,7.499999940395355,3.1250001043081284,7.562499970197678,4.218749858438969,-0.1562499776482582,0.4375000149011612
OAF_late_neutral_angry,OAF,late,neutral,angry,OAF_late_neutral.wav,OAF_late_angry.wav,2.2500001192092896,1.2499998807907104,2.3749998807907104,0.25,-1.5625000596046448,-0.4375000596046448,-1.1249996423721313
OAF_late_happy_sad,OAF,late,happy,sad,OAF_late_happy.wav,OAF_late_sad.wav,-2.500000074505806,6.687500029802322,-2.874999962747097,6.749999970197678,9.406250018626451,-0.1562499739229679,0.43749982863664627
OAF_late_happy_angry,OAF,late,happy,angry,OAF_late_happy.wav,OAF_late_angry.wav,-3.500000074505806,-0.25,-4.062499895691872,-0.875,3.218749985098839,-0.5937499105930328,-0.06250017881393433
OAF_late_sad_angry,OAF,late,sad,angry,OAF_late_sad.wav,OAF_late_angry.wav,-1.7499999701976776,1.5000001192092896,-1.125,0.125,2.2500000447034836,-0.37500007450580597,-2.000000089406967
OAF_laud_neutral_happy,OAF,laud,neutral,happy,OAF_laud_neutral.wav,OAF_laud_happy.wav,-0.375,3.312499761581421,0.0,3.062499761581421,3.374999761581421,0.0625,-0.625
OAF_laud_neutral_sad,OAF,laud,neutral,sad,OAF_laud_neutral.wav,OAF_laud_sad.wav,4.374999970197678,6.437500089406967,5.1875,6.062500238418579,1.4687501788139343,0.21875008940696716,-1.1874998807907104
OAF_laud_neutral_angry,OAF,laud,neutral,angry,OAF_laud_neutral.wav,OAF_laud_angry.wav,3.625,-1.8749998807907104,4.062500178813934,-2.0000000596046448,-5.781250059604645,0.15625,-0.5625003576278687
OAF_laud_happy_sad,OAF,laud,happy,sad,OAF_laud_happy.wav,OAF_laud_sad.wav,-2.874999761581421,5.6249998807907104,-2.687499761581421,5.500000238418579,8.343749821186066,0.031250178813934326,-0.31249964237213135
OAF_laud_happy_angry,OAF,laud,happy,angry,OAF_laud_happy.wav,OAF_laud_angry.wav,-3.249999761581421,0.25,-3.6875,0.5,3.8437498807907104,-0.09375011920928955,0.6875002384185791
OAF_laud_sad_angry,OAF,laud,sad,angry,OAF_laud_sad.wav,OAF_laud_angry.wav,-0.5,0.0,-1.2500000298023224,0.375,1.0625000149011612,-0.1875000149011612,1.1250000298023224
OAF_lean_neutral_happy,OAF,lean,neutral,happy,OAF_lean_neutral.wav,OAF_lean_happy.wav,0.0,2.5624999403953552,0.0,3.3125,2.9374999701976776,0.3750000298023224,0.7500000596046448
OAF_lean_neutral_sad,OAF,lean,neutral,sad,OAF_lean_neutral.wav,OAF_lean_sad.wav,5.312500134110451,6.437500238418579,6.3125001937150955,7.812499925494194,1.3124999180436134,1.1874998733401299,0.37499962747097015
OAF_lean_neutral_angry,OAF,lean,neutral,angry,OAF_lean_neutral.wav,OAF_lean_angry.wav,3.9375001192092896,-2.3749999403953552,4.1249998807907104,-2.6249999701976776,-6.531249955296516,-0.031250134110450745,-0.4374997913837433
OAF_lean_happy_sad,OAF,lean,happy,sad,OAF_lean_happy.wav,OAF_lean_sad.wav,-0.375,5.562500089406967,0.625,6.749999925494194,6.031250007450581,1.0937499180436134,0.18749983608722687
OAF_lean_happy_angry,OAF,lean,happy,angry,OAF_lean_happy.wav,OAF_lean_angry.wav,-1.6875,0.375,-2.6875000596046448,-0.125,2.3125000298023224,-0.7500000298023224,0.5000000596046448
OAF_lean_sad_angry,OAF,lean,sad,angry,OAF_lean_sad.wav,OAF_lean_angry.wav,-1.6250000447034836,-0.125,-0.9999999403953552,0.0,1.2499999925494194,0.3750000521540642,-0.5000001043081284
OAF_learn_neutral_happy,OAF,learn,neutral,happy,OAF_learn_neutral.wav,OAF_learn_happy.wav,-0.8749997615814209,1.5000000596046448,-0.9375,1.5000000596046448,2.4062499403953552,-0.03125011920928955,0.0625002384185791
OAF_learn_neutral_sad,OAF,learn,neutral,sad,OAF_learn_neutral.wav,OAF_learn_sad.wav,3.125,6.562499970197678,2.9999999403953552,6.624999821186066,3.531249925494194,-0.03125010430812836,0.18749991059303284
OAF_learn_neutral_angry,OAF,learn,neutral,angry,OAF_learn_neutral.wav,OAF_learn_angry.wav,2.5,0.125,1.6249998807907104,-0.375,-2.1874999403953552,-0.6875000596046448,0.37500011920928955
OAF_learn_happy_sad,OAF,learn,happy,sad,OAF_learn_happy.wav,OAF_learn_sad.wav,-0.6250000596046448,6.562499910593033,0.125,6.312499821186066,6.687499895691872,0.2499999850988388,-1.000000149011612
OAF_learn_happy_angry,OAF,learn,happy,angry,OAF_learn_happy.wav,OAF_learn_angry.wav,-1.2500000596046448,0.125,-2.9999999403953552,0.375,2.375,-0.7499999403953552,1.9999998807907104
OAF_learn_sad_angry,OAF,learn,sad,angry,OAF_learn_sad.wav,OAF_learn_angry.wav,-1.0000000596046448,1.25,-0.9999999701976776,1.75,2.500000014901161,0.2500000447034836,0.49999991059303284
OAF_lease_neutral_happy,OAF,lease,neutral,happy,OAF_lease_neutral.wav,OAF_lease_happy.wav,-0.75,5.6875000931322575,-0.875,5.687500115483999,6.500000104308128,-0.062499988824129105,0.1250000223517418
OAF_lease_neutral_sad,OAF,lease,neutral,sad,OAF_lease_neutral.wav,OAF_lease_sad.wav,6.437499895691872,6.437499791383743,6.375000178813934,6.562500149011612,0.09374993294477463,0.03125032037496567,0.18750007450580597
OAF_lease_neutral_angry,OAF,lease,neutral,angry,OAF_lease_neutral.wav,OAF_lease_angry.wav,5.0624998807907104,-2.4999998956918716,4.500000238418579,-0.125,-6.093750007450581,0.9062501266598701,2.937499538064003
OAF_lease_happy_sad,OAF,lease,happy,sad,OAF_lease_happy.wav,OAF_lease_sad.wav,-6.312500115483999,5.812499761581421,-5.625000078231096,6.312500149011612,12.031250052154064,0.593750212341547,-0.18749964982271194
OAF_lease_happy_angry,OAF,lease,happy,angry,OAF_lease_happy.wav,OAF_lease_angry.wav,-5.625000115483999,2.8124999403953552,-5.437499763444066,2.1875000596046448,8.031249939464033,-0.21874976437538862,-0.8125002328306437
OAF_lease_sad_angry,OAF,lease,sad,angry,OAF_lease_sad.wav,OAF_lease_angry.wav,-1.3750000298023224,0.5,-1.0000000298023224,0.8750000596046448,1.8750000596046448,0.3750000298023224,5.960464477539063e-08
OAF_lid_neutral_happy,OAF,lid,neutral,happy,OAF_lid_neutral.wav,OAF_lid_happy.wav,-0.0625,4.062499936670065,-0.25,3.562500022351742,3.9687499795109034,-0.34374995715916157,-0.31249991431832314
OAF_lid_neutral_sad,OAF,lid,neutral,sad,OAF_lid_neutral.wav,OAF_lid_sad.wav,6.249999791383743,7.937499821186066,6.562499895691872,8.5625,1.8437500670552254,0.46875014156103134,0.31250007450580597
OAF_lid_neutral_angry,OAF,lid,neutral,angry,OAF_lid_neutral.wav,OAF_lid_angry.wav,4.624999761581421,-2.9999999180436134,3.875000238418579,-3.5,-7.499999959021807,-0.6249998025596142,0.24999944120645523
OAF_lid_happy_sad,OAF,lid,happy,sad,OAF_lid_happy.wav,OAF_lid_sad.wav,-3.750000022351742,6.562499791383743,-3.562500022351742,7.3125,10.593749918043613,0.46875010430812836,0.5625002086162567
OAF_lid_happy_angry,OAF,lid,happy,angry,OAF_lid_happy.wav,OAF_lid_angry.wav,-4.437499783933163,0.0,-4.874999940395355,-0.375,4.468749862164259,-0.40625007823109627,0.06250015646219254
OAF_lid_sad_angry,OAF,lid,sad,angry,OAF_lid_sad.wav,OAF_lid_angry.wav,-1.375,0.7499997615814209,-1.3749999552965164,0.75,2.1249998584389687,1.4156103134155273e-07,1.9371509552001953e-07
OAF_life_neutral_happy,OAF,life,neutral,happy,OAF_life_neutral.wav,OAF_life_happy.wav,0.1875,4.499999761581421,0.4375,4.499999761581421,4.187499761581421,0.125,-0.25
OAF_life_neutral_sad,OAF,life,neutral,sad,OAF_life_neutral.wav,OAF_life_sad.wav,5.562499970197678,8.43749974668026,5.437499910593033,8.624999716877937,3.0312497913837433,0.03124995529651642,0.3125000298023224
OAF_life_neutral_angry,OAF,life,neutral,angry,OAF_life_neutral.wav,OAF_life_angry.wav,4.6875,0.625,4.0624998807907104,-0.8750000596046448,-4.499999970197678,-1.0625000894069672,-0.8749999403953552
OAF_life_happy_sad,OAF,life,happy,sad,OAF_life_happy.wav,OAF_life_sad.wav,-5.999999761581421,6.875000029802322,-4.4374998807907104,7.7500001937150955,12.531249932944775,1.2187500223517418,-0.6874997168779373
OAF_life_happy_angry,OAF,life,happy,angry,OAF_life_happy.wav,OAF_life_angry.wav,-4.624999761581421,1.6249999403953552,-4.062500029802322,0.625,5.468749865889549,-0.21875010430812836,-1.5624996721744537
OAF_life_sad_angry,OAF,life,sad,angry,OAF_life_sad.wav,OAF_life_angry.wav,-1.3749999552965164,2.0000000298023224,-0.875,1.125,2.6874999925494194,-0.18750003725290298,-1.3749999850988388
OAF_limb_neutral_happy,OAF,limb,neutral,happy,OAF_limb_neutral.wav,OAF_limb_happy.wav,0.75,0.875,0.875,2.125000089406967,0.6875000447034836,0.6875000447034836,1.1250000894069672
OAF_limb_neutral_sad,OAF,limb,neutral,sad,OAF_limb_neutral.wav,OAF_limb_sad.wav,7.6875,6.8750001192092896,7.500000178813934,7.374999970197678,-0.4687500447034836,0.1562500149011612,0.6874996721744537
OAF_limb_neutral_angry,OAF,limb,neutral,angry,OAF_limb_neutral.wav,OAF_limb_angry.wav,6.1875,-2.5000000298023224,5.9375001192092896,-1.8750000894069672,-8.25000011920929,0.1875000298023224,0.8749998211860657
OAF_limb_happy_sad,OAF,limb,happy,sad,OAF_limb_happy.wav,OAF_limb_sad.wav,-3.312500089406967,5.312499761581421,-1.375,5.999999970197678,7.999999910593033,1.312500149011612,-1.2499998807907104
OAF_limb_happy_angry,OAF,limb,happy,angry,OAF_limb_happy.wav,OAF_limb_angry.wav,-3.812500089406967,0.25,-2.0000001192092896,0.25,3.1562501043081284,0.9062499850988388,-1.8124999701976776
OAF_limb_sad_angry,OAF,limb,sad,angry,OAF_limb_sad.wav,OAF_limb_angry.wav,-1.2499999701976776,-0.375,-0.7500000298023224,-0.25,0.6875,0.3124999701976776,-0.3749999403953552
OAF_live_neutral_happy,OAF,live,neutral,happy,OAF_live_neutral.wav,OAF_live_happy.wav,-0.0625,2.1250000596046448,-0.0625,2.1875,2.2187500298023224,0.031249970197677612,0.062499940395355225
OAF_live_neutral_sad,OAF,live,neutral,sad,OAF_live_neutral.wav,OAF_live_sad.wav,5.625,6.625000238418579,5.8749998807907104,7.437499940395355,1.281250149011612,0.5312497913837433,0.5624998211860657
OAF_live_neutral_angry,OAF,live,neutral,angry,OAF_live_neutral.wav,OAF_live_angry.wav,4.625,-1.9999999403953552,3.9375,-0.625,-5.593749970197678,0.3437499701976776,2.0624999403953552
OAF_live_happy_sad,OAF,live,happy,sad,OAF_live_happy.wav,OAF_live_sad.wav,0.25,5.6874998807907104,0.25,6.437499940395355,5.812499910593033,0.3750000298023224,0.7500000596046448
OAF_live_happy_angry,OAF,live,happy,angry,OAF_live_happy.wav,OAF_live_angry.wav,-1.25,0.5,-2.9375000298023224,1.5,3.093750014901161,-0.3437500149011612,2.6875000298023224
OAF_live_sad_angry,OAF,live,sad,angry,OAF_live_sad.wav,OAF_live_angry.wav,-1.1249999403953552,0.875,-1.2500000298023224,1.25,2.249999985098839,0.12499995529651642,0.5000000894069672
OAF_loaf_neutral_happy,OAF,loaf,neutral,happy,OAF_loaf_neutral.wav,OAF_loaf_happy.wav,0.1875,2.6250000596046448,0.375,3.1250000596046448,2.5937500596046448,0.34375,0.3125
OAF_loaf_neutral_sad,OAF,loaf,neutral,sad,OAF_loaf_neutral.wav,OAF_loaf_sad.wav,6.062500178813934,6.437500059604645,6.499999985098839,6.375,0.12499994784593582,0.18749987334012985,-0.49999986588954926
OAF_loaf_neutral_angry,OAF,loaf,neutral,angry,OAF_loaf_neutral.wav,OAF_loaf_angry.wav,4.937500238418579,-1.125,4.5,-0.9999999403953552,-5.781250089406967,-0.15625008940696716,0.5625002980232239
OAF_loaf_happy_sad,OAF,loaf,happy,sad,OAF_loaf_happy.wav,OAF_loaf_sad.wav,-3.1875000596046448,5.499999850988388,-1.5000000596046448,5.4375,7.812499985098839,0.812500074505806,-1.749999850988388
OAF_loaf_happy_angry,OAF,loaf,happy,angry,OAF_loaf_happy.wav,OAF_loaf_angry.wav,-3.6874998211860657,0.125,-3.9375001937150955,0.25,4.000000007450581,-0.06250018626451492,0.37500037252902985
OAF_loaf_sad_angry,OAF,loaf,sad,angry,OAF_loaf_sad.wav,OAF_loaf_angry.wav,-0.625,0.875,-1.1249999403953552,1.0,1.8124999701976776,-0.1874999701976776,0.6249999403953552
OAF_long_neutral_happy,OAF,long,neutral,happy,OAF_long_neutral.wav,OAF_long_happy.wav,0.0625,3.2499998807907104,0.25,3.0625,2.9999999403953552,5.960464477539063e-08,-0.37499988079071045
OAF_long_neutral_sad,OAF,long,neutral,sad,OAF_long_neutral.wav,OAF_long_sad.wav,6.062500134110451,6.375000059604645,6.187499850988388,6.6874998807907104,0.4062499776482582,0.2187497690320015,0.18750010430812836
OAF_long_neutral_angry,OAF,long,neutral,angry,OAF_long_neutral.wav,OAF_long_angry.wav,4.187500238418579,-1.0,4.1250001192092896,-1.4999999701976776,-5.406250163912773,-0.2812500447034836,-0.43749985098838806
OAF_long_happy_sad,OAF,long,happy,sad,OAF_long_happy.wav,OAF_long_sad.wav,-1.75,4.6249998807907104,-1.75,4.8749998807907104,6.4999998807907104,0.125,0.25
OAF_long_happy_angry,OAF,long,happy,angry,OAF_long_happy.wav,OAF_long_angry.wav,-3.187500238418579,0.9999998807907104,-3.8125,1.2500001192092896,4.6250001192092896,-0.1874997615814209,0.875
OAF_long_sad_angry,OAF,long,sad,angry,OAF_long_sad.wav,OAF_long_angry.wav,-0.625,-0.25,-0.5000000298023224,-0.25,0.3125000149011612,0.062499985098838806,-0.12499997019767761
OAF_lore_neutral_happy,OAF,lore,neutral,happy,OAF_lore_neutral.wav,OAF_lore_happy.wav,0.5,2.4999999403953552,0.5,1.7499999403953552,1.6249999403953552,-0.375,-0.75
OAF_lore_neutral_sad,OAF,lore,neutral,sad,OAF_lore_neutral.wav,OAF_lore_sad.wav,5.5,6.187500238418579,5.312499821186066,6.937500149011612,1.1562502831220627,0.28124986588954926,0.9375000894069672
OAF_lore_neutral_angry,OAF,lore,neutral,angry,OAF_lore_neutral.wav,OAF_lore_angry.wav,4.375,-2.624999910593033,4.562499761581421,-2.749999910593033,-7.156249791383743,0.03124988079071045,-0.3124997615814209
OAF_lore_happy_sad,OAF,lore,happy,sad,OAF_lore_happy.wav,OAF_lore_sad.wav,-1.6249999403953552,4.3750001192092896,-1.5,5.375000149011612,6.437500104308128,0.5624999850988388,0.8750000894069672
OAF_lore_happy_angry,OAF,lore,happy,angry,OAF_lore_happy.wav,OAF_lore_angry.wav,-2.4999999403953552,0.125,-3.6249999403953552,-0.25,2.9999999403953552,-0.75,0.75
OAF_lore_sad_angry,OAF,lore,sad,angry,OAF_lore_sad.wav,OAF_lore_angry.wav,-1.1250000298023224,-0.5,-0.875,-1.1249998807907104,0.18750007450580597,-0.18749992549419403,-0.8749999105930328
OAF_lose_neutral_happy,OAF,lose,neutral,happy,OAF_lose_neutral.wav,OAF_lose_happy.wav,0.3125,4.6249998807907104,0.125,4.1250001192092896,4.15625,-0.34374988079071045,-0.3124997615814209
OAF_lose_neutral_sad,OAF,lose,neutral,sad,OAF_lose_neutral.wav,OAF_lose_sad.wav,6.437500074505806,6.812499940395355,6.312499970197678,6.749999970197678,0.4062499329447746,-0.09375003725290298,0.06250013411045074
OAF_lose_neutral_angry,OAF,lose,neutral,angry,OAF_lose_neutral.wav,OAF_lose_angry.wav,4.5625,1.4999999701976776,3.937500238418579,1.3750000596046448,-2.8125001043081284,-0.37499983608722687,0.49999985098838806
OAF_lose_happy_sad,OAF,lose,happy,sad,OAF_lose_happy.wav,OAF_lose_sad.wav,-5.1250001192092896,5.749999791383743,-4.3749998807907104,5.749999970197678,10.49999988079071,0.3750002086162567,-0.7500000596046448
OAF_lose_happy_angry,OAF,lose,happy,angry,OAF_lose_happy.wav,OAF_lose_angry.wav,-4.5000001192092896,2.875,-5.000000149011612,2.7500000596046448,7.562500163912773,-0.3124999850988388,0.37500008940696716
OAF_lose_sad_angry,OAF,lose,sad,angry,OAF_lose_sad.wav,OAF_lose_angry.wav,-1.3749999701976776,1.2500000298023224,-1.6249999552965164,1.6250000596046448,2.9375000074505806,0.06250002235174179,0.6250000149011612
OAF_lot_neutral_happy,OAF,lot,neutral,happy,OAF_lot_neutral.wav,OAF_lot_happy.wav,-0.375,4.687499791383743,0.0,4.749999791383743,4.906249791383743,0.21875,-0.3125
OAF_lot_neutral_sad,OAF,lot,neutral,sad,OAF_lot_neutral.wav,OAF_lot_sad.wav,5.125000178813934,7.8749996572732925,5.624999850988388,7.1249998807907104,2.1249997541308403,-0.12500005215406418,-1.2499994486570358
OAF_lot_neutral_angry,OAF,lot,neutral,angry,OAF_lot_neutral.wav,OAF_lot_angry.wav,4.125000238418579,-1.25,3.0000001192092896,-0.25,-4.312500178813934,-0.06250005960464478,2.1250001192092896
OAF_lot_happy_sad,OAF,lot,happy,sad,OAF_lot_happy.wav,OAF_lot_sad.wav,-4.874999791383743,6.750000238418579,-2.7500000596046448,6.4999998807907104,10.437499985098839,0.9374996870756149,-2.375000089406967
OAF_lot_happy_angry,OAF,lot,happy,angry,OAF_lot_happy.wav,OAF_lot_angry.wav,-4.499999791383743,-0.375,-4.250000134110451,-0.25,4.062499962747097,0.18749982863664627,-0.12499965727329254
OAF_lot_sad_angry,OAF,lot,sad,angry,OAF_lot_sad.wav,OAF_lot_angry.wav,-1.25,1.875,-1.6249999850988388,1.375,3.0624999925494194,-0.4374999925494194,-0.1250000149011612
OAF_love_neutral_happy,OAF,love,neutral,happy,OAF_love_neutral.wav,OAF_love_happy.wav,-0.3125,3.062500089406967,0.0,3.124999910593033,3.25,0.18749991059303284,-0.2500001788139343
OAF_love_neutral_sad,OAF,love,neutral,sad,OAF_love_neutral.wav,OAF_love_sad.wav,6.562500059604645,6.625000029802322,6.437500029802322,7.687500089406967,0.6562500149011612,0.4687500149011612,1.1875000894069672
OAF_love_neutral_angry,OAF,love,neutral,angry,OAF_love_neutral.wav,OAF_love_angry.wav,5.3125,-1.7500001192092896,4.5,-1.6249999403953552,-6.593750029802322,-0.34374991059303284,0.9375001788139343
OAF_love_happy_sad,OAF,love,happy,sad,OAF_love_happy.wav,OAF_love_sad.wav,-1.7499999105930328,6.124999940395355,-1.5,6.562500089406967,7.968749970197678,0.3437500298023224,0.1875002384185791
OAF_love_happy_angry,OAF,love,happy,angry,OAF_love_happy.wav,OAF_love_angry.wav,-2.374999910593033,0.5,-3.125,0.125,3.0624999552965164,-0.5625000447034836,0.37500008940696716
OAF_love_sad_angry,OAF,love,sad,angry,OAF_love_sad.wav,OAF_love_angry.wav,-1.2499999701976776,-0.125,-1.1249999701976776,-0.25,0.9999999701976776,0.0,-0.25
OAF_luck_neutral_happy,OAF,luck,neutral,happy,OAF_luck_neutral.wav,OAF_luck_happy.wav,0.25,3.9374998211860657,0.5,4.249999850988388,3.718749836087227,0.2812500149011612,0.06250002980232239
OAF_luck_neutral_sad,OAF,luck,neutral,sad,OAF_luck_neutral.wav,OAF_luck_sad.wav,6.874999940395355,8.062500357627869,7.062499940395355,8.312499538064003,1.2187500074505806,0.21874959021806717,0.06249918043613434
OAF_luck_neutral_angry,OAF,luck,neutral,angry,OAF_luck_neutral.wav,OAF_luck_angry.wav,5.5,0.375,5.4375,1.3750001192092896,-4.593749940395355,0.4687500596046448,1.0625001192092896
OAF_luck_happy_sad,OAF,luck,happy,sad,OAF_luck_happy.wav,OAF_luck_sad.wav,-5.312499850988388,6.749999970197678,-3.437500089406967,7.062500014901161,11.281249962747097,1.0937499031424522,-1.5624997168779373
OAF_luck_happy_angry,OAF,luck,happy,angry,OAF_luck_happy.wav,OAF_luck_angry.wav,-5.249999850988388,0.0,-4.625000022351742,0.5,5.187499936670065,0.5624999143183231,-0.12499982863664627
OAF_luck_sad_angry,OAF,luck,sad,angry,OAF_luck_sad.wav,OAF_luck_angry.wav,-1.3750000149011612,1.0,-0.875,2.1250001192092896,2.6875000670552254,0.8125000670552254,0.6250001043081284
OAF_make_neutral_happy,OAF,make,neutral,happy,OAF_make_neutral.wav,OAF_make_happy.wav,-1.5,3.3125000298023224,-1.125,3.2499999403953552,4.593749985098839,0.15624995529651642,-0.43750008940696716
OAF_make_neutral_sad,OAF,make,neutral,sad,OAF_make_neutral.wav,OAF_make_sad.wav,3.875000149011612,6.124999955296516,3.25,6.625,2.8124999031424522,-0.06250005215406418,1.1250001937150955
OAF_make_neutral_angry,OAF,make,neutral,angry,OAF_make_neutral.wav,OAF_make_angry.wav,2.6250001192092896,-1.6250000298023224,2.125,-1.7500000298023224,-4.062500089406967,-0.3125000596046448,0.37500011920928955
OAF_make_happy_sad,OAF,make,happy,sad,OAF_make_happy.wav,OAF_make_sad.wav,-4.187500178813934,4.500000208616257,-3.0,5.375,8.531250193715096,1.0312499850988388,-0.31250038743019104
OAF_make_happy_angry,OAF,make,happy,angry,OAF_make_happy.wav,OAF_make_angry.wav,-4.500000178813934,1.7499999403953552,-4.124999985098839,1.0,5.687500052154064,-0.18749987334012985,-1.1250001341104507
OAF_make_sad_angry,OAF,make,sad,angry,OAF_make_sad.wav,OAF_make_angry.wav,-1.625,3.0,-1.4999999850988388,1.25,3.6874999925494194,-0.8124999925494194,-1.8750000149011612
OAF_match_neutral_happy,OAF,match,neutral,happy,OAF_match_neutral.wav,OAF_match_happy.wav,0.5625,2.125,0.5,2.25,1.65625,0.03125,0.1875
OAF_match_neutral_sad,OAF,match,neutral,sad,OAF_match_neutral.wav,OAF_match_sad.wav,6.375000149011612,8.124999523162842,6.250000029802322,7.874999582767487,1.687499463558197,-0.1875000298023224,-0.12499982118606567
OAF_match_neutral_angry,OAF,match,neutral,angry,OAF_match_neutral.wav,OAF_match_angry.wav,4.500000238418579,3.874999761581421,3.812500238418579,2.75,-0.8437503576278687,-0.9062498807907104,-0.4374997615814209
OAF_match_happy_sad,OAF,match,happy,sad,OAF_match_happy.wav,OAF_match_sad.wav,-1.125,5.687499850988388,-0.125,6.375000059604645,6.656249955296516,0.8437501043081284,-0.3124997913837433
OAF_match_happy_angry,OAF,match,happy,angry,OAF_match_happy.wav,OAF_match_angry.wav,-2.0,1.7500000596046448,-3.25,1.125,4.062500029802322,-0.9375000298023224,0.6249999403953552
OAF_match_sad_angry,OAF,match,sad,angry,OAF_match_sad.wav,OAF_match_angry.wav,-1.2500000596046448,3.1249998807907104,-0.9999999701976776,1.75,3.5624999552965164,-0.5624998956918716,-1.6249999701976776
OAF_merge_neutral_happy,OAF,merge,neutral,happy,OAF_merge_neutral.wav,OAF_merge_happy.wav,-0.9375,3.3124998956918716,-0.1875,3.687499925494194,4.062499910593033,0.5625000149011612,-0.3749999701976776
OAF_merge_neutral_sad,OAF,merge,neutral,sad,OAF_merge_neutral.wav,OAF_merge_sad.wav,4.562500059604645,5.312499985098839,5.250000238418579,6.687499985098839,1.0937498360872269,1.0312500894069672,0.6874998211860657
OAF_merge_neutral_angry,OAF,merge,neutral,angry,OAF_merge_neutral.wav,OAF_merge_angry.wav,3.0625,-2.1250000298023224,3.1249998807907104,-1.9999999105930328,-5.156249910593033,0.09375,0.0625002384185791
OAF_merge_happy_sad,OAF,merge,happy,sad,OAF_merge_happy.wav,OAF_merge_sad.wav,-5.500000163912773,3.9999998658895493,-3.687499977648258,5.624999985098839,9.40624999627471,1.7187501527369022,-0.18750006705522537
OAF_merge_happy_angry,OAF,merge,happy,angry,OAF_merge_happy.wav,OAF_merge_angry.wav,-4.625000163912773,0.125,-4.500000022351742,-0.25,4.5000000931322575,-0.12499992921948433,-0.5000001415610313
OAF_merge_sad_angry,OAF,merge,sad,angry,OAF_merge_sad.wav,OAF_merge_angry.wav,-1.4999999850988388,0.25,-1.875,0.5,2.0624999925494194,-0.0625000074505806,0.6250000149011612
OAF_mess_neutral_happy,OAF,mess,neutral,happy,OAF_mess_neutral.wav,OAF_mess_happy.wav,-0.6875,3.437500238418579,0.0625,3.5,3.7812501192092896,0.40624988079071045,-0.6875002384185791
OAF_mess_neutral_sad,OAF,mess,neutral,sad,OAF_mess_neutral.wav,OAF_mess_sad.wav,5.3125001192092896,7.187499970197678,5.749999940395355,7.749999701976776,1.9374998062849045,0.4999997764825821,0.12499991059303284
OAF_mess_neutral_angry,OAF,mess,neutral,angry,OAF_mess_neutral.wav,OAF_mess_angry.wav,3.8125001192092896,-1.5000000298023224,4.375000238418579,1.1249999403953552,-4.281250223517418,1.5937500447034836,2.062499850988388
OAF_mess_happy_sad,OAF,mess,happy,sad,OAF_mess_happy.wav,OAF_mess_sad.wav,-3.562499761581421,5.812500178813934,-1.7499998807907104,5.937500178813934,8.53125,0.9687499403953552,-1.6874998807907104
OAF_mess_happy_angry,OAF,mess,happy,angry,OAF_mess_happy.wav,OAF_mess_angry.wav,-3.812499761581421,0.375,-4.062500059604645,0.7499999403953552,4.4999998807907104,0.062499821186065674,0.6250002384185791
OAF_mess_sad_angry,OAF,mess,sad,angry,OAF_mess_sad.wav,OAF_mess_angry.wav,-1.2499999403953552,0.5,-0.9999999701976776,1.1249999403953552,1.937499925494194,0.4374999552965164,0.3749999701976776
OAF_met_neutral_happy,OAF,met,neutral,happy,OAF_met_neutral.wav,OAF_met_happy.wav,0.375,2.2500001192092896,0.3125,1.4999999403953552,1.5312500298023224,-0.40625008940696716,-0.6875001788139343
OAF_met_neutral_sad,OAF,met,neutral,sad,OAF_met_neutral.wav,OAF_met_sad.wav,5.625000178813934,7.937500432133675,5.437500029802322,7.750000029802322,2.31250012665987,-0.1875002756714821,-2.5331974029541016e-07
OAF_met_neutral_angry,OAF,met,neutral,angry,OAF_met_neutral.wav,OAF_met_angry.wav,4.500000238418579,-2.375000074505806,3.187500238418579,-2.7500001043081284,-6.406250327825546,-0.8437500149011612,0.9374999701976776
OAF_met_happy_sad,OAF,met,happy,sad,OAF_met_happy.wav,OAF_met_sad.wav,-3.2499999403953552,7.3124998807907104,-3.8124998211860657,6.500000029802322,10.437499836087227,-0.6874998658895493,-0.2499999701976776
OAF_met_happy_angry,OAF,met,happy,angry,OAF_met_happy.wav,OAF_met_angry.wav,-3.5624999403953552,0.375,-4.437499850988388,0.125,4.249999895691872,-0.5624999552965164,0.6249999105930328
OAF_met_sad_angry,OAF,met,sad,angry,OAF_met_sad.wav,OAF_met_angry.wav,-1.1250000298023224,0.5,-1.6249999701976776,0.375,1.8125,-0.3124999701976776,0.3749999403953552
OAF_mill_neutral_happy,OAF,mill,neutral,happy,OAF_mill_neutral.wav,OAF_mill_happy.wav,-0.75,3.625,-0.8749997615814209,3.6874998807907104,4.468749821186066,-0.031249940395355225,0.18749964237213135
OAF_mill_neutral_sad,OAF,mill,neutral,sad,OAF_mill_neutral.wav,OAF_mill_sad.wav,3.749999761581421,6.874999970197678,3.7500001192092896,7.750000327825546,3.5625002086162567,0.43750035762786865,0.875
OAF_mill_neutral_angry,OAF,mill,neutral,angry,OAF_mill_neutral.wav,OAF_mill_angry.wav,2.499999761581421,-0.24999994039535522,2.125,-1.5,-3.187499850988388,-0.8124999105930328,-0.8750002980232239
OAF_mill_happy_sad,OAF,mill,happy,sad,OAF_mill_happy.wav,OAF_mill_sad.wav,-3.8749998807907104,4.875,-4.1249998807907104,5.999999850988388,9.437499806284904,0.43749992549419403,1.374999850988388
OAF_mill_happy_angry,OAF,mill,happy,angry,OAF_mill_happy.wav,OAF_mill_angry.wav,-3.9374998807907104,1.125,-4.5,0.6250001192092896,5.09375,-0.53125,0.0625002384185791
OAF_mill_sad_angry,OAF,mill,sad,angry,OAF_mill_sad.wav,OAF_mill_angry.wav,-1.1249999701976776,2.1249999403953552,-0.8749999403953552,0.6250001192092896,2.374999985098839,-0.6249998956918716,-1.749999850988388
OAF_mob_neutral_happy,OAF,mob,neutral,happy,OAF_mob_neutral.wav,OAF_mob_happy.wav,-0.625,2.6875000596046448,0.3125,2.625,2.8125000298023224,0.4374999701976776,-1.0000000596046448
OAF_mob_neutral_sad,OAF,mob,neutral,sad,OAF_mob_neutral.wav,OAF_mob_sad.wav,5.749999925494194,8.125000178813934,6.000000149011612,8.625000193715096,2.500000149011612,0.37500011920928955,0.2499997913837433
OAF_mob_neutral_angry,OAF,mob,neutral,angry,OAF_mob_neutral.wav,OAF_mob_angry.wav,3.9999998807907104,-2.6250001043081284,4.6249998807907104,-2.4999999701976776,-6.874999918043613,0.3750000670552254,-0.49999986588954926
OAF_mob_happy_sad,OAF,mob,happy,sad,OAF_mob_happy.wav,OAF_mob_sad.wav,-1.25,6.000000089406967,-0.875,6.8750001937150955,7.500000141561031,0.6250000521540642,0.5000001043081284
OAF_mob_happy_angry,OAF,mob,happy,angry,OAF_mob_happy.wav,OAF_mob_angry.wav,-2.25,0.25,-3.1874998807907104,0.75,3.2187499403953552,-0.21874994039535522,1.4374998807907104
OAF_mob_sad_angry,OAF,mob,sad,angry,OAF_mob_sad.wav,OAF_mob_angry.wav,-1.4999999552965164,-1.0,-1.375,-0.75,0.5624999776482582,0.1874999776482582,0.12500004470348358
OAF_mode_neutral_happy,OAF,mode,neutral,happy,OAF_mode_neutral.wav,OAF_mode_happy.wav,-0.125,1.3750000596046448,1.25,1.375,0.8125000298023224,0.6874999701976776,-1.3750000596046448
OAF_mode_neutral_sad,OAF,mode,neutral,sad,OAF_mode_neutral.wav,OAF_mode_sad.wav,4.437499940395355,6.812500223517418,5.687500029802322,7.125000029802322,1.9062501415610313,0.7812499478459358,-0.9375002831220627
OAF_mode_neutral_angry,OAF,mode,neutral,angry,OAF_mode_neutral.wav,OAF_mode_angry.wav,3.8125,-1.9999999403953552,4.1250001192092896,-2.4999999701976776,-6.218750014901161,-0.09374995529651642,-0.8125001490116119
OAF_mode_happy_sad,OAF,mode,happy,sad,OAF_mode_happy.wav,OAF_mode_sad.wav,-1.875,6.187500029802322,-1.4374998807907104,5.812500029802322,7.656249970197678,0.031250059604644775,-0.8125001192092896
OAF_mode_happy_angry,OAF,mode,happy,angry,OAF_mode_happy.wav,OAF_mode_angry.wav,-2.375,0.0,-2.8125,-0.25,2.46875,-0.34375,0.1875
OAF_mode_sad_angry,OAF,mode,sad,angry,OAF_mode_sad.wav,OAF_mode_angry.wav,-1.1250000298023224,0.75,-2.6250001192092896,0.625,2.562500074505806,-0.8125000447034836,1.3750000894069672
OAF_mood_neutral_happy,OAF,mood,neutral,happy,OAF_mood_neutral.wav,OAF_mood_happy.wav,-0.6875,2.9999999403953552,-0.5,3.4374999701976776,3.8124999552965164,0.3125000149011612,0.2500000298023224
OAF_mood_neutral_sad,OAF,mood,neutral,sad,OAF_mood_neutral.wav,OAF_mood_sad.wav,6.750000044703484,7.125000044703484,7.187499761581421,7.7500001192092896,0.4687501788139343,0.5312498956918716,0.18750035762786865
OAF_mood_neutral_angry,OAF,mood,neutral,angry,OAF_mood_neutral.wav,OAF_mood_angry.wav,5.125,-2.749999985098839,4.625,-2.875000089406967,-7.687500037252903,-0.3125000521540642,0.37499989569187164
OAF_mood_happy_sad,OAF,mood,happy,sad,OAF_mood_happy.wav,OAF_mood_sad.wav,-1.9999999701976776,6.125000089406967,-1.1250000298023224,6.1250001192092896,7.687500104308128,0.4374999850988388,-0.8749999105930328
OAF_mood_happy_angry,OAF,mood,happy,angry,OAF_mood_happy.wav,OAF_mood_angry.wav,-4.125000208616257,0.9375,-4.749999895691872,0.5625,5.187500052154064,-0.49999984353780746,0.24999968707561493
OAF_mood_sad_angry,OAF,mood,sad,angry,OAF_mood_sad.wav,OAF_mood_angry.wav,-1.25,-0.7499998807907104,-1.5000000298023224,-0.875,0.562500074505806,-0.18750007450580597,0.12499991059303284
OAF_moon_neutral_happy,OAF,moon,neutral,happy,OAF_moon_neutral.wav,OAF_moon_happy.wav,-0.875,1.9375,-0.6875,2.812499761581421,3.1562498807907104,0.5312498807907104,0.6874997615814209
OAF_moon_neutral_sad,OAF,moon,neutral,sad,OAF_moon_neutral.wav,OAF_moon_sad.wav,4.0000001192092896,7.4374998807907104,3.9999999701976776,7.437500029802322,3.437499910593033,0.0,2.980232238769531e-07
OAF_moon_neutral_angry,OAF,moon,neutral,angry,OAF_moon_neutral.wav,OAF_moon_angry.wav,3.5000001192092896,-2.8750000596046448,2.2500001192092896,-2.875000089406967,-5.7500001937150955,-0.6250000149011612,1.2499999701976776
OAF_moon_happy_sad,OAF,moon,happy,sad,OAF_moon_happy.wav,OAF_moon_sad.wav,-2.687499761581421,5.625,-2.6875001192092896,6.562500029802322,8.781249955296516,0.46874983608722687,0.937500387430191
OAF_moon_happy_angry,OAF,moon,happy,angry,OAF_moon_happy.wav,OAF_moon_angry.wav,-3.124999761581421,-0.125,-3.6875001192092896,-0.125,3.2812499403953552,-0.2812501788139343,0.5625003576278687
OAF_moon_sad_angry,OAF,moon,sad,angry,OAF_moon_sad.wav,OAF_moon_angry.wav,-0.7500000298023224,-0.125,-0.9999999701976776,-0.375,0.625,-0.2499999701976776,-5.960464477539063e-08
OAF_mop_neutral_happy,OAF,mop,neutral,happy,OAF_mop_neutral.wav,OAF_mop_happy.wav,-1.3125,3.3125001043081284,-1.5625,3.4375,4.812500052154064,-0.06250005215406418,0.37499989569187164
OAF_mop_neutral_sad,OAF,mop,neutral,sad,OAF_mop_neutral.wav,OAF_mop_sad.wav,3.8749998211860657,6.0625,2.8750000596046448,7.874999582767487,3.593749850988388,0.40624991059303284,2.8124993443489075
OAF_mop_neutral_angry,OAF,mop,neutral,angry,OAF_mop_neutral.wav,OAF_mop_angry.wav,2.874999761581421,-1.1250000596046448,1.5,-1.25,-3.374999910593033,-0.7499998509883881,1.2499998211860657
OAF_mop_happy_sad,OAF,mop,happy,sad,OAF_mop_happy.wav,OAF_mop_sad.wav,-4.0,4.7499998807907104,-2.375000089406967,6.375000059604645,8.750000014901161,1.6250000447034836,2.682209014892578e-07
OAF_mop_happy_angry,OAF,mop,happy,angry,OAF_mop_happy.wav,OAF_mop_angry.wav,-4.0625,1.0,-4.250000044703484,0.6249998807907104,4.968749962747097,-0.28125008195638657,-0.18750007450580597
OAF_mop_sad_angry,OAF,mop,sad,angry,OAF_mop_sad.wav,OAF_mop_angry.wav,-1.2500000596046448,1.125,-1.6249999403953552,0.37499988079071045,2.1874999403953552,-0.5625,-0.3750002384185791
OAF_mouse_neutral_happy,OAF,mouse,neutral,happy,OAF_mouse_neutral.wav,OAF_mouse_happy.wav,0.1875,2.8124999403953552,0.1875,2.9375,2.6874999701976776,0.06250002980232239,0.12500005960464478
OAF_mouse_neutral_sad,OAF,mouse,neutral,sad,OAF_mouse_neutral.wav,OAF_mouse_sad.wav,6.749999836087227,7.625,6.812500178813934,7.749999523162842,0.9062497541308403,0.09374993294477463,0.06249918043613434
OAF_mouse_neutral_angry,OAF,mouse,neutral,angry,OAF_mouse_neutral.wav,OAF_mouse_angry.wav,5.1249998807907104,4.1875001192092896,4.9999998807907104,2.9999998807907104,-1.4687498807907104,-0.6562501192092896,-1.062500238418579
OAF_mouse_happy_sad,OAF,mouse,happy,sad,OAF_mouse_happy.wav,OAF_mouse_sad.wav,-2.25,6.437500238418579,-2.0,6.5625,8.62500011920929,0.18749988079071045,-0.1250002384185791
OAF_mouse_happy_angry,OAF,mouse,happy,angry,OAF_mouse_happy.wav,OAF_mouse_angry.wav,-3.0625,2.2500000596046448,-4.25,1.4999998807907104,5.531249970197678,-0.9687500894069672,0.4374998211860657
OAF_mouse_sad_angry,OAF,mouse,sad,angry,OAF_mouse_sad.wav,OAF_mouse_angry.wav,-0.25,3.6250000298023224,-0.125,3.3124998807907104,3.6562499552965164,-0.09375007450580597,-0.43750014901161194
OAF_nag_neutral_happy,OAF,nag,neutral,happy,OAF_nag_neutral.wav,OAF_nag_happy.wav,1.25,2.1250000298023224,1.3125,4.000000208616257,1.7812501192092896,0.9687500894069672,1.8125001788139343
OAF_nag_neutral_sad,OAF,nag,neutral,sad,OAF_nag_neutral.wav,OAF_nag_sad.wav,6.250000059604645,8.375000029802322,6.062500178813934,8.062499642372131,2.0624997168779373,-0.25000013411045074,-0.1250005066394806
OAF_nag_neutral_angry,OAF,nag,neutral,angry,OAF_nag_neutral.wav,OAF_nag_angry.wav,5.125,-1.1249999403953552,4.4999998807907104,-1.6250001192092896,-6.187499970197678,-0.5625001490116119,0.12499994039535522
OAF_nag_happy_sad,OAF,nag,happy,sad,OAF_nag_happy.wav,OAF_nag_sad.wav,-6.062500208616257,5.125000178813934,-3.562500089406967,5.7500001192092896,10.250000298023224,1.5625000298023224,-1.8750001788139343
OAF_nag_happy_angry,OAF,nag,happy,angry,OAF_nag_happy.wav,OAF_nag_angry.wav,-5.125000208616257,1.6250001192092896,-4.562500223517418,1.25,6.281250275671482,0.09374993294477463,-0.9375001043081284
OAF_nag_sad_angry,OAF,nag,sad,angry,OAF_nag_sad.wav,OAF_nag_angry.wav,-0.125,-0.875,-0.8750000298023224,-0.8750001192092896,-0.3750000447034836,-0.37500007450580597,0.7499999105930328
OAF_name_neutral_happy,OAF,name,neutral,happy,OAF_name_neutral.wav,OAF_name_happy.wav,-0.1875,2.875000238418579,0.0625,1.9375,2.4687501192092896,-0.34375011920928955,-1.187500238418579
OAF_name_neutral_sad,OAF,name,neutral,sad,OAF_name_neutral.wav,OAF_name_sad.wav,5.125000178813934,6.8124998807907104,6.062500149011612,8.000000268220901,1.8124999105930328,1.0625001788139343,0.2500004172325134
OAF_name_neutral_angry,OAF,name,neutral,angry,OAF_name_neutral.wav,OAF_name_angry.wav,4.375000238418579,2.374999910593033,5.0,0.875,-3.062500163912773,-0.43750007450580597,-2.1249996721744537
OAF_name_happy_sad,OAF,name,happy,sad,OAF_name_happy.wav,OAF_name_sad.wav,0.875,5.250000178813934,1.0,6.312499791383743,4.843749985098839,0.5937498062849045,0.937499612569809
OAF_name_happy_angry,OAF,name,happy,angry,OAF_name_happy.wav,OAF_name_angry.wav,0.0,1.7500000596046448,0.25,1.25,1.3750000298023224,-0.1250000298023224,-0.7500000596046448
OAF_name_sad_angry,OAF,name,sad,angry,OAF_name_sad.wav,OAF_name_angry.wav,-1.2500000298023224,3.2499998807907104,-0.25,1.4999998807907104,3.1249998956918716,-0.3749999850988388,-2.7500000298023224
OAF_near_neutral_happy,OAF,near,neutral,happy,OAF_near_neutral.wav,OAF_near_happy.wav,0.8125,3.4374999552965164,0.625,3.562499910593033,2.7812499329447746,-0.03125002235174179,0.3124999552965164
OAF_near_neutral_sad,OAF,near,neutral,sad,OAF_near_neutral.wav,OAF_near_sad.wav,7.1249998807907104,7.25,6.937500059604645,6.875000104308128,0.031250081956386566,-0.28124985843896866,-0.18750007450580597
OAF_near_neutral_angry,OAF,near,neutral,angry,OAF_near_neutral.wav,OAF_near_angry.wav,6.1249998807907104,-1.3749999701976776,4.937500238418579,-2.1250000298023224,-7.281250059604645,-0.9687498509883881,0.4374995827674866
OAF_near_happy_sad,OAF,near,happy,sad,OAF_near_happy.wav,OAF_near_sad.wav,-1.8749999105930328,6.000000014901161,-1.4999999701976776,6.250000104308128,7.8125,0.3125000149011612,-0.12499985098838806
OAF_near_happy_angry,OAF,near,happy,angry,OAF_near_happy.wav,OAF_near_angry.wav,-3.249999910593033,2.0000001192092896,-4.562500037252903,0.875,5.343750033527613,-1.2187501229345798,0.1875000074505806
OAF_near_sad_angry,OAF,near,sad,angry,OAF_near_sad.wav,OAF_near_angry.wav,-1.4999999850988388,0.0,-2.6249999403953552,-0.125,1.999999962747097,-0.6249999776482582,0.9999999552965164
OAF_neat_neutral_happy,OAF,neat,neutral,happy,OAF_neat_neutral.wav,OAF_neat_happy.wav,-0.0625,4.6249998807907104,0.125,4.749999932944775,4.6562499068677425,0.1562500260770321,-0.06249994784593582
OAF_neat_neutral_sad,OAF,neat,neutral,sad,OAF_neat_neutral.wav,OAF_neat_sad.wav,6.437499985098839,6.187499791383743,6.624999865889549,6.624999850988388,-0.12500010430812836,0.3124999701976776,0.2500001788139343
OAF_neat_neutral_angry,OAF,neat,neutral,angry,OAF_neat_neutral.wav,OAF_neat_angry.wav,4.9375,0.25,3.812500238418579,-1.25,-4.8750001192092896,-1.3124998807907104,-0.3750002384185791
OAF_neat_happy_sad,OAF,neat,happy,sad,OAF_neat_happy.wav,OAF_neat_sad.wav,-6.187499932944775,5.499999791383743,-4.687500134110451,5.937499850988388,11.156249854713678,0.9687499292194843,-1.062499739229679
OAF_neat_happy_angry,OAF,neat,happy,angry,OAF_neat_happy.wav,OAF_neat_angry.wav,-4.937499932944775,0.75,-5.437500059604645,0.0,5.56249999627471,-0.6250000633299351,-0.24999987334012985
OAF_neat_sad_angry,OAF,neat,sad,angry,OAF_neat_sad.wav,OAF_neat_angry.wav,-1.7499999701976776,1.6249999403953552,-1.7499999701976776,0.37499988079071045,2.7499998807907104,-0.6250000298023224,-1.2500000596046448
OAF_nice_neutral_happy,OAF,nice,neutral,happy,OAF_nice_neutral.wav,OAF_nice_happy.wav,0.75,3.624999977648258,0.625,2.125000089406967,2.1875000335276127,-0.8124999441206455,-1.374999888241291
OAF_nice_neutral_sad,OAF,nice,neutral,sad,OAF_nice_neutral.wav,OAF_nice_sad.wav,4.874999761581421,6.9999998807907104,4.937499761581421,6.875000089406967,2.031250223517418,-0.031249895691871643,-0.1874997913837433
OAF_nice_neutral_angry,OAF,nice,neutral,angry,OAF_nice_neutral.wav,OAF_nice_angry.wav,3.874999761581421,2.1249999403953552,3.6249998807907104,1.4999999701976776,-1.9374998658895493,-0.43749992549419403,-0.37500008940696716
OAF_nice_happy_sad,OAF,nice,happy,sad,OAF_nice_happy.wav,OAF_nice_sad.wav,-3.000000089406967,5.250000149011612,-4.562499985098839,5.812500089406967,9.312500156462193,-0.4999999776482582,2.124999836087227
OAF_nice_happy_angry,OAF,nice,happy,angry,OAF_nice_happy.wav,OAF_nice_angry.wav,-3.250000089406967,1.625,-4.749999783933163,1.7499999701976776,5.687499921768904,-0.687499862164259,1.6249996647238731
OAF_nice_sad_angry,OAF,nice,sad,angry,OAF_nice_sad.wav,OAF_nice_angry.wav,-0.8749999701976776,3.8750002086162567,-0.8750000596046448,2.9374999701976776,4.281250104308128,-0.46875016391277313,-0.9375001490116119
OAF_note_neutral_happy,OAF,note,neutral,happy,OAF_note_neutral.wav,OAF_note_happy.wav,-0.3125,2.375,-0.25,2.7500001192092896,2.8437500596046448,0.21875005960464478,0.31250011920928955
OAF_note_neutral_sad,OAF,note,neutral,sad,OAF_note_neutral.wav,OAF_note_sad.wav,5.500000238418579,7.6875001192092896,6.3124998807907104,8.000000417232513,1.9375002086162567,0.5624999701976776,-0.49999934434890747
OAF_note_neutral_angry,OAF,note,neutral,angry,OAF_note_neutral.wav,OAF_note_angry.wav,4.250000238418579,2.7499999701976776,2.5,-0.25,-2.1250001341104507,-2.3750001043081284,-1.2499997317790985
OAF_note_happy_sad,OAF,note,happy,sad,OAF_note_happy.wav,OAF_note_sad.wav,-1.8750001192092896,7.062499940395355,-2.4999999701976776,7.187499940395355,9.312499985098839,-0.24999992549419403,0.7499998509883881
OAF_note_happy_angry,OAF,note,happy,angry,OAF_note_happy.wav,OAF_note_angry.wav,-2.9375001192092896,1.6250000894069672,-4.499999910593033,0.75,4.906250059604645,-1.2187499403953552,0.6874997019767761
OAF_note_sad_angry,OAF,note,sad,angry,OAF_note_sad.wav,OAF_note_angry.wav,-1.8749999403953552,3.3124998807907104,-1.125,1.6249998807907104,3.968749850988388,-0.4687500298023224,-2.4374999403953552
OAF_numb_neutral_happy,OAF,numb,neutral,happy,OAF_numb_neutral.wav,OAF_numb_happy.wav,-0.25,3.1249998807907104,-0.375,1.8125,2.7812499403953552,-0.7187499403953552,-1.1874998807907104
OAF_numb_neutral_sad,OAF,numb,neutral,sad,OAF_numb_neutral.wav,OAF_numb_sad.wav,4.499999821186066,6.750000059604645,5.125000044703484,6.374999761581421,1.7499999776482582,0.12499996274709702,-1.0000005215406418
OAF_numb_neutral_angry,OAF,numb,neutral,angry,OAF_numb_neutral.wav,OAF_numb_angry.wav,3.499999761581421,-1.25,3.5000001192092896,-1.9999999701976776,-5.124999925494194,-0.3749998062849045,-0.7500003278255463
OAF_numb_happy_sad,OAF,numb,happy,sad,OAF_numb_happy.wav,OAF_numb_sad.wav,0.6249999403953552,5.500000178813934,-0.5,5.124999761581421,5.25,-0.7500001788139343,0.7499995231628418
OAF_numb_happy_angry,OAF,numb,happy,angry,OAF_numb_happy.wav,OAF_numb_angry.wav,-1.0,1.5,-2.500000089406967,1.375,3.1875000447034836,-0.8125000447034836,1.3750000894069672
OAF_numb_sad_angry,OAF,numb,sad,angry,OAF_numb_sad.wav,OAF_numb_angry.wav,-0.375,-1.125,-1.2499999701976776,-0.75,-0.1250000149011612,-0.2499999850988388,1.2499999701976776
OAF_pad_neutral_happy,OAF,pad,neutral,happy,OAF_pad_neutral.wav,OAF_pad_happy.wav,-0.5625,2.5000000298023224,-0.375,2.1250000298023224,2.7812500298023224,-0.09375,-0.5625
OAF_pad_neutral_sad,OAF,pad,neutral,sad,OAF_pad_neutral.wav,OAF_pad_sad.wav,5.999999850988388,5.8749998807907104,5.9375,6.562500059604645,0.2500000447034836,0.31250016391277313,0.7500000298023224
OAF_pad_neutral_angry,OAF,pad,neutral,angry,OAF_pad_neutral.wav,OAF_pad_angry.wav,4.7499998807907104,-1.8750000596046448,3.812499761581421,-2.0,-6.218749850988388,-0.5312500298023224,0.8125001788139343
OAF_pad_happy_sad,OAF,pad,happy,sad,OAF_pad_happy.wav,OAF_pad_sad.wav,-1.6250000298023224,5.750000178813934,-0.4999999403953552,5.375000059604645,6.625000104308128,0.3749999850988388,-1.5000002086162567
OAF_pad_happy_angry,OAF,pad,happy,angry,OAF_pad_happy.wav,OAF_pad_angry.wav,-1.8750000298023224,-0.25,-2.937499910593033,-0.125,2.2187499701976776,-0.4687499403953552,1.1874998807907104
OAF_pad_sad_angry,OAF,pad,sad,angry,OAF_pad_sad.wav,OAF_pad_angry.wav,-0.8750000596046448,0.375,-0.375,0.125,0.8750000298023224,0.1250000298023224,-0.7500000596046448
OAF_page_neutral_happy,OAF,page,neutral,happy,OAF_page_neutral.wav,OAF_page_happy.wav,-0.5,3.4374998211860657,-0.375,3.0625000596046448,3.6874999403953552,-0.12499988079071045,-0.4999997615814209
OAF_page_neutral_sad,OAF,page,neutral,sad,OAF_page_neutral.wav,OAF_page_sad.wav,4.9375001192092896,6.5000001192092896,4.9374998807907104,5.999999940395355,1.3125000298023224,-0.2500002086162567,-0.4999999403953552
OAF_page_neutral_angry,OAF,page,neutral,angry,OAF_page_neutral.wav,OAF_page_angry.wav,4.5625001192092896,-3.374999888241291,3.5,-2.9999999701976776,-7.218749988824129,-0.34375010058283806,1.437500037252903
OAF_page_happy_sad,OAF,page,happy,sad,OAF_page_happy.wav,OAF_page_sad.wav,-2.5000000596046448,5.250000163912773,-1.1250000596046448,5.062499940395355,6.968750111758709,0.593749888241291,-1.562500223517418
OAF_page_happy_angry,OAF,page,happy,angry,OAF_page_happy.wav,OAF_page_angry.wav,-2.7500000596046448,0.5,-2.3124999701976776,-0.125,2.718750014901161,-0.09374995529651642,-1.0625000894069672
OAF_page_sad_angry,OAF,page,sad,angry,OAF_page_sad.wav,OAF_page_angry.wav,-0.8749999403953552,0.125,-1.5,-0.25,1.1249999701976776,-0.5000000298023224,0.2500000596046448
OAF_pain_neutral_happy,OAF,pain,neutral,happy,OAF_pain_neutral.wav,OAF_pain_happy.wav,-0.0625,3.2500001192092896,-0.25,2.5625,3.0625000596046448,-0.4375000596046448,-0.5000001192092896
OAF_pain_neutral_sad,OAF,pain,neutral,sad,OAF_pain_neutral.wav,OAF_pain_sad.wav,5.374999761581421,8.187499858438969,5.812499970197678,8.68749974668026,2.843749936670065,0.4687500484287739,0.06249967962503433
OAF_pain_neutral_angry,OAF,pain,neutral,angry,OAF_pain_neutral.wav,OAF_pain_angry.wav,3.999999761581421,-1.2499999403953552,2.75,-1.375,-4.687499850988388,-0.6874999105930328,1.1249997019767761
OAF_pain_happy_sad,OAF,pain,happy,sad,OAF_pain_happy.wav,OAF_pain_sad.wav,0.5,6.500000163912773,-0.24999994039535522,7.125000223517418,6.687500163912773,-0.062499940395355225,1.375
OAF_pain_happy_angry,OAF,pain,happy,angry,OAF_pain_happy.wav,OAF_pain_angry.wav,-0.5,1.25,-1.125,0.75,1.8125,-0.5625,0.125
OAF_pain_sad_angry,OAF,pain,sad,angry,OAF_pain_sad.wav,OAF_pain_angry.wav,-1.7499999850988388,0.375,-1.3750000298023224,-0.375,1.5625000074505806,-0.1875000223517418,-1.1249999552965164
OAF_pass_neutral_happy,OAF,pass,neutral,happy,OAF_pass_neutral.wav,OAF_pass_happy.wav,-0.125,3.125,-0.25,2.8125000298023224,3.156250014901161,-0.2187499850988388,-0.1874999701976776
OAF_pass_neutral_sad,OAF,pass,neutral,sad,OAF_pass_neutral.wav,OAF_pass_sad.wav,6.874999910593033,8.125000089406967,7.1249998807907104,8.250000447034836,1.1875003725290298,0.18750016391277313,-0.12499961256980896
OAF_pass_neutral_angry,OAF,pass,neutral,angry,OAF_pass_neutral.wav,OAF_pass_angry.wav,6.1249998807907104,1.3750000596046448,5.5,1.0,-4.624999910593033,-0.4999999701976776,0.24999982118606567
OAF_pass_happy_sad,OAF,pass,happy,sad,OAF_pass_happy.wav,OAF_pass_sad.wav,-2.2500000298023224,6.749999821186066,-2.0,6.687499970197678,8.843749910593033,0.09375008940696716,-0.31249988079071045
OAF_pass_happy_angry,OAF,pass,happy,angry,OAF_pass_happy.wav,OAF_pass_angry.wav,-2.6875000298023224,2.1249999403953552,-4.125000178813934,1.9999998807907104,5.468750014901161,-0.7812501043081284,1.3125000894069672
OAF_pass_sad_angry,OAF,pass,sad,angry,OAF_pass_sad.wav,OAF_pass_angry.wav,-0.4999999701976776,1.5,-1.1249999701976776,0.875,1.9999999701976776,-0.625,0.0
OAF_pearl_neutral_happy,OAF,pearl,neutral,happy,OAF_pearl_neutral.wav,OAF_pearl_happy.wav,-1.0625,1.5,-0.875,1.7499999701976776,2.593749985098839,0.2187499850988388,0.06249997019767761
OAF_pearl_neutral_sad,OAF,pearl,neutral,sad,OAF_pearl_neutral.wav,OAF_pearl_sad.wav,3.625000238418579,7.937500357627869,3.999999761581421,7.874999761581421,4.093750059604645,0.15624946355819702,-0.43750011920928955
OAF_pearl_neutral_angry,OAF,pearl,neutral,angry,OAF_pearl_neutral.wav,OAF_pearl_angry.wav,3.500000238418579,-2.124999910593033,2.25,-2.500000014901161,-5.187500081956387,-0.8125001713633537,0.8750001341104507
OAF_pearl_happy_sad,OAF,pearl,happy,sad,OAF_pearl_happy.wav,OAF_pearl_sad.wav,-1.6249999701976776,6.6875,-1.375,6.249999761581421,7.968749865889549,-0.09375013411045074,-0.6875002086162567
OAF_pearl_happy_angry,OAF,pearl,happy,angry,OAF_pearl_happy.wav,OAF_pearl_angry.wav,-2.2499999701976776,0.625,-3.3749999403953552,0.25,3.2499999552965164,-0.7499999850988388,0.7499999701976776
OAF_pearl_sad_angry,OAF,pearl,sad,angry,OAF_pearl_sad.wav,OAF_pearl_angry.wav,-0.375,1.0,-0.75,0.25,1.1875,-0.5625,-0.375
OAF_peg_neutral_happy,OAF,peg,neutral,happy,OAF_peg_neutral.wav,OAF_peg_happy.wav,-0.25,2.6249999701976776,0.625,2.875,2.562499985098839,0.5625000149011612,-0.6249999701976776
OAF_peg_neutral_sad,OAF,peg,neutral,sad,OAF_peg_neutral.wav,OAF_peg_sad.wav,5.250000149011612,7.249999910593033,5.0000001192092896,6.875000149011612,1.9374998956918716,-0.31249989569187164,-0.12499973177909851
OAF_peg_neutral_angry,OAF,peg,neutral,angry,OAF_peg_neutral.wav,OAF_peg_angry.wav,4.1250001192092896,0.0,3.375,-2.124999925494194,-4.812500022351742,-1.4375000223517418,-1.3749998062849045
OAF_peg_happy_sad,OAF,peg,happy,sad,OAF_peg_happy.wav,OAF_peg_sad.wav,-1.75,5.8750001192092896,-1.6249999701976776,5.250000149011612,7.2500001192092896,-0.2499999701976776,-0.75
OAF_peg_happy_angry,OAF,peg,happy,angry,OAF_peg_happy.wav,OAF_peg_angry.wav,-2.125,2.375,-3.6250001192092896,0.375,4.250000059604645,-1.7500000596046448,-0.49999988079071045
OAF_peg_sad_angry,OAF,peg,sad,angry,OAF_peg_sad.wav,OAF_peg_angry.wav,-1.1250000298023224,2.1249998807907104,-1.3749999552965164,1.0,2.8124999329447746,-0.6874999031424522,-0.8749999552965164
OAF_perch_neutral_happy,OAF,perch,neutral,happy,OAF_perch_neutral.wav,OAF_perch_happy.wav,0.4375,2.624999925494194,0.5625,2.9375000298023224,2.281249977648258,0.21875005215406418,0.18750010430812836
OAF_perch_neutral_sad,OAF,perch,neutral,sad,OAF_perch_neutral.wav,OAF_perch_sad.wav,7.124999970197678,8.0625,7.687499985098839,8.499999657273293,0.8749998509883881,0.49999983608722687,-0.12500035762786865
OAF_perch_neutral_angry,OAF,perch,neutral,angry,OAF_perch_neutral.wav,OAF_perch_angry.wav,6.125,0.8750000596046448,5.4375,0.25,-5.218749970197678,-0.6562500298023224,0.062499940395355225
OAF_perch_happy_sad,OAF,perch,happy,sad,OAF_perch_happy.wav,OAF_perch_sad.wav,-3.1875000298023224,5.999999910593033,-2.0,6.687500134110451,8.937500037252903,0.9375001266598701,-0.4999998062849045
OAF_perch_happy_angry,OAF,perch,happy,angry,OAF_perch_happy.wav,OAF_perch_angry.wav,-3.7500000298023224,1.8750001192092896,-4.312500059604645,1.7499998807907104,5.843750044703484,-0.34375013411045074,0.4374997913837433
OAF_perch_sad_angry,OAF,perch,sad,angry,OAF_perch_sad.wav,OAF_perch_angry.wav,-1.7500000149011612,1.75,-0.7499999701976776,1.4999998807907104,2.8749999329447746,0.374999962747097,-1.2500001639127731
OAF_phone_neutral_happy,OAF,phone,neutral,happy,OAF_phone_neutral.wav,OAF_phone_happy.wav,0.9375,1.875,0.4375,2.249999910593033,1.3749999552965164,-0.06250004470348358,0.8749999105930328
OAF_phone_neutral_sad,OAF,phone,neutral,sad,OAF_phone_neutral.wav,OAF_phone_sad.wav,7.375000149011612,8.81249986588955,7.3125,8.937500208616257,1.531249962747097,0.03125009685754776,0.1875004917383194
OAF_phone_neutral_angry,OAF,phone,neutral,angry,OAF_phone_neutral.wav,OAF_phone_angry.wav,5.375000238418579,2.0,3.75,-2.125000089406967,-4.625000163912773,-2.875000163912773,-2.499999850988388
OAF_phone_happy_sad,OAF,phone,happy,sad,OAF_phone_happy.wav,OAF_phone_sad.wav,-1.8749999105930328,6.937499970197678,-1.1250000596046448,7.187500208616257,8.562500074505806,0.5000000447034836,-0.49999961256980896
OAF_phone_happy_angry,OAF,phone,happy,angry,OAF_phone_happy.wav,OAF_phone_angry.wav,-2.124999910593033,1.0,-3.2500000447034836,0.375,3.374999977648258,-0.8750000670552254,0.5000001341104507
OAF_phone_sad_angry,OAF,phone,sad,angry,OAF_phone_sad.wav,OAF_phone_angry.wav,-1.4999999701976776,0.625,-1.6249999552965164,0.125,1.937499962747097,-0.3124999925494194,-0.3750000149011612
OAF_pick_neutral_happy,OAF,pick,neutral,happy,OAF_pick_neutral.wav,OAF_pick_happy.wav,-0.125,2.124999910593033,-0.125,1.5,1.9374999552965164,-0.3124999552965164,-0.6249999105930328
OAF_pick_neutral_sad,OAF,pick,neutral,sad,OAF_pick_neutral.wav,OAF_pick_sad.wav,4.750000178813934,5.874999910593033,4.250000238418579,6.437500178813934,1.6562498360872269,0.03125016391277313,1.0625002086162567
OAF_pick_neutral_angry,OAF,pick,neutral,angry,OAF_pick_neutral.wav,OAF_pick_angry.wav,3.500000238418579,2.874999910593033,2.6250001192092896,2.1249998807907104,-0.5625002831220627,-0.812500074505806,0.12500008940696716
OAF_pick_happy_sad,OAF,pick,happy,sad,OAF_pick_happy.wav,OAF_pick_sad.wav,-0.875,5.812500074505806,0.375,5.750000178813934,6.03125012665987,0.5937500521540642,-1.3124998956918716
OAF_pick_happy_angry,OAF,pick,happy,angry,OAF_pick_happy.wav,OAF_pick_angry.wav,-2.0,1.6249999701976776,-3.1249999701976776,1.5,4.124999970197678,-0.6249999701976776,1.0
OAF_pick_sad_angry,OAF,pick,sad,angry,OAF_pick_sad.wav,OAF_pick_angry.wav,-1.8749999403953552,3.2500000298023224,-2.374999910593033,2.4999998807907104,4.9999998807907104,-0.6250000596046448,-0.2500001788139343
OAF_pike_neutral_happy,OAF,pike,neutral,happy,OAF_pike_neutral.wav,OAF_pike_happy.wav,-0.625,0.6875,-0.875,1.0,1.59375,0.03125,0.5625
OAF_pike_neutral_sad,OAF,pike,neutral,sad,OAF_pike_neutral.wav,OAF_pike_sad.wav,4.562499821186066,6.937499821186066,4.937500029802322,7.375000223517418,2.4062500968575478,0.4062503054738045,0.06250019371509552
OAF_pike_neutral_angry,OAF,pike,neutral,angry,OAF_pike_neutral.wav,OAF_pike_angry.wav,3.812499761581421,-1.4999999403953552,3.9999998807907104,-1.7500001192092896,-5.531249850988388,-0.03125002980232239,-0.4375002980232239
OAF_pike_happy_sad,OAF,pike,happy,sad,OAF_pike_happy.wav,OAF_pike_sad.wav,0.375,6.375000074505806,1.0,6.750000223517418,5.875000149011612,0.500000074505806,-0.24999985098838806
OAF_pike_happy_angry,OAF,pike,happy,angry,OAF_pike_happy.wav,OAF_pike_angry.wav,-0.5,1.375,-1.0,0.25,1.5625,-0.8125,-0.625
OAF_pike_sad_angry,OAF,pike,sad,angry,OAF_pike_sad.wav,OAF_pike_angry.wav,-1.6249999850988388,0.875,-1.5000000447034836,-0.125,1.9375000149011612,-0.4375000298023224,-1.1249999403953552
OAF_pole_neutral_happy,OAF,pole,neutral,happy,OAF_pole_neutral.wav,OAF_pole_happy.wav,-1.9375,2.5625001192092896,-1.5,2.250000089406967,4.125000104308128,0.062499985098838806,-0.7500000298023224
OAF_pole_neutral_sad,OAF,pole,neutral,sad,OAF_pole_neutral.wav,OAF_pole_sad.wav,2.5000001192092896,7.562500238418579,3.2499999403953552,7.8125,4.812500089406967,0.4999997913837433,-0.5000000596046448
OAF_pole_neutral_angry,OAF,pole,neutral,angry,OAF_pole_neutral.wav,OAF_pole_angry.wav,2.2500001192092896,-3.124999947845936,2.2499998807907104,-3.1249999701976776,-5.374999959021807,-1.30385160446167e-07,2.1606683731079102e-07
OAF_pole_happy_sad,OAF,pole,happy,sad,OAF_pole_happy.wav,OAF_pole_sad.wav,-2.250000089406967,6.000000059604645,-2.0000000596046448,6.0,8.125000104308128,0.1249999850988388,-0.25000008940696716
OAF_pole_happy_angry,OAF,pole,happy,angry,OAF_pole_happy.wav,OAF_pole_angry.wav,-2.687500089406967,0.0,-3.75,-0.125,3.1562500447034836,-0.5937499552965164,0.9374999105930328
OAF_pole_sad_angry,OAF,pole,sad,angry,OAF_pole_sad.wav,OAF_pole_angry.wav,0.25,0.0,-0.6250000298023224,0.125,0.2500000149011612,-0.3750000149011612,1.0000000298023224
OAF_pool_neutral_happy,OAF,pool,neutral,happy,OAF_pool_neutral.wav,OAF_pool_happy.wav,-0.1875,2.4374998807907104,-0.375,2.7500000596046448,2.8749999701976776,0.06250008940696716,0.5000001788139343
OAF_pool_neutral_sad,OAF,pool,neutral,sad,OAF_pool_neutral.wav,OAF_pool_sad.wav,6.8749998807907104,7.062500089406967,6.312500029802322,6.9999998807907104,0.4375000298023224,-0.3125000298023224,0.49999964237213135
OAF_pool_neutral_angry,OAF,pool,neutral,angry,OAF_pool_neutral.wav,OAF_pool_angry.wav,5.8749998807907104,-2.750000014901161,4.812500059604645,-2.9999999701976776,-8.218749962747097,-0.656249888241291,0.8124998658895493
OAF_pool_happy_sad,OAF,pool,happy,sad,OAF_pool_happy.wav,OAF_pool_sad.wav,-3.5000000596046448,5.937499940395355,-2.9375000298023224,6.3124998807907104,9.343749955296516,0.4687499850988388,-0.18750008940696716
OAF_pool_happy_angry,OAF,pool,happy,angry,OAF_pool_happy.wav,OAF_pool_angry.wav,-3.8124998211860657,-0.5,-4.187499791383743,-0.75,3.3749998062849045,-0.3124999850988388,0.12499997019767761
OAF_pool_sad_angry,OAF,pool,sad,angry,OAF_pool_sad.wav,OAF_pool_angry.wav,-0.875,0.5,-1.25,0.625,1.625,-0.125,0.5
OAF_puff_neutral_happy,OAF,puff,neutral,happy,OAF_puff_neutral.wav,OAF_puff_happy.wav,-0.3125,3.000000074505806,0.0625,2.875000089406967,3.0625000819563866,0.1250000074505806,-0.4999999850988388
OAF_puff_neutral_sad,OAF,puff,neutral,sad,OAF_puff_neutral.wav,OAF_puff_sad.wav,6.124999850988388,6.937499776482582,6.937499985098839,6.625000059604645,0.25,0.2500002086162567,-1.124999850988388
OAF_puff_neutral_angry,OAF,puff,neutral,angry,OAF_puff_neutral.wav,OAF_puff_angry.wav,4.7499998807907104,-1.6250000596046448,3.937500238418579,-2.3750000447034836,-6.343750111758709,-0.7812498137354851,0.06249965727329254
OAF_puff_happy_sad,OAF,puff,happy,sad,OAF_puff_happy.wav,OAF_puff_sad.wav,-2.250000089406967,5.125000178813934,-2.624999910593033,5.625000059604645,7.8125001192092896,0.06250002980232239,0.8749997019767761
OAF_puff_happy_angry,OAF,puff,happy,angry,OAF_puff_happy.wav,OAF_puff_angry.wav,-2.937500089406967,-0.375,-4.250000089406967,-0.375,3.218750089406967,-0.65625,1.3125
OAF_puff_sad_angry,OAF,puff,sad,angry,OAF_puff_sad.wav,OAF_puff_angry.wav,-1.3750000596046448,1.125,-2.1250001192092896,0.75,2.687500089406967,-0.5625000298023224,0.3750000596046448
OAF_rag_neutral_happy,OAF,rag,neutral,happy,OAF_rag_neutral.wav,OAF_rag_happy.wav,-0.1875,3.875000014901161,0.0,4.375000208616257,4.218750111758709,0.34375009685754776,0.3125001937150955
OAF_rag_neutral_sad,OAF,rag,neutral,sad,OAF_rag_neutral.wav,OAF_rag_sad.wav,5.937500134110451,7.499999821186066,5.249999910593033,7.250000089406967,1.7812499329447746,-0.4687499776482582,0.4375004917383194
OAF_rag_neutral_angry,OAF,rag,neutral,angry,OAF_rag_neutral.wav,OAF_rag_angry.wav,4.4375001192092896,1.0,3.6875,1.0,-3.0625000596046448,-0.3750000596046448,0.7500001192092896
OAF_rag_happy_sad,OAF,rag,happy,sad,OAF_rag_happy.wav,OAF_rag_sad.wav,-3.6249999701976776,7.062499970197678,-2.2500000596046448,6.187500089406967,9.562500044703484,0.2500000149011612,-2.2499997913837433
OAF_rag_happy_angry,OAF,rag,happy,angry,OAF_rag_happy.wav,OAF_rag_angry.wav,-4.000000208616257,1.625,-4.875000182539225,1.7499998807907104,6.125000135973096,-0.37500004656612873,0.9999998547136784
OAF_rag_sad_angry,OAF,rag,sad,angry,OAF_rag_sad.wav,OAF_rag_angry.wav,-0.7499999701976776,2.6249998807907104,-1.4999999552965164,2.7499998807907104,3.8124998435378075,-0.3124999925494194,0.8749999850988388
OAF_raid_neutral_happy,OAF,raid,neutral,happy,OAF_raid_neutral.wav,OAF_raid_happy.wav,0.4375,2.8749998956918716,0.875,3.499999985098839,2.5312499403953552,0.5312500447034836,0.18750008940696716
OAF_raid_neutral_sad,OAF,raid,neutral,sad,OAF_raid_neutral.wav,OAF_raid_sad.wav,6.125000178813934,5.437499821186066,5.812500149011612,6.812499821186066,0.15624965727329254,0.5312499850988388,1.6875000298023224
OAF_raid_neutral_angry,OAF,raid,neutral,angry,OAF_raid_neutral.wav,OAF_raid_angry.wav,5.375000238418579,1.7499999403953552,4.8125,1.0,-3.718750149011612,-0.6562500894069672,-0.18749970197677612
OAF_raid_happy_sad,OAF,raid,happy,sad,OAF_raid_happy.wav,OAF_raid_sad.wav,-2.999999985098839,5.312500059604645,-3.3749998807907104,5.687499821186066,8.68749987334013,-6.705522537231445e-08,0.7499996572732925
OAF_raid_happy_angry,OAF,raid,happy,angry,OAF_raid_happy.wav,OAF_raid_angry.wav,-4.187499985098839,2.0000000298023224,-4.437500208616257,1.5,6.062500111758709,-0.37500012665987015,-0.24999980628490448
OAF_raid_sad_angry,OAF,raid,sad,angry,OAF_raid_sad.wav,OAF_raid_angry.wav,-0.8750000596046448,1.5,-0.8749999403953552,1.5,2.375,5.960464477539063e-08,-1.1920928955078125e-07
OAF_rain_neutral_happy,OAF,rain,neutral,happy,OAF_rain_neutral.wav,OAF_rain_happy.wav,0.0625,2.5000000596046448,-0.375,1.9375,2.3750000298023224,-0.5000000298023224,-0.12500005960464478
OAF_rain_neutral_sad,OAF,rain,neutral,sad,OAF_rain_neutral.wav,OAF_rain_sad.wav,6.249999970197678,7.125000029802322,5.687500178813934,7.624999761581421,1.4062498211860657,-0.03125002980232239,1.0624995231628418
OAF_rain_neutral_angry,OAF,rain,neutral,angry,OAF_rain_neutral.wav,OAF_rain_angry.wav,5.0,-2.874999925494194,4.0625,-2.5,-7.218749962747097,-0.281250037252903,1.312499925494194
OAF_rain_happy_sad,OAF,rain,happy,sad,OAF_rain_happy.wav,OAF_rain_sad.wav,0.5,5.749999910593033,0.0,6.562499761581421,5.906249836087227,0.15624992549419403,1.312499850988388
OAF_rain_happy_angry,OAF,rain,happy,angry,OAF_rain_happy.wav,OAF_rain_angry.wav,-0.875,0.75,-1.7499998807907104,0.375,1.8749999403953552,-0.6249999403953552,0.49999988079071045
OAF_rain_sad_angry,OAF,rain,sad,angry,OAF_rain_sad.wav,OAF_rain_angry.wav,-1.375,-0.25,-0.8749999701976776,-0.375,0.8124999850988388,0.1875000149011612,-0.6250000298023224
OAF_raise_neutral_happy,OAF,raise,neutral,happy,OAF_raise_neutral.wav,OAF_raise_happy.wav,-0.375,3.249999985098839,0.625,3.312500052154064,3.1562500186264515,0.5312500335276127,-0.9374999329447746
OAF_raise_neutral_sad,OAF,raise,neutral,sad,OAF_raise_neutral.wav,OAF_raise_sad.wav,5.062500149011612,5.999999850988388,5.312499791383743,6.812500178813934,1.2187500447034836,0.5312499850988388,0.5625006854534149
OAF_raise_neutral_angry,OAF,raise,neutral,angry,OAF_raise_neutral.wav,OAF_raise_angry.wav,4.1875001192092896,-1.6250000596046448,4.5625001192092896,-2.375,-6.375000149011612,-0.1874999701976776,-1.1249999403953552
OAF_raise_happy_sad,OAF,raise,happy,sad,OAF_raise_happy.wav,OAF_raise_sad.wav,-4.187499813735485,5.437500059604645,-3.0625000447034836,6.000000178813934,9.343750048428774,0.8437499441206455,-0.562499649822712
OAF_raise_happy_angry,OAF,raise,happy,angry,OAF_raise_happy.wav,OAF_raise_angry.wav,-4.062499813735485,0.625,-4.250000149011612,0.375,4.6562499813735485,-0.21875016763806343,-0.06249966472387314
OAF_raise_sad_angry,OAF,raise,sad,angry,OAF_raise_sad.wav,OAF_raise_angry.wav,-1.2499999403953552,0.75,-1.125,-0.5,1.3124999701976776,-0.5625000298023224,-1.3749999403953552
OAF_rat_neutral_happy,OAF,rat,neutral,happy,OAF_rat_neutral.wav,OAF_rat_happy.wav,0.125,2.1875,0.4375,1.0000001192092896,1.3125000596046448,-0.4374999403953552,-1.4999998807907104
OAF_rat_neutral_sad,OAF,rat,neutral,sad,OAF_rat_neutral.wav,OAF_rat_sad.wav,5.937500178813934,7.250000178813934,5.937499776482582,7.624999955296516,1.5000000894069672,0.18749968707561493,0.3750001788139343
OAF_rat_neutral_angry,OAF,rat,neutral,angry,OAF_rat_neutral.wav,OAF_rat_angry.wav,4.562500238418579,2.8749999403953552,3.687500238418579,1.8749999403953552,-1.7500002980232239,-0.9375,-0.125
OAF_rat_happy_sad,OAF,rat,happy,sad,OAF_rat_happy.wav,OAF_rat_sad.wav,1.0,5.874999850988388,0.125,6.374999955296516,5.562499903142452,-0.18749994784593582,1.3750001043081284
OAF_rat_happy_angry,OAF,rat,happy,angry,OAF_rat_happy.wav,OAF_rat_angry.wav,-0.125,2.625000074505806,-2.7499999701976776,1.8749999403953552,3.6874999925494194,-1.6875000521540642,1.8749998360872269
OAF_rat_sad_angry,OAF,rat,sad,angry,OAF_rat_sad.wav,OAF_rat_angry.wav,-1.6249999552965164,4.124999895691872,-0.6249999403953552,3.1249999403953552,4.749999865889549,2.9802322387695312e-08,-1.9999999701976776
OAF_reach_neutral_happy,OAF,reach,neutral,happy,OAF_reach_neutral.wav,OAF_reach_happy.wav,0.625,3.062499910593033,0.25,2.7499999552965164,2.4687499329447746,-0.3437499776482582,0.06250004470348358
OAF_reach_neutral_sad,OAF,reach,neutral,sad,OAF_reach_neutral.wav,OAF_reach_sad.wav,5.687499821186066,5.250000208616257,5.750000163912773,5.999999776482582,-0.09375,0.4062499552965164,0.6874992251396179
OAF_reach_neutral_angry,OAF,reach,neutral,angry,OAF_reach_neutral.wav,OAF_reach_angry.wav,4.187499761581421,-3.124999985098839,3.9999998807907104,-3.1250001043081284,-7.218749865889549,-0.09375,0.1874997615814209
OAF_reach_happy_sad,OAF,reach,happy,sad,OAF_reach_happy.wav,OAF_reach_sad.wav,-3.7499999552965164,5.8749998807907104,-2.9375,5.937499776482582,9.249999806284904,0.43749992549419403,-0.7500000596046448
OAF_reach_happy_angry,OAF,reach,happy,angry,OAF_reach_happy.wav,OAF_reach_angry.wav,-4.6250001937150955,0.375,-4.624999955296516,-0.125,4.750000074505806,-0.24999988079071045,-0.5000002384185791
OAF_reach_sad_angry,OAF,reach,sad,angry,OAF_reach_sad.wav,OAF_reach_angry.wav,-1.5000000149011612,0.625,-0.25,0.25,1.3125000074505806,0.4375000074505806,-1.6250000149011612
OAF_read_neutral_happy,OAF,read,neutral,happy,OAF_read_neutral.wav,OAF_read_happy.wav,-1.25,4.062499910593033,-1.4375,4.250000059604645,5.499999985098839,7.450580596923828e-08,0.37500014901161194
OAF_read_neutral_sad,OAF,read,neutral,sad,OAF_read_neutral.wav,OAF_read_sad.wav,3.8750001788139343,6.062499821186066,3.8750001192092896,6.812499821186066,2.5624996721744537,0.3749999701976776,0.7500000596046448
OAF_read_neutral_angry,OAF,read,neutral,angry,OAF_read_neutral.wav,OAF_read_angry.wav,2.625000238418579,-1.999999925494194,2.75,-0.5,-3.9375000819563866,0.8124998435378075,1.3750001639127731
OAF_read_happy_sad,OAF,read,happy,sad,OAF_read_happy.wav,OAF_read_sad.wav,-3.9375000596046448,3.750000238418579,-3.812499888241291,5.249999821186066,8.37500000372529,0.8124998770654202,1.3749994114041328
OAF_read_happy_angry,OAF,read,happy,angry,OAF_read_happy.wav,OAF_read_angry.wav,-4.437500059604645,0.75,-4.250000007450581,0.9999998807907104,5.218749973922968,0.2187499664723873,0.06249982863664627
OAF_read_sad_angry,OAF,read,sad,angry,OAF_read_sad.wav,OAF_read_angry.wav,-0.6250000596046448,1.5,-1.1249999701976776,1.2499998807907104,2.2499999552965164,-0.3750000149011612,0.2499997913837433
OAF_red_neutral_happy,OAF,red,neutral,happy,OAF_red_neutral.wav,OAF_red_happy.wav,-0.3125,3.2500000447034836,-0.125,3.437499910593033,3.562499977648258,0.18749993294477463,-1.341104507446289e-07
OAF_red_neutral_sad,OAF,red,neutral,sad,OAF_red_neutral.wav,OAF_red_sad.wav,3.999999761581421,5.312500178813934,4.124999850988388,6.625000238418579,1.9062504023313522,0.718750074505806,1.1874999701976776
OAF_red_neutral_angry,OAF,red,neutral,angry,OAF_red_neutral.wav,OAF_red_angry.wav,2.874999761581421,-3.374999947845936,3.1874998807907104,-1.3749999403953552,-5.406249765306711,1.156250063329935,1.687499888241291
OAF_red_happy_sad,OAF,red,happy,sad,OAF_red_happy.wav,OAF_red_sad.wav,-1.7500000298023224,4.750000089406967,-1.7500000447034836,5.250000238418579,6.750000201165676,0.2500000670552254,0.5000001639127731
OAF_red_happy_angry,OAF,red,happy,angry,OAF_red_happy.wav,OAF_red_angry.wav,-3.562499910593033,-0.25,-2.9999999701976776,1.0,3.6562499403953552,0.9062499701976776,0.6875000596046448
OAF_red_sad_angry,OAF,red,sad,angry,OAF_red_sad.wav,OAF_red_angry.wav,-0.875,-0.125,-1.1250000298023224,0.0,0.9375000149011612,-0.0625000149011612,0.3750000298023224
OAF_ring_neutral_happy,OAF,ring,neutral,happy,OAF_ring_neutral.wav,OAF_ring_happy.wav,0.5,2.7500000596046448,0.8125,2.75,2.0937500298023224,0.1562499701976776,-0.3125000596046448
OAF_ring_neutral_sad,OAF,ring,neutral,sad,OAF_ring_neutral.wav,OAF_ring_sad.wav,6.125000104308128,6.250000178813934,6.187500014901161,5.500000238418579,-0.28124985098838806,-0.3437500149011612,-0.8124998509883881
OAF_ring_neutral_angry,OAF,ring,neutral,angry,OAF_ring_neutral.wav,OAF_ring_angry.wav,4.6250001192092896,0.5,3.374999761581421,-1.2500000298023224,-4.374999955296516,-1.5000001937150955,-0.49999967217445374
OAF_ring_happy_sad,OAF,ring,happy,sad,OAF_ring_happy.wav,OAF_ring_sad.wav,-2.25,4.249999940395355,-2.2500000596046448,4.250000238418579,6.5000001192092896,1.1920928955078125e-07,3.5762786865234375e-07
OAF_ring_happy_angry,OAF,ring,happy,angry,OAF_ring_happy.wav,OAF_ring_angry.wav,-3.25,1.3749998807907104,-4.874999836087227,0.37499988079071045,4.937499798834324,-1.3124999180436134,0.6249998360872269
OAF_ring_sad_angry,OAF,ring,sad,angry,OAF_ring_sad.wav,OAF_ring_angry.wav,0.0,3.1250000298023224,-1.2500000298023224,1.1249998807907104,2.7499999701976776,-1.6250000894069672,-0.7500001192092896
OAF_ripe_neutral_happy,OAF,ripe,neutral,happy,OAF_ripe_neutral.wav,OAF_ripe_happy.wav,1.5625,5.125000052154064,1.1875,5.374999837949872,3.874999945051968,-0.06250010710209608,0.6249997857958078
OAF_ripe_neutral_sad,OAF,ripe,neutral,sad,OAF_ripe_neutral.wav,OAF_ripe_sad.wav,7.062499821186066,5.312499821186066,7.375000014901161,5.7500001192092896,-1.6874999478459358,0.3750002458691597,0.12500010430812836
OAF_ripe_neutral_angry,OAF,ripe,neutral,angry,OAF_ripe_neutral.wav,OAF_ripe_angry.wav,6.187499761581421,2.3124998807907104,4.7500001192092896,1.1250001192092896,-3.7499999403953552,-1.3124997019767761,0.24999988079071045
OAF_ripe_happy_sad,OAF,ripe,happy,sad,OAF_ripe_happy.wav,OAF_ripe_sad.wav,-4.749999837949872,4.9375001192092896,-5.562499896623194,4.3750001192092896,9.812499986495823,-0.6875000293366611,0.2500000586733222
OAF_ripe_happy_angry,OAF,ripe,happy,angry,OAF_ripe_happy.wav,OAF_ripe_angry.wav,-5.499999837949872,0.75,-5.624999990686774,0.375,6.124999914318323,-0.2500000763684511,-0.24999984726309776
OAF_ripe_sad_angry,OAF,ripe,sad,angry,OAF_ripe_sad.wav,OAF_ripe_angry.wav,-0.375,2.2500000596046448,-1.0000000298023224,1.2500001192092896,2.4375001043081284,-0.8124999850988388,-0.37499991059303284
OAF_road_neutral_happy,OAF,road,neutral,happy,OAF_road_neutral.wav,OAF_road_happy.wav,-0.5625,2.1875,-0.125,1.25,2.0625,-0.25,-1.375
OAF_road_neutral_sad,OAF,road,neutral,sad,OAF_road_neutral.wav,OAF_road_sad.wav,5.687499865889549,8.750000268220901,5.375000149011612,9.06249988079071,3.3750000670552254,-5.21540641784668e-08,0.6249993294477463
OAF_road_neutral_angry,OAF,road,neutral,angry,OAF_road_neutral.wav,OAF_road_angry.wav,4.1874998807907104,-2.3749999552965164,3.6875,-3.249999925494194,-6.7499998807907104,-0.687499925494194,-0.37500008940696716
OAF_road_happy_sad,OAF,road,happy,sad,OAF_road_happy.wav,OAF_road_sad.wav,0.8750000596046448,7.312499970197678,1.0,7.8124998807907104,6.624999895691872,0.31249992549419403,0.3749999701976776
OAF_road_happy_angry,OAF,road,happy,angry,OAF_road_happy.wav,OAF_road_angry.wav,-0.875,0.375,-2.25,-0.125,1.6875,-0.9375,0.875
OAF_road_sad_angry,OAF,road,sad,angry,OAF_road_sad.wav,OAF_road_angry.wav,-0.75,0.0,-1.1250000596046448,-0.375,0.7500000298023224,-0.3750000298023224,5.960464477539063e-08
OAF_room_neutral_happy,OAF,room,neutral,happy,OAF_room_neutral.wav,OAF_room_happy.wav,-2.125,3.125,-2.000000238418579,3.3750001192092896,5.312500178813934,0.18749994039535522,0.12500035762786865
OAF_room_neutral_sad,OAF,room,neutral,sad,OAF_room_neutral.wav,OAF_room_sad.wav,3.0000000298023224,6.625000149011612,2.75,7.125000149011612,4.000000134110451,0.1249999850988388,0.7500000298023224
OAF_room_neutral_angry,OAF,room,neutral,angry,OAF_room_neutral.wav,OAF_room_angry.wav,2.125,-2.0,2.0000001192092896,-3.249999888241291,-4.68750000372529,-0.6874998845160007,-1.1250000074505806
OAF_room_happy_sad,OAF,room,happy,sad,OAF_room_happy.wav,OAF_room_sad.wav,-1.8750001192092896,5.6875001192092896,-2.875,6.500000149011612,8.468750193715096,-0.09374992549419403,1.8124999105930328
OAF_room_happy_angry,OAF,room,happy,angry,OAF_room_happy.wav,OAF_room_angry.wav,-3.1250001192092896,0.6249998807907104,-4.312500149011612,-0.125,3.968750074505806,-0.9687499552965164,0.43750014901161194
OAF_room_sad_angry,OAF,room,sad,angry,OAF_room_sad.wav,OAF_room_angry.wav,-1.2500000298023224,1.0000001192092896,-0.5,0.0,1.375000074505806,-0.12500004470348358,-1.750000149011612
OAF_rose_neutral_happy,OAF,rose,neutral,happy,OAF_rose_neutral.wav,OAF_rose_happy.wav,-0.4375,1.75,-0.5,2.125,2.40625,0.15625,0.4375
OAF_rose_neutral_sad,OAF,rose,neutral,sad,OAF_rose_neutral.wav,OAF_rose_sad.wav,5.937500178813934,6.812500149011612,5.812499821186066,7.374999821186066,1.2187499850988388,0.21874965727329254,0.6875000298023224
OAF_rose_neutral_angry,OAF,rose,neutral,angry,OAF_rose_neutral.wav,OAF_rose_angry.wav,4.937500238418579,3.6874997913837433,4.6874998807907104,3.3125000596046448,-1.3125001341104507,-0.3125000447034836,-0.12499937415122986
OAF_rose_happy_sad,OAF,rose,happy,sad,OAF_rose_happy.wav,OAF_rose_sad.wav,-2.625,5.749999821186066,-1.375,6.374999821186066,8.062499821186066,0.9375,-0.625
OAF_rose_happy_angry,OAF,rose,happy,angry,OAF_rose_happy.wav,OAF_rose_angry.wav,-2.625,2.6250000596046448,-3.124999761581421,1.6250000596046448,4.999999940395355,-0.7499998807907104,-0.5000002384185791
OAF_rose_sad_angry,OAF,rose,sad,angry,OAF_rose_sad.wav,OAF_rose_angry.wav,-1.1250000596046448,2.8749998807907104,-0.9999999701976776,1.8750000596046448,3.437499985098839,-0.43749986588954926,-1.1249999105930328
OAF_rot_neutral_happy,OAF,rot,neutral,happy,OAF_rot_neutral.wav,OAF_rot_happy.wav,-1.0,3.25,-0.8125,2.9375001192092896,4.000000059604645,-0.062499940395355225,-0.49999988079071045
OAF_rot_neutral_sad,OAF,rot,neutral,sad,OAF_rot_neutral.wav,OAF_rot_sad.wav,3.75,6.0624998807907104,3.9999998211860657,5.2499998807907104,1.7812499701976776,-0.28125008940696716,-1.0624998211860657
OAF_rot_neutral_angry,OAF,rot,neutral,angry,OAF_rot_neutral.wav,OAF_rot_angry.wav,2.625,1.6249999403953552,2.0000001192092896,-0.5,-1.7500000894069672,-1.3749999105930328,-1.5000000596046448
OAF_rot_happy_sad,OAF,rot,happy,sad,OAF_rot_happy.wav,OAF_rot_sad.wav,-3.7500001192092896,4.750000059604645,-4.312500178813934,4.2499998807907104,8.53125011920929,-0.5312501192092896,0.06249988079071045
OAF_rot_happy_angry,OAF,rot,happy,angry,OAF_rot_happy.wav,OAF_rot_angry.wav,-3.8750001192092896,1.6250001192092896,-4.125000059604645,1.1249998807907104,5.375000089406967,-0.37500008940696716,-0.2500002980232239
OAF_rot_sad_angry,OAF,rot,sad,angry,OAF_rot_sad.wav,OAF_rot_angry.wav,-0.125,2.0000001192092896,-0.375,1.2499998807907104,1.875,-0.5000001192092896,-0.5000002384185791
OAF_rough_neutral_happy,OAF,rough,neutral,happy,OAF_rough_neutral.wav,OAF_rough_happy.wav,0.0625,3.8125000968575478,0.25,3.187499910593033,3.3437500037252903,-0.21875009313225746,-0.8125001862645149
OAF_rough_neutral_sad,OAF,rough,neutral,sad,OAF_rough_neutral.wav,OAF_rough_sad.wav,6.374999776482582,5.312499940395355,6.1875001192092896,4.937499761581421,-1.1562500968575478,-0.28124991804361343,-0.18750052154064178
OAF_rough_neutral_angry,OAF,rough,neutral,angry,OAF_rough_neutral.wav,OAF_rough_angry.wav,4.749999761581421,4.562499791383743,5.1875,4.187500208616257,-0.5937498807907104,0.031250327825546265,-0.8124998211860657
OAF_rough_happy_sad,OAF,rough,happy,sad,OAF_rough_happy.wav,OAF_rough_sad.wav,-2.874999910593033,4.0,-1.6250000298023224,3.374999761581421,5.937499850988388,0.3124998211860657,-1.8750001192092896
OAF_rough_happy_angry,OAF,rough,happy,angry,OAF_rough_happy.wav,OAF_rough_angry.wav,-3.874999910593033,3.3749998956918716,-3.5625000596046448,2.7499999701976776,6.781249918043613,-0.15625003725290298,-0.9374997764825821
OAF_rough_sad_angry,OAF,rough,sad,angry,OAF_rough_sad.wav,OAF_rough_angry.wav,-0.125,3.7499997913837433,-0.5000000596046448,3.3749999701976776,3.874999910593033,-0.3749999403953552,2.384185791015625e-07
OAF_rush_neutral_happy,OAF,rush,neutral,happy,OAF_rush_neutral.wav,OAF_rush_happy.wav,0.6875,2.1249999403953552,0.75,2.749999910593033,1.718749925494194,0.3437499850988388,0.5624999701976776
OAF_rush_neutral_sad,OAF,rush,neutral,sad,OAF_rush_neutral.wav,OAF_rush_sad.wav,7.624999940395355,6.6875,6.8750001192092896,6.812500089406967,-0.4999999850988388,-0.31249986588954926,0.8749999105930328
OAF_rush_neutral_angry,OAF,rush,neutral,angry,OAF_rush_neutral.wav,OAF_rush_angry.wav,6.375,1.6250000298023224,5.375,-1.125,-5.624999985098839,-1.8750000149011612,-1.7500000298023224
OAF_rush_happy_sad,OAF,rush,happy,sad,OAF_rush_happy.wav,OAF_rush_sad.wav,-2.937499910593033,5.749999970197678,-1.5,5.750000089406967,7.968749985098839,0.7187500149011612,-1.4374997913837433
OAF_rush_happy_angry,OAF,rush,happy,angry,OAF_rush_happy.wav,OAF_rush_angry.wav,-3.875000149011612,3.1249998807907104,-3.125,1.625,5.875000014901161,-0.37499986588954926,-2.2500000298023224
OAF_rush_sad_angry,OAF,rush,sad,angry,OAF_rush_sad.wav,OAF_rush_angry.wav,-0.7499999701976776,2.7499999701976776,-0.75,1.125,2.6874999701976776,-0.8125,-1.6249999403953552
OAF_said_neutral_happy,OAF,said,neutral,happy,OAF_said_neutral.wav,OAF_said_happy.wav,-0.125,2.4999999552965164,-0.125,3.000000089406967,2.875000022351742,0.2500000670552254,0.5000001341104507
OAF_said_neutral_sad,OAF,said,neutral,sad,OAF_said_neutral.wav,OAF_said_sad.wav,4.749999940395355,7.437500134110451,4.5000001192092896,7.562499940395355,2.8750000074505806,-0.0625000074505806,0.37499962747097015
OAF_said_neutral_angry,OAF,said,neutral,angry,OAF_said_neutral.wav,OAF_said_angry.wav,3.875,-0.375,2.874999761581421,0.375,-3.3749998807907104,-0.12500011920928955,1.750000238418579
OAF_said_happy_sad,OAF,said,happy,sad,OAF_said_happy.wav,OAF_said_sad.wav,-2.625000089406967,5.625000014901161,-2.3750001043081284,6.312499940395355,8.468750074505806,0.4687499552965164,0.4374999403953552
OAF_said_happy_angry,OAF,said,happy,angry,OAF_said_happy.wav,OAF_said_angry.wav,-4.187500089406967,2.5,-4.000000089406967,2.8749998807907104,6.781250029802322,0.2812499403953552,0.18749988079071045
OAF_said_sad_angry,OAF,said,sad,angry,OAF_said_sad.wav,OAF_said_angry.wav,-1.8749999403953552,0.25,-1.8749999552965164,0.0,1.9999999478459358,-0.1250000074505806,-0.2499999850988388
OAF_sail_neutral_happy,OAF,sail,neutral,happy,OAF_sail_neutral.wav,OAF_sail_happy.wav,-1.25,2.7500000596046448,-0.4375,2.625000089406967,3.531250074505806,0.3437500149011612,-0.9374999701976776
OAF_sail_neutral_sad,OAF,sail,neutral,sad,OAF_sail_neutral.wav,OAF_sail_sad.wav,4.125000014901161,7.0,4.750000223517418,7.687499821186066,2.9062497913837433,0.6562500149011612,0.06249961256980896
OAF_sail_neutral_angry,OAF,sail,neutral,angry,OAF_sail_neutral.wav,OAF_sail_angry.wav,2.5,0.5,2.125,-1.8750001192092896,-3.0000000596046448,-1.3750000596046448,-2.0000001192092896
OAF_sail_happy_sad,OAF,sail,happy,sad,OAF_sail_happy.wav,OAF_sail_sad.wav,-1.6250000894069672,4.999999910593033,-1.125,5.999999821186066,6.874999910593033,0.75,0.4999998211860657
OAF_sail_happy_angry,OAF,sail,happy,angry,OAF_sail_happy.wav,OAF_sail_angry.wav,-3.125000089406967,1.75,-3.6250001043081284,1.0,4.750000096857548,-0.6250000074505806,-0.2499999850988388
OAF_sail_sad_angry,OAF,sail,sad,angry,OAF_sail_sad.wav,OAF_sail_angry.wav,-0.6250000596046448,0.875,-0.625,0.375,1.2500000298023224,-0.2499999701976776,-0.5000000596046448
OAF_search_neutral_happy,OAF,search,neutral,happy,OAF_search_neutral.wav,OAF_search_happy.wav,-1.5625,3.8750000707805157,-0.4375,3.749999899417162,4.812499985098839,0.49999991431832314,-1.2500001713633537
OAF_search_neutral_sad,OAF,search,neutral,sad,OAF_search_neutral.wav,OAF_search_sad.wav,4.624999791383743,7.749999761581421,4.750000029802322,8.50000013411045,3.437500037252903,0.4375003054738045,0.6250001341104507
OAF_search_neutral_angry,OAF,search,neutral,angry,OAF_search_neutral.wav,OAF_search_angry.wav,3.749999761581421,0.5000000596046448,3.375,-1.2499999403953552,-3.9374998211860657,-1.0624998807907104,-1.375000238418579
OAF_search_happy_sad,OAF,search,happy,sad,OAF_search_happy.wav,OAF_search_sad.wav,-6.312499899417162,6.624999761581421,-6.4374998807907104,7.437500134110451,13.406249837949872,0.34375019557774067,0.9375003539025784
OAF_search_happy_angry,OAF,search,happy,angry,OAF_search_happy.wav,OAF_search_angry.wav,-5.249999899417162,0.375,-5.062499947845936,1.0,5.843749923631549,0.40624997578561306,0.4375000484287739
OAF_search_sad_angry,OAF,search,sad,angry,OAF_search_sad.wav,OAF_search_angry.wav,-1.3750000149011612,2.2499999403953552,-0.25,1.0,2.437499977648258,-0.062499962747097015,-2.3749999552965164
OAF_seize_neutral_happy,OAF,seize,neutral,happy,OAF_seize_neutral.wav,OAF_seize_happy.wav,-0.4375,3.562499761581421,0.0625,2.9375001192092896,3.4374999403953552,-0.062499821186065674,-1.1249996423721313
OAF_seize_neutral_sad,OAF,seize,neutral,sad,OAF_seize_neutral.wav,OAF_seize_sad.wav,4.875000089406967,8.124999582767487,5.1875,8.312500342726707,3.1874999180436134,0.25000033527612686,-0.12499915063381195
OAF_seize_neutral_angry,OAF,seize,neutral,angry,OAF_seize_neutral.wav,OAF_seize_angry.wav,3.7500001192092896,2.125,3.625,1.6250001192092896,-1.8125,-0.3125,-0.3749997615814209
OAF_seize_happy_sad,OAF,seize,happy,sad,OAF_seize_happy.wav,OAF_seize_sad.wav,-0.75,6.437499791383743,-0.25,6.624999865889549,7.031249828636646,0.343750037252903,-0.31249992549419403
OAF_seize_happy_angry,OAF,seize,happy,angry,OAF_seize_happy.wav,OAF_seize_angry.wav,-1.375,1.125,-2.0000000596046448,1.125,2.8125000298023224,-0.3125000298023224,0.6250000596046448
OAF_seize_sad_angry,OAF,seize,sad,angry,OAF_seize_sad.wav,OAF_seize_angry.wav,-1.4999999850988388,1.8750001192092896,-0.875,1.7500001192092896,3.000000111758709,0.2499999925494194,-0.7499999850988388
OAF_sell_neutral_happy,OAF,sell,neutral,happy,OAF_sell_neutral.wav,OAF_sell_happy.wav,-0.4375,2.0,-0.3125,1.875,2.3125,0.0,-0.25
OAF_sell_neutral_sad,OAF,sell,neutral,sad,OAF_sell_neutral.wav,OAF_sell_sad.wav,5.874999821186066,6.999999910593033,5.124999910593033,6.624999850988388,1.3125000149011612,-0.5624999850988388,0.37499985098838806
OAF_sell_neutral_angry,OAF,sell,neutral,angry,OAF_sell_neutral.wav,OAF_sell_angry.wav,4.749999761581421,-2.1249999701976776,3.5625001192092896,-2.3750001192092896,-6.406249985098839,-0.7187498956918716,0.9374994933605194
OAF_sell_happy_sad,OAF,sell,happy,sad,OAF_sell_happy.wav,OAF_sell_sad.wav,0.0,5.624999761581421,-1.2499998807907104,5.937499850988388,6.40624974668026,-0.46874989569187164,1.5624999701976776
OAF_sell_happy_angry,OAF,sell,happy,angry,OAF_sell_happy.wav,OAF_sell_angry.wav,-1.75,0.25,-4.187500208616257,0.25,3.2187501043081284,-1.2187501043081284,2.4375002086162567
OAF_sell_sad_angry,OAF,sell,sad,angry,OAF_sell_sad.wav,OAF_sell_angry.wav,-1.2499999701976776,0.625,-1.125,0.5,1.7499999850988388,-1.4901161193847656e-08,-0.2499999701976776
OAF_shack_neutral_happy,OAF,shack,neutral,happy,OAF_shack_neutral.wav,OAF_shack_happy.wav,0.1875,4.687499955296516,0.125,4.5625001192092896,4.468750037252903,-0.09374991804361343,-0.06249983608722687
OAF_shack_neutral_sad,OAF,shack,neutral,sad,OAF_shack_neutral.wav,OAF_shack_sad.wav,6.624999850988388,7.874999850988388,6.750000178813934,8.000000029802322,1.249999925494194,0.1250002533197403,-1.4901161193847656e-07
OAF_shack_neutral_angry,OAF,shack,neutral,angry,OAF_shack_neutral.wav,OAF_shack_angry.wav,5.6249998807907104,1.7499999105930328,5.5625,-1.7500001192092896,-5.593750044703484,-1.7812499552965164,-3.437500149011612
OAF_shack_happy_sad,OAF,shack,happy,sad,OAF_shack_happy.wav,OAF_shack_sad.wav,-2.7500001192092896,5.875000178813934,-2.4999998807907104,6.187500029802322,8.656250104308128,0.2812500447034836,0.06249961256980896
OAF_shack_happy_angry,OAF,shack,happy,angry,OAF_shack_happy.wav,OAF_shack_angry.wav,-4.0625001192092896,1.25,-4.250000104308128,0.125,4.843750111758709,-0.6562499925494194,-0.9375000149011612
OAF_shack_sad_angry,OAF,shack,sad,angry,OAF_shack_sad.wav,OAF_shack_angry.wav,-1.5000000298023224,2.4999999701976776,-1.3750000298023224,0.875,3.125000014901161,-0.7499999850988388,-1.7499999701976776
OAF_shall_neutral_happy,OAF,shall,neutral,happy,OAF_shall_neutral.wav,OAF_shall_happy.wav,0.375,2.999999925494194,0.3125,3.1249998807907104,2.7187499031424522,0.03124997764825821,0.18749995529651642
OAF_shall_neutral_sad,OAF,shall,neutral,sad,OAF_shall_neutral.wav,OAF_shall_sad.wav,7.124999761581421,7.937499552965164,7.4375001192092896,7.687499761581421,0.5312497168779373,0.03125028312206268,-0.5625001490116119
OAF_shall_neutral_angry,OAF,shall,neutral,angry,OAF_shall_neutral.wav,OAF_shall_angry.wav,5.999999761581421,1.125,5.3124998807907104,-0.6249999403953552,-5.406249791383743,-1.2187499105930328,-1.0625000596046448
OAF_shall_happy_sad,OAF,shall,happy,sad,OAF_shall_happy.wav,OAF_shall_sad.wav,-1.9999998807907104,5.875000029802322,-0.5,6.124999761581421,7.249999836087227,0.8749998062849045,-1.250000149011612
OAF_shall_happy_angry,OAF,shall,happy,angry,OAF_shall_happy.wav,OAF_shall_angry.wav,-3.3749998807907104,2.2499998807907104,-3.000000074505806,1.125,4.874999918043613,-0.375000037252903,-1.499999687075615
OAF_shall_sad_angry,OAF,shall,sad,angry,OAF_shall_sad.wav,OAF_shall_angry.wav,-0.75,0.25,-1.4999999552965164,0.625,1.5624999776482582,-0.1874999776482582,1.1249999552965164
OAF_shawl_neutral_happy,OAF,shawl,neutral,happy,OAF_shawl_neutral.wav,OAF_shawl_happy.wav,-1.5625,1.5000000298023224,-0.9375,1.4999999701976776,2.75,0.3124999701976776,-0.6250000596046448
OAF_shawl_neutral_sad,OAF,shawl,neutral,sad,OAF_shawl_neutral.wav,OAF_shawl_sad.wav,3.125,6.249999940395355,3.125,6.8750001192092896,3.4375000298023224,0.31250008940696716,0.6250001788139343
OAF_shawl_neutral_angry,OAF,shawl,neutral,angry,OAF_shawl_neutral.wav,OAF_shawl_angry.wav,2.625,-1.6250000298023224,1.7500001192092896,-1.9999999701976776,-4.000000059604645,-0.6249999105930328,0.4999999403953552
OAF_shawl_happy_sad,OAF,shawl,happy,sad,OAF_shawl_happy.wav,OAF_shawl_sad.wav,-2.7499999701976776,4.750000208616257,-2.6249999701976776,5.3750001192092896,7.750000134110451,0.3749999552965164,0.49999991059303284
OAF_shawl_happy_angry,OAF,shawl,happy,angry,OAF_shawl_happy.wav,OAF_shawl_angry.wav,-3.2499999701976776,0.75,-3.1249999403953552,0.75,3.9374999552965164,0.0625000149011612,-0.1250000298023224
OAF_shawl_sad_angry,OAF,shawl,sad,angry,OAF_shawl_sad.wav,OAF_shawl_angry.wav,-0.125,0.875,-0.6249999701976776,0.625,1.1249999850988388,-0.3749999850988388,0.2499999701976776
OAF_sheep_neutral_happy,OAF,sheep,neutral,happy,OAF_sheep_neutral.wav,OAF_sheep_happy.wav,0.75,2.2500001192092896,0.1875,3.000000014901161,2.1562500670552254,0.09374994784593582,1.3124998956918716
OAF_sheep_neutral_sad,OAF,sheep,neutral,sad,OAF_sheep_neutral.wav,OAF_sheep_sad.wav,5.875000208616257,7.187499821186066,5.999999850988388,7.812499970197678,1.5624998658895493,0.37499989569187164,0.5000005066394806
OAF_sheep_neutral_angry,OAF,sheep,neutral,angry,OAF_sheep_neutral.wav,OAF_sheep_angry.wav,4.750000238418579,2.3750000596046448,3.937499761581421,0.9999999403953552,-2.65625,-1.0937502980232239,-0.5624996423721313
OAF_sheep_happy_sad,OAF,sheep,happy,sad,OAF_sheep_happy.wav,OAF_sheep_sad.wav,-2.500000014901161,5.999999791383743,-1.7500000298023224,6.249999970197678,8.249999903142452,0.5000000819563866,-0.4999998062849045
OAF_sheep_happy_angry,OAF,sheep,happy,angry,OAF_sheep_happy.wav,OAF_sheep_angry.wav,-3.250000014901161,2.0,-3.374999910593033,1.1249999403953552,4.874999932944775,-0.4999999776482582,-0.7500001639127731
OAF_sheep_sad_angry,OAF,sheep,sad,angry,OAF_sheep_sad.wav,OAF_sheep_angry.wav,-0.7499999701976776,3.6875001192092896,-1.7500000149011612,2.2499999403953552,4.218750022351742,-1.218750111758709,-0.43750013411045074
OAF_shirt_neutral_happy,OAF,shirt,neutral,happy,OAF_shirt_neutral.wav,OAF_shirt_happy.wav,-0.125,3.7500001043081284,0.3125,3.6250000596046448,3.5937500819563866,0.1562499776482582,-0.5625000447034836
OAF_shirt_neutral_sad,OAF,shirt,neutral,sad,OAF_shirt_neutral.wav,OAF_shirt_sad.wav,5.875000029802322,8.375000059604645,6.5000001937150955,8.812500074505806,2.4062499552965164,0.5312500894069672,-0.18750014901161194
OAF_shirt_neutral_angry,OAF,shirt,neutral,angry,OAF_shirt_neutral.wav,OAF_shirt_angry.wav,4.75,-2.5000000596046448,4.625,-2.4999998956918716,-7.187499977648258,-0.062499918043613434,0.12500016391277313
OAF_shirt_happy_sad,OAF,shirt,happy,sad,OAF_shirt_happy.wav,OAF_shirt_sad.wav,-2.5000000596046448,5.624999821186066,-2.749999962747097,6.812500074505806,8.843749959021807,0.468750175088644,1.4375001564621925
OAF_shirt_happy_angry,OAF,shirt,happy,angry,OAF_shirt_happy.wav,OAF_shirt_angry.wav,-3.6250000596046448,0.375,-3.499999910593033,0.0,3.749999985098839,-0.12499992549419403,-0.5000001490116119
OAF_shirt_sad_angry,OAF,shirt,sad,angry,OAF_shirt_sad.wav,OAF_shirt_angry.wav,-1.4999999552965164,0.875,-1.1250000298023224,0.75,2.1249999925494194,0.12499996274709702,-0.49999992549419403
OAF_should_neutral_happy,OAF,should,neutral,happy,OAF_should_neutral.wav,OAF_should_happy.wav,-0.25,2.3749998807907104,-0.125,2.500000074505806,2.624999977648258,0.12500009685754776,1.9371509552001953e-07
OAF_should_neutral_sad,OAF,should,neutral,sad,OAF_should_neutral.wav,OAF_should_sad.wav,6.062499776482582,7.562500029802322,5.812500089406967,7.875000029802322,1.7812500968575478,0.031250156462192535,0.5624996870756149
OAF_should_neutral_angry,OAF,should,neutral,angry,OAF_should_neutral.wav,OAF_should_angry.wav,4.062499761581421,-0.75,3.4375,0.12499994039535522,-4.062499910593033,0.12500008940696716,1.4999997019767761
OAF_should_happy_sad,OAF,should,happy,sad,OAF_should_happy.wav,OAF_should_sad.wav,-2.875000074505806,5.374999910593033,-4.999999791383743,6.125000029802322,9.687499903142452,-0.6874997988343239,2.874999836087227
OAF_should_happy_angry,OAF,should,happy,angry,OAF_should_happy.wav,OAF_should_angry.wav,-3.750000074505806,1.6250001192092896,-5.124999929219484,2.4999999403953552,6.5000000316649675,-0.25000001676380634,2.249999675899744
OAF_should_sad_angry,OAF,should,sad,angry,OAF_should_sad.wav,OAF_should_angry.wav,-0.7500000298023224,0.875,-1.5,0.7499999403953552,1.9374999850988388,-0.4375000149011612,0.6249999105930328
OAF_shout_neutral_happy,OAF,shout,neutral,happy,OAF_shout_neutral.wav,OAF_shout_happy.wav,0.875,3.4999999552965164,0.75,4.124999828636646,2.9999998919665813,0.24999993667006493,0.7499998733401299
OAF_shout_neutral_sad,OAF,shout,neutral,sad,OAF_shout_neutral.wav,OAF_shout_sad.wav,6.687499910593033,6.312499940395355,6.9999998062849045,6.562499821186066,-0.4062499776482582,0.28124988824129105,-0.0625000149011612
OAF_shout_neutral_angry,OAF,shout,neutral,angry,OAF_shout_neutral.wav,OAF_shout_angry.wav,4.8125,2.2500000298023224,3.625,1.4999999403953552,-2.343750014901161,-0.9687500447034836,0.43749991059303284
OAF_shout_happy_sad,OAF,shout,happy,sad,OAF_shout_happy.wav,OAF_shout_sad.wav,-5.562499828636646,5.000000089406967,-4.499999895691872,5.374999821186066,10.218749817460775,0.7187498323619366,-0.6875002011656761
OAF_shout_happy_angry,OAF,shout,happy,angry,OAF_shout_happy.wav,OAF_shout_angry.wav,-5.062499828636646,1.6250000596046448,-4.312499776482582,1.1249999403953552,6.062499802559614,0.12499996647238731,-1.2500001713633537
OAF_shout_sad_angry,OAF,shout,sad,angry,OAF_shout_sad.wav,OAF_shout_angry.wav,-1.2500000596046448,3.2500000298023224,-1.2499999701976776,2.4374999403953552,4.09375,-0.40625,-0.8125001788139343
OAF_size_neutral_happy,OAF,size,neutral,happy,OAF_size_neutral.wav,OAF_size_happy.wav,-1.375,3.2500001192092896,-0.6250002384185791,3.1875000298023224,4.2187501937150955,0.34374983608722687,-0.8124998509883881
OAF_size_neutral_sad,OAF,size,neutral,sad,OAF_size_neutral.wav,OAF_size_sad.wav,2.750000089406967,7.500000029802322,2.6249999701976776,8.187499821186066,5.156249895691872,0.28124983608722687,0.8124999105930328
OAF_size_neutral_angry,OAF,size,neutral,angry,OAF_size_neutral.wav,OAF_size_angry.wav,1.8750001192092896,-3.1249998956918716,1.25,-2.5000000596046448,-4.375000037252903,-1.4156103134155273e-07,1.2499999552965164
OAF_size_happy_sad,OAF,size,happy,sad,OAF_size_happy.wav,OAF_size_sad.wav,-3.2500000298023224,5.625000059604645,-4.000000059604645,6.624999821186066,9.749999985098839,0.12499986588954926,1.7499997913837433
OAF_size_happy_angry,OAF,size,happy,angry,OAF_size_happy.wav,OAF_size_angry.wav,-3.7500000298023224,0.25,-4.3125001937150955,0.375,4.343750111758709,-0.21875008195638657,0.6875001639127731
OAF_size_sad_angry,OAF,size,sad,angry,OAF_size_sad.wav,OAF_size_angry.wav,-0.7500000596046448,0.125,-1.3749999701976776,0.125,1.1875000149011612,-0.3124999552965164,0.6249999105930328
OAF_soap_neutral_happy,OAF,soap,neutral,happy,OAF_soap_neutral.wav,OAF_soap_happy.wav,0.0,2.4999998807907104,-0.125,3.875000149011612,3.250000014901161,0.6250001341104507,1.5000002682209015
OAF_soap_neutral_sad,OAF,soap,neutral,sad,OAF_soap_neutral.wav,OAF_soap_sad.wav,4.812499970197678,7.7499998062849045,4.875000029802322,7.562499776482582,2.8124997913837433,-0.062499985098838806,-0.25000008940696716
OAF_soap_neutral_angry,OAF,soap,neutral,angry,OAF_soap_neutral.wav,OAF_soap_angry.wav,3.8125,4.249999761581421,3.5625001192092896,2.125,-0.5000001788139343,-1.1874998211860657,-1.8749998807907104
OAF_soap_happy_sad,OAF,soap,happy,sad,OAF_soap_happy.wav,OAF_soap_sad.wav,-3.749999910593033,5.750000044703484,-0.375,5.749999776482582,7.812499865889549,1.6874998211860657,-3.3750001788139343
OAF_soap_happy_angry,OAF,soap,happy,angry,OAF_soap_happy.wav,OAF_soap_angry.wav,-4.187500149011612,2.4999999403953552,-3.1875,1.375,5.625000044703484,-0.06249989569187164,-2.125000089406967
OAF_soap_sad_angry,OAF,soap,sad,angry,OAF_soap_sad.wav,OAF_soap_angry.wav,-1.6250000149011612,3.2499998807907104,-1.3749999552965164,1.875,4.062499925494194,-0.5624999105930328,-1.6249999403953552
OAF_soup_neutral_happy,OAF,soup,neutral,happy,OAF_soup_neutral.wav,OAF_soup_happy.wav,-0.5000002384185791,2.9374999552965164,0.1875,2.1875,2.7187500968575478,-0.03124985843896866,-1.4375001937150955
OAF_soup_neutral_sad,OAF,soup,neutral,sad,OAF_soup_neutral.wav,OAF_soup_sad.wav,3.5624999701976776,5.812500029802322,3.1250000596046448,6.499999910593033,2.8124999552965164,0.1249999850988388,1.1249997913837433
OAF_soup_neutral_angry,OAF,soup,neutral,angry,OAF_soup_neutral.wav,OAF_soup_angry.wav,2.6875,-1.6250000298023224,1.7499998807907104,-2.2500000298023224,-4.156249970197678,-0.7812500596046448,0.31250011920928955
OAF_soup_happy_sad,OAF,soup,happy,sad,OAF_soup_happy.wav,OAF_soup_sad.wav,-0.875,3.9999998211860657,-1.9999999403953552,4.749999910593033,5.812499836087227,-0.18749992549419403,1.8750000298023224
OAF_soup_happy_angry,OAF,soup,happy,angry,OAF_soup_happy.wav,OAF_soup_angry.wav,-2.3125,0.125,-3.562500014901161,-0.375,2.8125000074505806,-0.8750000074505806,0.7500000149011612
OAF_soup_sad_angry,OAF,soup,sad,angry,OAF_soup_sad.wav,OAF_soup_angry.wav,-1.0000000298023224,1.375,-0.5,0.75,1.8125000149011612,-0.062499985098838806,-1.1250000298023224
OAF_sour_neutral_happy,OAF,sour,neutral,happy,OAF_sour_neutral.wav,OAF_sour_happy.wav,0.5625,1.25,0.5625,1.6249998807907104,0.8749999403953552,0.18749994039535522,0.37499988079071045
OAF_sour_neutral_sad,OAF,sour,neutral,sad,OAF_sour_neutral.wav,OAF_sour_sad.wav,6.937500208616257,8.249999642372131,6.187499791383743,8.937499672174454,2.0312496572732925,-0.03125019371509552,1.4375004470348358
OAF_sour_neutral_angry,OAF,sour,neutral,angry,OAF_sour_neutral.wav,OAF_sour_angry.wav,4.812500238418579,-1.1250000596046448,4.25,1.25,-4.468750149011612,0.9062499105930328,2.937500298023224
OAF_sour_happy_sad,OAF,sour,happy,sad,OAF_sour_happy.wav,OAF_sour_sad.wav,-1.375,6.5,-0.25,7.250000149011612,7.687500074505806,0.937500074505806,-0.37499985098838806
OAF_sour_happy_angry,OAF,sour,happy,angry,OAF_sour_happy.wav,OAF_sour_angry.wav,-2.2499998807907104,1.375,-1.625,2.5,3.8749999403953552,0.8749999403953552,0.5000001192092896
OAF_sour_sad_angry,OAF,sour,sad,angry,OAF_sour_sad.wav,OAF_sour_angry.wav,-1.8749999105930328,1.8750000596046448,-1.6250000298023224,1.75,3.5625,0.06249991059303284,-0.3749999403953552
OAF_south_neutral_happy,OAF,south,neutral,happy,OAF_south_neutral.wav,OAF_south_happy.wav,-0.5,3.7500000596046448,-0.4375,3.2499999403953552,3.96875,-0.21875005960464478,-0.5625001192092896
OAF_south_neutral_sad,OAF,south,neutral,sad,OAF_south_neutral.wav,OAF_south_sad.wav,6.5,7.312500029802322,6.687499970197678,7.062499791383743,0.593749925494194,-0.031250134110450745,-0.4375002086162567
OAF_south_neutral_angry,OAF,south,neutral,angry,OAF_south_neutral.wav,OAF_south_angry.wav,5.5,-0.875,3.999999761581421,-1.8750000596046448,-6.124999910593033,-1.250000149011612,0.5000001788139343
OAF_south_happy_sad,OAF,south,happy,sad,OAF_south_happy.wav,OAF_south_sad.wav,0.0,6.187500208616257,-0.6250000596046448,6.312499791383743,6.562500029802322,-0.2500002384185791,0.7499996423721313
OAF_south_happy_angry,OAF,south,happy,angry,OAF_south_happy.wav,OAF_south_angry.wav,-1.3749999403953552,1.75,-3.937499776482582,1.125,4.093749858438969,-1.5937499180436134,1.9374998360872269
OAF_south_sad_angry,OAF,south,sad,angry,OAF_south_sad.wav,OAF_south_angry.wav,-1.2500000298023224,1.75,-1.3749999552965164,0.5,2.4374999925494194,-0.687499962747097,-1.125000074505806
OAF_sub_neutral_happy,OAF,sub,neutral,happy,OAF_sub_neutral.wav,OAF_sub_happy.wav,0.125,1.25,0.0,1.8749999701976776,1.4999999850988388,0.2499999850988388,0.7499999701976776
OAF_sub_neutral_sad,OAF,sub,neutral,sad,OAF_sub_neutral.wav,OAF_sub_sad.wav,5.75,7.124999910593033,5.312499821186066,6.812499910593033,1.4375,-0.37500008940696716,0.12500017881393433
OAF_sub_neutral_angry,OAF,sub,neutral,angry,OAF_sub_neutral.wav,OAF_sub_angry.wav,5.0,-1.0,4.625000238418579,-2.8749998807907104,-6.750000059604645,-1.1249998211860657,-1.5000001192092896
OAF_sub_happy_sad,OAF,sub,happy,sad,OAF_sub_happy.wav,OAF_sub_sad.wav,-1.3749999701976776,5.749999970197678,-0.2500000596046448,5.937499910593033,6.656249955296516,0.656249925494194,-0.9374999701976776
OAF_sub_happy_angry,OAF,sub,happy,angry,OAF_sub_happy.wav,OAF_sub_angry.wav,-2.1249999701976776,0.125,-4.312499850988388,-0.25,3.156249910593033,-1.2812499403953552,1.8124998807907104
OAF_sub_sad_angry,OAF,sub,sad,angry,OAF_sub_sad.wav,OAF_sub_angry.wav,-0.8750000298023224,0.125,-1.1249999701976776,0.25,1.1875,-0.06249997019767761,0.3749999403953552
OAF_such_neutral_happy,OAF,such,neutral,happy,OAF_such_neutral.wav,OAF_such_happy.wav,0.25,4.562500154599547,0.5625,4.499999966472387,4.125000060535967,0.12499990593641996,-0.3750001881271601
OAF_such_neutral_sad,OAF,such,neutral,sad,OAF_such_neutral.wav,OAF_such_sad.wav,5.500000208616257,6.562500208616257,5.624999761581421,6.8749998807907104,1.1562500596046448,0.21874961256980896,0.18750011920928955
OAF_such_neutral_angry,OAF,such,neutral,angry,OAF_such_neutral.wav,OAF_such_angry.wav,5.000000238418579,4.124999940395355,4.125000238418579,3.4374998807907104,-0.7812503278255463,-0.7812500298023224,0.18749994039535522
OAF_such_happy_sad,OAF,such,happy,sad,OAF_such_happy.wav,OAF_such_sad.wav,-4.187499966472387,4.375,-5.062500111758709,5.2499998807907104,9.437499979510903,-1.3224780559539795e-07,1.750000026077032
OAF_such_happy_angry,OAF,such,happy,angry,OAF_such_happy.wav,OAF_such_angry.wav,-5.249999966472387,3.250000089406967,-5.499999780207872,2.7499998807907104,8.374999858438969,-0.3750000111758709,-0.25000039488077164
OAF_such_sad_angry,OAF,such,sad,angry,OAF_such_sad.wav,OAF_such_angry.wav,-0.5,3.750000014901161,-1.0000000298023224,2.4999998807907104,3.874999962747097,-0.8750000819563866,-0.7500001043081284
OAF_sure_neutral_happy,OAF,sure,neutral,happy,OAF_sure_neutral.wav,OAF_sure_happy.wav,0.375,0.875,0.5,0.75,0.375,0.0,-0.25
OAF_sure_neutral_sad,OAF,sure,neutral,sad,OAF_sure_neutral.wav,OAF_sure_sad.wav,5.3750001192092896,5.000000059604645,5.812500208616257,7.250000029802322,0.5312498807907104,1.3437500298023224,1.8124998807907104
OAF_sure_neutral_angry,OAF,sure,neutral,angry,OAF_sure_neutral.wav,OAF_sure_angry.wav,4.2500001192092896,-2.8749999403953552,2.4999998807907104,-3.3749998956918716,-6.499999918043613,-1.1250000968575478,1.2500002831220627
OAF_sure_happy_sad,OAF,sure,happy,sad,OAF_sure_happy.wav,OAF_sure_sad.wav,-1.0,4.499999821186066,-1.25,5.750000029802322,6.249999925494194,0.5000001043081284,1.5000002086162567
OAF_sure_happy_angry,OAF,sure,happy,angry,OAF_sure_happy.wav,OAF_sure_angry.wav,-2.0000001192092896,-0.375,-3.1875,-1.0,1.9062500596046448,-0.9062499403953552,0.5624998807907104
OAF_sure_sad_angry,OAF,sure,sad,angry,OAF_sure_sad.wav,OAF_sure_angry.wav,-1.2500000298023224,0.75,-0.6250000596046448,0.7500002384185791,1.6875001639127731,0.31250010430812836,-0.6249997317790985
OAF_take_neutral_happy,OAF,take,neutral,happy,OAF_take_neutral.wav,OAF_take_happy.wav,-0.1875,2.4999999403953552,0.0,2.9375,2.8124999701976776,0.3125000298023224,0.2500000596046448
OAF_take_neutral_sad,OAF,take,neutral,sad,OAF_take_neutral.wav,OAF_take_sad.wav,5.500000178813934,7.249999955296516,5.2500001192092896,8.125000447034836,2.312500052154064,0.3125002160668373,1.1250005513429642
OAF_take_neutral_angry,OAF,take,neutral,angry,OAF_take_neutral.wav,OAF_take_angry.wav,4.625000238418579,3.4999999701976776,4.062499761581421,2.5000000298023224,-1.34375,-0.7812502086162567,-0.437499463558197
OAF_take_happy_sad,OAF,take,happy,sad,OAF_take_happy.wav,OAF_take_sad.wav,-2.8125,6.375000074505806,-2.749999985098839,6.812499970197678,9.375000014901161,0.24999995529651642,0.37499988079071045
OAF_take_happy_angry,OAF,take,happy,angry,OAF_take_happy.wav,OAF_take_angry.wav,-3.375,2.499999910593033,-3.562499910593033,2.0000000298023224,5.718749925494194,-0.34374989569187164,-0.3124999701976776
OAF_take_sad_angry,OAF,take,sad,angry,OAF_take_sad.wav,OAF_take_angry.wav,-1.6249999701976776,3.8749998211860657,-1.6249999403953552,2.6250000298023224,4.8749998807907104,-0.6249998807907104,-1.2499998211860657
OAF_talk_neutral_happy,OAF,talk,neutral,happy,OAF_talk_neutral.wav,OAF_talk_happy.wav,-0.875,3.8749998211860657,-0.75,3.249999925494194,4.37499987334013,-0.24999994784593582,-0.7499998956918716
OAF_talk_neutral_sad,OAF,talk,neutral,sad,OAF_talk_neutral.wav,OAF_talk_sad.wav,5.937500208616257,8.12500011920929,5.874999910593033,8.874999910593033,2.5937499552965164,0.3437497466802597,0.8125000894069672
OAF_talk_neutral_angry,OAF,talk,neutral,angry,OAF_talk_neutral.wav,OAF_talk_angry.wav,4.437500238418579,2.2500000596046448,4.0625,-0.125,-3.187500089406967,-1.375000149011612,-1.9999998211860657
OAF_talk_happy_sad,OAF,talk,happy,sad,OAF_talk_happy.wav,OAF_talk_sad.wav,-4.562499925494194,7.062500238418579,-3.9999997913837433,7.374999910593033,11.499999932944775,0.43749990314245224,-0.250000461935997
OAF_talk_happy_angry,OAF,talk,happy,angry,OAF_talk_happy.wav,OAF_talk_angry.wav,-3.937499925494194,1.2500000596046448,-4.812499940395355,0.8749998807907104,5.437499903142452,-0.6250000968575478,0.49999983608722687
OAF_talk_sad_angry,OAF,talk,sad,angry,OAF_talk_sad.wav,OAF_talk_angry.wav,-0.7500000298023224,1.7499999403953552,-0.875,-0.25,1.5624999850988388,-1.0624999552965164,-1.8749999701976776
OAF_tape_neutral_happy,OAF,tape,neutral,happy,OAF_tape_neutral.wav,OAF_tape_happy.wav,-0.5,1.8750000894069672,-0.5625,1.6250000596046448,2.281250074505806,-0.1562500149011612,-0.1875000298023224
OAF_tape_neutral_sad,OAF,tape,neutral,sad,OAF_tape_neutral.wav,OAF_tape_sad.wav,5.249999791383743,7.062499970197678,5.000000089406967,7.437499850988388,2.1249999701976776,0.06250008940696716,0.6249995827674866
OAF_tape_neutral_angry,OAF,tape,neutral,angry,OAF_tape_neutral.wav,OAF_tape_angry.wav,4.249999761581421,-0.75,4.187500238418579,-0.875,-5.03125,-0.0937497615814209,-0.0625004768371582
OAF_tape_happy_sad,OAF,tape,happy,sad,OAF_tape_happy.wav,OAF_tape_sad.wav,-2.3750000596046448,5.250000178813934,-1.4999999403953552,5.937499850988388,7.531250014901161,0.7812498956918716,-0.18750044703483582
OAF_tape_happy_angry,OAF,tape,happy,angry,OAF_tape_happy.wav,OAF_tape_angry.wav,-2.6875000596046448,0.5,-3.2499999403953552,1.25,3.84375,0.09375005960464478,1.3124998807907104
OAF_tape_sad_angry,OAF,tape,sad,angry,OAF_tape_sad.wav,OAF_tape_angry.wav,-1.2499999701976776,0.75,-0.8749999701976776,0.875,1.8749999701976776,0.25,-0.25
OAF_team_neutral_happy,OAF,team,neutral,happy,OAF_team_neutral.wav,OAF_team_happy.wav,0.5,3.187500238418579,0.375,3.4375,2.8750001192092896,0.06249988079071045,0.3749997615814209
OAF_team_neutral_sad,OAF,team,neutral,sad,OAF_team_neutral.wav,OAF_team_sad.wav,6.437499821186066,8.937500447034836,7.125,8.625000417232513,2.000000521540642,0.18750007450580597,-1.0000002086162567
OAF_team_neutral_angry,OAF,team,neutral,angry,OAF_team_neutral.wav,OAF_team_angry.wav,5.437499761581421,1.25,5.875000059604645,0.625,-4.718749910593033,-0.09374985098838806,-1.0625002980232239
OAF_team_happy_sad,OAF,team,happy,sad,OAF_team_happy.wav,OAF_team_sad.wav,-2.5,7.3125001192092896,-2.6249998807907104,7.187499940395355,9.812499970197678,-0.1250000298023224,-2.980232238769531e-07
OAF_team_happy_angry,OAF,team,happy,angry,OAF_team_happy.wav,OAF_team_angry.wav,-3.5,0.8749998807907104,-3.0,0.75,4.062499940395355,0.18750005960464478,-0.6249998807907104
OAF_team_sad_angry,OAF,team,sad,angry,OAF_team_sad.wav,OAF_team_angry.wav,-0.9999999403953552,0.125,-0.4999999701976776,0.375,0.9999999552965164,0.3749999850988388,-0.2499999701976776
OAF_tell_neutral_happy,OAF,tell,neutral,happy,OAF_tell_neutral.wav,OAF_tell_happy.wav,-0.25,2.5000000596046448,-0.5625,1.875,2.5937500298023224,-0.4687500298023224,-0.3125000596046448
OAF_tell_neutral_sad,OAF,tell,neutral,sad,OAF_tell_neutral.wav,OAF_tell_sad.wav,4.687499970197678,7.500000178813934,5.125000089406967,7.499999761581421,2.5937499403953552,0.21874985098838806,-0.437500536441803
OAF_tell_neutral_angry,OAF,tell,neutral,angry,OAF_tell_neutral.wav,OAF_tell_angry.wav,3.9375,1.0000000596046448,3.7500001192092896,1.2500000596046448,-2.71875,0.031250059604644775,0.43749988079071045
OAF_tell_happy_sad,OAF,tell,happy,sad,OAF_tell_happy.wav,OAF_tell_sad.wav,-1.75,5.624999940395355,-3.0000000596046448,5.874999761581421,8.12499988079071,-0.5000001192092896,1.4999998807907104
OAF_tell_happy_angry,OAF,tell,happy,angry,OAF_tell_happy.wav,OAF_tell_angry.wav,-2.5,2.3750000596046448,-3.8750001788139343,2.2500000596046448,5.500000149011612,-0.7500000894069672,1.2500001788139343
OAF_tell_sad_angry,OAF,tell,sad,angry,OAF_tell_sad.wav,OAF_tell_angry.wav,-1.0,2.5000000298023224,-1.125,2.3750000596046448,3.5000000447034836,-0.1249999850988388,2.9802322387695312e-08
OAF_thin_neutral_happy,OAF,thin,neutral,happy,OAF_thin_neutral.wav,OAF_thin_happy.wav,-0.5625,2.999999925494194,0.375,2.0000001192092896,2.593750022351742,-0.03124990314245224,-1.9374998062849045
OAF_thin_neutral_sad,OAF,thin,neutral,sad,OAF_thin_neutral.wav,OAF_thin_sad.wav,5.6249998807907104,6.812500178813934,6.124999970197678,7.562499910593033,1.3125001192092896,0.6249999105930328,0.24999964237213135
OAF_thin_neutral_angry,OAF,thin,neutral,angry,OAF_thin_neutral.wav,OAF_thin_angry.wav,3.625,2.5,3.937499761581421,2.8749999701976776,-1.0937498956918716,0.34374986588954926,0.06250020861625671
OAF_thin_happy_sad,OAF,thin,happy,sad,OAF_thin_happy.wav,OAF_thin_sad.wav,-2.5000001192092896,5.499999821186066,-0.5000000596046448,5.874999910593033,7.187499955296516,1.187500074505806,-1.6249999701976776
OAF_thin_happy_angry,OAF,thin,happy,angry,OAF_thin_happy.wav,OAF_thin_angry.wav,-3.1875001192092896,2.9374999403953552,-3.4375001192092896,2.6249999701976776,6.093750074505806,-0.2812499850988388,-0.06249997019767761
OAF_thin_sad_angry,OAF,thin,sad,angry,OAF_thin_sad.wav,OAF_thin_angry.wav,-1.0000000298023224,4.0000001192092896,-1.7499999552965164,3.6874999701976776,5.218750037252903,-0.531250037252903,0.4374997764825821
OAF_third_neutral_happy,OAF,third,neutral,happy,OAF_third_neutral.wav,OAF_third_happy.wav,-0.75,2.7499998807907104,-0.625,3.4374999403953552,3.781249910593033,0.4062500298023224,0.5625000596046448
OAF_third_neutral_sad,OAF,third,neutral,sad,OAF_third_neutral.wav,OAF_third_sad.wav,2.7500000596046448,6.687500089406967,3.000000089406967,6.874999970197678,3.9062499552965164,0.21874995529651642,-0.06250014901161194
OAF_third_neutral_angry,OAF,third,neutral,angry,OAF_third_neutral.wav,OAF_third_angry.wav,1.625,-1.0,2.749999761581421,-0.5,-2.9374998807907104,0.8124998807907104,-0.6249997615814209
OAF_third_happy_sad,OAF,third,happy,sad,OAF_third_happy.wav,OAF_third_sad.wav,-2.7499999403953552,5.125,-1.125,4.874999970197678,6.937499955296516,0.6874999552965164,-1.8749999701976776
OAF_third_happy_angry,OAF,third,happy,angry,OAF_third_happy.wav,OAF_third_angry.wav,-3.7499999403953552,1.2499999403953552,-3.7499999701976776,0.8750001192092896,4.812499985098839,-0.18749992549419403,-0.3749997913837433
OAF_third_sad_angry,OAF,third,sad,angry,OAF_third_sad.wav,OAF_third_angry.wav,-0.9999999701976776,1.25,-1.4999999850988388,1.3750001192092896,2.562500037252903,-0.18749994784593582,0.6250001341104507
OAF_thought_neutral_happy,OAF,thought,neutral,happy,OAF_thought_neutral.wav,OAF_thought_happy.wav,-0.5625,2.6249999701976776,0.0625,3.125,3.124999985098839,0.5625000149011612,-0.12499997019767761
OAF_thought_neutral_sad,OAF,thought,neutral,sad,OAF_thought_neutral.wav,OAF_thought_sad.wav,5.187500029802322,5.6250001192092896,4.937499850988388,6.250000029802322,0.8750001341104507,0.18749986588954926,0.8750000894069672
OAF_thought_neutral_angry,OAF,thought,neutral,angry,OAF_thought_neutral.wav,OAF_thought_angry.wav,3.9375,2.6249998956918716,2.812500238418579,0.875,-1.6250001713633537,-1.4374998286366463,-0.6250001341104507
OAF_thought_happy_sad,OAF,thought,happy,sad,OAF_thought_happy.wav,OAF_thought_sad.wav,-1.0,4.999999910593033,-1.1249999701976776,4.500000029802322,5.812499955296516,-0.31249992549419403,-0.37499991059303284
OAF_thought_happy_angry,OAF,thought,happy,angry,OAF_thought_happy.wav,OAF_thought_angry.wav,-1.625,2.7499998807907104,-2.8124999552965164,1.875,4.531249918043613,-1.0312499180436134,0.31250007450580597
OAF_thought_sad_angry,OAF,thought,sad,angry,OAF_thought_sad.wav,OAF_thought_angry.wav,-0.6250000298023224,4.124999895691872,-1.25,2.625,4.312499962747097,-1.0624999329447746,-0.874999925494194
OAF_thumb_neutral_happy,OAF,thumb,neutral,happy,OAF_thumb_neutral.wav,OAF_thumb_happy.wav,-0.625,3.3749998956918716,-0.3125,3.0,3.656249947845936,-0.03124994784593582,-0.6874998956918716
OAF_thumb_neutral_sad,OAF,thumb,neutral,sad,OAF_thumb_neutral.wav,OAF_thumb_sad.wav,4.750000074505806,7.000000089406967,5.125000089406967,7.937500223517418,2.531250074505806,0.656250074505806,0.5625001192092896
OAF_thumb_neutral_angry,OAF,thumb,neutral,angry,OAF_thumb_neutral.wav,OAF_thumb_angry.wav,3.1250001192092896,-1.2500000298023224,2.5,-0.7499999403953552,-3.8125000447034836,-0.0625000149011612,1.1250002086162567
OAF_thumb_happy_sad,OAF,thumb,happy,sad,OAF_thumb_happy.wav,OAF_thumb_sad.wav,-2.0,5.125,-1.0000000298023224,6.250000223517418,7.18750012665987,1.0625000968575478,0.1250002533197403
OAF_thumb_happy_angry,OAF,thumb,happy,angry,OAF_thumb_happy.wav,OAF_thumb_angry.wav,-3.0,2.25,-4.0624998807907104,0.875,5.093749940395355,-1.2187499403953552,-0.31250011920928955
OAF_thumb_sad_angry,OAF,thumb,sad,angry,OAF_thumb_sad.wav,OAF_thumb_angry.wav,-2.249999985098839,2.7500000298023224,-1.2500000298023224,1.25,3.750000022351742,-0.250000037252903,-2.499999985098839
OAF_time_neutral_happy,OAF,time,neutral,happy,OAF_time_neutral.wav,OAF_time_happy.wav,-1.0,2.749999910593033,-0.6875,2.3749998807907104,3.4062498956918716,-0.031250014901161194,-0.6875000298023224
OAF_time_neutral_sad,OAF,time,neutral,sad,OAF_time_neutral.wav,OAF_time_sad.wav,5.812500059604645,7.624999821186066,5.687499910593033,7.562500298023224,1.843750074505806,-0.09374983608722687,0.06250062584877014
OAF_time_neutral_angry,OAF,time,neutral,angry,OAF_time_neutral.wav,OAF_time_angry.wav,4.4375,0.6249999403953552,4.1250001192092896,0.24999994039535522,-3.8437501192092896,-0.3437499403953552,-0.06250011920928955
OAF_time_happy_sad,OAF,time,happy,sad,OAF_time_happy.wav,OAF_time_sad.wav,-3.1249998807907104,5.625000238418579,-2.6250000447034836,5.999999821186066,8.68749999254942,0.4374997094273567,-0.1250002533197403
OAF_time_happy_angry,OAF,time,happy,angry,OAF_time_happy.wav,OAF_time_angry.wav,-3.0624998807907104,2.25,-3.625,2.6249999403953552,5.781249910593033,-0.09375008940696716,0.9375000596046448
OAF_time_sad_angry,OAF,time,sad,angry,OAF_time_sad.wav,OAF_time_angry.wav,-0.25,1.375,-0.875,1.3749999403953552,1.9374999701976776,-0.3125000298023224,0.6249999403953552
OAF_tip_neutral_happy,OAF,tip,neutral,happy,OAF_tip_neutral.wav,OAF_tip_happy.wav,-0.1875,1.9999999403953552,0.25,2.125000014901161,2.031249977648258,0.281250037252903,-0.31249992549419403
OAF_tip_neutral_sad,OAF,tip,neutral,sad,OAF_tip_neutral.wav,OAF_tip_sad.wav,4.875000104308128,8.125000298023224,4.499999850988388,8.312500178813934,3.531250260770321,-0.09375018626451492,0.5625001341104507
OAF_tip_neutral_angry,OAF,tip,neutral,angry,OAF_tip_neutral.wav,OAF_tip_angry.wav,3.3750001192092896,-1.2500000596046448,3.062499761581421,-0.8750000596046448,-4.28125,0.031249821186065674,0.6875003576278687
OAF_tip_happy_sad,OAF,tip,happy,sad,OAF_tip_happy.wav,OAF_tip_sad.wav,-5.062499776482582,5.875000089406967,-4.312500074505806,7.250000178813934,11.250000059604645,1.0624998956918716,0.625000387430191
OAF_tip_happy_angry,OAF,tip,happy,angry,OAF_tip_happy.wav,OAF_tip_angry.wav,-4.624999776482582,0.375,-4.625000238418579,0.375,5.000000007450581,-2.3096799850463867e-07,4.6193599700927734e-07
OAF_tip_sad_angry,OAF,tip,sad,angry,OAF_tip_sad.wav,OAF_tip_angry.wav,-1.2499999403953552,1.5,-0.5,1.625,2.4374999701976776,0.4374999701976776,-0.6249999403953552
OAF_tire_neutral_happy,OAF,tire,neutral,happy,OAF_tire_neutral.wav,OAF_tire_happy.wav,-0.4375,2.499999985098839,0.1875,2.6249999403953552,2.687499962747097,0.3749999776482582,-0.5000000447034836
OAF_tire_neutral_sad,OAF,tire,neutral,sad,OAF_tire_neutral.wav,OAF_tire_sad.wav,5.687500208616257,7.499999970197678,6.3125001937150955,8.062500387430191,1.7812499776482582,0.5937502011656761,-0.06249956786632538
OAF_tire_neutral_angry,OAF,tire,neutral,angry,OAF_tire_neutral.wav,OAF_tire_angry.wav,4.187500238418579,-1.3750000298023224,4.562499761581421,-1.375,-5.750000014901161,0.1874997764825821,-0.3749994933605194
OAF_tire_happy_sad,OAF,tire,happy,sad,OAF_tire_happy.wav,OAF_tire_sad.wav,-2.1249999403953552,5.8749998807907104,-2.9999999701976776,6.749999910593033,8.874999850988388,0.0,1.7500000596046448
OAF_tire_happy_angry,OAF,tire,happy,angry,OAF_tire_happy.wav,OAF_tire_angry.wav,-2.7499999403953552,1.8750001192092896,-3.2500000298023224,1.3750001192092896,4.625000104308128,-0.5000000447034836,8.940696716308594e-08
OAF_tire_sad_angry,OAF,tire,sad,angry,OAF_tire_sad.wav,OAF_tire_angry.wav,-1.3750000298023224,0.37499988079071045,-2.000000074505806,0.37500011920928955,2.062500052154064,-0.31249990314245224,0.6250002831220627
OAF_ton_neutral_happy,OAF,ton,neutral,happy,OAF_ton_neutral.wav,OAF_ton_happy.wav,-0.25,2.1875001192092896,-1.0,2.0,2.7187500596046448,-0.4687500596046448,0.5624998807907104
OAF_ton_neutral_sad,OAF,ton,neutral,sad,OAF_ton_neutral.wav,OAF_ton_sad.wav,4.8749998807907104,8.562500476837158,4.625000074505806,8.500000447034836,3.781250484287739,-0.15624991804361343,0.1874997764825821
OAF_ton_neutral_angry,OAF,ton,neutral,angry,OAF_ton_neutral.wav,OAF_ton_angry.wav,3.9999998807907104,-2.5000001043081284,3.312499761581421,-2.0000000298023224,-5.906249888241291,-0.09375002235174179,1.1875001937150955
OAF_ton_happy_sad,OAF,ton,happy,sad,OAF_ton_happy.wav,OAF_ton_sad.wav,-1.375,7.937499850988388,-1.0,6.999999970197678,8.656249910593033,-0.2812499403953552,-1.3124998807907104
OAF_ton_happy_angry,OAF,ton,happy,angry,OAF_ton_happy.wav,OAF_ton_angry.wav,-2.0,0.75,-2.25,0.625,2.8125,-0.1875,0.125
OAF_ton_sad_angry,OAF,ton,sad,angry,OAF_ton_sad.wav,OAF_ton_angry.wav,-1.8749999701976776,-0.375,-0.5,-0.125,0.9374999850988388,0.8124999850988388,-1.1249999701976776
OAF_tool_neutral_happy,OAF,tool,neutral,happy,OAF_tool_neutral.wav,OAF_tool_happy.wav,-0.5,2.1249999403953552,0.0,2.6249998807907104,2.624999910593033,0.4999999701976776,-5.960464477539063e-08
OAF_tool_neutral_sad,OAF,tool,neutral,sad,OAF_tool_neutral.wav,OAF_tool_sad.wav,4.374999910593033,7.375000178813934,4.5000001192092896,7.999999701976776,3.249999925494194,0.37499986588954926,0.4999993145465851
OAF_tool_neutral_angry,OAF,tool,neutral,angry,OAF_tool_neutral.wav,OAF_tool_angry.wav,3.7499998807907104,-2.624999985098839,4.000000059604645,-3.2499999701976776,-6.812499947845936,-0.18749990314245224,-0.8750001639127731
OAF_tool_happy_sad,OAF,tool,happy,sad,OAF_tool_happy.wav,OAF_tool_sad.wav,-1.9999998807907104,5.500000059604645,-0.75,6.125000178813934,7.187500059604645,0.9375,-0.6249997615814209
OAF_tool_happy_angry,OAF,tool,happy,angry,OAF_tool_happy.wav,OAF_tool_angry.wav,-2.4999998807907104,-0.25,-3.062500089406967,-0.5,2.406249985098839,-0.40625010430812836,0.3125002086162567
OAF_tool_sad_angry,OAF,tool,sad,angry,OAF_tool_sad.wav,OAF_tool_angry.wav,-0.6249999403953552,0.625,-0.6250000596046448,0.5,1.1875,-0.06250005960464478,-0.12499988079071045
OAF_tough_neutral_happy,OAF,tough,neutral,happy,OAF_tough_neutral.wav,OAF_tough_happy.wav,0.6875,3.5625000298023224,0.6875,2.5000000596046448,2.3437500447034836,-0.5312499850988388,-1.0624999701976776
OAF_tough_neutral_sad,OAF,tough,neutral,sad,OAF_tough_neutral.wav,OAF_tough_sad.wav,7.437499791383743,7.750000327825546,7.062500104308128,8.312500014901161,0.7812502235174179,0.09375,0.9374993741512299
OAF_tough_neutral_angry,OAF,tough,neutral,angry,OAF_tough_neutral.wav,OAF_tough_angry.wav,5.562499761581421,2.75,4.375,2.6250000596046448,-2.281249850988388,-0.6562498509883881,1.0624998211860657
OAF_tough_happy_sad,OAF,tough,happy,sad,OAF_tough_happy.wav,OAF_tough_sad.wav,-1.8750000596046448,6.687500178813934,-0.625,6.625000014901161,7.90625012665987,0.5937499478459358,-1.312500223517418
OAF_tough_happy_angry,OAF,tough,happy,angry,OAF_tough_happy.wav,OAF_tough_angry.wav,-2.6250000596046448,1.4999999701976776,-3.3749998956918716,1.0000000596046448,4.249999992549419,-0.6249998733401299,0.24999992549419403
OAF_tough_sad_angry,OAF,tough,sad,angry,OAF_tough_sad.wav,OAF_tough_angry.wav,-1.3750000149011612,1.7499998807907104,-0.8749999701976776,1.0000000596046448,2.499999962747097,-0.12499988824129105,-1.2499998658895493
OAF_turn_neutral_happy,OAF,turn,neutral,happy,OAF_turn_neutral.wav,OAF_turn_happy.wav,-1.125,1.4999999403953552,-0.875,1.6250001192092896,2.5625000298023224,0.18750008940696716,-0.12499982118606567
OAF_turn_neutral_sad,OAF,turn,neutral,sad,OAF_turn_neutral.wav,OAF_turn_sad.wav,3.750000149011612,8.999999806284904,4.000000178813934,9.062500283122063,5.1562498807907104,0.1562502533197403,-0.18749955296516418
OAF_turn_neutral_angry,OAF,turn,neutral,angry,OAF_turn_neutral.wav,OAF_turn_angry.wav,3.0000001192092896,-1.7500001192092896,2.0,-2.7500000298023224,-4.750000134110451,-1.0000000149011612,2.086162567138672e-07
OAF_turn_happy_sad,OAF,turn,happy,sad,OAF_turn_happy.wav,OAF_turn_sad.wav,-2.0000001192092896,7.124999836087227,-1.9999999403953552,7.1874998062849045,9.156249850988388,0.03125007450580597,0.062499791383743286
OAF_turn_happy_angry,OAF,turn,happy,angry,OAF_turn_happy.wav,OAF_turn_angry.wav,-2.3750001192092896,1.125,-2.375,0.625,3.2500000596046448,-0.24999994039535522,-0.5000001192092896
OAF_turn_sad_angry,OAF,turn,sad,angry,OAF_turn_sad.wav,OAF_turn_angry.wav,-1.6250000447034836,0.5,-0.6250000596046448,0.75,1.7500000521540642,0.6249999925494194,-0.7499999850988388
OAF_vine_neutral_happy,OAF,vine,neutral,happy,OAF_vine_neutral.wav,OAF_vine_happy.wav,0.0625,1.3125,0.3125,2.1249998807907104,1.5312499403953552,0.5312499403953552,0.5624998807907104
OAF_vine_neutral_sad,OAF,vine,neutral,sad,OAF_vine_neutral.wav,OAF_vine_sad.wav,4.687500208616257,8.12499988079071,5.500000149011612,8.125000298023224,3.031249910593033,0.4062501788139343,-0.8124995231628418
OAF_vine_neutral_angry,OAF,vine,neutral,angry,OAF_vine_neutral.wav,OAF_vine_angry.wav,4.062500238418579,1.0000000596046448,4.6874998807907104,0.125,-3.8125000298023224,-0.1250002086162567,-1.4999997019767761
OAF_vine_happy_sad,OAF,vine,happy,sad,OAF_vine_happy.wav,OAF_vine_sad.wav,-0.875,6.874999821186066,-0.6250000596046448,7.124999821186066,7.749999850988388,0.2499999701976776,5.960464477539063e-08
OAF_vine_happy_angry,OAF,vine,happy,angry,OAF_vine_happy.wav,OAF_vine_angry.wav,-2.0624998807907104,0.6249999403953552,-3.999999910593033,0.5,3.5937498658895493,-1.0312499850988388,1.8125000894069672
OAF_vine_sad_angry,OAF,vine,sad,angry,OAF_vine_sad.wav,OAF_vine_angry.wav,-1.2500000596046448,1.875,-0.7499999701976776,1.6249998807907104,2.7499999552965164,0.1249999850988388,-0.7500002086162567
OAF_voice_neutral_happy,OAF,voice,neutral,happy,OAF_voice_neutral.wav,OAF_voice_happy.wav,0.1875,3.875000089406967,0.25,3.8125,3.6250000447034836,-4.470348358154297e-08,-0.12500008940696716
OAF_voice_neutral_sad,OAF,voice,neutral,sad,OAF_voice_neutral.wav,OAF_voice_sad.wav,6.062499761581421,7.000000089406967,7.062500208616257,7.375000052154064,0.6250000856816769,0.6875002048909664,-0.6250004842877388
OAF_voice_neutral_angry,OAF,voice,neutral,angry,OAF_voice_neutral.wav,OAF_voice_angry.wav,5.937499761581421,0.5,5.3750001192092896,-1.5000000298023224,-6.156249955296516,-1.2812498360872269,-1.437500387430191
OAF_voice_happy_sad,OAF,voice,happy,sad,OAF_voice_happy.wav,OAF_voice_sad.wav,-3.0,5.999999925494194,-3.1250001043081284,6.500000052154064,9.312500040978193,0.1875000111758709,0.6250002309679985
OAF_voice_happy_angry,OAF,voice,happy,angry,OAF_voice_happy.wav,OAF_voice_angry.wav,-4.1875,1.6249998807907104,-4.499999962747097,0.875,5.593749921768904,-0.5312499217689037,-0.43749991804361343
OAF_voice_sad_angry,OAF,voice,sad,angry,OAF_voice_sad.wav,OAF_voice_angry.wav,-2.125000052154064,1.6249999403953552,-2.2500000596046448,0.625,3.312500026077032,-0.5624999739229679,-0.8749999329447746
OAF_void_neutral_happy,OAF,void,neutral,happy,OAF_void_neutral.wav,OAF_void_happy.wav,0.125,3.9999999403953552,0.3125,3.8750001788139343,3.7187500596046448,0.03125011920928955,-0.3124997615814209
OAF_void_neutral_sad,OAF,void,neutral,sad,OAF_void_neutral.wav,OAF_void_sad.wav,6.812500029802322,8.437499940395355,6.937500089406967,8.687500357627869,1.6875000894069672,0.1875002384185791,0.12500035762786865
OAF_void_neutral_angry,OAF,void,neutral,angry,OAF_void_neutral.wav,OAF_void_angry.wav,5.5625,0.5,3.999999761581421,-2.624999925494194,-5.8437498435378075,-2.3437500819563866,-1.562499687075615
OAF_void_happy_sad,OAF,void,happy,sad,OAF_void_happy.wav,OAF_void_sad.wav,-1.6249999403953552,7.249999970197678,-2.25,7.0624998807907104,9.093749895691872,-0.40625007450580597,0.4374999701976776
OAF_void_happy_angry,OAF,void,happy,angry,OAF_void_happy.wav,OAF_void_angry.wav,-2.2499999403953552,1.625,-3.9999998286366463,0.5,4.187499884516001,-1.4374999441206455,0.624999888241291
OAF_void_sad_angry,OAF,void,sad,angry,OAF_void_sad.wav,OAF_void_angry.wav,-1.125,0.37500011920928955,-1.3750000447034836,-0.125,1.3750000819563866,-0.37500008195638657,-0.25000007450580597
OAF_vote_neutral_happy,OAF,vote,neutral,happy,OAF_vote_neutral.wav,OAF_vote_happy.wav,-1.25,4.125000067055225,-1.562499761581421,4.750000223517418,5.843750026077032,0.15625019744038582,0.9374999180436134
OAF_vote_neutral_sad,OAF,vote,neutral,sad,OAF_vote_neutral.wav,OAF_vote_sad.wav,3.5000000298023224,7.374999970197678,3.3750000596046448,8.50000037252903,4.50000012665987,0.5000002160668373,1.2500003725290298
OAF_vote_neutral_angry,OAF,vote,neutral,angry,OAF_vote_neutral.wav,OAF_vote_angry.wav,2.875,2.4999998807907104,3.2499998807907104,1.6249999403953552,-1.0000000298023224,-0.2500000298023224,-1.2499998211860657
OAF_vote_happy_sad,OAF,vote,happy,sad,OAF_vote_happy.wav,OAF_vote_sad.wav,-6.312500223517418,7.187499970197678,-6.687500104308128,7.187499895691872,13.687500096857548,-0.1874999776482582,0.3749998062849045
OAF_vote_happy_angry,OAF,vote,happy,angry,OAF_vote_happy.wav,OAF_vote_angry.wav,-5.375000223517418,2.1249999403953552,-5.562500096857548,1.7499999403953552,7.406250100582838,-0.2812499366700649,-0.18750012665987015
OAF_vote_sad_angry,OAF,vote,sad,angry,OAF_vote_sad.wav,OAF_vote_angry.wav,-1.5000000149011612,2.9999998807907104,-0.8750000596046448,2.1249999403953552,3.749999947845936,-0.1249999925494194,-1.4999998956918716
OAF_wag_neutral_happy,OAF,wag,neutral,happy,OAF_wag_neutral.wav,OAF_wag_happy.wav,-0.5625,1.0,-0.6875,0.9999998807907104,1.6249999403953552,-0.06250005960464478,0.12499988079071045
OAF_wag_neutral_sad,OAF,wag,neutral,sad,OAF_wag_neutral.wav,OAF_wag_sad.wav,4.250000149011612,6.624999940395355,3.3750000596046448,5.7499998807907104,2.3749998062849045,-0.875000074505806,2.9802322387695312e-08
OAF_wag_neutral_angry,OAF,wag,neutral,angry,OAF_wag_neutral.wav,OAF_wag_angry.wav,3.3750001192092896,-1.6250000298023224,3.125000238418579,-1.2499999701976776,-4.687500178813934,0.06250008940696716,0.6249999403953552
OAF_wag_happy_sad,OAF,wag,happy,sad,OAF_wag_happy.wav,OAF_wag_sad.wav,-0.125,5.250000178813934,-0.875,4.3749998807907104,5.312500029802322,-0.8125001490116119,-0.12500029802322388
OAF_wag_happy_angry,OAF,wag,happy,angry,OAF_wag_happy.wav,OAF_wag_angry.wav,-0.875,0.49999988079071045,-2.2500000596046448,0.125,1.8749999701976776,-0.8749999701976776,1.0000001788139343
OAF_wag_sad_angry,OAF,wag,sad,angry,OAF_wag_sad.wav,OAF_wag_angry.wav,-0.875,1.625,-1.25,1.25,2.5,-0.375,0.0
OAF_walk_neutral_happy,OAF,walk,neutral,happy,OAF_walk_neutral.wav,OAF_walk_happy.wav,-0.4375,4.687499817460775,-0.625,4.812500014901161,5.281249916180968,-0.03124990127980709,0.3125001974403858
OAF_walk_neutral_sad,OAF,walk,neutral,sad,OAF_walk_neutral.wav,OAF_walk_sad.wav,5.062500059604645,6.562500208616257,6.249999776482582,5.875000089406967,0.5625002309679985,0.24999979883432388,-1.8749998360872269
OAF_walk_neutral_angry,OAF,walk,neutral,angry,OAF_walk_neutral.wav,OAF_walk_angry.wav,3.8125,4.687500029802322,3.8125,3.562500089406967,0.3125000596046448,-0.5624999701976776,-1.1249999403953552
OAF_walk_happy_sad,OAF,walk,happy,sad,OAF_walk_happy.wav,OAF_walk_sad.wav,-6.062500014901161,4.125,-5.250000014901161,4.500000089406967,9.968750059604645,0.5937500447034836,-0.43749991059303284
OAF_walk_happy_angry,OAF,walk,happy,angry,OAF_walk_happy.wav,OAF_walk_angry.wav,-5.437500014901161,3.4375000298023224,-5.499999832361937,3.187500089406967,8.781249983236194,-0.1562498789280653,-0.18750012293457985
OAF_walk_sad_angry,OAF,walk,sad,angry,OAF_walk_sad.wav,OAF_walk_angry.wav,-0.7499999701976776,4.625000029802322,-0.7499999701976776,3.749999850988388,4.937499910593033,-0.43750008940696716,-0.8750001788139343
OAF_wash_neutral_happy,OAF,wash,neutral,happy,OAF_wash_neutral.wav,OAF_wash_happy.wav,0.4375,2.1250000298023224,0.4375,3.1874998807907104,2.2187499552965164,0.531249925494194,1.062499850988388
OAF_wash_neutral_sad,OAF,wash,neutral,sad,OAF_wash_neutral.wav,OAF_wash_sad.wav,6.312500059604645,6.999999761581421,6.749999895691872,7.250000163912773,0.5937499850988388,0.34375011920928955,-0.18749943375587463
OAF_wash_neutral_angry,OAF,wash,neutral,angry,OAF_wash_neutral.wav,OAF_wash_angry.wav,4.5625,2.375,3.8125001192092896,2.4999999403953552,-1.7500000894069672,-0.3124999701976776,0.8749998211860657
OAF_wash_happy_sad,OAF,wash,happy,sad,OAF_wash_happy.wav,OAF_wash_sad.wav,-3.8124998807907104,5.249999761581421,-2.5,6.000000163912773,8.781249903142452,1.0312501415610313,-0.5624994784593582
OAF_wash_happy_angry,OAF,wash,happy,angry,OAF_wash_happy.wav,OAF_wash_angry.wav,-3.8124998807907104,1.4999999403953552,-3.2500000447034836,1.2499999403953552,4.906249903142452,0.15624991804361343,-0.8124998360872269
OAF_wash_sad_angry,OAF,wash,sad,angry,OAF_wash_sad.wav,OAF_wash_angry.wav,-1.3750000447034836,1.7500000596046448,-1.1250000298023224,1.3749999403953552,2.812500037252903,-0.06250005215406418,-0.6250001341104507
OAF_week_neutral_happy,OAF,week,neutral,happy,OAF_week_neutral.wav,OAF_week_happy.wav,0.1875,3.9374998062849045,-0.375,3.624999962747097,3.8749998845160007,-0.43749992176890373,0.25000015646219254
OAF_week_neutral_sad,OAF,week,neutral,sad,OAF_week_neutral.wav,OAF_week_sad.wav,5.812500238418579,7.562499955296516,5.562500059604645,8.125000268220901,2.156249962747097,0.15625006705522537,0.8125004917383194
OAF_week_neutral_angry,OAF,week,neutral,angry,OAF_week_neutral.wav,OAF_week_angry.wav,4.812500238418579,-1.0,4.5,-2.500000014901161,-6.40625012665987,-0.9062501266598701,-1.187499776482582
OAF_week_happy_sad,OAF,week,happy,sad,OAF_week_happy.wav,OAF_week_sad.wav,-4.374999962747097,5.937499940395355,-5.6874998435378075,6.749999791383743,11.374999769032001,-0.2500000149011612,2.1249997317790985
OAF_week_happy_angry,OAF,week,happy,angry,OAF_week_happy.wav,OAF_week_angry.wav,-4.499999962747097,0.375,-4.499999798834324,-0.25,4.5624998807907104,-0.31249991804361343,-0.6250001639127731
OAF_week_sad_angry,OAF,week,sad,angry,OAF_week_sad.wav,OAF_week_angry.wav,-1.2500000298023224,2.2499998807907104,-0.7500000298023224,0.75,2.4999999701976776,-0.4999999403953552,-1.9999998807907104
OAF_wheat_neutral_happy,OAF,wheat,neutral,happy,OAF_wheat_neutral.wav,OAF_wheat_happy.wav,-1.3125,3.9374998807907104,-1.1875,3.625000089406967,5.031249985098839,-0.09374989569187164,-0.4374997913837433
OAF_wheat_neutral_sad,OAF,wheat,neutral,sad,OAF_wheat_neutral.wav,OAF_wheat_sad.wav,4.0,5.2499998807907104,4.125000178813934,5.6875001192092896,1.4062499105930328,0.2812502086162567,0.3125000596046448
OAF_wheat_neutral_angry,OAF,wheat,neutral,angry,OAF_wheat_neutral.wav,OAF_wheat_angry.wav,2.875,2.2499998807907104,2.7499998807907104,1.5,-0.9375,-0.4375,-0.6249997615814209
OAF_wheat_happy_sad,OAF,wheat,happy,sad,OAF_wheat_happy.wav,OAF_wheat_sad.wav,-2.750000089406967,4.750000089406967,-2.3750001192092896,4.8750001192092896,7.375000208616257,0.25,-0.24999994039535522
OAF_wheat_happy_angry,OAF,wheat,happy,angry,OAF_wheat_happy.wav,OAF_wheat_angry.wav,-3.437500089406967,-0.375,-4.312500186264515,-0.75,3.312500137835741,-0.6250000484287739,0.5000000968575478
OAF_wheat_sad_angry,OAF,wheat,sad,angry,OAF_wheat_sad.wav,OAF_wheat_angry.wav,-1.0,2.0000001192092896,-0.7500000596046448,1.625,2.687500089406967,-0.06250008940696716,-0.6250000596046448
OAF_when_neutral_happy,OAF,when,neutral,happy,OAF_when_neutral.wav,OAF_when_happy.wav,0.5,3.3125000596046448,0.375,3.1874999701976776,2.812500014901161,-0.12500004470348358,-8.940696716308594e-08
OAF_when_neutral_sad,OAF,when,neutral,sad,OAF_when_neutral.wav,OAF_when_sad.wav,7.437499955296516,7.812500149011612,6.624999791383743,7.125,0.4375002011656761,-0.7500001564621925,0.1250000149011612
OAF_when_neutral_angry,OAF,when,neutral,angry,OAF_when_neutral.wav,OAF_when_angry.wav,6.0625,-1.375,5.5625001192092896,-1.8749999701976776,-7.437500044703484,-0.49999992549419403,-8.940696716308594e-08
OAF_when_happy_sad,OAF,when,happy,sad,OAF_when_happy.wav,OAF_when_sad.wav,-5.250000208616257,5.499999910593033,-4.9375001192092896,5.375,10.53125011920929,0.09375008940696716,-0.4375
OAF_when_happy_angry,OAF,when,happy,angry,OAF_when_happy.wav,OAF_when_angry.wav,-4.875000208616257,0.625,-5.1874998807907104,1.25,5.968750044703484,0.15625016391277313,0.9374996721744537
OAF_when_sad_angry,OAF,when,sad,angry,OAF_when_sad.wav,OAF_when_angry.wav,0.25,0.0,-0.7500000596046448,0.0,0.2500000298023224,-0.5000000298023224,1.0000000596046448
OAF_which_neutral_happy,OAF,which,neutral,happy,OAF_which_neutral.wav,OAF_which_happy.wav,0.25,2.875,0.3125,3.0000000596046448,2.6562500298023224,0.09375002980232239,0.06250005960464478
OAF_which_neutral_sad,OAF,which,neutral,sad,OAF_which_neutral.wav,OAF_which_sad.wav,5.312499910593033,7.000000059604645,5.749999850988388,7.2499998807907104,1.5937500894069672,0.34374988079071045,-0.18750011920928955
OAF_which_neutral_angry,OAF,which,neutral,angry,OAF_which_neutral.wav,OAF_which_angry.wav,4.5624998807907104,3.5000000596046448,3.125,1.8749998807907104,-1.1562499701976776,-1.5312500298023224,-0.18750029802322388
OAF_which_happy_sad,OAF,which,happy,sad,OAF_which_happy.wav,OAF_which_sad.wav,-2.1250000596046448,5.499999850988388,-1.8750001192092896,6.1874998807907104,7.843749955296516,0.4687499850988388,0.43750008940696716
OAF_which_happy_angry,OAF,which,happy,angry,OAF_which_happy.wav,OAF_which_angry.wav,-3.0624998211860657,0.6249999403953552,-3.624999910593033,-0.25,3.531249836087227,-0.7187500149011612,-0.31249985098838806
OAF_which_sad_angry,OAF,which,sad,angry,OAF_which_sad.wav,OAF_which_angry.wav,-1.0,2.1249999403953552,-0.7499999701976776,2.1249998807907104,2.9999998956918716,0.1249999850988388,-0.25000008940696716
OAF_whip_neutral_happy,OAF,whip,neutral,happy,OAF_whip_neutral.wav,OAF_whip_happy.wav,-0.4375,3.1249999329447746,-0.375,1.8749999850988388,2.9062499590218067,-0.5937499739229679,-1.3124999478459358
OAF_whip_neutral_sad,OAF,whip,neutral,sad,OAF_whip_neutral.wav,OAF_whip_sad.wav,4.625000208616257,6.187499910593033,4.249999821186066,5.687500059604645,1.4999999701976776,-0.43750011920928955,-0.12499946355819702
OAF_whip_neutral_angry,OAF,whip,neutral,angry,OAF_whip_neutral.wav,OAF_whip_angry.wav,2.750000238418579,-0.25,2.25,-0.125,-2.6875001192092896,-0.18750011920928955,0.6250002384185791
OAF_whip_happy_sad,OAF,whip,happy,sad,OAF_whip_happy.wav,OAF_whip_sad.wav,-2.749999985098839,5.125000149011612,-4.562499921768904,4.250000059604645,8.343750057742,-1.343750013038516,0.9374998472630978
OAF_whip_happy_angry,OAF,whip,happy,angry,OAF_whip_happy.wav,OAF_whip_angry.wav,-3.374999985098839,0.0,-3.9999999403953552,-0.125,3.624999962747097,-0.3749999776482582,0.4999999552965164
OAF_whip_sad_angry,OAF,whip,sad,angry,OAF_whip_sad.wav,OAF_whip_angry.wav,-0.25,1.375,-1.2500000298023224,1.3749998807907104,2.1249999552965164,-0.500000074505806,0.9999999105930328
OAF_white_neutral_happy,OAF,white,neutral,happy,OAF_white_neutral.wav,OAF_white_happy.wav,-0.75,2.374999910593033,-0.75,2.4374998807907104,3.1562498956918716,0.031249985098838806,0.06249997019767761
OAF_white_neutral_sad,OAF,white,neutral,sad,OAF_white_neutral.wav,OAF_white_sad.wav,5.187500238418579,7.125000178813934,5.0000001937150955,6.875000059604645,1.9062499031424522,-0.21875008195638657,-0.06250007450580597
OAF_white_neutral_angry,OAF,white,neutral,angry,OAF_white_neutral.wav,OAF_white_angry.wav,3.312500238418579,-2.0,3.875,-2.8750000298023224,-6.031250134110451,-0.15625013411045074,-1.4374997913837433
OAF_white_happy_sad,OAF,white,happy,sad,OAF_white_happy.wav,OAF_white_sad.wav,-1.6249998807907104,5.812499970197678,-1.3749999403953552,5.500000059604645,7.156249925494194,-0.031249985098838806,-0.5624998509883881
OAF_white_happy_angry,OAF,white,happy,angry,OAF_white_happy.wav,OAF_white_angry.wav,-2.3749998807907104,1.125,-3.374999910593033,0.25,3.5624998956918716,-0.9375000149011612,0.1250000298023224
OAF_white_sad_angry,OAF,white,sad,angry,OAF_white_sad.wav,OAF_white_angry.wav,-0.7500000596046448,0.125,-1.3750000298023224,-0.125,1.0625000447034836,-0.4374999850988388,0.3749999701976776
OAF_wife_neutral_happy,OAF,wife,neutral,happy,OAF_wife_neutral.wav,OAF_wife_happy.wav,0.625,2.8124999701976776,0.9375,2.7500000596046448,2.000000014901161,0.12500004470348358,-0.37499991059303284
OAF_wife_neutral_sad,OAF,wife,neutral,sad,OAF_wife_neutral.wav,OAF_wife_sad.wav,6.687500238418579,7.874999985098839,7.125000029802322,7.562499850988388,0.8124997839331627,0.06249982863664627,-0.749999925494194
OAF_wife_neutral_angry,OAF,wife,neutral,angry,OAF_wife_neutral.wav,OAF_wife_angry.wav,6.062500238418579,3.375000089406967,5.8125,2.249999910593033,-3.1250001192092896,-0.6875002086162567,-0.8749999403953552
OAF_wife_happy_sad,OAF,wife,happy,sad,OAF_wife_happy.wav,OAF_wife_sad.wav,-0.6250000596046448,6.375000208616257,-1.5000000298023224,6.374999850988388,7.437500074505806,-0.43750016391277313,0.874999612569809
OAF_wife_happy_angry,OAF,wife,happy,angry,OAF_wife_happy.wav,OAF_wife_angry.wav,-1.5000000596046448,3.5000000298023224,-1.625,3.124999910593033,4.875,-0.2500000298023224,-0.2500001788139343
OAF_wife_sad_angry,OAF,wife,sad,angry,OAF_wife_sad.wav,OAF_wife_angry.wav,-0.8749999701976776,1.8750000298023224,-1.25,1.7499999105930328,2.8749999552965164,-0.25000007450580597,0.24999991059303284
OAF_wire_neutral_happy,OAF,wire,neutral,happy,OAF_wire_neutral.wav,OAF_wire_happy.wav,-0.25,2.3125,-0.0625,2.3750001192092896,2.5000000596046448,0.12500005960464478,-0.12499988079071045
OAF_wire_neutral_sad,OAF,wire,neutral,sad,OAF_wire_neutral.wav,OAF_wire_sad.wav,4.749999940395355,6.3750001192092896,4.874999821186066,7.437499940395355,2.093750149011612,0.5937498509883881,0.9374999403953552
OAF_wire_neutral_angry,OAF,wire,neutral,angry,OAF_wire_neutral.wav,OAF_wire_angry.wav,4.125,0.0,3.3749998211860657,-2.500000089406967,-4.999999955296516,-1.6250001341104507,-1.7499999105930328
OAF_wire_happy_sad,OAF,wire,happy,sad,OAF_wire_happy.wav,OAF_wire_sad.wav,0.5,4.875000238418579,0.3749999403953552,5.499999940395355,4.7500001192092896,0.24999982118606567,0.7499997615814209
OAF_wire_happy_angry,OAF,wire,happy,angry,OAF_wire_happy.wav,OAF_wire_angry.wav,-0.5,1.1249998807907104,-1.75,0.375,1.8749999403953552,-0.9999999403953552,0.5000001192092896
OAF_wire_sad_angry,OAF,wire,sad,angry,OAF_wire_sad.wav,OAF_wire_angry.wav,-0.6249999403953552,1.4999998807907104,-0.125,0.75,1.4999999105930328,-0.12499997019767761,-1.2499998211860657
OAF_witch_neutral_happy,OAF,witch,neutral,happy,OAF_witch_neutral.wav,OAF_witch_happy.wav,0.0,3.250000074505806,-0.1875,3.437500014901161,3.4375000447034836,-2.9802322387695312e-08,0.3749999403953552
OAF_witch_neutral_sad,OAF,witch,neutral,sad,OAF_witch_neutral.wav,OAF_witch_sad.wav,4.812499970197678,6.312499850988388,4.750000014901161,4.9374998807907104,0.8437498733401299,-0.718749962747097,-1.3125000149011612
OAF_witch_neutral_angry,OAF,witch,neutral,angry,OAF_witch_neutral.wav,OAF_witch_angry.wav,3.4375,0.25,3.062499761581421,-0.625,-3.4374998807907104,-0.6250001192092896,-0.4999997615814209
OAF_witch_happy_sad,OAF,witch,happy,sad,OAF_witch_happy.wav,OAF_witch_sad.wav,-2.750000014901161,4.499999925494194,-2.624999925494194,4.1249998807907104,6.99999987334013,-0.12499997764825821,-0.5000001341104507
OAF_witch_happy_angry,OAF,witch,happy,angry,OAF_witch_happy.wav,OAF_witch_angry.wav,-3.750000014901161,-0.875,-4.124999850988388,-0.5,3.2499999329447746,8.195638656616211e-08,0.7499998360872269
OAF_witch_sad_angry,OAF,witch,sad,angry,OAF_witch_sad.wav,OAF_witch_angry.wav,-0.875,1.125,-1.4999999850988388,0.7500001192092896,2.125000052154064,-0.4999999329447746,0.25000010430812836
OAF_yearn_neutral_happy,OAF,yearn,neutral,happy,OAF_yearn_neutral.wav,OAF_yearn_happy.wav,-0.3125,2.6874998807907104,0.625,3.9375001788139343,3.1562500298023224,1.093750149011612,0.3125002980232239
OAF_yearn_neutral_sad,OAF,yearn,neutral,sad,OAF_yearn_neutral.wav,OAF_yearn_sad.wav,4.874999970197678,6.437500089406967,4.937500178813934,6.812499940395355,1.7187499403953552,0.2187500298023224,0.31249964237213135
OAF_yearn_neutral_angry,OAF,yearn,neutral,angry,OAF_yearn_neutral.wav,OAF_yearn_angry.wav,3.875,-1.25,3.687500238418579,-1.0,-4.9062501192092896,0.03125011920928955,0.4374997615814209
OAF_yearn_happy_sad,OAF,yearn,happy,sad,OAF_yearn_happy.wav,OAF_yearn_sad.wav,-1.4999999403953552,5.749999850988388,-0.8749999403953552,5.749999940395355,6.937499836087227,0.3125000447034836,-0.6249999105930328
OAF_yearn_happy_angry,OAF,yearn,happy,angry,OAF_yearn_happy.wav,OAF_yearn_angry.wav,-2.6874999403953552,2.0,-3.250000089406967,2.125,5.031250014901161,-0.21875007450580597,0.6875001490116119
OAF_yearn_sad_angry,OAF,yearn,sad,angry,OAF_yearn_sad.wav,OAF_yearn_angry.wav,-0.375,0.875,-0.25,0.125,0.8125,-0.3125,-0.875
OAF_yes_neutral_happy,OAF,yes,neutral,happy,OAF_yes_neutral.wav,OAF_yes_happy.wav,-0.0625,3.0000000596046448,0.625,1.8750000596046448,2.1562500596046448,-0.21875,-1.8125
OAF_yes_neutral_sad,OAF,yes,neutral,sad,OAF_yes_neutral.wav,OAF_yes_sad.wav,5.874999955296516,6.500000029802322,7.312499895691872,6.500000029802322,-0.09374989569187164,0.7187499701976776,-1.4374999403953552
OAF_yes_neutral_angry,OAF,yes,neutral,angry,OAF_yes_neutral.wav,OAF_yes_angry.wav,4.5,0.7500000596046448,4.4374998807907104,-1.3750000298023224,-4.781249925494194,-1.0937501043081284,-2.0624999701976776
OAF_yes_happy_sad,OAF,yes,happy,sad,OAF_yes_happy.wav,OAF_yes_sad.wav,-2.5000000596046448,4.374999821186066,-1.7499999403953552,5.125000029802322,6.874999925494194,0.7500001639127731,8.940696716308594e-08
OAF_yes_happy_angry,OAF,yes,happy,angry,OAF_yes_happy.wav,OAF_yes_angry.wav,-2.3750000596046448,0.125,-1.9999999701976776,0.6249998807907104,2.5624999552965164,0.4374999850988388,0.12499979138374329
OAF_yes_sad_angry,OAF,yes,sad,angry,OAF_yes_sad.wav,OAF_yes_angry.wav,-1.0000000298023224,2.1249999403953552,-0.625,0.7499998807907104,2.249999925494194,-0.5000000149011612,-1.7500000894069672
OAF_young_neutral_happy,OAF,young,neutral,happy,OAF_young_neutral.wav,OAF_young_happy.wav,-0.0625,1.625,-0.25,3.062500074505806,2.500000037252903,0.625000037252903,1.625000074505806
OAF_young_neutral_sad,OAF,young,neutral,sad,OAF_young_neutral.wav,OAF_young_sad.wav,4.624999761581421,6.687499970197678,5.312500163912773,6.812500029802322,1.781250037252903,0.4062502309679985,-0.5625003427267075
OAF_young_neutral_angry,OAF,young,neutral,angry,OAF_young_neutral.wav,OAF_young_angry.wav,3.749999761581421,-1.7500001192092896,3.4375001192092896,1.0000000596046448,-3.9687499701976776,1.2187502682209015,3.0624998211860657
OAF_young_happy_sad,OAF,young,happy,sad,OAF_young_happy.wav,OAF_young_sad.wav,-2.625000074505806,5.249999761581421,-1.7499999105930328,5.812500029802322,7.718749888241291,0.7187502160668373,-0.31249989569187164
OAF_young_happy_angry,OAF,young,happy,angry,OAF_young_happy.wav,OAF_young_angry.wav,-3.625000074505806,1.6249998807907104,-3.1875000596046448,1.8750000596046448,5.156250037252903,0.34375009685754776,-0.18749983608722687
OAF_young_sad_angry,OAF,young,sad,angry,OAF_young_sad.wav,OAF_young_angry.wav,-0.8750000298023224,1.3749998807907104,-1.2499999701976776,2.1250000596046448,2.8124999701976776,0.18750011920928955,1.1250001192092896
OAF_youth_neutral_happy,OAF,youth,neutral,happy,OAF_youth_neutral.wav,OAF_youth_happy.wav,0.8125,4.124999992549419,1.0625004768371582,4.312500149011612,3.2812498323619366,0.21875031664967537,-0.06250032037496567
OAF_youth_neutral_sad,OAF,youth,neutral,sad,OAF_youth_neutral.wav,OAF_youth_sad.wav,7.312500014901161,7.624999821186066,8.062500327825546,8.062500268220901,0.15624987334012985,0.5937503799796104,-0.31249986588954926
OAF_youth_neutral_angry,OAF,youth,neutral,angry,OAF_youth_neutral.wav,OAF_youth_angry.wav,5.9375,0.875,4.0625,-0.8749999403953552,-4.999999970197678,-1.8124999701976776,0.12500005960464478
OAF_youth_happy_sad,OAF,youth,happy,sad,OAF_youth_happy.wav,OAF_youth_sad.wav,-3.437499910593033,5.7499998807907104,-3.749999925494194,6.812499791383743,9.87499975413084,0.3749999478459358,1.374999925494194
OAF_youth_happy_angry,OAF,youth,happy,angry,OAF_youth_happy.wav,OAF_youth_angry.wav,-4.062500149011612,1.3750001192092896,-4.625000171363354,0.625,5.343750219792128,-0.6562500707805157,-0.18750009685754776
OAF_youth_sad_angry,OAF,youth,sad,angry,OAF_youth_sad.wav,OAF_youth_angry.wav,-0.8750000298023224,2.1249999403953552,-0.5000000298023224,0.75,2.125,-0.4999999701976776,-1.7499999403953552
YAF_back_neutral_happy,YAF,back,neutral,happy,YAF_back_neutral.wav,YAF_back_happy.wav,2.9375,7.250000027008355,2.875,7.1874998873099685,4.312499957159162,-0.0625000698491931,-1.3969838619232178e-07
YAF_back_neutral_sad,YAF,back,neutral,sad,YAF_back_neutral.wav,YAF_back_sad.wav,5.687499955296516,6.562500059604645,5.250000223517418,5.875000074505806,0.7499999776482582,-0.5624998584389687,-0.2500002533197403
YAF_back_neutral_angry,YAF,back,neutral,angry,YAF_back_neutral.wav,YAF_back_angry.wav,3.5625,7.68750012293458,4.0,7.562499824445695,3.8437499736901373,0.15624985075555742,-0.5625002984888852
YAF_back_happy_sad,YAF,back,happy,sad,YAF_back_happy.wav,YAF_back_sad.wav,-5.8124998873099685,2.7500000074505806,-6.125000197440386,2.250000074505806,8.46875008335337,-0.406250121537596,-0.18749962281435728
YAF_back_happy_angry,YAF,back,happy,angry,YAF_back_happy.wav,YAF_back_angry.wav,-5.8749998873099685,6.187500195577741,-5.500000011175871,5.999999824445695,11.781249959254637,0.0937497525010258,-0.5625002472661436
YAF_back_sad_angry,YAF,back,sad,angry,YAF_back_sad.wav,YAF_back_angry.wav,-2.250000074505806,7.062499928753823,-2.5000000447034836,7.062499824445695,9.437499936204404,-0.12500003725290298,0.24999986588954926
YAF_bar_neutral_happy,YAF,bar,neutral,happy,YAF_bar_neutral.wav,YAF_bar_happy.wav,1.5000001192092896,6.625000121071935,1.125,6.624999892897904,5.3124999473802745,-0.18750017369166017,0.37499989103525877
YAF_bar_neutral_sad,YAF,bar,neutral,sad,YAF_bar_neutral.wav,YAF_bar_sad.wav,2.875000089406967,5.812499970197678,3.1249998807907104,5.750000059604645,2.7812500298023224,0.09374994039535522,-0.3124997019767761
YAF_bar_neutral_angry,YAF,bar,neutral,angry,YAF_bar_neutral.wav,YAF_bar_angry.wav,1.6250001192092896,7.625000052154064,1.8749998807907104,8.062500225380063,6.093750138767064,0.3437499674037099,0.18750041164457798
YAF_bar_happy_sad,YAF,bar,happy,sad,YAF_bar_happy.wav,YAF_bar_sad.wav,-5.374999892897904,1.2500000298023224,-4.250000052154064,1.8750000596046448,6.375000017229468,0.8749999352730811,-0.49999981094151735
YAF_bar_happy_angry,YAF,bar,happy,angry,YAF_bar_happy.wav,YAF_bar_angry.wav,-5.562499892897904,6.874999929219484,-5.3124998258426785,7.000000225380063,12.374999936670065,0.18750018160790205,-0.12499977089464664
YAF_bar_sad_angry,YAF,bar,sad,angry,YAF_bar_sad.wav,YAF_bar_angry.wav,-1.5000000596046448,7.999999814666808,-1.8749999701976776,7.750000225380063,9.562500034924597,-0.3124997499398887,0.12500032130628824
YAF_base_neutral_happy,YAF,base,neutral,happy,YAF_base_neutral.wav,YAF_base_happy.wav,2.562499761581421,6.7500001564621925,2.312499761581421,6.874999951571226,4.375000292435288,-0.06250010244548321,0.3749997951090336
YAF_base_neutral_sad,YAF,base,neutral,sad,YAF_base_neutral.wav,YAF_base_sad.wav,4.937499791383743,6.6875002309679985,4.937500044703484,6.874999985098839,1.8437501899898052,0.0937500037252903,0.1874995008111
YAF_base_neutral_angry,YAF,base,neutral,angry,YAF_base_neutral.wav,YAF_base_angry.wav,3.312499761581421,7.6249998435378075,3.187500238418579,8.312500362750143,4.718750103143975,0.2812504980247468,0.8125000423751771
YAF_base_happy_sad,YAF,base,happy,sad,YAF_base_happy.wav,YAF_base_sad.wav,-3.124999951571226,2.2500000596046448,-2.374999985098839,2.874999985098839,5.312499990686774,0.6874999459832907,-0.12500004097819328
YAF_base_happy_angry,YAF,base,happy,angry,YAF_base_happy.wav,YAF_base_angry.wav,-4.999999951571226,6.124999925494194,-4.812500137835741,6.249999885912985,11.093749950407073,0.15624988707713783,-0.0624998533166945
YAF_base_sad_angry,YAF,base,sad,angry,YAF_base_sad.wav,YAF_base_angry.wav,-3.124999985098839,8.37500028591603,-2.1250001192092896,7.937499885912985,10.781250138068572,0.28124973294325173,-1.437500265892595
YAF_bath_neutral_happy,YAF,bath,neutral,happy,YAF_bath_neutral.wav,YAF_bath_happy.wav,1.375,6.999999800696969,1.4999998807907104,6.687499959021807,5.406249939464033,-0.09374998044222593,-0.43749972246587276
YAF_bath_neutral_sad,YAF,bath,neutral,sad,YAF_bath_neutral.wav,YAF_bath_sad.wav,2.9999999403953552,6.375000134110451,4.000000104308128,5.937500029802322,2.6562500596046448,0.2812500298023224,-1.4375002682209015
YAF_bath_neutral_angry,YAF,bath,neutral,angry,YAF_bath_neutral.wav,YAF_bath_angry.wav,0.625,8.812499716877937,2.124999761581421,8.68750000023283,7.3749999777646735,0.6875000224681571,-1.6249994782265276
YAF_bath_happy_sad,YAF,bath,happy,sad,YAF_bath_happy.wav,YAF_bath_sad.wav,-5.437499959021807,1.375,-5.250000050291419,0.8750000298023224,6.468750019557774,-0.15625003073364496,-0.6874998789280653
YAF_bath_happy_angry,YAF,bath,happy,angry,YAF_bath_happy.wav,YAF_bath_angry.wav,-5.124999959021807,5.500000117346644,-5.312500081956387,6.437500000232831,11.187500079278834,0.3749998799758032,1.125000005820766
YAF_bath_sad_angry,YAF,bath,sad,angry,YAF_bath_sad.wav,YAF_bath_angry.wav,-2.3750000298023224,7.2500001806765795,-2.2499999701976776,7.625000000232831,9.750000090454705,0.24999993958044797,0.2499997599516064
YAF_bean_neutral_happy,YAF,bean,neutral,happy,YAF_bean_neutral.wav,YAF_bean_happy.wav,1.6875,4.000000014901161,1.75,4.1874998062849045,2.374999910593033,0.12499989569187164,0.12499979138374329
YAF_bean_neutral_sad,YAF,bean,neutral,sad,YAF_bean_neutral.wav,YAF_bean_sad.wav,5.5625001937150955,5.062499940395355,5.312499850988388,5.125000059604645,-0.3437500223517418,-0.09375011175870895,0.312500461935997
YAF_bean_neutral_angry,YAF,bean,neutral,angry,YAF_bean_neutral.wav,YAF_bean_angry.wav,3.687500238418579,-3.0000001043081284,3.375,-3.0000000298023224,-6.531250186264515,-0.15625008195638657,0.31250031292438507
YAF_bean_happy_sad,YAF,bean,happy,sad,YAF_bean_happy.wav,YAF_bean_sad.wav,-2.0000000447034836,1.375,-1.2500000298023224,1.3750000596046448,3.0000000670552254,0.375000037252903,-0.7499999552965164
YAF_bean_happy_angry,YAF,bean,happy,angry,YAF_bean_happy.wav,YAF_bean_angry.wav,-2.5000000447034836,1.375,-2.6249998956918716,0.8749997615814209,3.687499850988388,-0.3125000447034836,-0.37500038743019104
YAF_bean_sad_angry,YAF,bean,sad,angry,YAF_bean_sad.wav,YAF_bean_angry.wav,-1.0000000596046448,-0.875,-1.0000000596046448,-0.625,0.2500000596046448,0.125,0.25
YAF_beg_neutral_happy,YAF,beg,neutral,happy,YAF_beg_neutral.wav,YAF_beg_happy.wav,0.125,5.687500141561031,-0.125,5.374999985098839,5.531250063329935,-0.28125007823109627,-0.06250015646219254
YAF_beg_neutral_sad,YAF,beg,neutral,sad,YAF_beg_neutral.wav,YAF_beg_sad.wav,2.7500000298023224,6.312500141561031,3.750000089406967,6.500000037252903,3.1562500298023224,0.5937499776482582,-0.8125001639127731
YAF_beg_neutral_angry,YAF,beg,neutral,angry,YAF_beg_neutral.wav,YAF_beg_angry.wav,1.375,8.499999588355422,1.875,8.812500315718353,7.031249952036887,0.4062503636814654,-0.18749927263706923
YAF_beg_happy_sad,YAF,beg,happy,sad,YAF_beg_happy.wav,YAF_beg_sad.wav,-4.374999985098839,3.250000089406967,-4.499999992549419,3.375000037252903,7.750000052154064,-2.9802322387695312e-08,0.24999995529651642
YAF_beg_happy_angry,YAF,beg,happy,angry,YAF_beg_happy.wav,YAF_beg_angry.wav,-4.562499985098839,5.6874997997656465,-4.2500001806765795,7.062499838881195,10.78124990221113,0.8437499217689037,1.0625002346932888
YAF_beg_sad_angry,YAF,beg,sad,angry,YAF_beg_sad.wav,YAF_beg_angry.wav,-2.375000037252903,7.562499861698598,-2.250000089406967,7.562499838881195,9.874999913619831,0.06249996251426637,-0.1249999706633389
YAF_bite_neutral_happy,YAF,bite,neutral,happy,YAF_bite_neutral.wav,YAF_bite_happy.wav,2.562499761581421,7.375000021420419,2.625000238418579,7.187500071711838,4.687500046566129,-0.062499736435711384,-0.2500004265457392
YAF_bite_neutral_sad,YAF,bite,neutral,sad,YAF_bite_neutral.wav,YAF_bite_sad.wav,4.812499761581421,6.374999985098839,4.812500208616257,6.50000012665987,1.6250000707805157,0.06250029429793358,0.12499969452619553
YAF_bite_neutral_angry,YAF,bite,neutral,angry,YAF_bite_neutral.wav,YAF_bite_angry.wav,3.937499761581421,7.37500018812716,3.1875,6.999999795109034,3.6250001108273864,-0.5625000772997737,0.3749993685632944
YAF_bite_happy_sad,YAF,bite,happy,sad,YAF_bite_happy.wav,YAF_bite_sad.wav,-5.562500071711838,2.874999910593033,-4.999999949708581,2.499999888241291,7.9687499101273715,0.09375004982575774,-0.9375001443549991
YAF_bite_happy_angry,YAF,bite,happy,angry,YAF_bite_happy.wav,YAF_bite_angry.wav,-5.937500071711838,5.249999810010195,-5.999999773222953,5.874999795109034,11.53124972502701,0.281250141793862,0.6874996866099536
YAF_bite_sad_angry,YAF,bite,sad,angry,YAF_bite_sad.wav,YAF_bite_angry.wav,-3.249999888241291,7.312499951571226,-3.4999999329447746,7.249999795109034,10.656249783933163,-0.15625010058283806,0.18749988824129105
YAF_boat_neutral_happy,YAF,boat,neutral,happy,YAF_boat_neutral.wav,YAF_boat_happy.wav,2.5625,7.250000113621354,2.6875,7.124999852851033,4.562499983236194,-1.30385160446167e-07,-0.2500002607703209
YAF_boat_neutral_sad,YAF,boat,neutral,sad,YAF_boat_neutral.wav,YAF_boat_sad.wav,5.562500059604645,5.625000014901161,6.0624998807907104,5.6249998807907104,-0.1875000223517418,0.24999984353780746,-0.4999999552965164
YAF_boat_neutral_angry,YAF,boat,neutral,angry,YAF_boat_neutral.wav,YAF_boat_angry.wav,4.8125,3.2499999701976776,4.4999998807907104,2.999999925494194,-1.5312499925494194,-0.28125008195638657,0.06250007450580597
YAF_boat_happy_sad,YAF,boat,happy,sad,YAF_boat_happy.wav,YAF_boat_sad.wav,-5.937499852851033,1.5000000596046448,-6.124999943189323,1.375,7.4687499278225005,-0.15625007497146726,0.06250003073364496
YAF_boat_happy_angry,YAF,boat,happy,angry,YAF_boat_happy.wav,YAF_boat_angry.wav,-5.937499852851033,3.875000052154064,-5.750000201165676,3.749999925494194,9.656250015832484,0.031249762512743473,-0.31249977834522724
YAF_boat_sad_angry,YAF,boat,sad,angry,YAF_boat_sad.wav,YAF_boat_angry.wav,-2.8749998807907104,6.062499977648258,-2.749999985098839,5.000000163912773,8.34375000372529,-0.4687499590218067,-1.1874997094273567
YAF_bone_neutral_happy,YAF,bone,neutral,happy,YAF_bone_neutral.wav,YAF_bone_happy.wav,3.437500238418579,6.312500234693289,2.999999761581421,5.749999949708581,2.812500092200935,-0.500000380910933,-0.12499980814754963
YAF_bone_neutral_sad,YAF,bone,neutral,sad,YAF_bone_neutral.wav,YAF_bone_sad.wav,4.937500178813934,6.500000089406967,5.3749998807907104,6.25,1.2187500149011612,0.09374980628490448,-0.6874997913837433
YAF_bone_neutral_angry,YAF,bone,neutral,angry,YAF_bone_neutral.wav,YAF_bone_angry.wav,3.312500238418579,7.937499917112291,4.3749998807907104,8.37500037252903,4.312500085216016,0.7500000488944352,-0.6249991869553924
YAF_bone_happy_sad,YAF,bone,happy,sad,YAF_bone_happy.wav,YAF_bone_sad.wav,-4.749999949708581,2.749999985098839,-4.8749998565763235,1.5,6.937499895691872,-0.6874999459832907,-1.1250000782310963
YAF_bone_happy_angry,YAF,bone,happy,angry,YAF_bone_happy.wav,YAF_bone_angry.wav,-5.437499949708581,5.187500074505806,-5.312500208616257,5.249999895691872,10.593750064261258,0.09374978113919497,-0.06249991990625858
YAF_bone_sad_angry,YAF,bone,sad,angry,YAF_bone_sad.wav,YAF_bone_angry.wav,-1.5,7.062500042840838,-1.5000000596046448,6.937499895691872,8.499999999068677,-0.06250010337680578,-0.125000087544322
YAF_book_neutral_happy,YAF,book,neutral,happy,YAF_book_neutral.wav,YAF_book_happy.wav,1.4375,6.999999896623194,1.687500238418579,7.0624997997656465,5.468749728985131,0.15625007078051567,-0.18750033527612686
YAF_book_neutral_sad,YAF,book,neutral,sad,YAF_book_neutral.wav,YAF_book_sad.wav,5.312499940395355,6.562500223517418,4.875000074505806,6.3749998807907104,1.3750000447034836,-0.31250010430812836,0.2499995231628418
YAF_book_neutral_angry,YAF,book,neutral,angry,YAF_book_neutral.wav,YAF_book_angry.wav,3.3125,8.687499612104148,3.0,8.750000452622771,5.5625000323634595,-0.1249995797406882,0.3750008405186236
YAF_book_happy_sad,YAF,book,happy,sad,YAF_book_happy.wav,YAF_book_sad.wav,-5.6874997997656465,3.6249999701976776,-5.125000157393515,2.9999998807907104,8.718749904073775,-0.03125022351741791,-1.1874997317790985
YAF_book_happy_angry,YAF,book,happy,angry,YAF_book_happy.wav,YAF_book_angry.wav,-5.9999997997656465,6.75000001071021,-5.874999854713678,7.437499975785613,13.031249820487574,0.4062499550636858,0.5625000200234354
YAF_book_sad_angry,YAF,book,sad,angry,YAF_book_sad.wav,YAF_book_angry.wav,-2.2499998807907104,7.437499859370291,-2.2499999552965164,7.687499975785613,9.812499835621566,0.12500002095475793,0.2500001909211278
YAF_bought_neutral_happy,YAF,bought,neutral,happy,YAF_bought_neutral.wav,YAF_bought_happy.wav,1.0,6.749999945051968,1.624999761581421,6.687500000931323,5.406250092200935,0.2812499087303877,-0.6874997057020664
YAF_bought_neutral_sad,YAF,bought,neutral,sad,YAF_bought_neutral.wav,YAF_bought_sad.wav,3.625000014901161,6.1249998807907104,3.375000074505806,6.312499821186066,2.7187498062849045,-0.03125,0.43749988079071045
YAF_bought_neutral_angry,YAF,bought,neutral,angry,YAF_bought_neutral.wav,YAF_bought_angry.wav,1.25,8.062499737367034,1.0,8.249999727122486,7.03124973224476,-0.03125000512227416,0.4374999897554517
YAF_bought_happy_sad,YAF,bought,happy,sad,YAF_bought_happy.wav,YAF_bought_sad.wav,-5.437500000931323,2.75,-6.374999933876097,3.1250000596046448,8.843749997206032,-0.2812499366700649,1.3124999925494194
YAF_bought_happy_angry,YAF,bought,happy,angry,YAF_bought_happy.wav,YAF_bought_angry.wav,-5.750000000931323,5.437499761581421,-6.000000164844096,6.250000203959644,11.718750065658242,0.2812501392327249,1.062500606290996
YAF_bought_sad_angry,YAF,bought,sad,angry,YAF_bought_sad.wav,YAF_bought_angry.wav,-1.1250000596046448,7.187500170432031,-1.3749999403953552,7.187500203959644,8.437500187195837,-0.12499992363154888,0.24999991431832314
YAF_burn_neutral_happy,YAF,burn,neutral,happy,YAF_burn_neutral.wav,YAF_burn_happy.wav,0.9375,6.187499826774001,1.5,6.000000030733645,4.874999928753823,0.18750010197982192,-0.7499997960403562
YAF_burn_neutral_sad,YAF,burn,neutral,sad,YAF_burn_neutral.wav,YAF_burn_sad.wav,5.312500044703484,5.999999992549419,6.124999865889549,6.437499761581421,0.49999992176890373,0.6249997951090336,-0.3750000521540642
YAF_burn_neutral_angry,YAF,burn,neutral,angry,YAF_burn_neutral.wav,YAF_burn_angry.wav,3.3125,-2.6250001192092896,2.562500238418579,-0.3750000596046448,-4.437500208616257,0.7500001490116119,2.9999998211860657
YAF_burn_happy_sad,YAF,burn,happy,sad,YAF_burn_happy.wav,YAF_burn_sad.wav,-5.062500030733645,2.8749999552965164,-5.249999969266355,3.0,8.093749977648258,-0.031249946914613247,0.31249998323619366
YAF_burn_happy_angry,YAF,burn,happy,angry,YAF_burn_happy.wav,YAF_burn_angry.wav,-5.437500030733645,1.0000000596046448,-5.5000002002343535,1.0,6.468750145286322,-0.03125011455267668,0.0625001098960638
YAF_burn_sad_angry,YAF,burn,sad,angry,YAF_burn_sad.wav,YAF_burn_angry.wav,-2.5,2.5000000596046448,-1.875000074505806,1.375,4.125000067055225,-0.2500000670552254,-1.7499999850988388
YAF_cab_neutral_happy,YAF,cab,neutral,happy,YAF_cab_neutral.wav,YAF_cab_happy.wav,0.7500001192092896,6.624999841675162,0.375,6.250000204890966,5.87499996367842,-0.3749998779967427,4.824250936508179e-07
YAF_cab_neutral_sad,YAF,cab,neutral,sad,YAF_cab_neutral.wav,YAF_cab_sad.wav,2.0000001192092896,7.187500089406967,3.125,6.625000149011612,4.343750059604645,0.2812499701976776,-1.6874998211860657
YAF_cab_neutral_angry,YAF,cab,neutral,angry,YAF_cab_neutral.wav,YAF_cab_angry.wav,0.7500001192092896,8.187499764375389,2.1249998807907104,8.437500235624611,6.875,0.8125001164153218,-1.1249992903321981
YAF_cab_happy_sad,YAF,cab,happy,sad,YAF_cab_happy.wav,YAF_cab_sad.wav,-4.062500204890966,2.9999998807907104,-3.9374999552965164,2.499999910593033,6.749999975785613,-0.1874998603016138,-0.6250002197921276
YAF_cab_happy_angry,YAF,cab,happy,angry,YAF_cab_happy.wav,YAF_cab_angry.wav,-4.812500204890966,5.625000109896064,-5.125000063329935,6.000000235624611,10.781250306870788,0.03125013364478946,0.6874999841675162
YAF_cab_sad_angry,YAF,cab,sad,angry,YAF_cab_sad.wav,YAF_cab_angry.wav,-2.374999910593033,6.687500172294676,-2.375000074505806,6.562500235624611,9.000000196509063,-0.06250005029141903,-0.1249997727572918
YAF_calm_neutral_happy,YAF,calm,neutral,happy,YAF_calm_neutral.wav,YAF_calm_happy.wav,-0.375,6.499999955296516,0.6249997615814209,6.687500210478902,6.468750202096999,0.5937500083819032,-0.8124995063990355
YAF_calm_neutral_sad,YAF,calm,neutral,sad,YAF_calm_neutral.wav,YAF_calm_sad.wav,3.0,6.374999977648258,3.999999850988388,6.374999992549419,2.8750000596046448,0.4999999329447746,-0.9999998360872269
YAF_calm_neutral_angry,YAF,calm,neutral,angry,YAF_calm_neutral.wav,YAF_calm_angry.wav,1.5,6.562499886378646,0.625,6.687500108033419,5.562499997206032,-0.3749998891726136,1.0000002216547728
YAF_calm_happy_sad,YAF,calm,happy,sad,YAF_calm_happy.wav,YAF_calm_sad.wav,-4.250000210478902,3.4999998807907104,-4.500000201165676,3.6249999925494194,7.937500142492354,-0.06249993946403265,0.3750001024454832
YAF_calm_happy_angry,YAF,calm,happy,angry,YAF_calm_happy.wav,YAF_calm_angry.wav,-4.812500210478902,4.812499955296516,-5.249999780207872,4.250000108033419,9.562500027008355,-0.49999970849603415,-0.12500027753412724
YAF_calm_sad_angry,YAF,calm,sad,angry,YAF_calm_sad.wav,YAF_calm_angry.wav,-3.1249999925494194,4.125000046566129,-2.8750001043081284,4.125000108033419,7.125000125728548,0.12499997485429049,-0.24999982677400112
YAF_came_neutral_happy,YAF,came,neutral,happy,YAF_came_neutral.wav,YAF_came_happy.wav,1.1875,7.437500204890966,1.9375,7.875000067520887,6.0937501362059265,0.5937499313149601,-0.31250013737007976
YAF_came_neutral_sad,YAF,came,neutral,sad,YAF_came_neutral.wav,YAF_came_sad.wav,5.9374998062849045,6.749999932944775,6.500000178813934,6.0625,0.1874999739229679,-0.06249978020787239,-1.2500003054738045
YAF_came_neutral_angry,YAF,came,neutral,angry,YAF_came_neutral.wav,YAF_came_angry.wav,4.312499761581421,5.875000113621354,4.437500238418579,5.312500163912773,1.2187501387670636,-0.21874973643571138,-0.6875004265457392
YAF_came_happy_sad,YAF,came,happy,sad,YAF_came_happy.wav,YAF_came_sad.wav,-5.250000067520887,2.999999947845936,-5.375000163912773,1.5,7.562500089639798,-0.8125000221189111,-1.3749998514540493
YAF_came_happy_angry,YAF,came,happy,angry,YAF_came_happy.wav,YAF_came_angry.wav,-6.562500067520887,7.06249984074384,-6.500000171363354,6.812500163912773,13.468750121770427,-0.09374989033676684,-0.31249957298859954
YAF_came_sad_angry,YAF,came,sad,angry,YAF_came_sad.wav,YAF_came_angry.wav,-2.625,5.562500148080289,-3.625000052154064,5.125000163912773,8.468750182073563,-0.7187500181607902,0.562500067986548
YAF_cause_neutral_happy,YAF,cause,neutral,happy,YAF_cause_neutral.wav,YAF_cause_happy.wav,1.25,6.749999824911356,1.125,6.875000197440386,5.625000011175871,1.862645149230957e-07,0.25000037252902985
YAF_cause_neutral_sad,YAF,cause,neutral,sad,YAF_cause_neutral.wav,YAF_cause_sad.wav,3.8750000298023224,5.437500059604645,3.1250000298023224,5.437500104308128,1.9375000521540642,-0.3749999776482582,0.7500000447034836
YAF_cause_neutral_angry,YAF,cause,neutral,angry,YAF_cause_neutral.wav,YAF_cause_angry.wav,2.875,8.12500028219074,2.5,8.93749969266355,5.843749987427145,0.21874970523640513,1.1874994104728103
YAF_cause_happy_sad,YAF,cause,happy,sad,YAF_cause_happy.wav,YAF_cause_sad.wav,-3.4999999590218067,0.75,-3.7499999403953552,2.0000001043081284,5.000000001862645,0.5000000614672899,1.5000000856816769
YAF_cause_happy_angry,YAF,cause,happy,angry,YAF_cause_happy.wav,YAF_cause_angry.wav,-4.937500197440386,6.875000033993274,-4.81249999627471,6.937500169500709,11.781250198604539,0.09375016833655536,-0.06250006565824151
YAF_cause_sad_angry,YAF,cause,sad,angry,YAF_cause_sad.wav,YAF_cause_angry.wav,-2.0000001043081284,8.25,-1.7500000894069672,7.812500169500709,9.906250181607902,-0.09374990779906511,-0.6874998454004526
YAF_chain_neutral_happy,YAF,chain,neutral,happy,YAF_chain_neutral.wav,YAF_chain_happy.wav,1.75,6.437499895691872,1.562499761581421,5.812500223517418,4.468750178813934,-0.4062499552965164,-0.43749943375587463
YAF_chain_neutral_sad,YAF,chain,neutral,sad,YAF_chain_neutral.wav,YAF_chain_sad.wav,4.250000074505806,6.6250001192092896,4.2499998062849045,6.6249998062849045,2.375000022351742,-2.905726432800293e-07,-4.470348358154297e-08
YAF_chain_neutral_angry,YAF,chain,neutral,angry,YAF_chain_neutral.wav,YAF_chain_angry.wav,2.5000001192092896,9.625000022817403,2.0,9.625000058673322,7.374999981140718,-0.2500000416766852,0.5000001550652087
YAF_chain_happy_sad,YAF,chain,happy,sad,YAF_chain_happy.wav,YAF_chain_sad.wav,-2.999999985098839,2.374999985098839,-3.499999936670065,2.5000000447034836,5.687499975785613,-0.18749994598329067,0.6250000111758709
YAF_chain_happy_angry,YAF,chain,happy,angry,YAF_chain_happy.wav,YAF_chain_angry.wav,-3.687499985098839,7.437499845167622,-4.000000108033419,7.625000058673322,11.3749999984866,-0.06249995471443981,0.5000003364402801
YAF_chain_sad_angry,YAF,chain,sad,angry,YAF_chain_sad.wav,YAF_chain_angry.wav,-3.0000000447034836,8.687499643303454,-2.7500000447034836,8.812500058673322,11.624999895691872,0.18750020768493414,-0.12499958463013172
YAF_chair_neutral_happy,YAF,chair,neutral,happy,YAF_chair_neutral.wav,YAF_chair_happy.wav,-1.5,5.187500160187483,-1.375,4.749999918043613,6.406250039115548,-0.1562501210719347,-0.5625002421438694
YAF_chair_neutral_sad,YAF,chair,neutral,sad,YAF_chair_neutral.wav,YAF_chair_sad.wav,1.5000000596046448,5.750000089406967,1.7500000298023224,4.812499821186066,3.656249910593033,-0.34375014901161194,-1.187500238418579
YAF_chair_neutral_angry,YAF,chair,neutral,angry,YAF_chair_neutral.wav,YAF_chair_angry.wav,-0.75,8.18749969638884,-0.9999998807907104,8.687500156462193,9.312499866820872,0.1250002896413207,0.7500003408640623
YAF_chair_happy_sad,YAF,chair,happy,sad,YAF_chair_happy.wav,YAF_chair_sad.wav,-4.374999918043613,2.500000074505806,-4.375000040978193,2.1250000596046448,6.687500046566129,-0.18750006891787052,-0.37499989196658134
YAF_chair_happy_angry,YAF,chair,happy,angry,YAF_chair_happy.wav,YAF_chair_angry.wav,-3.8749999180436134,6.312499959021807,-3.6249998845160007,6.6250001564621925,10.218749959021807,0.28125011548399925,0.06250016391277313
YAF_chair_sad_angry,YAF,chair,sad,angry,YAF_chair_sad.wav,YAF_chair_angry.wav,-1.7500000596046448,8.06250031478703,-1.6250000596046448,7.9375001564621925,9.687500295229256,-7.916241884231567e-08,-0.2500001583248377
YAF_chalk_neutral_happy,YAF,chalk,neutral,happy,YAF_chalk_neutral.wav,YAF_chalk_happy.wav,1.125,6.937499849125743,1.125,6.750000098720193,5.718749973922968,-0.093749875202775,-0.18749975040555
YAF_chalk_neutral_sad,YAF,chalk,neutral,sad,YAF_chalk_neutral.wav,YAF_chalk_sad.wav,5.749999962747097,7.1250001937150955,6.500000163912773,6.687499865889549,0.7812499664723873,0.15624993667006493,-1.1875005289912224
YAF_chalk_neutral_angry,YAF,chalk,neutral,angry,YAF_chalk_neutral.wav,YAF_chalk_angry.wav,3.5,6.999999796040356,3.5625,5.2500001937150955,2.593749994877726,-0.8437498011626303,-1.8124996023252606
YAF_chalk_happy_sad,YAF,chalk,happy,sad,YAF_chalk_happy.wav,YAF_chalk_sad.wav,-4.437500098720193,3.7499999031424522,-3.749999977648258,3.3750001043081284,7.656250041909516,0.1562501611188054,-1.0624999199062586
YAF_chalk_happy_angry,YAF,chalk,happy,angry,YAF_chalk_happy.wav,YAF_chalk_angry.wav,-4.875000098720193,6.31249993480742,-4.125000234693289,5.5000001937150955,10.406250230967999,-0.031249938532710075,-1.5624996051192284
YAF_chalk_sad_angry,YAF,chalk,sad,angry,YAF_chalk_sad.wav,YAF_chalk_angry.wav,-2.0000001043081284,5.624999780207872,-1.9999999105930328,4.2500001937150955,6.9374999944120646,-0.6874996963888407,-1.3749997802078724
YAF_chat_neutral_happy,YAF,chat,neutral,happy,YAF_chat_neutral.wav,YAF_chat_happy.wav,2.625,6.56249987334013,2.125,6.499999979510903,4.156249926425517,-0.28124994691461325,0.4375001061707735
YAF_chat_neutral_sad,YAF,chat,neutral,sad,YAF_chat_neutral.wav,YAF_chat_sad.wav,4.0,5.9374998807907104,4.5624998807907104,5.812499940395355,1.5937499701976776,0.2187499701976776,-0.6874998211860657
YAF_chat_neutral_angry,YAF,chat,neutral,angry,YAF_chat_neutral.wav,YAF_chat_angry.wav,2.75,9.062500411178917,2.1249998807907104,9.312500382540748,6.750000456464477,-0.18750007392372936,0.8750000905711204
YAF_chat_happy_sad,YAF,chat,happy,sad,YAF_chat_happy.wav,YAF_chat_sad.wav,-4.562499979510903,1.6249999701976776,-4.375000007450581,1.6249999403953552,6.093749948777258,0.09374997112900019,-0.18750000186264515
YAF_chat_happy_angry,YAF,chat,happy,angry,YAF_chat_happy.wav,YAF_chat_angry.wav,-4.687499979510903,6.250000000465661,-4.812499774619937,7.312499905703589,11.531249830150045,0.4687500550644472,1.1874997003469616
YAF_chat_sad_angry,YAF,chat,sad,angry,YAF_chat_sad.wav,YAF_chat_angry.wav,-1.1249999403953552,8.4999997416744,-0.875,8.687500382540748,9.593750032305252,0.21875029063085094,-0.06249929952900857
YAF_check_neutral_happy,YAF,check,neutral,happy,YAF_check_neutral.wav,YAF_check_happy.wav,2.500000238418579,7.874999810010195,2.375000238418579,7.562500121071935,5.281249727122486,-0.21874984446913004,-0.18749968893826008
YAF_check_neutral_sad,YAF,check,neutral,sad,YAF_check_neutral.wav,YAF_check_sad.wav,5.250000178813934,6.812499776482582,5.749999865889549,6.624999970197678,1.218749850988388,0.15624994039535522,-0.6874994933605194
YAF_check_neutral_angry,YAF,check,neutral,angry,YAF_check_neutral.wav,YAF_check_angry.wav,3.750000238418579,9.000000145286322,3.9375,9.06250003259629,5.187499969732016,0.12499982444569468,-0.12499987427145243
YAF_check_happy_sad,YAF,check,happy,sad,YAF_check_happy.wav,YAF_check_sad.wav,-4.625000121071935,3.374999925494194,-4.375000059604645,2.6249999701976776,7.500000038184226,-0.24999994691461325,-1.0000000167638063
YAF_check_happy_angry,YAF,check,happy,angry,YAF_check_happy.wav,YAF_check_angry.wav,-5.625000121071935,4.937500072643161,-5.062499783933163,6.25000003259629,10.937500005122274,0.9375001485459507,0.7499996228143573
YAF_check_sad_angry,YAF,check,sad,angry,YAF_check_sad.wav,YAF_check_angry.wav,-1.8749999701976776,6.250000150874257,-1.9999999403953552,7.06250003259629,8.59375004703179,0.3437499557621777,0.9374998519197106
YAF_cheek_neutral_happy,YAF,cheek,neutral,happy,YAF_cheek_neutral.wav,YAF_cheek_happy.wav,3.25,6.812499936670065,3.249999761581421,6.687500033527613,3.5000001043081284,-0.06250007078051567,-0.12499966472387314
YAF_cheek_neutral_sad,YAF,cheek,neutral,sad,YAF_cheek_neutral.wav,YAF_cheek_sad.wav,6.000000104308128,6.624999947845936,5.187500089406967,7.499999850988388,1.4687498025596142,0.031249944120645523,1.6874999180436134
YAF_cheek_neutral_angry,YAF,cheek,neutral,angry,YAF_cheek_neutral.wav,YAF_cheek_angry.wav,4.2500001192092896,7.125000048428774,4.250000238418579,7.812499795109034,3.2187497429549694,0.3437499329447746,0.6874996274709702
YAF_cheek_happy_sad,YAF,cheek,happy,sad,YAF_cheek_happy.wav,YAF_cheek_sad.wav,-3.6250000335276127,2.6249999329447746,-3.0000000670552254,3.375000089406967,6.31250006146729,0.6875000614672899,0.12500018998980522
YAF_cheek_happy_angry,YAF,cheek,happy,angry,YAF_cheek_happy.wav,YAF_cheek_angry.wav,-4.687500033527613,6.312500194646418,-4.625000052154064,6.624999795109034,11.125000037718564,0.187499790918082,0.24999961908906698
YAF_cheek_sad_angry,YAF,cheek,sad,angry,YAF_cheek_sad.wav,YAF_cheek_angry.wav,-2.875000089406967,7.749999922700226,-2.249999985098839,7.499999795109034,10.187499896157533,0.18749998835846782,-0.8750002318993211
YAF_chief_neutral_happy,YAF,chief,neutral,happy,YAF_chief_neutral.wav,YAF_chief_happy.wav,-2.875,5.3125001303851604,-2.3749998807907104,5.875000096857548,8.21875005401671,0.5312500428408384,0.06249984726309776
YAF_chief_neutral_sad,YAF,chief,neutral,sad,YAF_chief_neutral.wav,YAF_chief_sad.wav,1.2499999701976776,4.874999910593033,2.1250000596046448,4.624999761581421,3.0624998211860657,0.3124999701976776,-1.125000238418579
YAF_chief_neutral_angry,YAF,chief,neutral,angry,YAF_chief_neutral.wav,YAF_chief_angry.wav,-0.375,8.187500329688191,0.625,8.124999614432454,8.031249972060323,0.46874964237213135,-1.0625007152557373
YAF_chief_happy_sad,YAF,chief,happy,sad,YAF_chief_happy.wav,YAF_chief_sad.wav,-4.000000096857548,2.500000074505806,-4.250000238418579,1.0,5.875000204890966,-0.8750001080334187,-1.2499999329447746
YAF_chief_happy_angry,YAF,chief,happy,angry,YAF_chief_happy.wav,YAF_chief_angry.wav,-4.125000096857548,5.500000081956387,-4.374999817460775,6.500000091269612,10.250000043772161,0.37500014435499907,1.2499997299164534
YAF_chief_sad_angry,YAF,chief,sad,angry,YAF_chief_sad.wav,YAF_chief_angry.wav,-1.625,7.437499839812517,-1.9999999403953552,7.312500091269612,9.187499935738742,-0.24999984446913004,0.25000019185245037
YAF_choice_neutral_happy,YAF,choice,neutral,happy,YAF_choice_neutral.wav,YAF_choice_happy.wav,1.125,5.624999955296516,1.1875,5.375000042840838,4.343749999068677,-0.093749956227839,-0.312499912455678
YAF_choice_neutral_sad,YAF,choice,neutral,sad,YAF_choice_neutral.wav,YAF_choice_sad.wav,4.250000059604645,6.437500223517418,4.875000029802322,6.249999791383743,1.781249962747097,0.2187497690320015,-0.8125004023313522
YAF_choice_neutral_angry,YAF,choice,neutral,angry,YAF_choice_neutral.wav,YAF_choice_angry.wav,3.125,7.374999925494194,3.3124998807907104,8.124999608844519,4.531249826774001,0.46874978207051754,0.5624998025596142
YAF_choice_happy_sad,YAF,choice,happy,sad,YAF_choice_happy.wav,YAF_choice_sad.wav,-4.375000042840838,2.875000074505806,-4.750000132247806,2.3750000298023224,7.187500139698386,-0.4375000670552254,-0.12499995529651642
YAF_choice_happy_angry,YAF,choice,happy,angry,YAF_choice_happy.wav,YAF_choice_angry.wav,-4.562500042840838,5.500000070780516,-4.6250000558793545,5.437500085681677,10.062500127591193,-0.062499999068677425,2.7939677238464355e-08
YAF_choice_sad_angry,YAF,choice,sad,angry,YAF_choice_sad.wav,YAF_choice_angry.wav,-1.5000000298023224,7.374999836087227,-1.8750000447034836,7.062500085681677,8.906249998137355,-0.3437498826533556,0.06250026449561119
YAF_cool_neutral_happy,YAF,cool,neutral,happy,YAF_cool_neutral.wav,YAF_cool_happy.wav,0.25,5.374999798834324,0.875,5.187499947845936,4.71874987334013,0.21875007450580597,-0.8124998509883881
YAF_cool_neutral_sad,YAF,cool,neutral,sad,YAF_cool_neutral.wav,YAF_cool_sad.wav,3.6250000447034836,5.875000014901161,3.249999910593033,5.5624998807907104,2.2812499701976776,-0.34375013411045074,0.0625
YAF_cool_neutral_angry,YAF,cool,neutral,angry,YAF_cool_neutral.wav,YAF_cool_angry.wav,2.0,8.62499955482781,2.125,8.87499958369881,6.687499569263309,0.1875000144354999,0.1250000288709998
YAF_cool_happy_sad,YAF,cool,happy,sad,YAF_cool_happy.wav,YAF_cool_sad.wav,-2.874999947845936,1.6250000298023224,-2.7499999552965164,1.5,4.374999966472387,-1.862645149230957e-08,-0.2500000223517418
YAF_cool_happy_angry,YAF,cool,happy,angry,YAF_cool_happy.wav,YAF_cool_angry.wav,-4.249999947845936,6.562500232830644,-3.9999997913837433,7.000000060535967,10.906250016298145,0.3437499920837581,0.18749967124313116
YAF_cool_sad_angry,YAF,cool,sad,angry,YAF_cool_sad.wav,YAF_cool_angry.wav,-1.8749998807907104,7.249999772757292,-2.5,8.12499958369881,9.874999618623406,0.1249998458661139,1.499999930150807
YAF_dab_neutral_happy,YAF,dab,neutral,happy,YAF_dab_neutral.wav,YAF_dab_happy.wav,-0.375,4.374999940395355,-0.25,4.375000052154064,4.68749999627471,0.06250005587935448,-0.12499988824129105
YAF_dab_neutral_sad,YAF,dab,neutral,sad,YAF_dab_neutral.wav,YAF_dab_sad.wav,1.4999999403953552,6.5624998062849045,1.75,6.5625001937150955,4.937500029802322,0.1250002235174179,-0.24999967217445374
YAF_dab_neutral_angry,YAF,dab,neutral,angry,YAF_dab_neutral.wav,YAF_dab_angry.wav,1.0,8.312500443309546,2.0,8.187500099651515,6.7500002714805305,0.437499828170985,-1.12500034365803
YAF_dab_happy_sad,YAF,dab,happy,sad,YAF_dab_happy.wav,YAF_dab_sad.wav,-3.375000052154064,2.5,-4.06249987334013,2.3749999552965164,6.156249940395355,-0.4062499329447746,0.5624997764825821
YAF_dab_happy_angry,YAF,dab,happy,angry,YAF_dab_happy.wav,YAF_dab_angry.wav,-2.625000052154064,5.8750001871958375,-3.0000000670552254,6.5625000996515155,9.031250203028321,0.1562499487772584,1.0624999273568392
YAF_dab_sad_angry,YAF,dab,sad,angry,YAF_dab_sad.wav,YAF_dab_angry.wav,-1.7499999552965164,6.874999847728759,-1.7499999403953552,6.8125000996515155,8.593749921536073,-0.031249866588041186,-0.06249976297840476
YAF_date_neutral_happy,YAF,date,neutral,happy,YAF_date_neutral.wav,YAF_date_happy.wav,0.625,6.437500190921128,0.25,5.999999905005097,5.781250047963113,-0.4062501429580152,-0.06250028591603041
YAF_date_neutral_sad,YAF,date,neutral,sad,YAF_date_neutral.wav,YAF_date_sad.wav,2.8750001192092896,6.437499940395355,2.6250000596046448,6.999999910593033,3.968749836087227,0.15624995529651642,0.8125000298023224
YAF_date_neutral_angry,YAF,date,neutral,angry,YAF_date_neutral.wav,YAF_date_angry.wav,2.2500001192092896,7.937499823980033,2.6249998807907104,8.062500446103513,5.562500135041773,0.25000019185245037,-0.24999913945794106
YAF_date_happy_sad,YAF,date,happy,sad,YAF_date_happy.wav,YAF_date_sad.wav,-6.249999905005097,2.1249999552965164,-6.0625000558793545,2.874999910593033,8.656249913387,0.46874990221112967,0.5625001061707735
YAF_date_happy_angry,YAF,date,happy,angry,YAF_date_happy.wav,YAF_date_angry.wav,-5.124999905005097,4.249999957159162,-5.250000004656613,5.249999969266355,9.937499918043613,0.437499956227839,1.125000111758709
YAF_date_sad_angry,YAF,date,sad,angry,YAF_date_sad.wav,YAF_date_angry.wav,-2.249999910593033,7.124999888241291,-2.374999985098839,7.062499969266355,9.406249876599759,-0.09374999674037099,0.06250015553086996
YAF_dead_neutral_happy,YAF,dead,neutral,happy,YAF_dead_neutral.wav,YAF_dead_happy.wav,0.875,6.125000059604645,0.8750002384185791,6.125000141561031,5.2499999813735485,1.601874828338623e-07,-1.564621925354004e-07
YAF_dead_neutral_sad,YAF,dead,neutral,sad,YAF_dead_neutral.wav,YAF_dead_sad.wav,3.6250000596046448,6.187499910593033,4.124999970197678,6.124999940395355,2.281249910593033,0.2187499701976776,-0.5624998807907104
YAF_dead_neutral_angry,YAF,dead,neutral,angry,YAF_dead_neutral.wav,YAF_dead_angry.wav,2.0,7.187500052154064,2.250000238418579,7.000000081956387,4.968749947845936,0.031250134110450745,-0.4375002086162567
YAF_dead_happy_sad,YAF,dead,happy,sad,YAF_dead_happy.wav,YAF_dead_sad.wav,-2.6249999031424522,2.6250001192092896,-2.999999977648258,2.1249999403953552,5.187499970197678,-0.43750012665987015,-0.12500010430812836
YAF_dead_happy_angry,YAF,dead,happy,angry,YAF_dead_happy.wav,YAF_dead_angry.wav,-3.8749999031424522,4.250000163912773,-3.749999925494194,3.7500000819563866,7.812500037252903,-0.18750005215406418,-0.6250000596046448
YAF_dead_sad_angry,YAF,dead,sad,angry,YAF_dead_sad.wav,YAF_dead_angry.wav,-2.2499999403953552,5.5625000931322575,-1.5000000596046448,5.625000081956387,7.468750087544322,0.4062499348074198,-0.6874998919665813
YAF_death_neutral_happy,YAF,death,neutral,happy,YAF_death_neutral.wav,YAF_death_happy.wav,1.625,6.812500013969839,1.8125,6.312499914318323,4.843749964144081,-0.15625004982575774,-0.6875000996515155
YAF_death_neutral_sad,YAF,death,neutral,sad,YAF_death_neutral.wav,YAF_death_sad.wav,5.6249998062849045,5.812500178813934,5.7499998807907104,5.937500134110451,0.18750031292438507,0.1250000149011612,-1.1920928955078125e-07
YAF_death_neutral_angry,YAF,death,neutral,angry,YAF_death_neutral.wav,YAF_death_angry.wav,3.749999761581421,4.624999858438969,3.999999761581421,5.062500039115548,0.9687501871958375,0.34375009033828974,0.18750018067657948
YAF_death_happy_sad,YAF,death,happy,sad,YAF_death_happy.wav,YAF_death_sad.wav,-4.999999914318323,2.8749999701976776,-4.687500063329935,2.3749998956918716,7.468749921768904,-0.09375011175870895,-0.812499925494194
YAF_death_happy_angry,YAF,death,happy,angry,YAF_death_happy.wav,YAF_death_angry.wav,-5.499999914318323,5.124999810010195,-5.812500205822289,5.812500039115548,11.124999984633178,0.18749996880069375,1.0000005206093192
YAF_death_sad_angry,YAF,death,sad,angry,YAF_death_sad.wav,YAF_death_angry.wav,-1.7500000149011612,4.562500135973096,-1.7500000298023224,5.125000039115548,6.593750109896064,0.2812499441206455,0.5624999180436134
YAF_deep_neutral_happy,YAF,deep,neutral,happy,YAF_deep_neutral.wav,YAF_deep_happy.wav,3.000000238418579,5.3749999813735485,4.562499761581421,5.625000186264515,1.7187500838190317,0.9062498640269041,-1.3124993182718754
YAF_deep_neutral_sad,YAF,deep,neutral,sad,YAF_deep_neutral.wav,YAF_deep_sad.wav,5.625000238418579,6.000000178813934,5.8124998807907104,6.062499910593033,0.3124999850988388,0.12499968707561493,-0.12499991059303284
YAF_deep_neutral_angry,YAF,deep,neutral,angry,YAF_deep_neutral.wav,YAF_deep_angry.wav,4.875000238418579,7.62499981559813,4.937499761581421,8.125000197440386,2.968750006519258,0.2812499525025487,0.4375008586794138
YAF_deep_happy_sad,YAF,deep,happy,sad,YAF_deep_happy.wav,YAF_deep_sad.wav,-4.000000186264515,2.499999910593033,-3.6249999329447746,2.374999910593033,6.249999970197678,0.12500012665987015,-0.5000002533197403
YAF_deep_happy_angry,YAF,deep,happy,angry,YAF_deep_happy.wav,YAF_deep_angry.wav,-4.437500186264515,5.187499769963324,-4.500000219792128,5.812500197440386,9.968750186730176,0.28125019697472453,0.6875004610046744
YAF_deep_sad_angry,YAF,deep,sad,angry,YAF_deep_sad.wav,YAF_deep_angry.wav,-1.3750000298023224,6.374999832361937,-1.3750000596046448,6.562500197440386,7.843750059604645,0.09375016763806343,0.18750039488077164
YAF_dime_neutral_happy,YAF,dime,neutral,happy,YAF_dime_neutral.wav,YAF_dime_happy.wav,1.125,5.000000223517418,1.4375,5.124999813735485,3.7812500186264515,0.21874979510903358,-0.18750040978193283
YAF_dime_neutral_sad,YAF,dime,neutral,sad,YAF_dime_neutral.wav,YAF_dime_sad.wav,5.687500223517418,6.312499821186066,5.062500089406967,5.9375001192092896,0.7499998137354851,-0.49999991804361343,0.2500004321336746
YAF_dime_neutral_angry,YAF,dime,neutral,angry,YAF_dime_neutral.wav,YAF_dime_angry.wav,4.187500238418579,1.7499999403953552,4.125,2.000000089406967,-2.2812501043081284,0.09374995529651642,0.31250038743019104
YAF_dime_happy_sad,YAF,dime,happy,sad,YAF_dime_happy.wav,YAF_dime_sad.wav,-3.125000052154064,2.8750000596046448,-2.1250000298023224,2.5000001192092896,5.3125001303851604,0.3125000409781933,-1.374999962747097
YAF_dime_happy_angry,YAF,dime,happy,angry,YAF_dime_happy.wav,YAF_dime_angry.wav,-2.875000052154064,3.937500223517418,-2.8750001043081284,3.999999850988388,6.843750115483999,0.031249787658452988,0.06249967962503433
YAF_dime_sad_angry,YAF,dime,sad,angry,YAF_dime_sad.wav,YAF_dime_angry.wav,-1.125,4.250000029802322,-0.5,3.750000089406967,4.812500059604645,0.06250002980232239,-1.1249999403953552
YAF_dip_neutral_happy,YAF,dip,neutral,happy,YAF_dip_neutral.wav,YAF_dip_happy.wav,1.375,6.187499862164259,1.249999761581421,6.187499791383743,4.874999945983291,-0.06250015459954739,0.12500016763806343
YAF_dip_neutral_sad,YAF,dip,neutral,sad,YAF_dip_neutral.wav,YAF_dip_sad.wav,3.8750000298023224,6.562499836087227,4.187499895691872,6.937499821186066,2.7187498658895493,0.34374992549419403,0.06250011920928955
YAF_dip_neutral_angry,YAF,dip,neutral,angry,YAF_dip_neutral.wav,YAF_dip_angry.wav,2.25,5.999999903142452,2.4375,5.875000137835741,3.5937500204890966,0.0312501173466444,-0.3124997653067112
YAF_dip_happy_sad,YAF,dip,happy,sad,YAF_dip_happy.wav,YAF_dip_sad.wav,-4.624999791383743,2.625000089406967,-4.562500037252903,3.0000000596046448,7.406249988824129,0.21874986216425896,0.3125002160668373
YAF_dip_happy_angry,YAF,dip,happy,angry,YAF_dip_happy.wav,YAF_dip_angry.wav,-3.2500000298023224,6.062499877996743,-3.2500000335276127,6.250000137835741,9.40625003958121,0.09375012805685401,0.18750026356428862
YAF_dip_sad_angry,YAF,dip,sad,angry,YAF_dip_sad.wav,YAF_dip_angry.wav,-1.8750000596046448,6.000000150874257,-1.75,6.000000137835741,7.8125001741573215,0.06250002328306437,-0.12500007264316082
YAF_ditch_neutral_happy,YAF,ditch,neutral,happy,YAF_ditch_neutral.wav,YAF_ditch_happy.wav,0.375,4.937499977648258,1.0,5.687500111758709,4.625000044703484,0.6875000670552254,0.12500013411045074
YAF_ditch_neutral_sad,YAF,ditch,neutral,sad,YAF_ditch_neutral.wav,YAF_ditch_sad.wav,2.1250000298023224,6.374999821186066,3.7500001788139343,7.437500178813934,3.9687498956918716,1.3437502533197403,-0.5624997913837433
YAF_ditch_neutral_angry,YAF,ditch,neutral,angry,YAF_ditch_neutral.wav,YAF_ditch_angry.wav,0.25,7.750000020954758,0.625,7.624999831430614,7.249999926192686,0.12499990523792803,-0.5000001895241439
YAF_ditch_happy_sad,YAF,ditch,happy,sad,YAF_ditch_happy.wav,YAF_ditch_sad.wav,-3.937500111758709,3.3749999403953552,-4.249999903142452,3.4999999403953552,7.531249947845936,-0.09374989569187164,0.4374997913837433
YAF_ditch_happy_angry,YAF,ditch,happy,angry,YAF_ditch_happy.wav,YAF_ditch_angry.wav,-2.750000111758709,5.562499897554517,-2.500000089406967,6.249999831430614,8.531249965075403,0.4687499781139195,0.4374999115243554
YAF_ditch_sad_angry,YAF,ditch,sad,angry,YAF_ditch_sad.wav,YAF_ditch_angry.wav,-1.2499999403953552,6.875000196509063,-1.1250000596046448,6.749999831430614,8.000000013969839,-2.421438694000244e-07,-0.2500002458691597
YAF_dodge_neutral_happy,YAF,dodge,neutral,happy,YAF_dodge_neutral.wav,YAF_dodge_happy.wav,-1.25,7.187499988824129,-1.75,7.3750002309679985,8.781250109896064,-0.1562498789280653,0.6875002421438694
YAF_dodge_neutral_sad,YAF,dodge,neutral,sad,YAF_dodge_neutral.wav,YAF_dodge_sad.wav,2.8749998956918716,6.500000163912773,3.6249999701976776,6.500000163912773,3.2500002309679985,0.375000037252903,-0.750000074505806
YAF_dodge_neutral_angry,YAF,dodge,neutral,angry,YAF_dodge_neutral.wav,YAF_dodge_angry.wav,0.75,9.249999752501026,-0.625,9.687499713152647,9.406249732826836,-0.4687500196741894,1.8124999606516212
YAF_dodge_happy_sad,YAF,dodge,happy,sad,YAF_dodge_happy.wav,YAF_dodge_sad.wav,-4.5625002309679985,2.1249998956918716,-3.749999951571226,2.749999925494194,6.593750001862645,0.7187501545995474,-0.18750024959445
YAF_dodge_happy_angry,YAF,dodge,happy,angry,YAF_dodge_happy.wav,YAF_dodge_angry.wav,-4.6875002309679985,7.750000170897692,-4.437500182539225,8.374999713152647,12.625000148778781,0.43749979534186423,0.3749994938261807
YAF_dodge_sad_angry,YAF,dodge,sad,angry,YAF_dodge_sad.wav,YAF_dodge_angry.wav,-1.7500000447034836,8.937500122352503,-2.0,8.937499713152647,10.812499940104317,-0.12500018224818632,0.2499995460966602
YAF_dog_neutral_happy,YAF,dog,neutral,happy,YAF_dog_neutral.wav,YAF_dog_happy.wav,0.625,6.187499921768904,0.25,5.62499987706542,5.468749899417162,-0.4687500223517418,-0.18750004470348358
YAF_dog_neutral_sad,YAF,dog,neutral,sad,YAF_dog_neutral.wav,YAF_dog_sad.wav,2.6249999403953552,6.124999761581421,2.6249998807907104,6.062500178813934,3.4687500596046448,-0.031249821186065674,-0.0624995231628418
YAF_dog_neutral_angry,YAF,dog,neutral,angry,YAF_dog_neutral.wav,YAF_dog_angry.wav,1.125,9.24999964935705,0.5,9.12499982654117,8.37499973794911,-0.3749999114079401,0.5000001771841198
YAF_dog_happy_sad,YAF,dog,happy,sad,YAF_dog_happy.wav,YAF_dog_sad.wav,-4.87499987706542,1.8749999701976776,-3.6250000074505806,2.1249999403953552,6.249999897554517,0.7499999199062586,-0.9999998994171619
YAF_dog_happy_angry,YAF,dog,happy,angry,YAF_dog_happy.wav,YAF_dog_angry.wav,-3.99999987706542,6.749999872874469,-3.7499999664723873,6.8749998265411705,10.687499771476723,0.18749993212986737,-0.12499995692633092
YAF_dog_sad_angry,YAF,dog,sad,angry,YAF_dog_sad.wav,YAF_dog_angry.wav,-1.4999999403953552,8.437500348314643,-1.375,8.62499982654117,9.968750057625584,0.1562497093109414,0.06249953783117235
YAF_doll_neutral_happy,YAF,doll,neutral,happy,YAF_doll_neutral.wav,YAF_doll_happy.wav,0.125,7.18750012293458,1.250000238418579,7.000000221654773,6.406250053085387,0.468750168569386,-1.3125001396983862
YAF_doll_neutral_sad,YAF,doll,neutral,sad,YAF_doll_neutral.wav,YAF_doll_sad.wav,2.625,7.000000104308128,2.6249999701976776,6.749999865889549,4.25,-0.12500013411045074,-0.2500002086162567
YAF_doll_neutral_angry,YAF,doll,neutral,angry,YAF_doll_neutral.wav,YAF_doll_angry.wav,1.0,8.687499767867848,3.124999761581421,9.25000028195791,6.906250144122168,1.343750137835741,-1.5624992474913597
YAF_doll_happy_sad,YAF,doll,happy,sad,YAF_doll_happy.wav,YAF_doll_sad.wav,-5.750000221654773,2.3749998807907104,-5.8125000558793545,2.3750001043081284,8.156250131316483,-0.031249805353581905,0.06250005774199963
YAF_doll_happy_angry,YAF,doll,happy,angry,YAF_doll_happy.wav,YAF_doll_angry.wav,-5.187500221654773,7.250000006053597,-4.937500186264515,7.187499805120751,12.281250109546818,0.09374991722870618,-0.3125002363231033
YAF_doll_sad_angry,YAF,doll,sad,angry,YAF_doll_sad.wav,YAF_doll_angry.wav,-1.8750001043081284,7.812499832594767,-2.124999925494194,8.06250028195791,9.9375000721775,3.1408853828907013e-07,0.5000002705492079
YAF_door_neutral_happy,YAF,door,neutral,happy,YAF_door_neutral.wav,YAF_door_happy.wav,1.4375,6.937500210478902,1.25,6.62500009406358,5.437500152271241,-0.2500000582076609,-0.12500011641532183
YAF_door_neutral_sad,YAF,door,neutral,sad,YAF_door_neutral.wav,YAF_door_sad.wav,4.062499940395355,6.750000059604645,4.812499910593033,6.4374998807907104,2.1562500447034836,0.21874989569187164,-1.062500149011612
YAF_door_neutral_angry,YAF,door,neutral,angry,YAF_door_neutral.wav,YAF_door_angry.wav,3.4375,1.0000000298023224,2.874999761581421,0.9999999403953552,-2.1562498956918716,-0.28125016391277313,0.5625001490116119
YAF_door_happy_sad,YAF,door,happy,sad,YAF_door_happy.wav,YAF_door_sad.wav,-5.25000009406358,3.2500000298023224,-5.500000089406967,2.4999998807907104,8.25000004703179,-0.5000000721774995,-0.5000001536682248
YAF_door_happy_angry,YAF,door,happy,angry,YAF_door_happy.wav,YAF_door_angry.wav,-5.81250009406358,2.7500000596046448,-5.6875002374872565,2.6249999403953552,8.437500165775418,-1.3131648302078247e-07,-0.24999997578561306
YAF_door_sad_angry,YAF,door,sad,angry,YAF_door_sad.wav,YAF_door_angry.wav,-1.25,2.8749998807907104,-2.1249999403953552,1.9999999403953552,4.1249998807907104,-0.8749999403953552,0.0
YAF_fail_neutral_happy,YAF,fail,neutral,happy,YAF_fail_neutral.wav,YAF_fail_happy.wav,0.7500002384185791,3.7500000298023224,0.625,3.500000074505806,2.9374999329447746,-0.18750009685754776,-0.12499971687793732
YAF_fail_neutral_sad,YAF,fail,neutral,sad,YAF_fail_neutral.wav,YAF_fail_sad.wav,4.250000178813934,6.125000029802322,4.812500208616257,5.750000014901161,1.4062498286366463,0.0937500074505806,-0.9375000447034836
YAF_fail_neutral_angry,YAF,fail,neutral,angry,YAF_fail_neutral.wav,YAF_fail_angry.wav,2.500000238418579,5.249999910593033,2.874999761581421,4.56250012665987,2.2187500186264515,-0.15625013038516045,-1.0624993070960045
YAF_fail_happy_sad,YAF,fail,happy,sad,YAF_fail_happy.wav,YAF_fail_sad.wav,-2.000000074505806,2.499999925494194,-1.6250000298023224,2.000000014901161,4.062500022351742,-0.06249993294477463,-0.8749999552965164
YAF_fail_happy_angry,YAF,fail,happy,angry,YAF_fail_happy.wav,YAF_fail_angry.wav,-2.375000074505806,4.375000178813934,-2.3750000298023224,4.12500012665987,6.625000204890966,-0.1250000037252903,-0.25000009685754776
YAF_fail_sad_angry,YAF,fail,sad,angry,YAF_fail_sad.wav,YAF_fail_angry.wav,-2.250000014901161,5.187499962747097,-2.0000001043081284,5.31250012665987,7.375000104308128,0.18750003725290298,-0.1249997466802597
YAF_fall_neutral_happy,YAF,fall,neutral,happy,YAF_fall_neutral.wav,YAF_fall_happy.wav,2.062499761581421,7.062500086147338,2.0,7.2499999101273715,5.125000117346644,0.06250003119930625,0.2499995855614543
YAF_fall_neutral_sad,YAF,fall,neutral,sad,YAF_fall_neutral.wav,YAF_fall_sad.wav,5.437499776482582,6.874999910593033,5.3125001192092896,6.437499791383743,1.2812499031424522,-0.28124988824129105,-0.312500461935997
YAF_fall_neutral_angry,YAF,fall,neutral,angry,YAF_fall_neutral.wav,YAF_fall_angry.wav,3.687499761581421,1.6250000596046448,3.750000238418579,1.125,-2.3437499701976776,-0.2187497913837433,-0.562500536441803
YAF_fall_happy_sad,YAF,fall,happy,sad,YAF_fall_happy.wav,YAF_fall_sad.wav,-6.1874999101273715,2.6250000447034836,-6.187500118743628,2.8750000298023224,8.937500051688403,0.12499988824129105,0.2500001937150955
YAF_fall_happy_angry,YAF,fall,happy,angry,YAF_fall_happy.wav,YAF_fall_angry.wav,-5.9999999101273715,1.75,-6.2499999748542905,1.625,7.812499942490831,-0.18750003236345947,0.12500006472691894
YAF_fall_sad_angry,YAF,fall,sad,angry,YAF_fall_sad.wav,YAF_fall_angry.wav,-2.5000000298023224,1.75,-1.8749999105930328,1.75,3.9374999701976776,0.3125000596046448,-0.6250001192092896
YAF_far_neutral_happy,YAF,far,neutral,happy,YAF_far_neutral.wav,YAF_far_happy.wav,-0.375,5.500000178813934,-0.25,5.312500238418579,5.718750208616257,-0.031249970197677612,-0.3124999403953552
YAF_far_neutral_sad,YAF,far,neutral,sad,YAF_far_neutral.wav,YAF_far_sad.wav,2.5,5.437499970197678,2.124999910593033,5.187500089406967,3.000000074505806,-0.3124999850988388,0.1250002086162567
YAF_far_neutral_angry,YAF,far,neutral,angry,YAF_far_neutral.wav,YAF_far_angry.wav,1.5,7.5624997690320015,1.1250001192092896,7.749999795109034,6.343749722465873,-0.09374992735683918,0.5624999068677425
YAF_far_happy_sad,YAF,far,happy,sad,YAF_far_happy.wav,YAF_far_sad.wav,-3.375,1.4999999701976776,-3.3750000670552254,1.4999999701976776,4.87500000372529,-3.3527612686157227e-08,6.705522537231445e-08
YAF_far_happy_angry,YAF,far,happy,angry,YAF_far_happy.wav,YAF_far_angry.wav,-3.875,5.375,-3.750000022351742,5.624999795109034,9.312499908730388,0.1874998863786459,0.12499981746077538
YAF_far_sad_angry,YAF,far,sad,angry,YAF_far_sad.wav,YAF_far_angry.wav,-1.3749999701976776,6.5625000558793545,-0.8750000298023224,6.249999795109034,7.531249925494194,0.09374983981251717,-0.8125002011656761
YAF_fat_neutral_happy,YAF,fat,neutral,happy,YAF_fat_neutral.wav,YAF_fat_happy.wav,2.8125,7.374999811407179,2.75,6.9375000558793545,4.374999933643267,-0.24999987776391208,-0.37499975552782416
YAF_fat_neutral_sad,YAF,fat,neutral,sad,YAF_fat_neutral.wav,YAF_fat_sad.wav,7.437500022351742,6.6875002309679985,6.374999985098839,6.812500059604645,-0.15624985843896866,-0.46875010430812836,1.1874998658895493
YAF_fat_neutral_angry,YAF,fat,neutral,angry,YAF_fat_neutral.wav,YAF_fat_angry.wav,5.1875,3.6250000298023224,4.8124998807907104,3.375000014901161,-1.4999999180436134,-0.3125000670552254,0.12500010430812836
YAF_fat_happy_sad,YAF,fat,happy,sad,YAF_fat_happy.wav,YAF_fat_sad.wav,-5.7500000558793545,2.6250000447034836,-5.9374999846331775,3.1250000596046448,8.71875007241033,0.15625004307366908,0.6874999436549842
YAF_fat_happy_angry,YAF,fat,happy,angry,YAF_fat_happy.wav,YAF_fat_angry.wav,-5.7500000558793545,1.375,-5.8124997625127435,1.6250000149011612,7.28124991664663,0.0937501541338861,0.3124997215345502
YAF_fat_sad_angry,YAF,fat,sad,angry,YAF_fat_sad.wav,YAF_fat_angry.wav,-2.1250000596046448,3.5000001192092896,-2.1250000596046448,3.687500014901161,5.71875012665987,0.09374994784593582,0.18749989569187164
YAF_fit_neutral_happy,YAF,fit,neutral,happy,YAF_fit_neutral.wav,YAF_fit_happy.wav,1.499999761581421,5.750000201165676,2.312500238418579,6.187500096857548,4.062500149011612,0.6250001862645149,-0.37500058114528656
YAF_fit_neutral_sad,YAF,fit,neutral,sad,YAF_fit_neutral.wav,YAF_fit_sad.wav,4.374999865889549,5.937500163912773,4.124999985098839,5.687499850988388,1.5625000819563866,-0.25000009685754776,-4.3213367462158203e-07
YAF_fit_neutral_angry,YAF,fit,neutral,angry,YAF_fit_neutral.wav,YAF_fit_angry.wav,1.874999761581421,8.187499538529664,2.937499761581421,8.062499731313437,5.71874987334013,0.4687500963918865,-1.187499807216227
YAF_fit_happy_sad,YAF,fit,happy,sad,YAF_fit_happy.wav,YAF_fit_sad.wav,-3.6250000968575478,2.6249998807907104,-3.374999947845936,1.8750000894069672,5.750000007450581,-0.24999982118606567,-0.9999999403953552
YAF_fit_happy_angry,YAF,fit,happy,angry,YAF_fit_happy.wav,YAF_fit_angry.wav,-4.687500096857548,5.3125,-4.8749998696148396,5.687500208150595,10.281250087311491,0.09375021769665182,0.5624999809078872
YAF_fit_sad_angry,YAF,fit,sad,angry,YAF_fit_sad.wav,YAF_fit_angry.wav,-1.4999999701976776,7.874999811407179,-2.1249999552965164,7.125000208150595,9.312499972525984,-0.687499794177711,-0.12499961815774441
YAF_five_neutral_happy,YAF,five,neutral,happy,YAF_five_neutral.wav,YAF_five_happy.wav,0.25,6.187500014901161,0.0,5.875000225380063,5.906250120140612,-0.28124989476054907,-0.06249978952109814
YAF_five_neutral_sad,YAF,five,neutral,sad,YAF_five_neutral.wav,YAF_five_sad.wav,3.625000089406967,5.874999791383743,2.875000089406967,6.312499791383743,2.843749701976776,-0.15625,1.1875
YAF_five_neutral_angry,YAF,five,neutral,angry,YAF_five_neutral.wav,YAF_five_angry.wav,2.1250001192092896,6.374999990686774,1.875,7.124999802559614,4.749999837018549,0.2499998463317752,0.9999999310821295
YAF_five_happy_sad,YAF,five,happy,sad,YAF_five_happy.wav,YAF_five_sad.wav,-4.187500225380063,1.8750001192092896,-3.2499999441206455,2.5000000298023224,5.90625015925616,0.7812500959262252,-0.3125003706663847
YAF_five_happy_angry,YAF,five,happy,angry,YAF_five_happy.wav,YAF_five_angry.wav,-4.687500225380063,4.937499998137355,-4.999999847263098,5.249999802559614,9.937499936670065,9.12696123123169e-08,0.624999426305294
YAF_five_sad_angry,YAF,five,sad,angry,YAF_five_sad.wav,YAF_five_angry.wav,-2.6250000298023224,5.937500138767064,-2.499999925494194,5.999999802559614,8.531249948311597,0.09374988405033946,-0.0625004405155778
YAF_food_neutral_happy,YAF,food,neutral,happy,YAF_food_neutral.wav,YAF_food_happy.wav,-1.5000001192092896,5.687500033527613,-0.75,5.874999795109034,6.906249973922968,0.4687499403953552,-0.5625003576278687
YAF_food_neutral_sad,YAF,food,neutral,sad,YAF_food_neutral.wav,YAF_food_sad.wav,1.1249999701976776,5.874999821186066,2.875,5.624999910593033,3.7499998807907104,0.7500000596046448,-1.9999999403953552
YAF_food_neutral_angry,YAF,food,neutral,angry,YAF_food_neutral.wav,YAF_food_angry.wav,-1.7500001192092896,8.499999545048922,0.375,9.187499968335032,9.531249816296622,1.4062502712476999,-1.4374996959231794
YAF_food_happy_sad,YAF,food,happy,sad,YAF_food_happy.wav,YAF_food_sad.wav,-3.9999997951090336,2.0,-3.2499999813735485,1.3750000298023224,5.312499903142452,0.06249992176890373,-1.3749997839331627
YAF_food_happy_angry,YAF,food,happy,angry,YAF_food_happy.wav,YAF_food_angry.wav,-4.562499795109034,7.124999878229573,-4.624999992549419,7.1249999683350325,11.71874981711153,-0.03125005366746336,0.06250028754584491
YAF_food_sad_angry,YAF,food,sad,angry,YAF_food_sad.wav,YAF_food_angry.wav,-2.249999910593033,7.749999818392098,-3.2499999701976776,8.249999968335032,10.74999983375892,-0.24999995483085513,1.5000002095475793
YAF_gap_neutral_happy,YAF,gap,neutral,happy,YAF_gap_neutral.wav,YAF_gap_happy.wav,2.562499761581421,6.499999948777258,2.875,6.50000010477379,3.7812501459848136,0.15625019720755517,-0.31250008242204785
YAF_gap_neutral_sad,YAF,gap,neutral,sad,YAF_gap_neutral.wav,YAF_gap_sad.wav,5.937499828636646,6.375000029802322,6.249999888241291,6.187500089406967,0.18750020116567612,0.06250005960464478,-0.5
YAF_gap_neutral_angry,YAF,gap,neutral,angry,YAF_gap_neutral.wav,YAF_gap_angry.wav,3.562499761581421,5.3124999068677425,3.25,4.874999891966581,1.6875000186264515,-0.37499988824129105,-0.1250002533197403
YAF_gap_happy_sad,YAF,gap,happy,sad,YAF_gap_happy.wav,YAF_gap_sad.wav,-6.00000010477379,2.2499999701976776,-6.249999917112291,1.6249999701976776,8.062499981140718,-0.4374999061692506,-0.3750001876614988
YAF_gap_happy_angry,YAF,gap,happy,angry,YAF_gap_happy.wav,YAF_gap_angry.wav,-6.18750010477379,3.0,-6.062499957624823,4.812499891966581,10.031249977182597,0.9687500195577741,1.6874997448176146
YAF_gap_sad_angry,YAF,gap,sad,angry,YAF_gap_sad.wav,YAF_gap_angry.wav,-2.125000089406967,4.1250001937150955,-2.7499999701976776,3.6249998919665813,6.312500072643161,-0.5625000912696123,0.12499957904219627
YAF_gas_neutral_happy,YAF,gas,neutral,happy,YAF_gas_neutral.wav,YAF_gas_happy.wav,1.125000238418579,6.750000063329935,1.375,7.124999914318323,5.6874998696148396,0.3124998062849045,0.12500008940696716
YAF_gas_neutral_sad,YAF,gas,neutral,sad,YAF_gas_neutral.wav,YAF_gas_sad.wav,4.62500012665987,6.2500001192092896,4.937499955296516,6.062500089406967,1.375000063329935,0.06249989941716194,-0.49999985843896866
YAF_gas_neutral_angry,YAF,gas,neutral,angry,YAF_gas_neutral.wav,YAF_gas_angry.wav,2.000000238418579,6.124999798834324,1.499999761581421,5.875000186264515,4.249999992549419,-0.3750000447034836,0.25000086426734924
YAF_gas_happy_sad,YAF,gas,happy,sad,YAF_gas_happy.wav,YAF_gas_sad.wav,-3.749999914318323,1.3749999403953552,-3.4999999925494194,1.7500000894069672,5.1874999683350325,0.31250003539025784,0.1250002272427082
YAF_gas_happy_angry,YAF,gas,happy,angry,YAF_gas_happy.wav,YAF_gas_angry.wav,-5.187499914318323,3.875000037252903,-4.875000208616257,3.249999947845936,8.59375005401671,-0.15625019185245037,-0.9374997951090336
YAF_gas_sad_angry,YAF,gas,sad,angry,YAF_gas_sad.wav,YAF_gas_angry.wav,-2.125000089406967,4.125000096857548,-2.375,3.749999947845936,6.187500067055225,-0.3125000298023224,-0.1250002384185791
YAF_gaze_neutral_happy,YAF,gaze,neutral,happy,YAF_gaze_neutral.wav,YAF_gaze_happy.wav,2.375000238418579,6.5624997690320015,2.749999761581421,6.750000223517418,4.09374999627471,0.2812499888241291,-0.18749906867742538
YAF_gaze_neutral_sad,YAF,gaze,neutral,sad,YAF_gaze_neutral.wav,YAF_gaze_sad.wav,4.750000223517418,6.187500163912773,4.749999940395355,6.687500104308128,1.6875000521540642,0.24999982863664627,0.5000002235174179
YAF_gaze_neutral_angry,YAF,gaze,neutral,angry,YAF_gaze_neutral.wav,YAF_gaze_angry.wav,3.000000238418579,8.249999736435711,3.0625,8.562500131316483,5.374999814666808,0.18750007823109627,0.25000063329935074
YAF_gaze_happy_sad,YAF,gaze,happy,sad,YAF_gaze_happy.wav,YAF_gaze_sad.wav,-2.374999985098839,2.0000000596046448,-2.2500000447034836,2.5000001043081284,4.562500096857548,0.3124999925494194,0.37500010430812836
YAF_gaze_happy_angry,YAF,gaze,happy,angry,YAF_gaze_happy.wav,YAF_gaze_angry.wav,-3.874999985098839,5.999999791383743,-4.374999850988388,6.125000131316483,10.187499879393727,-0.18749976297840476,0.625000205822289
YAF_gaze_sad_angry,YAF,gaze,sad,angry,YAF_gaze_sad.wav,YAF_gaze_angry.wav,-2.2500001043081284,7.562500176485628,-2.249999925494194,7.875000131316483,9.968750168802217,0.15625006682239473,0.3124997760169208
YAF_germ_neutral_happy,YAF,germ,neutral,happy,YAF_germ_neutral.wav,YAF_germ_happy.wav,-2.125,6.124999850988388,-1.25,6.062500139698386,7.781249995343387,0.40625014435499907,-0.9374997112900019
YAF_germ_neutral_sad,YAF,germ,neutral,sad,YAF_germ_neutral.wav,YAF_germ_sad.wav,1.625,6.750000223517418,2.750000089406967,6.375000059604645,4.375000096857548,0.374999962747097,-1.5000002533197403
YAF_germ_neutral_angry,YAF,germ,neutral,angry,YAF_germ_neutral.wav,YAF_germ_angry.wav,-1.125,9.06250018812716,-1.5,9.250000048428774,10.468750118277967,-0.0937500698491931,0.5624998603016138
YAF_germ_happy_sad,YAF,germ,happy,sad,YAF_germ_happy.wav,YAF_germ_sad.wav,-4.562500139698386,2.5000001043081284,-3.7499998919665813,2.3750000596046448,6.59375009778887,0.34375010151416063,-0.9375002924352884
YAF_germ_happy_angry,YAF,germ,happy,angry,YAF_germ_happy.wav,YAF_germ_angry.wav,-4.937500139698386,7.437500129919499,-4.749999862164259,7.187500048428774,12.156250090105459,-0.03124990197829902,-0.4375003590248525
YAF_germ_sad_angry,YAF,germ,sad,angry,YAF_germ_sad.wav,YAF_germ_angry.wav,-2.3750000596046448,6.875000150408596,-3.000000014901161,7.625000048428774,9.937500136671588,0.06249997136183083,1.3749998533166945
YAF_get_neutral_happy,YAF,get,neutral,happy,YAF_get_neutral.wav,YAF_get_happy.wav,-0.7499998807907104,6.000000201165676,0.625,6.3750001192092896,6.250000100582838,0.8749998994171619,-0.999999962747097
YAF_get_neutral_sad,YAF,get,neutral,sad,YAF_get_neutral.wav,YAF_get_sad.wav,1.3750000298023224,6.187500149011612,1.8749999701976776,7.062499858438969,5.00000000372529,0.687499824911356,0.3749997690320015
YAF_get_neutral_angry,YAF,get,neutral,angry,YAF_get_neutral.wav,YAF_get_angry.wav,-1.3749998807907104,5.437500170432031,1.25,6.5000002309679985,6.03125014109537,1.843749970663339,-1.562499820254743
YAF_get_happy_sad,YAF,get,happy,sad,YAF_get_happy.wav,YAF_get_sad.wav,-4.9375001192092896,2.4999999552965164,-4.7500001434236765,3.3750000968575478,7.781250157393515,0.5312500586733222,0.6875001657754183
YAF_get_happy_angry,YAF,get,happy,angry,YAF_get_happy.wav,YAF_get_angry.wav,-4.9375001192092896,5.437500011175871,-4.875000083819032,5.8125002309679985,10.531250222586095,0.21875012759119272,0.3125001844018698
YAF_get_sad_angry,YAF,get,sad,angry,YAF_get_sad.wav,YAF_get_angry.wav,-2.6250000968575478,5.249999908730388,-2.4999998956918716,5.3750002309679985,7.875000066123903,0.12500026170164347,1.210719347000122e-07
YAF_gin_neutral_happy,YAF,gin,neutral,happy,YAF_gin_neutral.wav,YAF_gin_happy.wav,-0.125,3.500000052154064,-0.125,4.249999821186066,3.999999936670065,0.37499988451600075,0.7499997690320015
YAF_gin_neutral_sad,YAF,gin,neutral,sad,YAF_gin_neutral.wav,YAF_gin_sad.wav,3.250000089406967,6.750000134110451,3.125000014901161,6.687500163912773,3.5312500968575478,-0.09375002235174179,0.06250010430812836
YAF_gin_neutral_angry,YAF,gin,neutral,angry,YAF_gin_neutral.wav,YAF_gin_angry.wav,0.625,8.249999752268195,2.250000238418579,8.125000102445483,6.74999980814755,0.7500002942979336,-1.749999888241291
YAF_gin_happy_sad,YAF,gin,happy,sad,YAF_gin_happy.wav,YAF_gin_sad.wav,-3.1250000596046448,2.874999925494194,-2.7499999403953552,2.999999925494194,5.874999925494194,0.2500000596046448,-0.25000011920928955
YAF_gin_happy_angry,YAF,gin,happy,angry,YAF_gin_happy.wav,YAF_gin_angry.wav,-3.6250000596046448,6.249999813735485,-3.9999998211860657,6.750000102445483,10.31249989848584,0.06250026356428862,0.875000050291419
YAF_gin_sad_angry,YAF,gin,sad,angry,YAF_gin_sad.wav,YAF_gin_angry.wav,-2.249999925494194,7.312500067055225,-1.9999999403953552,7.187500102445483,9.375000017695129,0.06250001024454832,-0.37499994970858097
YAF_goal_neutral_happy,YAF,goal,neutral,happy,YAF_goal_neutral.wav,YAF_goal_happy.wav,1.4375,6.374999921768904,1.4375,6.1250000558793545,4.812499988824129,-0.12499993294477463,-0.24999986588954926
YAF_goal_neutral_sad,YAF,goal,neutral,sad,YAF_goal_neutral.wav,YAF_goal_sad.wav,4.687499910593033,5.562499970197678,3.5,6.1250001192092896,1.7500000894069672,-0.31249988079071045,1.7500000596046448
YAF_goal_neutral_angry,YAF,goal,neutral,angry,YAF_goal_neutral.wav,YAF_goal_angry.wav,3.6874998807907104,8.187500317580998,1.875,8.3125004414469,5.468750439118594,-0.843749878462404,1.9375000046566129
YAF_goal_happy_sad,YAF,goal,happy,sad,YAF_goal_happy.wav,YAF_goal_sad.wav,-4.2500000558793545,2.750000089406967,-4.124999927356839,2.5000001192092896,6.812500095926225,-0.06249992083758116,-0.3750000987201929
YAF_goal_happy_angry,YAF,goal,happy,angry,YAF_goal_happy.wav,YAF_goal_angry.wav,-5.1250000558793545,4.374999977648258,-5.500000145286322,5.312499964609742,10.156250071711838,0.2812499487772584,1.3125000763684511
YAF_goal_sad_angry,YAF,goal,sad,angry,YAF_goal_sad.wav,YAF_goal_angry.wav,-1.375,7.249999897554517,-2.499999910593033,7.249999964609742,9.187499886378646,-0.5624999217689037,1.1249999776482582
YAF_good_neutral_happy,YAF,good,neutral,happy,YAF_good_neutral.wav,YAF_good_happy.wav,0.25,5.875000167638063,1.499999761581421,6.6249998193234205,5.3750001126900315,0.999999706633389,-0.5000001098960638
YAF_good_neutral_sad,YAF,good,neutral,sad,YAF_good_neutral.wav,YAF_good_sad.wav,3.000000089406967,7.000000029802322,4.062499970197678,6.749999761581421,3.3437498658895493,0.4062498062849045,-1.312500149011612
YAF_good_neutral_angry,YAF,good,neutral,angry,YAF_good_neutral.wav,YAF_good_angry.wav,1.25,7.250000133179128,1.75,7.312499800696969,5.781249966938049,0.28124983375892043,-0.43750033248215914
YAF_good_happy_sad,YAF,good,happy,sad,YAF_good_happy.wav,YAF_good_sad.wav,-4.2499998193234205,2.3749998956918716,-3.1249998807907104,3.0,6.374999797903001,0.8750000214204192,-0.4999998342245817
YAF_good_happy_angry,YAF,good,happy,angry,YAF_good_happy.wav,YAF_good_angry.wav,-4.8749998193234205,6.374999983236194,-4.937500214204192,6.187499800696969,11.187499908730388,-0.12500028870999813,-0.12499978765845299
YAF_good_sad_angry,YAF,good,sad,angry,YAF_good_sad.wav,YAF_good_angry.wav,-3.125,6.562500100582838,-3.249999977648258,6.437499800696969,9.687499939464033,-0.12500013876706362,-3.2223761081695557e-07
YAF_goose_neutral_happy,YAF,goose,neutral,happy,YAF_goose_neutral.wav,YAF_goose_happy.wav,2.125000238418579,7.7499998696148396,1.875,7.687500165775418,5.718749898485839,-0.1562499711290002,0.18750053457915783
YAF_goose_neutral_sad,YAF,goose,neutral,sad,YAF_goose_neutral.wav,YAF_goose_sad.wav,5.125000134110451,5.687499821186066,5.375000163912773,6.124999925494194,0.6562497243285179,0.3437500670552254,0.18750007450580597
YAF_goose_neutral_angry,YAF,goose,neutral,angry,YAF_goose_neutral.wav,YAF_goose_angry.wav,3.5000001192092896,7.187499837949872,3.4375,7.749999901279807,3.999999810010195,0.24999997206032276,0.6250001825392246
YAF_goose_happy_sad,YAF,goose,happy,sad,YAF_goose_happy.wav,YAF_goose_sad.wav,-4.375000165775418,2.25,-5.687500088009983,2.249999925494194,7.281250089639798,-0.6562499983701855,1.312499847728759
YAF_goose_happy_angry,YAF,goose,happy,angry,YAF_goose_happy.wav,YAF_goose_angry.wav,-6.375000165775418,5.437500212341547,-6.562499954365194,5.062499901279807,11.718750116880983,-0.28125004982575774,-0.18750052247196436
YAF_goose_sad_angry,YAF,goose,sad,angry,YAF_goose_sad.wav,YAF_goose_angry.wav,-1.999999925494194,5.500000146217644,-2.1250001043081284,5.312499901279807,7.468750038649887,-0.15625021187588573,-0.0625000661239028
YAF_gun_neutral_happy,YAF,gun,neutral,happy,YAF_gun_neutral.wav,YAF_gun_happy.wav,0.125,6.187500014901161,0.125,6.312499772757292,6.1249998938292265,0.0624998789280653,0.1249997578561306
YAF_gun_neutral_sad,YAF,gun,neutral,sad,YAF_gun_neutral.wav,YAF_gun_sad.wav,2.9999999552965164,6.3124998062849045,3.1249999403953552,5.937500223517418,3.0625000670552254,-0.12499979883432388,-0.4999995678663254
YAF_gun_neutral_angry,YAF,gun,neutral,angry,YAF_gun_neutral.wav,YAF_gun_angry.wav,0.25,5.874999827705324,-0.5,5.874999858438969,5.999999843072146,-0.3749999846331775,0.750000030733645
YAF_gun_happy_sad,YAF,gun,happy,sad,YAF_gun_happy.wav,YAF_gun_sad.wav,-5.062499772757292,2.0000000596046448,-4.624999947845936,1.6249999850988388,6.656249882653356,0.031249875202775,-0.8124998994171619
YAF_gun_happy_angry,YAF,gun,happy,angry,YAF_gun_happy.wav,YAF_gun_angry.wav,-5.187499772757292,6.437499942258,-4.812500165775418,6.312499858438969,11.37499986961484,0.1249997615814209,-0.4999996908009052
YAF_gun_sad_angry,YAF,gun,sad,angry,YAF_gun_sad.wav,YAF_gun_angry.wav,-2.749999985098839,5.937499788589776,-2.625000014901161,5.687499858438969,8.499999823514372,-0.062499979976564646,-0.3749999003484845
YAF_half_neutral_happy,YAF,half,neutral,happy,YAF_half_neutral.wav,YAF_half_happy.wav,1.8125,4.937500216066837,1.5625,4.3749998062849045,2.968750011175871,-0.4062502048909664,-0.31250040978193283
YAF_half_neutral_sad,YAF,half,neutral,sad,YAF_half_neutral.wav,YAF_half_sad.wav,4.5625,5.687500178813934,4.499999970197678,5.437499850988388,1.0312500298023224,-0.15625017881393433,-0.18750029802322388
YAF_half_neutral_angry,YAF,half,neutral,angry,YAF_half_neutral.wav,YAF_half_angry.wav,3.3125,7.312499826774001,3.0,6.999999836087227,3.999999831430614,-0.3124999953433871,9.313225746154785e-09
YAF_half_happy_sad,YAF,half,happy,sad,YAF_half_happy.wav,YAF_half_sad.wav,-3.3750000447034836,1.7500000298023224,-4.625000020489097,1.6249999701976776,5.68750003259629,-0.6875000176951289,1.1249999161809683
YAF_half_happy_angry,YAF,half,happy,angry,YAF_half_happy.wav,YAF_half_angry.wav,-3.8750000447034836,2.625000052154064,-4.0000000558793545,4.249999836087227,7.3749999944120646,0.7499998863786459,1.7499997951090336
YAF_half_sad_angry,YAF,half,sad,angry,YAF_half_sad.wav,YAF_half_angry.wav,-1.7500000894069672,6.0625002179294825,-2.3750000447034836,5.687499836087227,7.93750009406358,-0.500000168569386,0.24999957345426083
YAF_hall_neutral_happy,YAF,hall,neutral,happy,YAF_hall_neutral.wav,YAF_hall_happy.wav,-3.249999910593033,6.499999916180968,-3.124999910593033,6.31249980814755,9.593749772757292,-0.03125005401670933,-0.31250010803341866
YAF_hall_neutral_sad,YAF,hall,neutral,sad,YAF_hall_neutral.wav,YAF_hall_sad.wav,-0.8750000298023224,6.0,-0.75,5.437499761581421,6.531249895691872,-0.21875010430812836,-0.6875002682209015
YAF_hall_neutral_angry,YAF,hall,neutral,angry,YAF_hall_neutral.wav,YAF_hall_angry.wav,-3.249999910593033,7.750000095460564,-2.3750000596046448,8.499999583233148,10.937499824445695,0.812499669380486,-0.1250003632158041
YAF_hall_happy_sad,YAF,hall,happy,sad,YAF_hall_happy.wav,YAF_hall_sad.wav,-4.43749980814755,0.9999999403953552,-4.812499932944775,0.5,5.37499984074384,-0.4375000325962901,-0.12499981559813023
YAF_hall_happy_angry,YAF,hall,happy,angry,YAF_hall_happy.wav,YAF_hall_angry.wav,-4.81249980814755,6.812499979510903,-4.874999897554517,7.812500060070306,12.156249872641638,0.46874999557621777,1.0625001699663699
YAF_hall_sad_angry,YAF,hall,sad,angry,YAF_hall_sad.wav,YAF_hall_angry.wav,-2.25,7.93750016624108,-2.5,7.999999583233148,10.343749874737114,-0.09375029150396585,0.3124994169920683
YAF_hash_neutral_happy,YAF,hash,neutral,happy,YAF_hash_neutral.wav,YAF_hash_happy.wav,1.624999761581421,7.375000218395144,1.562500238418579,7.249999810010195,5.718750014202669,-0.09374996577389538,-0.06250088522210717
YAF_hash_neutral_sad,YAF,hash,neutral,sad,YAF_hash_neutral.wav,YAF_hash_sad.wav,4.874999761581421,5.125000104308128,4.624999821186066,5.0625001192092896,0.34375032037496567,-0.15624996274709702,0.18749995529651642
YAF_hash_neutral_angry,YAF,hash,neutral,angry,YAF_hash_neutral.wav,YAF_hash_angry.wav,3.124999761581421,4.8750002309679985,2.875,4.687499824911356,1.7812501471489668,-0.21875008381903172,0.062499355524778366
YAF_hash_happy_sad,YAF,hash,happy,sad,YAF_hash_happy.wav,YAF_hash_sad.wav,-6.187499810010195,1.4999999701976776,-6.000000215135515,1.8750001192092896,7.781250057276338,0.281249871943146,0.1875005541369319
YAF_hash_happy_angry,YAF,hash,happy,angry,YAF_hash_happy.wav,YAF_hash_angry.wav,-5.874999810010195,2.2499999552965164,-6.2500000121071935,4.437499824911356,9.40624980116263,0.9062498337589204,2.5625000717118382
YAF_hash_sad_angry,YAF,hash,sad,angry,YAF_hash_sad.wav,YAF_hash_angry.wav,-1.375,3.7499999701976776,-1.8749999105930328,4.687499824911356,5.843749852851033,0.21874997206032276,1.4374997653067112
YAF_hate_neutral_happy,YAF,hate,neutral,happy,YAF_hate_neutral.wav,YAF_hate_happy.wav,2.750000238418579,5.8125001937150955,2.6875,5.749999970197678,3.062499962747097,-0.0625002309679985,1.4901161193847656e-08
YAF_hate_neutral_sad,YAF,hate,neutral,sad,YAF_hate_neutral.wav,YAF_hate_sad.wav,4.500000238418579,6.999999761581421,4.749999761581421,6.687500208616257,2.218749985098839,-0.031250014901161194,-0.562499076128006
YAF_hate_neutral_angry,YAF,hate,neutral,angry,YAF_hate_neutral.wav,YAF_hate_angry.wav,3.500000238418579,6.937499834224582,3.312499761581421,6.749999774619937,3.4374998044222593,-0.1875002682209015,4.172325134277344e-07
YAF_hate_happy_sad,YAF,hate,happy,sad,YAF_hate_happy.wav,YAF_hate_sad.wav,-2.2499999701976776,4.500000007450581,-2.1250000298023224,3.8750002086162567,6.375000108033419,-0.24999992921948433,-0.7499997392296791
YAF_hate_happy_angry,YAF,hate,happy,angry,YAF_hate_happy.wav,YAF_hate_angry.wav,-3.2499999701976776,3.6250000968575478,-3.500000089406967,4.374999774619937,7.374999965541065,0.24999977927654982,0.9999997969716787
YAF_hate_sad_angry,YAF,hate,sad,angry,YAF_hate_sad.wav,YAF_hate_angry.wav,-1.6249999701976776,5.875000238418579,-2.2500000670552254,6.062499774619937,7.9062500251457095,-0.21875028032809496,0.8124996330589056
YAF_have_neutral_happy,YAF,have,neutral,happy,YAF_have_neutral.wav,YAF_have_happy.wav,-2.3749998807907104,6.937499964609742,-2.4999998807907104,6.687500116415322,9.249999921303242,-0.18749992409721017,-0.12499984819442034
YAF_have_neutral_sad,YAF,have,neutral,sad,YAF_have_neutral.wav,YAF_have_sad.wav,1.0,5.499999910593033,2.624999962747097,5.249999821186066,3.5624998845160007,0.6874999366700649,-1.8750000521540642
YAF_have_neutral_angry,YAF,have,neutral,angry,YAF_have_neutral.wav,YAF_have_angry.wav,-2.6249998807907104,8.499999896623194,-2.5,8.312499790918082,10.968749784165993,-0.031250112457200885,-0.31249998649582267
YAF_have_happy_sad,YAF,have,happy,sad,YAF_have_happy.wav,YAF_have_sad.wav,-4.812500116415322,0.9999999701976776,-4.250000158324838,1.7500000596046448,5.906250152271241,0.6562500237487257,0.18750013131648302
YAF_have_happy_angry,YAF,have,happy,angry,YAF_have_happy.wav,YAF_have_angry.wav,-5.625000116415322,6.687499944586307,-5.937500084750354,6.812499790918082,12.531249968335032,-0.09375006100162864,0.43749981466680765
YAF_have_sad_angry,YAF,have,sad,angry,YAF_have_sad.wav,YAF_have_angry.wav,-2.2500000596046448,6.562499785795808,-2.2500001192092896,6.937499790918082,8.999999877763912,0.1874999727588147,0.37500006472691894
YAF_haze_neutral_happy,YAF,haze,neutral,happy,YAF_haze_neutral.wav,YAF_haze_happy.wav,0.375,5.687500182539225,-1.6249999403953552,5.750000227242708,6.343750175088644,-0.9687499478459358,2.062499985098839
YAF_haze_neutral_sad,YAF,haze,neutral,sad,YAF_haze_neutral.wav,YAF_haze_sad.wav,3.625000074505806,6.0624997690320015,3.4999999701976776,6.124999850988388,2.531249787658453,-0.031250011175870895,0.18750018626451492
YAF_haze_neutral_angry,YAF,haze,neutral,angry,YAF_haze_neutral.wav,YAF_haze_angry.wav,1.25,3.6250001043081284,1.375,2.8749999329447746,1.9375000186264515,-0.31250008568167686,-0.8750001713633537
YAF_haze_happy_sad,YAF,haze,happy,sad,YAF_haze_happy.wav,YAF_haze_sad.wav,-3.874999988824129,2.1250001192092896,-3.5000000558793545,3.000000089406967,6.25000012665987,0.6249999515712261,0.500000037252903
YAF_haze_happy_angry,YAF,haze,happy,angry,YAF_haze_happy.wav,YAF_haze_angry.wav,-4.875000227242708,4.312500137835741,-5.1875,3.8124999329447746,9.093750149011612,-0.4062499888241291,-0.18750043213367462
YAF_haze_sad_angry,YAF,haze,sad,angry,YAF_haze_sad.wav,YAF_haze_angry.wav,-3.250000089406967,4.4374998435378075,-2.7500000447034836,4.000000171363354,7.218750074505806,0.03125018626451492,-0.9374997168779373
YAF_hire_neutral_happy,YAF,hire,neutral,happy,YAF_hire_neutral.wav,YAF_hire_happy.wav,-0.25,5.062500078231096,0.0,5.187499925494194,5.250000001862645,0.18749992363154888,-0.12500015273690224
YAF_hire_neutral_sad,YAF,hire,neutral,sad,YAF_hire_neutral.wav,YAF_hire_sad.wav,4.0,5.624999813735485,4.937500104308128,5.812499925494194,1.2499998174607754,0.5625001080334187,-0.7499999925494194
YAF_hire_neutral_angry,YAF,hire,neutral,angry,YAF_hire_neutral.wav,YAF_hire_angry.wav,2.0,7.187499833293259,1.25,6.74999999627471,5.343749914783984,-0.5937499185092747,0.31250016298145056
YAF_hire_happy_sad,YAF,hire,happy,sad,YAF_hire_happy.wav,YAF_hire_sad.wav,-3.124999925494194,2.000000089406967,-3.1250000298023224,2.374999925494194,5.312499985098839,0.18749986588954926,0.3749999403953552
YAF_hire_happy_angry,YAF,hire,happy,angry,YAF_hire_happy.wav,YAF_hire_angry.wav,-3.624999925494194,6.625000088941306,-3.499999977648258,6.43749999627471,10.093749994179234,-0.031250072410330176,-0.312500040512532
YAF_hire_sad_angry,YAF,hire,sad,angry,YAF_hire_sad.wav,YAF_hire_angry.wav,-2.999999925494194,7.5624999310821295,-2.875000111758709,7.62499999627471,10.531249982304871,0.09374993946403265,-0.062499748542904854
YAF_hit_neutral_happy,YAF,hit,neutral,happy,YAF_hit_neutral.wav,YAF_hit_happy.wav,0.9375,5.250000089406967,1.5,5.062500141561031,3.9375001154839993,0.1875000260770321,-0.7499999478459358
YAF_hit_neutral_sad,YAF,hit,neutral,sad,YAF_hit_neutral.wav,YAF_hit_sad.wav,4.437500104308128,5.875000059604645,5.187499940395355,6.000000089406967,1.1250000521540642,0.4374999329447746,-0.6249998062849045
YAF_hit_neutral_angry,YAF,hit,neutral,angry,YAF_hit_neutral.wav,YAF_hit_angry.wav,2.1875,8.31249953666702,2.0,8.187499867752194,6.156249702209607,-0.15624983445741236,0.06250033108517528
YAF_hit_happy_sad,YAF,hit,happy,sad,YAF_hit_happy.wav,YAF_hit_sad.wav,-3.1249999031424522,2.1250000298023224,-3.375000089406967,2.000000089406967,5.3125000558793545,-0.18750006332993507,0.1250002458691597
YAF_hit_happy_angry,YAF,hit,happy,angry,YAF_hit_happy.wav,YAF_hit_angry.wav,-3.2499999031424522,5.687499969266355,-3.7499998956918716,5.874999867752194,9.281249817926437,-0.15625004703179002,0.6874998910352588
YAF_hit_sad_angry,YAF,hit,sad,angry,YAF_hit_sad.wav,YAF_hit_angry.wav,-1.3749999701976776,7.124999769963324,-1.5000000298023224,6.749999867752194,8.37499981885776,-0.24999998090788722,-0.2499998426064849
YAF_hole_neutral_happy,YAF,hole,neutral,happy,YAF_hole_neutral.wav,YAF_hole_happy.wav,-3.8749999403953552,4.750000007450581,-4.6250001192092896,4.749999795109034,8.99999993108213,-0.37500019557774067,0.7499999664723873
YAF_hole_neutral_sad,YAF,hole,neutral,sad,YAF_hole_neutral.wav,YAF_hole_sad.wav,-0.6249999403953552,6.000000089406967,1.75,5.375000238418579,5.125000134110451,0.8750000447034836,-2.9999997913837433
YAF_hole_neutral_angry,YAF,hole,neutral,angry,YAF_hole_neutral.wav,YAF_hole_angry.wav,-2.2499999403953552,0.8750000298023224,-1.9999999403953552,0.0,2.5624999552965164,-0.3125000149011612,-1.1250000298023224
YAF_hole_happy_sad,YAF,hole,happy,sad,YAF_hole_happy.wav,YAF_hole_sad.wav,-3.6250000335276127,2.1249998956918716,-4.1250001303851604,1.0,5.437500029802322,-0.8124999962747097,-0.6249997988343239
YAF_hole_happy_angry,YAF,hole,happy,angry,YAF_hole_happy.wav,YAF_hole_angry.wav,-4.124999795109034,2.0,-4.2500002309679985,2.875,6.625000013038516,0.37499978207051754,1.000000435858965
YAF_hole_sad_angry,YAF,hole,sad,angry,YAF_hole_sad.wav,YAF_hole_angry.wav,-1.125,2.125,-1.5000000298023224,2.375,3.562500014901161,-0.0625000149011612,0.6250000298023224
YAF_home_neutral_happy,YAF,home,neutral,happy,YAF_home_neutral.wav,YAF_home_happy.wav,1.6875,4.4375000931322575,1.4375,5.187500027939677,3.2500000605359674,0.2499999674037099,0.9999999348074198
YAF_home_neutral_sad,YAF,home,neutral,sad,YAF_home_neutral.wav,YAF_home_sad.wav,6.312499970197678,5.437500178813934,5.937500104308128,6.062499836087227,-0.3750000298023224,0.12499989569187164,0.9999995231628418
YAF_home_neutral_angry,YAF,home,neutral,angry,YAF_home_neutral.wav,YAF_home_angry.wav,4.8125,5.8750001303851604,3.8125,4.812500212341547,1.0312501713633537,-1.0312499590218067,-0.062499918043613434
YAF_home_happy_sad,YAF,home,happy,sad,YAF_home_happy.wav,YAF_home_sad.wav,-4.250000027939677,2.374999910593033,-3.8124999441206455,2.625000074505806,6.531249978579581,0.3437501238659024,-0.18749991990625858
YAF_home_happy_angry,YAF,home,happy,angry,YAF_home_happy.wav,YAF_home_angry.wav,-4.687500027939677,5.3124998435378075,-4.187500104308128,5.187500212341547,9.68750009406358,0.18750014621764421,-0.6249995548278093
YAF_home_sad_angry,YAF,home,sad,angry,YAF_home_sad.wav,YAF_home_angry.wav,-1.7499999552965164,4.750000029802322,-1.7500000149011612,4.562500212341547,6.4062501061707735,-0.09374993853271008,-0.1874997578561306
YAF_hurl_neutral_happy,YAF,hurl,neutral,happy,YAF_hurl_neutral.wav,YAF_hurl_happy.wav,1.0,6.812499816529453,1.3125,6.250000128522515,5.374999972525984,-0.12499984400346875,-0.8749996880069375
YAF_hurl_neutral_sad,YAF,hurl,neutral,sad,YAF_hurl_neutral.wav,YAF_hurl_sad.wav,5.312499940395355,5.062499850988388,5.250000104308128,6.125000059604645,0.3124999329447746,0.5000001862645149,1.1250000447034836
YAF_hurl_neutral_angry,YAF,hurl,neutral,angry,YAF_hurl_neutral.wav,YAF_hurl_angry.wav,3.9375,6.874999947845936,3.9375,6.312500169500709,2.656250058673322,-0.2812498891726136,-0.5624997783452272
YAF_hurl_happy_sad,YAF,hurl,happy,sad,YAF_hurl_happy.wav,YAF_hurl_sad.wav,-5.000000128522515,2.6249999701976776,-5.124999881722033,3.0000000596046448,7.875000020023435,0.12500016810372472,0.4999998426064849
YAF_hurl_happy_angry,YAF,hurl,happy,angry,YAF_hurl_happy.wav,YAF_hurl_angry.wav,-5.000000128522515,5.250000022351742,-5.312500144354999,5.750000169500709,10.656250232364982,0.09375006565824151,0.8125001629814506
YAF_hurl_sad_angry,YAF,hurl,sad,angry,YAF_hurl_sad.wav,YAF_hurl_angry.wav,-1.5000000596046448,6.312500163912773,-1.75,6.187500169500709,7.875000196509063,-0.1874999674037099,0.12499994598329067
YAF_hush_neutral_happy,YAF,hush,neutral,happy,YAF_hush_neutral.wav,YAF_hush_happy.wav,0.375,6.687500234693289,-0.375,5.687499850988388,6.187500042840838,-0.8750001918524504,-0.25000038370490074
YAF_hush_neutral_sad,YAF,hush,neutral,sad,YAF_hush_neutral.wav,YAF_hush_sad.wav,3.3749999701976776,7.062500208616257,4.2500001937150955,6.687500149011612,3.0625000968575478,0.25000008195638657,-1.2500002831220627
YAF_hush_neutral_angry,YAF,hush,neutral,angry,YAF_hush_neutral.wav,YAF_hush_angry.wav,1.5,8.50000025331974,0.375,7.249999813735485,6.937500033527613,-1.1875002197921276,-0.12500043958425522
YAF_hush_happy_sad,YAF,hush,happy,sad,YAF_hush_happy.wav,YAF_hush_sad.wav,-3.250000089406967,3.749999962747097,-4.000000022351742,3.374999910593033,7.187499992549419,-0.5624999925494194,0.37499988079071045
YAF_hush_happy_angry,YAF,hush,happy,angry,YAF_hush_happy.wav,YAF_hush_angry.wav,-3.875000089406967,6.250000238418579,-4.124999962747097,5.999999813735485,10.125000052154064,-0.25000014901161194,-5.513429641723633e-07
YAF_hush_sad_angry,YAF,hush,sad,angry,YAF_hush_sad.wav,YAF_hush_angry.wav,-2.374999910593033,7.312500163912773,-3.0000000596046448,6.812499813735485,9.749999973922968,-0.56250024959445,0.12499979883432388
YAF_jail_neutral_happy,YAF,jail,neutral,happy,YAF_jail_neutral.wav,YAF_jail_happy.wav,1.562500238418579,5.687499836087227,1.25,5.874999972060323,4.374999784864485,-0.0625000512227416,0.500000374391675
YAF_jail_neutral_sad,YAF,jail,neutral,sad,YAF_jail_neutral.wav,YAF_jail_sad.wav,4.937500208616257,6.0625,4.3750001192092896,5.500000059604645,1.1249998658895493,-0.5625000149011612,1.4901161193847656e-07
YAF_jail_neutral_angry,YAF,jail,neutral,angry,YAF_jail_neutral.wav,YAF_jail_angry.wav,3.062500238418579,2.6250001043081284,3.249999761581421,2.9999999403953552,-0.3437499776482582,0.28124967962503433,0.18750031292438507
YAF_jail_happy_sad,YAF,jail,happy,sad,YAF_jail_happy.wav,YAF_jail_sad.wav,-4.687499972060323,2.7500001043081284,-4.999999897554517,2.1250000596046448,7.281250016763806,-0.4687499850988388,-0.31250011920928955
YAF_jail_happy_angry,YAF,jail,happy,angry,YAF_jail_happy.wav,YAF_jail_angry.wav,-4.124999972060323,1.5,-4.43749999627471,1.4999999403953552,5.781249954365194,-0.15625004190951586,0.31249996460974216
YAF_jail_sad_angry,YAF,jail,sad,angry,YAF_jail_sad.wav,YAF_jail_angry.wav,-1.1250000596046448,2.875000089406967,-1.8749998956918716,3.8124999403953552,4.843749992549419,0.0937500074505806,1.687499687075615
YAF_jar_neutral_happy,YAF,jar,neutral,happy,YAF_jar_neutral.wav,YAF_jar_happy.wav,0.375,6.187500027939677,1.0625,5.999999918043613,5.374999972991645,0.2499999450519681,-0.8750001098960638
YAF_jar_neutral_sad,YAF,jar,neutral,sad,YAF_jar_neutral.wav,YAF_jar_sad.wav,4.125000074505806,5.874999791383743,4.3124998807907104,5.624999836087227,1.5312498360872269,-0.03125007450580597,-0.4374997615814209
YAF_jar_neutral_angry,YAF,jar,neutral,angry,YAF_jar_neutral.wav,YAF_jar_angry.wav,2.5000001192092896,8.000000074505806,2.6250001192092896,8.312499701045454,5.59374976856634,0.2187498132698238,0.18749962653964758
YAF_jar_happy_sad,YAF,jar,happy,sad,YAF_jar_happy.wav,YAF_jar_sad.wav,-4.937499918043613,2.1250000596046448,-5.750000140629709,2.750000074505806,7.7812500963918865,-0.09375010384246707,1.4375002374872565
YAF_jar_happy_angry,YAF,jar,happy,angry,YAF_jar_happy.wav,YAF_jar_angry.wav,-4.374999918043613,4.249999936670065,-5.375000140629709,5.937500177882612,9.968750086613,0.34375000931322575,2.687500463798642
YAF_jar_sad_angry,YAF,jar,sad,angry,YAF_jar_sad.wav,YAF_jar_angry.wav,-2.125000074505806,6.812500050291419,-2.0000000447034836,6.812500177882612,8.87500017369166,0.06250007869675756,-0.12499990221112967
YAF_join_neutral_happy,YAF,join,neutral,happy,YAF_join_neutral.wav,YAF_join_happy.wav,3.500000238418579,7.500000176951289,3.562499761581421,7.312499985098839,3.875000081025064,-0.06250033434480429,-0.24999971501529217
YAF_join_neutral_sad,YAF,join,neutral,sad,YAF_join_neutral.wav,YAF_join_sad.wav,6.375000208616257,6.4374998807907104,6.249999895691872,6.374999865889549,0.09374982118606567,-0.09375016391277313,0.06250029802322388
YAF_join_neutral_angry,YAF,join,neutral,angry,YAF_join_neutral.wav,YAF_join_angry.wav,4.125000238418579,7.500000204890966,4.250000238418579,7.437499973922968,3.281249850988388,0.031249884516000748,-0.1875002309679985
YAF_join_happy_sad,YAF,join,happy,sad,YAF_join_happy.wav,YAF_join_sad.wav,-3.499999985098839,2.7499999403953552,-4.874999810010195,2.3750001043081284,6.749999919906259,-0.8749998304992914,0.9999999888241291
YAF_join_happy_angry,YAF,join,happy,angry,YAF_join_happy.wav,YAF_join_angry.wav,-4.937499985098839,4.875000078231096,-5.062500044703484,4.874999973922968,9.875000040978193,-0.06250008195638657,0.12499995529651642
YAF_join_sad_angry,YAF,join,sad,angry,YAF_join_sad.wav,YAF_join_angry.wav,-2.2500001043081284,5.625000008381903,-2.3750000596046448,4.937499973922968,7.593750073108822,-0.40624999487772584,-0.5625000791624188
YAF_judge_neutral_happy,YAF,judge,neutral,happy,YAF_judge_neutral.wav,YAF_judge_happy.wav,-3.25,6.87500000372529,-3.500000238418579,6.875000227242708,10.250000234693289,-0.1250000074505806,0.250000461935997
YAF_judge_neutral_sad,YAF,judge,neutral,sad,YAF_judge_neutral.wav,YAF_judge_sad.wav,0.625,6.312500059604645,2.6250000298023224,6.6250001937150955,4.843750111758709,1.1562500819563866,-1.6874998956918716
YAF_judge_neutral_angry,YAF,judge,neutral,angry,YAF_judge_neutral.wav,YAF_judge_angry.wav,-2.125,7.187500203028321,-0.5,7.875000056810677,8.8437501299195,1.156249926891178,-0.9375001462176442
YAF_judge_happy_sad,YAF,judge,happy,sad,YAF_judge_happy.wav,YAF_judge_sad.wav,-3.374999988824129,2.3749999403953552,-3.7500000298023224,2.6249999552965164,6.062499957159162,-0.06250001303851604,0.6250000558793545
YAF_judge_happy_angry,YAF,judge,happy,angry,YAF_judge_happy.wav,YAF_judge_angry.wav,-4.562500227242708,5.1875000754371285,-4.125000186264515,5.625000056810677,9.750000272877514,0.4375000111758709,-5.960464477539063e-08
YAF_judge_sad_angry,YAF,judge,sad,angry,YAF_judge_sad.wav,YAF_judge_angry.wav,-1.6249999552965164,5.249999816529453,-1.8750000149011612,5.687500056810677,7.218749921768904,0.09375009033828974,0.687500299885869
YAF_jug_neutral_happy,YAF,jug,neutral,happy,YAF_jug_neutral.wav,YAF_jug_happy.wav,-0.625,6.374999990686774,-1.375,6.187500166706741,7.2812500786967576,-0.4687499119900167,0.5625001760199666
YAF_jug_neutral_sad,YAF,jug,neutral,sad,YAF_jug_neutral.wav,YAF_jug_sad.wav,1.8749999701976776,6.7500001937150955,1.9999999403953552,6.625000089406967,4.750000186264515,-6.705522537231445e-08,-0.25000007450580597
YAF_jug_neutral_angry,YAF,jug,neutral,angry,YAF_jug_neutral.wav,YAF_jug_angry.wav,0.5,4.249999791383743,-0.375,4.37500000372529,4.249999897554517,-0.3749998938292265,1.000000212341547
YAF_jug_happy_sad,YAF,jug,happy,sad,YAF_jug_happy.wav,YAF_jug_sad.wav,-5.812500166706741,2.5000000298023224,-5.749999813735485,2.875000089406967,8.468750049825758,0.21875020628795028,0.312499706633389
YAF_jug_happy_angry,YAF,jug,happy,angry,YAF_jug_happy.wav,YAF_jug_angry.wav,-5.312500166706741,4.124999966472387,-4.937500204890966,5.00000000372529,9.687500170897692,0.6249999995343387,0.5000000754371285
YAF_jug_sad_angry,YAF,jug,sad,angry,YAF_jug_sad.wav,YAF_jug_angry.wav,-1.7499999701976776,5.374999761581421,-2.2499999552965164,5.81250000372529,7.593749845400453,-0.031249871477484703,0.9375002272427082
YAF_juice_neutral_happy,YAF,juice,neutral,happy,YAF_juice_neutral.wav,YAF_juice_happy.wav,0.125,4.874999910593033,0.125,5.500000115483999,5.062500013038516,0.3125001024454832,0.6250002048909664
YAF_juice_neutral_sad,YAF,juice,neutral,sad,YAF_juice_neutral.wav,YAF_juice_sad.wav,3.1250000298023224,5.812500059604645,3.2499999701976776,6.062500149011612,2.7500001043081284,0.1875000149011612,0.12500014901161194
YAF_juice_neutral_angry,YAF,juice,neutral,angry,YAF_juice_neutral.wav,YAF_juice_angry.wav,1.25,8.562499817460775,1.25,8.62499993108213,7.343749874271452,0.03125005681067705,0.0625001136213541
YAF_juice_happy_sad,YAF,juice,happy,sad,YAF_juice_happy.wav,YAF_juice_sad.wav,-3.5000001154839993,2.7500000596046448,-3.375000111758709,2.249999910593033,5.937500098720193,-0.18750007264316082,-0.6250001527369022
YAF_juice_happy_angry,YAF,juice,happy,angry,YAF_juice_happy.wav,YAF_juice_angry.wav,-3.7500001154839993,6.4375001192092896,-3.374999947845936,5.7499999310821295,9.656250056810677,-0.15625001024454832,-1.0625003557652235
YAF_juice_sad_angry,YAF,juice,sad,angry,YAF_juice_sad.wav,YAF_juice_angry.wav,-1.6250000298023224,7.749999803490937,-2.2500000298023224,7.3749999310821295,9.499999897088856,-0.49999993620440364,0.2500001275911927
YAF_keen_neutral_happy,YAF,keen,neutral,happy,YAF_keen_neutral.wav,YAF_keen_happy.wav,0.5,6.437500165775418,1.125,6.124999979510903,5.468750072643161,0.15624990686774254,-0.9375001862645149
YAF_keen_neutral_sad,YAF,keen,neutral,sad,YAF_keen_neutral.wav,YAF_keen_sad.wav,4.374999970197678,6.1875001937150955,4.687499821186066,6.187499836087227,1.6562501192092896,0.1562497466802597,-0.3125002086162567
YAF_keen_neutral_angry,YAF,keen,neutral,angry,YAF_keen_neutral.wav,YAF_keen_angry.wav,2.25,4.37499987334013,2.124999761581421,4.250000074505806,2.1250000931322575,-0.1250000186264515,4.3958425521850586e-07
YAF_keen_happy_sad,YAF,keen,happy,sad,YAF_keen_happy.wav,YAF_keen_sad.wav,-4.687499979510903,2.2500000447034836,-2.124999910593033,2.375000074505806,5.718750004656613,1.3437500493600965,-2.437500039115548
YAF_keen_happy_angry,YAF,keen,happy,angry,YAF_keen_happy.wav,YAF_keen_angry.wav,-5.062499979510903,2.6249999701976776,-4.999999908730388,2.250000074505806,7.468749966472387,-0.156249912455678,-0.4374999664723873
YAF_keen_sad_angry,YAF,keen,sad,angry,YAF_keen_sad.wav,YAF_keen_angry.wav,-2.250000074505806,4.4375002309679985,-2.25,3.750000074505806,6.343750189989805,-0.3437500409781933,-0.6875002309679985
YAF_keep_neutral_happy,YAF,keep,neutral,happy,YAF_keep_neutral.wav,YAF_keep_happy.wav,2.499999761581421,6.874999787658453,3.125000238418579,6.9375002309679985,4.093750009313226,0.34375046007335186,-0.5625000335276127
YAF_keep_neutral_sad,YAF,keep,neutral,sad,YAF_keep_neutral.wav,YAF_keep_sad.wav,4.499999821186066,6.1875001192092896,5.812500059604645,6.124999955296516,1.0000000968575478,0.625000037252903,-1.3750004023313522
YAF_keep_neutral_angry,YAF,keep,neutral,angry,YAF_keep_neutral.wav,YAF_keep_angry.wav,3.249999761581421,8.437499715015292,3.499999761581421,8.312500208150595,5.000000200001523,0.06250024656765163,-0.37499950686469674
YAF_keep_happy_sad,YAF,keep,happy,sad,YAF_keep_happy.wav,YAF_keep_sad.wav,-3.2499999925494194,2.2499998956918716,-2.125,2.3749999552965164,4.999999921768904,0.6250000260770321,-0.9999999329447746
YAF_keep_happy_angry,YAF,keep,happy,angry,YAF_keep_happy.wav,YAF_keep_angry.wav,-4.7500002309679985,6.374999975319952,-5.249999923631549,7.000000208150595,11.687500169035047,0.06250027008354664,1.124999925494194
YAF_keep_sad_angry,YAF,keep,sad,angry,YAF_keep_sad.wav,YAF_keep_angry.wav,-2.2499999552965164,6.8124998565763235,-2.125,7.312500208150595,9.250000010011718,0.31250015343539417,0.3750003962777555
YAF_keg_neutral_happy,YAF,keg,neutral,happy,YAF_keg_neutral.wav,YAF_keg_happy.wav,0.375,6.187499936670065,1.625,5.562499776482582,4.8749998565763235,0.3124999199062586,-1.8750001601874828
YAF_keg_neutral_sad,YAF,keg,neutral,sad,YAF_keg_neutral.wav,YAF_keg_sad.wav,2.6249999403953552,6.0624998807907104,2.8750000596046448,6.125000059604645,3.3437499701976776,0.15625014901161194,-0.18749994039535522
YAF_keg_neutral_angry,YAF,keg,neutral,angry,YAF_keg_neutral.wav,YAF_keg_angry.wav,1.5,5.374999821186066,3.375,5.124999796971679,2.812499809078872,0.8124999878928065,-2.125000024214387
YAF_keg_happy_sad,YAF,keg,happy,sad,YAF_keg_happy.wav,YAF_keg_sad.wav,-3.625000014901161,2.875000014901161,-3.249999947845936,2.7500000596046448,6.2500000186264515,0.12500005587935448,-0.5000000223517418
YAF_keg_happy_angry,YAF,keg,happy,angry,YAF_keg_happy.wav,YAF_keg_angry.wav,-4.062499776482582,4.812500216066837,-4.125000052154064,5.499999796971679,9.249999920837581,0.31249965261667967,0.7499998565763235
YAF_keg_sad_angry,YAF,keg,sad,angry,YAF_keg_sad.wav,YAF_keg_angry.wav,-1.8750000596046448,5.562500158324838,-2.25,5.687499796971679,7.687500007450581,-0.1250001508742571,0.4999995790421963
YAF_kick_neutral_happy,YAF,kick,neutral,happy,YAF_kick_neutral.wav,YAF_kick_happy.wav,2.125000238418579,6.87499987334013,1.875,6.750000171363354,4.812499903142452,-0.1874999701976776,0.12500053644180298
YAF_kick_neutral_sad,YAF,kick,neutral,sad,YAF_kick_neutral.wav,YAF_kick_sad.wav,5.6250001937150955,6.687500067055225,5.937499776482582,5.562500163912773,0.34375013038516045,-0.40625016018748283,-1.4374994859099388
YAF_kick_neutral_angry,YAF,kick,neutral,angry,YAF_kick_neutral.wav,YAF_kick_angry.wav,3.500000238418579,5.874999852851033,3.874999761581421,6.999999975785613,2.749999914318323,0.7499998230487108,0.750000599771738
YAF_kick_happy_sad,YAF,kick,happy,sad,YAF_kick_happy.wav,YAF_kick_sad.wav,-4.500000171363354,2.5000001043081284,-3.8749999813735485,2.249999925494194,6.562500091269612,0.18750000558793545,-0.8750003688037395
YAF_kick_happy_angry,YAF,kick,happy,angry,YAF_kick_happy.wav,YAF_kick_angry.wav,-5.375000171363354,4.875000178813934,-5.625000102445483,5.687499975785613,10.781250214204192,0.2812499329447746,1.0624997280538082
YAF_kick_sad_angry,YAF,kick,sad,angry,YAF_kick_sad.wav,YAF_kick_angry.wav,-1.874999925494194,5.812499846331775,-2.8749998956918716,5.937499975785613,8.249999821651727,-0.43749992037191987,1.1250000996515155
YAF_kill_neutral_happy,YAF,kill,neutral,happy,YAF_kill_neutral.wav,YAF_kill_happy.wav,1.125000238418579,5.812500149011612,1.0,5.625000104308128,4.656250007450581,-0.15625014156103134,-0.06249980628490448
YAF_kill_neutral_sad,YAF,kill,neutral,sad,YAF_kill_neutral.wav,YAF_kill_sad.wav,4.375000134110451,5.687500074505806,3.7500001192092896,5.687500089406967,1.6249999552965164,-0.3125,0.6250000298023224
YAF_kill_neutral_angry,YAF,kill,neutral,angry,YAF_kill_neutral.wav,YAF_kill_angry.wav,2.500000238418579,6.687500068452209,2.0,6.500000074505806,4.343749952269718,-0.3437501161824912,0.31250024447217584
YAF_kill_happy_sad,YAF,kill,happy,sad,YAF_kill_happy.wav,YAF_kill_sad.wav,-2.6250001043081284,2.999999888241291,-2.8749999031424522,2.125000089406967,5.312499992549419,-0.5624997988343239,-0.625
YAF_kill_happy_angry,YAF,kill,happy,angry,YAF_kill_happy.wav,YAF_kill_angry.wav,-3.7500001043081284,6.124999856110662,-4.250000167638063,5.687500074505806,9.90625010128133,-0.46874992246739566,0.06250028172507882
YAF_kill_sad_angry,YAF,kill,sad,angry,YAF_kill_sad.wav,YAF_kill_angry.wav,-2.500000089406967,6.24999976856634,-2.750000074505806,6.250000074505806,8.87500000349246,-0.12499983957968652,0.25000029103830457
YAF_king_neutral_happy,YAF,king,neutral,happy,YAF_king_neutral.wav,YAF_king_happy.wav,1.875,6.5000001937150955,1.375,6.437500011175871,4.843750102445483,-0.2812500912696123,0.4374998174607754
YAF_king_neutral_sad,YAF,king,neutral,sad,YAF_king_neutral.wav,YAF_king_sad.wav,6.374999850988388,6.374999865889549,6.437500104308128,6.187499850988388,-0.12500011920928955,-0.06249988079071045,-0.2500002682209015
YAF_king_neutral_angry,YAF,king,neutral,angry,YAF_king_neutral.wav,YAF_king_angry.wav,4.499999761581421,0.25,4.374999761581421,0.0,-4.312499761581421,-0.1875,-0.125
YAF_king_happy_sad,YAF,king,happy,sad,YAF_king_happy.wav,YAF_king_sad.wav,-3.250000011175871,2.7499998807907104,-2.2499999403953552,2.625000089406967,5.437499960884452,0.4375001396983862,-1.124999862164259
YAF_king_happy_angry,YAF,king,happy,angry,YAF_king_happy.wav,YAF_king_angry.wav,-4.500000011175871,2.8749998807907104,-4.562499903142452,1.75,6.843749897554517,-0.5937498863786459,-1.062499988824129
YAF_king_sad_angry,YAF,king,sad,angry,YAF_king_sad.wav,YAF_king_angry.wav,-1.8750000894069672,2.25,-2.2500001192092896,2.0,4.187500104308128,-0.3125000149011612,0.1250000298023224
YAF_kite_neutral_happy,YAF,kite,neutral,happy,YAF_kite_neutral.wav,YAF_kite_happy.wav,2.8125,5.874999929219484,1.5,5.687500037252903,3.6249999832361937,-0.7499999459832907,1.1250001080334187
YAF_kite_neutral_sad,YAF,kite,neutral,sad,YAF_kite_neutral.wav,YAF_kite_sad.wav,5.437499970197678,5.874999970197678,5.124999925494194,6.187499776482582,0.749999925494194,-1.1920928955078125e-07,0.6249998509883881
YAF_kite_neutral_angry,YAF,kite,neutral,angry,YAF_kite_neutral.wav,YAF_kite_angry.wav,3.4375,2.3750000596046448,3.1875,3.5624999403953552,-0.34375,0.4687499403953552,1.4374998807907104
YAF_kite_happy_sad,YAF,kite,happy,sad,YAF_kite_happy.wav,YAF_kite_sad.wav,-3.875000037252903,3.5,-3.4999999068677425,3.500000014901161,7.187499979510903,0.18750007264316082,-0.37500011548399925
YAF_kite_happy_angry,YAF,kite,happy,angry,YAF_kite_happy.wav,YAF_kite_angry.wav,-4.625000037252903,0.5,-4.624999955296516,1.2499999403953552,5.499999966472387,0.3750000111758709,0.7499998584389687
YAF_kite_sad_angry,YAF,kite,sad,angry,YAF_kite_sad.wav,YAF_kite_angry.wav,-1.5000000149011612,3.6875000447034836,-1.625,3.6874999403953552,5.25,-0.06250004470348358,0.12499988079071045
YAF_knock_neutral_happy,YAF,knock,neutral,happy,YAF_knock_neutral.wav,YAF_knock_happy.wav,1.1875,7.124999778345227,1.0,6.937499860301614,5.9374998193234205,-0.18749995902180672,8.195638656616211e-08
YAF_knock_neutral_sad,YAF,knock,neutral,sad,YAF_knock_neutral.wav,YAF_knock_sad.wav,5.437500223517418,5.4375,5.374999940395355,6.250000089406967,0.437499962747097,0.37499990314245224,0.8750003725290298
YAF_knock_neutral_angry,YAF,knock,neutral,angry,YAF_knock_neutral.wav,YAF_knock_angry.wav,3.562500238418579,6.937499850988388,3.625000238418579,7.062499776482582,3.406249575316906,0.09374996274709702,0.06249992549419403
YAF_knock_happy_sad,YAF,knock,happy,sad,YAF_knock_happy.wav,YAF_knock_sad.wav,-4.749999860301614,2.8749999701976776,-4.749999916180968,3.375000089406967,7.874999918043613,0.25000003166496754,0.500000175088644
YAF_knock_happy_angry,YAF,knock,happy,angry,YAF_knock_happy.wav,YAF_knock_angry.wav,-5.062499860301614,1.625,-4.999999886378646,1.7500000149011612,6.7187498807907104,0.09374999441206455,0.06250004097819328
YAF_knock_sad_angry,YAF,knock,sad,angry,YAF_knock_sad.wav,YAF_knock_angry.wav,-1.6249999701976776,4.250000007450581,-1.4999999850988388,3.750000014901161,5.562499988824129,-0.1875000037252903,-0.6249999776482582
YAF_late_neutral_happy,YAF,late,neutral,happy,YAF_late_neutral.wav,YAF_late_happy.wav,2.249999761581421,6.312499847263098,1.812500238418579,6.062500072643161,4.156249959953129,-0.34374964889138937,0.18749974854290485
YAF_late_neutral_sad,YAF,late,neutral,sad,YAF_late_neutral.wav,YAF_late_sad.wav,5.249999776482582,6.187499970197678,4.374999850988388,6.250000089406967,1.4062502160668373,-0.40624990314245224,0.9375000447034836
YAF_late_neutral_angry,YAF,late,neutral,angry,YAF_late_neutral.wav,YAF_late_angry.wav,2.999999761581421,6.749999884516001,2.875,6.875000150874257,3.8750001369044185,2.523884177207947e-07,0.25000002793967724
YAF_late_happy_sad,YAF,late,happy,sad,YAF_late_happy.wav,YAF_late_sad.wav,-5.375000072643161,1.5,-4.812499914318323,2.125000089406967,6.906250038184226,0.5937501238659024,0.06249993108212948
YAF_late_happy_angry,YAF,late,happy,angry,YAF_late_happy.wav,YAF_late_angry.wav,-5.500000072643161,4.1874998807907104,-5.437499783933163,5.437500150874257,10.281249944120646,0.6562502793967724,1.1874999813735485
YAF_late_sad_angry,YAF,late,sad,angry,YAF_late_sad.wav,YAF_late_angry.wav,-2.375000089406967,6.875000121071935,-3.1249999552965164,6.812500150874257,9.593750158324838,-0.40624991804361343,0.6874998956918716
YAF_laud_neutral_happy,YAF,laud,neutral,happy,YAF_laud_neutral.wav,YAF_laud_happy.wav,1.75,6.624999804422259,1.6875,5.249999905005097,4.218749854713678,-0.718749949708581,-1.312499899417162
YAF_laud_neutral_sad,YAF,laud,neutral,sad,YAF_laud_neutral.wav,YAF_laud_sad.wav,4.750000089406967,5.312499821186066,5.437499940395355,5.437499910593033,0.28124985098838806,0.4062499701976776,-0.5624997615814209
YAF_laud_neutral_angry,YAF,laud,neutral,angry,YAF_laud_neutral.wav,YAF_laud_angry.wav,3.6250001192092896,-1.1250000596046448,4.3125,0.25,-4.406250089406967,1.0312499701976776,0.6875001788139343
YAF_laud_happy_sad,YAF,laud,happy,sad,YAF_laud_happy.wav,YAF_laud_sad.wav,-5.562499905005097,1.75,-5.562499791383743,2.249999910593033,7.562499803490937,0.25000001210719347,0.49999979697167873
YAF_laud_happy_angry,YAF,laud,happy,angry,YAF_laud_happy.wav,YAF_laud_angry.wav,-4.937499905005097,1.8749999403953552,-5.062499832361937,1.6250001192092896,6.749999898485839,-0.18749987427145243,-0.1249998938292265
YAF_laud_sad_angry,YAF,laud,sad,angry,YAF_laud_sad.wav,YAF_laud_angry.wav,-1.5000000298023224,0.875,-1.2500000298023224,1.5000001192092896,2.562500089406967,0.4375000596046448,0.37500011920928955
YAF_lean_neutral_happy,YAF,lean,neutral,happy,YAF_lean_neutral.wav,YAF_lean_happy.wav,2.562500238418579,6.375000227242708,2.187499761581421,6.562500221654773,4.0937502244487405,-0.09375024121254683,0.5625004712492228
YAF_lean_neutral_sad,YAF,lean,neutral,sad,YAF_lean_neutral.wav,YAF_lean_sad.wav,4.312500178813934,6.499999776482582,4.6875,6.3750001192092896,1.9374998584389687,0.12500008195638657,-0.4999994784593582
YAF_lean_neutral_angry,YAF,lean,neutral,angry,YAF_lean_neutral.wav,YAF_lean_angry.wav,2.437500238418579,8.06250002142042,2.6875,8.062499756924808,5.499999769963324,0.12499974854290485,-0.2500000260770321
YAF_lean_happy_sad,YAF,lean,happy,sad,YAF_lean_happy.wav,YAF_lean_sad.wav,-4.000000221654773,1.2500000298023224,-2.249999985098839,2.3750001192092896,4.937500177882612,1.4375001629814506,-0.6250001471489668
YAF_lean_happy_angry,YAF,lean,happy,angry,YAF_lean_happy.wav,YAF_lean_angry.wav,-5.000000221654773,4.4375000055879354,-4.625000048428774,5.375000233761966,9.718750254716724,0.6562502007000148,0.5625000549480319
YAF_lean_sad_angry,YAF,lean,sad,angry,YAF_lean_sad.wav,YAF_lean_angry.wav,-2.8750001192092896,6.187500170432031,-2.6250000298023224,6.250000233761966,8.968750276602805,0.15625007636845112,-0.1875000260770321
YAF_learn_neutral_happy,YAF,learn,neutral,happy,YAF_learn_neutral.wav,YAF_learn_happy.wav,-0.875,6.3750001937150955,-0.875,6.312500037252903,7.218750115483999,-0.03125007823109627,-0.06250015646219254
YAF_learn_neutral_sad,YAF,learn,neutral,sad,YAF_learn_neutral.wav,YAF_learn_sad.wav,2.7499999701976776,6.125000089406967,2.3749999701976776,5.812500089406967,3.4062501192092896,-0.34375,0.0625
YAF_learn_neutral_angry,YAF,learn,neutral,angry,YAF_learn_neutral.wav,YAF_learn_angry.wav,0.5,7.8124999846331775,1.0,7.93750006519258,7.125000024912879,0.31250004027970135,-0.3749999194405973
YAF_learn_happy_sad,YAF,learn,happy,sad,YAF_learn_happy.wav,YAF_learn_sad.wav,-2.750000037252903,2.625000111758709,-3.6250000782310963,2.125000089406967,5.562500158324838,-0.6875000316649675,0.3750000186264515
YAF_learn_happy_angry,YAF,learn,happy,angry,YAF_learn_happy.wav,YAF_learn_angry.wav,-4.437500037252903,7.187499779742211,-4.624999903142452,7.43750006519258,11.843749892665073,0.03125020978040993,0.4375001513399184
YAF_learn_sad_angry,YAF,learn,sad,angry,YAF_learn_sad.wav,YAF_learn_angry.wav,-3.250000089406967,6.812500117812306,-3.625,7.31250006519258,10.500000136205927,0.06250001839362085,0.8749998579733074
YAF_lease_neutral_happy,YAF,lease,neutral,happy,YAF_lease_neutral.wav,YAF_lease_happy.wav,1.0625,6.625000072643161,0.6875,6.687499878928065,5.781249975785613,-0.15625009685754776,0.4374998062849045
YAF_lease_neutral_sad,YAF,lease,neutral,sad,YAF_lease_neutral.wav,YAF_lease_sad.wav,5.500000163912773,6.062499925494194,5.312500059604645,5.999999850988388,0.6249997764825821,-0.12500008940696716,0.1250000298023224
YAF_lease_neutral_angry,YAF,lease,neutral,angry,YAF_lease_neutral.wav,YAF_lease_angry.wav,3.625000238418579,6.812499802559614,4.0624998807907104,7.312499979510903,3.218749831430614,0.46874990966171026,0.06250053457915783
YAF_lease_happy_sad,YAF,lease,happy,sad,YAF_lease_happy.wav,YAF_lease_sad.wav,-5.499999878928065,2.374999925494194,-5.187499839812517,1.7500000894069672,7.406249866820872,-0.15624989848583937,-0.937499875202775
YAF_lease_happy_angry,YAF,lease,happy,angry,YAF_lease_happy.wav,YAF_lease_angry.wav,-5.124999878928065,5.4374998938292265,-4.875000040978193,5.499999979510903,10.468749896623194,0.15624996181577444,-0.18749975226819515
YAF_lease_sad_angry,YAF,lease,sad,angry,YAF_lease_sad.wav,YAF_lease_angry.wav,-1.6249999701976776,5.312499894760549,-2.6249998807907104,5.937499979510903,7.74999986262992,-0.18749991292133927,1.6249999953433871
YAF_lid_neutral_happy,YAF,lid,neutral,happy,YAF_lid_neutral.wav,YAF_lid_happy.wav,2.312499761581421,5.31250006146729,1.9375,5.4375002309679985,3.2500002654269338,-0.12499979604035616,0.4999999310821295
YAF_lid_neutral_sad,YAF,lid,neutral,sad,YAF_lid_neutral.wav,YAF_lid_sad.wav,4.562499761581421,6.5625,4.062499791383743,5.749999821186066,1.8437501341104507,-0.656250074505806,-0.3125002086162567
YAF_lid_neutral_angry,YAF,lid,neutral,angry,YAF_lid_neutral.wav,YAF_lid_angry.wav,2.937499761581421,6.375000189989805,2.75,6.31249987706542,3.5000001527369022,-0.12500003725290298,0.12499944865703583
YAF_lid_happy_sad,YAF,lid,happy,sad,YAF_lid_happy.wav,YAF_lid_sad.wav,-4.9375002309679985,0.5,-4.875000111758709,0.5000000596046448,5.406250201165676,0.03125008940696716,-0.06250005960464478
YAF_lid_happy_angry,YAF,lid,happy,angry,YAF_lid_happy.wav,YAF_lid_angry.wav,-5.1875002309679985,3.5000000074505806,-5.4374998500570655,5.81249987706542,9.968749982770532,1.0312501252628863,2.5624994887039065
YAF_lid_sad_angry,YAF,lid,sad,angry,YAF_lid_sad.wav,YAF_lid_angry.wav,-1.2500000596046448,5.12500018812716,-2.375,6.06249987706542,7.4062500623986125,-0.09375012572854757,2.0624996293336153
YAF_life_neutral_happy,YAF,life,neutral,happy,YAF_life_neutral.wav,YAF_life_happy.wav,2.375000238418579,7.37499978672713,2.0,7.687500101514161,5.343749824911356,-0.03124996181577444,0.6875005532056093
YAF_life_neutral_sad,YAF,life,neutral,sad,YAF_life_neutral.wav,YAF_life_sad.wav,4.625000238418579,6.5625001192092896,5.6874998807907104,6.624999955296516,1.4374999776482582,0.5624997392296791,-0.9999998062849045
YAF_life_neutral_angry,YAF,life,neutral,angry,YAF_life_neutral.wav,YAF_life_angry.wav,3.250000238418579,7.3750000754371285,3.6875,7.062499979510903,3.7499999082647264,0.062499832827597857,-0.7499998575076461
YAF_life_happy_sad,YAF,life,happy,sad,YAF_life_happy.wav,YAF_life_sad.wav,-5.187500101514161,3.500000037252903,-5.124999845400453,2.1249999552965164,7.968749969732016,-0.6562499129213393,-1.4375003380700946
YAF_life_happy_angry,YAF,life,happy,angry,YAF_life_happy.wav,YAF_life_angry.wav,-5.875000101514161,6.499999771825969,-6.125000000931323,6.499999979510903,12.499999926891178,-0.1249998458661139,0.2500001071020961
YAF_life_sad_angry,YAF,life,sad,angry,YAF_life_sad.wav,YAF_life_angry.wav,-1.9999999552965164,7.562499918974936,-3.124999910593033,7.562499979510903,10.124999882187694,-0.5624999473802745,1.1250000158324838
YAF_limb_neutral_happy,YAF,limb,neutral,happy,YAF_limb_neutral.wav,YAF_limb_happy.wav,1.312499761581421,5.875000137835741,1.437500238418579,5.062499897554517,4.093750017695129,-0.343749881722033,-0.9375007171183825
YAF_limb_neutral_sad,YAF,limb,neutral,sad,YAF_limb_neutral.wav,YAF_limb_sad.wav,4.937499836087227,5.562500089406967,4.1249998807907104,5.625000149011612,1.062500260770321,-0.3749999478459358,0.8750000149011612
YAF_limb_neutral_angry,YAF,limb,neutral,angry,YAF_limb_neutral.wav,YAF_limb_angry.wav,3.1874998807907104,2.25,3.4999998807907104,3.5000000819563866,-0.46874983981251717,0.7812500409781933,0.9375000819563866
YAF_limb_happy_sad,YAF,limb,happy,sad,YAF_limb_happy.wav,YAF_limb_sad.wav,-4.374999897554517,2.624999985098839,-5.312500002793968,2.249999910593033,7.281249898020178,-0.6562500898726285,0.562500030733645
YAF_limb_happy_angry,YAF,limb,happy,angry,YAF_limb_happy.wav,YAF_limb_angry.wav,-4.874999897554517,2.8749999552965164,-5.437499817460775,2.8750000819563866,8.031249876134098,-0.2812498966231942,0.5625000465661287
YAF_limb_sad_angry,YAF,limb,sad,angry,YAF_limb_sad.wav,YAF_limb_angry.wav,-1.8749999105930328,5.000000044703484,-2.124999985098839,4.750000081956387,6.875000011175871,-0.2500000186264515,1.1175870895385742e-07
YAF_live_neutral_happy,YAF,live,neutral,happy,YAF_live_neutral.wav,YAF_live_happy.wav,2.375000238418579,4.999999776482582,2.3125,4.624999951571226,2.4687497448176146,-0.21875003166496754,-0.31249958649277687
YAF_live_neutral_sad,YAF,live,neutral,sad,YAF_live_neutral.wav,YAF_live_sad.wav,5.250000134110451,6.499999947845936,4.6874998807907104,6.37500012665987,1.4687500298023224,-0.343750037252903,0.4375004321336746
YAF_live_neutral_angry,YAF,live,neutral,angry,YAF_live_neutral.wav,YAF_live_angry.wav,3.250000238418579,6.124999973922968,3.375000238418579,6.062499865889549,2.7812496814876795,0.031249945983290672,-0.18750010803341866
YAF_live_happy_sad,YAF,live,happy,sad,YAF_live_happy.wav,YAF_live_sad.wav,-3.499999951571226,2.75,-3.7499999813735485,2.374999888241291,6.187499910593033,-0.31250007078051567,-0.12500008195638657
YAF_live_happy_angry,YAF,live,happy,angry,YAF_live_happy.wav,YAF_live_angry.wav,-4.249999951571226,4.187499847263098,-4.812500223517418,4.249999865889549,8.749999944120646,-0.25000012665987015,0.6250002905726433
YAF_live_sad_angry,YAF,live,sad,angry,YAF_live_sad.wav,YAF_live_angry.wav,-3.374999888241291,6.624999992549419,-3.6249998956918716,5.812499865889549,9.718749821186066,-0.5312500670552254,-0.5625001192092896
YAF_loaf_neutral_happy,YAF,loaf,neutral,happy,YAF_loaf_neutral.wav,YAF_loaf_happy.wav,2.0625,7.312500171363354,2.125,6.812499975785613,4.968750073574483,-0.21875009778887033,-0.5625001955777407
YAF_loaf_neutral_sad,YAF,loaf,neutral,sad,YAF_loaf_neutral.wav,YAF_loaf_sad.wav,4.0625,6.187499761581421,4.0625,6.062500223517418,2.0624999925494194,-0.062499769032001495,-0.12499953806400299
YAF_loaf_neutral_angry,YAF,loaf,neutral,angry,YAF_loaf_neutral.wav,YAF_loaf_angry.wav,2.9375,7.437500230036676,3.5625,7.18749987334013,4.062500051688403,0.18749982165172696,-0.8750003566965461
YAF_loaf_happy_sad,YAF,loaf,happy,sad,YAF_loaf_happy.wav,YAF_loaf_sad.wav,-4.874999975785613,2.2499998956918716,-3.9999999441206455,2.374999985098839,6.7499999003484845,0.5000000605359674,-0.7499999422580004
YAF_loaf_happy_angry,YAF,loaf,happy,angry,YAF_loaf_happy.wav,YAF_loaf_angry.wav,-5.187499975785613,3.937500014901161,-5.437500196509063,5.24999987334013,9.906250030267984,0.5312498188577592,1.5625000791624188
YAF_loaf_sad_angry,YAF,loaf,sad,angry,YAF_loaf_sad.wav,YAF_loaf_angry.wav,-1.9999999850988388,6.187499986961484,-2.25,5.81249987334013,8.124999922700226,-0.31250006426125765,-0.1250000987201929
YAF_long_neutral_happy,YAF,long,neutral,happy,YAF_long_neutral.wav,YAF_long_happy.wav,2.25,6.937499960884452,1.875,6.812500056810677,4.8125000088475645,-0.2499999520368874,0.2500000959262252
YAF_long_neutral_sad,YAF,long,neutral,sad,YAF_long_neutral.wav,YAF_long_sad.wav,4.999999895691872,6.187499910593033,4.687499821186066,5.937499940395355,1.2187500670552254,-0.2812500223517418,0.06250010430812836
YAF_long_neutral_angry,YAF,long,neutral,angry,YAF_long_neutral.wav,YAF_long_angry.wav,3.3749998807907104,7.624999886378646,3.9374998807907104,7.437500216066837,3.875000170432031,0.1875001648440957,-0.7499996703118086
YAF_long_happy_sad,YAF,long,happy,sad,YAF_long_happy.wav,YAF_long_sad.wav,-5.000000056810677,2.749999985098839,-4.624999841675162,2.3749999403953552,7.374999911990017,8.521601557731628e-08,-0.7500002598389983
YAF_long_happy_angry,YAF,long,happy,angry,YAF_long_happy.wav,YAF_long_angry.wav,-5.312500056810677,5.687499879859388,-5.9375000526197255,5.125000216066837,11.031250102678314,-0.5937498298007995,0.06250033201649785
YAF_long_sad_angry,YAF,long,sad,angry,YAF_long_sad.wav,YAF_long_angry.wav,-1.4999999403953552,5.562500044703484,-1.8749998807907104,5.875000216066837,7.406250040978193,-0.031249884516000748,0.687500111758709
YAF_lore_neutral_happy,YAF,lore,neutral,happy,YAF_lore_neutral.wav,YAF_lore_happy.wav,0.0,6.749999897554517,0.5,6.375000175088644,6.31250003632158,0.06250013876706362,-0.8749997224658728
YAF_lore_neutral_sad,YAF,lore,neutral,sad,YAF_lore_neutral.wav,YAF_lore_sad.wav,3.2499998807907104,5.937500163912773,3.125,6.125000059604645,2.8437501713633537,0.0312500074505806,0.3124997764825821
YAF_lore_neutral_angry,YAF,lore,neutral,angry,YAF_lore_neutral.wav,YAF_lore_angry.wav,1.8749998807907104,7.687500050291419,2.7500001192092896,7.750000029802322,5.406250040046871,0.46875010896474123,-0.8125002589076757
YAF_lore_happy_sad,YAF,lore,happy,sad,YAF_lore_happy.wav,YAF_lore_sad.wav,-3.499999936670065,2.0,-2.8750000819563866,2.5000000596046448,5.437500039115548,0.5624999571591616,-0.12499979510903358
YAF_lore_happy_angry,YAF,lore,happy,angry,YAF_lore_happy.wav,YAF_lore_angry.wav,-4.562500175088644,6.312499867752194,-4.375000163912773,6.375000029802322,10.812500118277967,0.12500008661299944,-0.12499984912574291
YAF_lore_sad_angry,YAF,lore,sad,angry,YAF_lore_sad.wav,YAF_lore_angry.wav,-2.2500000596046448,6.8124998062849045,-1.8750000149011612,6.875000029802322,8.906249955296516,0.21875013411045074,-0.3124998211860657
YAF_lose_neutral_happy,YAF,lose,neutral,happy,YAF_lose_neutral.wav,YAF_lose_happy.wav,0.375,6.7500001369044185,0.25,6.687500074505806,6.406250105705112,-0.09375003119930625,0.0624999376013875
YAF_lose_neutral_sad,YAF,lose,neutral,sad,YAF_lose_neutral.wav,YAF_lose_sad.wav,2.8750001192092896,5.8124998807907104,3.8750000298023224,5.562500208616257,2.3124999701976776,0.37500011920928955,-1.2499995827674866
YAF_lose_neutral_angry,YAF,lose,neutral,angry,YAF_lose_neutral.wav,YAF_lose_angry.wav,1.5000001192092896,8.249999974272214,1.4999998807907104,8.187500421423465,6.7187501978478394,-0.031249895633663982,-0.06249931443016976
YAF_lose_happy_sad,YAF,lose,happy,sad,YAF_lose_happy.wav,YAF_lose_sad.wav,-5.000000074505806,1.8750000298023224,-5.187500192783773,2.1249999701976776,7.0937501336447895,0.031249911058694124,0.4375000586733222
YAF_lose_happy_angry,YAF,lose,happy,angry,YAF_lose_happy.wav,YAF_lose_angry.wav,-5.062500074505806,7.562500174622983,-5.4375,7.812499944586307,12.937500096857548,-0.06250007776543498,0.6249996954575181
YAF_lose_sad_angry,YAF,lose,sad,angry,YAF_lose_sad.wav,YAF_lose_angry.wav,-2.1249999701976776,8.000000026775524,-2.124999985098839,8.062500421423465,10.156250201747753,0.0312501898733899,0.06250040954910219
YAF_lot_neutral_happy,YAF,lot,neutral,happy,YAF_lot_neutral.wav,YAF_lot_happy.wav,0.7500002384185791,6.93750006146729,0.75,7.312499911990017,6.374999867519364,0.18749980605207384,0.3750000889413059
YAF_lot_neutral_sad,YAF,lot,neutral,sad,YAF_lot_neutral.wav,YAF_lot_sad.wav,4.375000208616257,5.874999821186066,4.500000163912773,6.0624998062849045,1.5312496274709702,0.1562499701976776,0.06250002980232239
YAF_lot_neutral_angry,YAF,lot,neutral,angry,YAF_lot_neutral.wav,YAF_lot_angry.wav,2.875000238418579,6.500000026077032,3.0000001192092896,6.062499860301614,3.3437497643753886,-0.15625014249235392,-0.5625000465661287
YAF_lot_happy_sad,YAF,lot,happy,sad,YAF_lot_happy.wav,YAF_lot_sad.wav,-6.437499911990017,2.750000089406967,-6.062499858438969,2.8750000447034836,9.062499952269718,0.25000000442378223,-0.2500000982545316
YAF_lot_happy_angry,YAF,lot,happy,angry,YAF_lot_happy.wav,YAF_lot_angry.wav,-5.874999911990017,2.1250000447034836,-5.937500173225999,4.249999860301614,9.093749995110556,1.031249777181074,2.1875000768341124
YAF_lot_sad_angry,YAF,lot,sad,angry,YAF_lot_sad.wav,YAF_lot_angry.wav,-1.7500000447034836,5.749999850988388,-1.6249999403953552,5.562499860301614,7.34374984819442,-0.03124994318932295,-0.3125000949949026
YAF_love_neutral_happy,YAF,love,neutral,happy,YAF_love_neutral.wav,YAF_love_happy.wav,2.0625,6.437499810010195,2.25,5.999999970197678,4.062499890103936,-0.12499991990625858,-0.6249998398125172
YAF_love_neutral_sad,YAF,love,neutral,sad,YAF_love_neutral.wav,YAF_love_sad.wav,5.562500089406967,6.312499970197678,6.062499791383743,6.374999776482582,0.5312499329447746,0.2812497541308403,-0.43749989569187164
YAF_love_neutral_angry,YAF,love,neutral,angry,YAF_love_neutral.wav,YAF_love_angry.wav,3.9375001192092896,7.124999858438969,3.875000238418579,6.937500173225999,3.1249998370185494,-0.12499978300184011,-0.12499980442225933
YAF_love_happy_sad,YAF,love,happy,sad,YAF_love_happy.wav,YAF_love_sad.wav,-3.8749999701976776,2.374999910593033,-4.687499992549419,2.250000014901161,6.5937499441206455,-0.4687499590218067,0.6875001266598701
YAF_love_happy_angry,YAF,love,happy,angry,YAF_love_happy.wav,YAF_love_angry.wav,-4.312499970197678,3.1250000074505806,-4.874999845400453,4.937500173225999,8.624999998137355,0.6250001452863216,2.3750000409781933
YAF_love_sad_angry,YAF,love,sad,angry,YAF_love_sad.wav,YAF_love_angry.wav,-2.000000014901161,6.3124998807907104,-2.0000001043081284,6.312500173225999,8.312500086613,1.0151416063308716e-07,3.818422555923462e-07
YAF_luck_neutral_happy,YAF,luck,neutral,happy,YAF_luck_neutral.wav,YAF_luck_happy.wav,3.3125,7.375000111293048,2.75,7.312500037252903,4.312500074272975,-0.31250003702007234,0.4999999259598553
YAF_luck_neutral_sad,YAF,luck,neutral,sad,YAF_luck_neutral.wav,YAF_luck_sad.wav,5.812500059604645,5.749999836087227,5.562499850988388,5.750000029802322,0.06249997764825821,-0.1250000074505806,0.25000040233135223
YAF_luck_neutral_angry,YAF,luck,neutral,angry,YAF_luck_neutral.wav,YAF_luck_angry.wav,4.4375,7.5625000689178705,3.937499761581421,7.1249999683350325,3.156250137835741,-0.4687501695007086,0.06250013783574104
YAF_luck_happy_sad,YAF,luck,happy,sad,YAF_luck_happy.wav,YAF_luck_sad.wav,-6.437500037252903,0.7499999701976776,-6.312499824911356,1.5000000298023224,7.4999999310821295,0.4375001359730959,0.6249998472630978
YAF_luck_happy_angry,YAF,luck,happy,angry,YAF_luck_happy.wav,YAF_luck_angry.wav,-6.437500037252903,4.250000094994903,-6.312499777879566,4.9374999683350325,10.968749939231202,0.40625006635673344,0.5624996139667928
YAF_luck_sad_angry,YAF,luck,sad,angry,YAF_luck_sad.wav,YAF_luck_angry.wav,-3.3750000298023224,6.437500071711838,-3.8749998956918716,6.3749999683350325,10.031249982770532,-0.2812499846331775,0.4374997625127435
YAF_make_neutral_happy,YAF,make,neutral,happy,YAF_make_neutral.wav,YAF_make_happy.wav,0.5,6.937499800696969,0.3750002384185791,7.124999951571226,6.593749756924808,0.031250194646418095,0.312499912455678
YAF_make_neutral_sad,YAF,make,neutral,sad,YAF_make_neutral.wav,YAF_make_sad.wav,4.374999776482582,6.6875001937150955,5.062500178813934,6.187500111758709,1.718750175088644,0.09375016018748283,-1.1875004842877388
YAF_make_neutral_angry,YAF,make,neutral,angry,YAF_make_neutral.wav,YAF_make_angry.wav,2.499999761581421,8.187500431202352,2.6249998807907104,8.562500123865902,5.812500456348062,0.24999990593641996,0.24999957345426083
YAF_make_happy_sad,YAF,make,happy,sad,YAF_make_happy.wav,YAF_make_sad.wav,-3.499999951571226,3.0,-3.7500000447034836,2.875000111758709,6.562500054016709,-0.18749999068677425,0.12500020489096642
YAF_make_happy_angry,YAF,make,happy,angry,YAF_make_happy.wav,YAF_make_angry.wav,-5.374999951571226,4.2500002309679985,-5.124999857507646,6.125000123865902,10.437500081956387,1.062499993480742,1.6249997988343239
YAF_make_sad_angry,YAF,make,sad,angry,YAF_make_sad.wav,YAF_make_angry.wav,-3.375000111758709,7.750000079162419,-2.750000074505806,7.375000123865902,10.625000194646418,0.12500004097819328,-0.9999999925494194
YAF_match_neutral_happy,YAF,match,neutral,happy,YAF_match_neutral.wav,YAF_match_happy.wav,1.9375,7.187499895691872,1.875,7.06250012665987,5.218750011175871,-0.09374988451600075,-0.062499769032001495
YAF_match_neutral_sad,YAF,match,neutral,sad,YAF_match_neutral.wav,YAF_match_sad.wav,6.5625001192092896,5.812500089406967,6.8125001192092896,6.000000149011612,-0.78125,0.2187500298023224,-0.062499940395355225
YAF_match_neutral_angry,YAF,match,neutral,angry,YAF_match_neutral.wav,YAF_match_angry.wav,4.6875,8.687499638646841,4.250000238418579,8.624999838881195,4.187499619554728,-0.24999978067353368,0.37499996181577444
YAF_match_happy_sad,YAF,match,happy,sad,YAF_match_happy.wav,YAF_match_sad.wav,-2.749999888241291,2.375,-3.375000022351742,2.749999910593033,5.624999910593033,-0.12500011175870895,1.0000000447034836
YAF_match_happy_angry,YAF,match,happy,angry,YAF_match_happy.wav,YAF_match_angry.wav,-4.56250012665987,6.124999845400453,-5.187499776482582,6.812499838881195,11.34374979371205,0.03125017182901502,1.312499643303454
YAF_match_sad_angry,YAF,match,sad,angry,YAF_match_sad.wav,YAF_match_angry.wav,-1.5000000298023224,7.749999889172614,-1.5000000298023224,7.874999838881195,9.312499893829226,0.062499974854290485,0.12499994970858097
YAF_merge_neutral_happy,YAF,merge,neutral,happy,YAF_merge_neutral.wav,YAF_merge_happy.wav,-1.75,3.9375000409781933,-3.25,5.500000096857548,7.2187500689178705,0.03125002793967724,3.0625000558793545
YAF_merge_neutral_sad,YAF,merge,neutral,sad,YAF_merge_neutral.wav,YAF_merge_sad.wav,2.3750000596046448,6.249999985098839,1.1250000298023224,5.624999850988388,4.18749987334013,-0.9375000819563866,0.6249998956918716
YAF_merge_neutral_angry,YAF,merge,neutral,angry,YAF_merge_neutral.wav,YAF_merge_angry.wav,-0.375,8.124999718740582,1.0,7.87499993853271,7.687499828636646,0.5625001098960638,-1.6249997802078724
YAF_merge_happy_sad,YAF,merge,happy,sad,YAF_merge_happy.wav,YAF_merge_sad.wav,-3.3750000968575478,2.7500001043081284,-3.9999998286366463,2.875000089406967,6.500000059604645,-0.24999987334012985,0.7499997168779373
YAF_merge_happy_angry,YAF,merge,happy,angry,YAF_merge_happy.wav,YAF_merge_angry.wav,-3.7500000968575478,5.750000039115548,-3.8124999664723873,6.24999993853271,9.781250020489097,0.2187500149011612,0.5624997690320015
YAF_merge_sad_angry,YAF,merge,sad,angry,YAF_merge_sad.wav,YAF_merge_angry.wav,-2.500000089406967,7.3750000558793545,-2.875000022351742,7.06249993853271,9.906250053085387,-0.3437500251457095,0.062499815598130226
YAF_mess_neutral_happy,YAF,mess,neutral,happy,YAF_mess_neutral.wav,YAF_mess_happy.wav,-2.125,7.437499964609742,-1.25,7.750000230036676,9.281250097323209,0.5937501327134669,-0.5624997345730662
YAF_mess_neutral_sad,YAF,mess,neutral,sad,YAF_mess_neutral.wav,YAF_mess_sad.wav,1.3749999701976776,6.000000059604645,1.6249999701976776,6.125000059604645,4.562500089406967,0.1875,-0.125
YAF_mess_neutral_angry,YAF,mess,neutral,angry,YAF_mess_neutral.wav,YAF_mess_angry.wav,-0.75,5.687499883584678,-0.875,5.124999882653356,6.218749883119017,-0.3437500004656613,-0.4375000009313226
YAF_mess_happy_sad,YAF,mess,happy,sad,YAF_mess_happy.wav,YAF_mess_sad.wav,-4.875000230036676,0.7499999403953552,-4.750000211410224,1.6250000596046448,6.00000022072345,0.5000000689178705,0.7500001005828381
YAF_mess_happy_angry,YAF,mess,happy,angry,YAF_mess_happy.wav,YAF_mess_angry.wav,-5.687500230036676,5.062500096857548,-5.812500223517418,4.812499882653356,10.687500216532499,-0.18750010384246707,-0.12500022072345018
YAF_mess_sad_angry,YAF,mess,sad,angry,YAF_mess_sad.wav,YAF_mess_angry.wav,-1.8750000596046448,5.687500026077032,-1.7499999105930328,5.874999882653356,7.593749939464033,0.15625000279396772,0.06249970756471157
YAF_met_neutral_happy,YAF,met,neutral,happy,YAF_met_neutral.wav,YAF_met_happy.wav,1.874999761581421,5.249999888241291,1.75,5.3124998435378075,3.468749985098839,-0.03124990314245224,0.18749971687793732
YAF_met_neutral_sad,YAF,met,neutral,sad,YAF_met_neutral.wav,YAF_met_sad.wav,4.7499998062849045,4.937499940395355,5.0000001937150955,5.499999910593033,0.34374992549419403,0.4062501788139343,0.3124995827674866
YAF_met_neutral_angry,YAF,met,neutral,angry,YAF_met_neutral.wav,YAF_met_angry.wav,2.999999761581421,7.562499927356839,3.187500238418579,8.625000109896064,5.0000000186264515,0.6250003296881914,0.8749997057020664
YAF_met_happy_sad,YAF,met,happy,sad,YAF_met_happy.wav,YAF_met_sad.wav,-4.4374998435378075,1.7500001192092896,-4.312500089406967,1.7499999105930328,6.1249999813735485,0.062499772757291794,-0.12499996274709702
YAF_met_happy_angry,YAF,met,happy,angry,YAF_met_happy.wav,YAF_met_angry.wav,-4.8124998435378075,6.187500011641532,-5.000000128522515,6.687500109896064,11.34375004679896,0.1562499066349119,0.6875003832392395
YAF_met_sad_angry,YAF,met,sad,angry,YAF_met_sad.wav,YAF_met_angry.wav,-1.7499999105930328,6.937500226311386,-1.8749999105930328,7.437500109896064,9.000000078696758,0.1874999417923391,0.6249998835846782
YAF_mill_neutral_happy,YAF,mill,neutral,happy,YAF_mill_neutral.wav,YAF_mill_happy.wav,-2.6250001192092896,4.999999862164259,-2.375,4.1250001303851604,7.0625000558793545,-0.3124998062849045,-1.124999850988388
YAF_mill_neutral_sad,YAF,mill,neutral,sad,YAF_mill_neutral.wav,YAF_mill_sad.wav,0.7499999701976776,4.874999940395355,2.125000074505806,5.874999910593033,3.9374999031424522,1.187500037252903,-0.37500013411045074
YAF_mill_neutral_angry,YAF,mill,neutral,angry,YAF_mill_neutral.wav,YAF_mill_angry.wav,-1.8750001192092896,7.812499886378646,-2.1250001192092896,7.999999891966581,9.906250008381903,-0.031249997206032276,0.43750000558793545
YAF_mill_happy_sad,YAF,mill,happy,sad,YAF_mill_happy.wav,YAF_mill_sad.wav,-4.0625001303851604,2.2499999403953552,-4.562500052154064,1.7499999105930328,6.312500016763806,-0.49999997578561306,-1.0803341865539551e-07
YAF_mill_happy_angry,YAF,mill,happy,angry,YAF_mill_happy.wav,YAF_mill_angry.wav,-4.6250001303851604,4.6875001192092896,-4.562500189989805,5.999999891966581,9.937500165775418,0.6874998565763235,1.2499998323619366
YAF_mill_sad_angry,YAF,mill,sad,angry,YAF_mill_sad.wav,YAF_mill_angry.wav,-1.2500000298023224,6.4374998128041625,-1.8750000298023224,6.687499891966581,8.124999882187694,-0.18749996041879058,0.8750000791624188
YAF_mob_neutral_happy,YAF,mob,neutral,happy,YAF_mob_neutral.wav,YAF_mob_happy.wav,2.312499761581421,7.437499962747097,2.1875,7.124999764375389,5.031249982770532,-0.21874997997656465,-0.1875004367902875
YAF_mob_neutral_sad,YAF,mob,neutral,sad,YAF_mob_neutral.wav,YAF_mob_sad.wav,5.937499791383743,6.062499791383743,6.499999940395355,6.250000059604645,-0.062499940395355225,0.3750002086162567,-0.37499988079071045
YAF_mob_neutral_angry,YAF,mob,neutral,angry,YAF_mob_neutral.wav,YAF_mob_angry.wav,4.687499761581421,6.687499867752194,4.500000238418579,6.562500074505806,2.031249971129,-0.15624965820461512,0.06249972991645336
YAF_mob_happy_sad,YAF,mob,happy,sad,YAF_mob_happy.wav,YAF_mob_sad.wav,-5.749999764375389,3.2500000596046448,-6.31249980814755,2.6250000596046448,8.968749845866114,-0.5937500218860805,-0.06249995622783899
YAF_mob_happy_angry,YAF,mob,happy,angry,YAF_mob_happy.wav,YAF_mob_angry.wav,-5.437499764375389,6.625000120140612,-5.499999788589776,6.625000074505806,12.093749873805791,-0.03125003492459655,0.062499978579580784
YAF_mob_sad_angry,YAF,mob,sad,angry,YAF_mob_sad.wav,YAF_mob_angry.wav,-1.8750000596046448,6.187500217463821,-1.7500000596046448,5.875000074505806,7.843750205589458,-0.0937500714790076,-0.4375001429580152
YAF_mode_neutral_happy,YAF,mode,neutral,happy,YAF_mode_neutral.wav,YAF_mode_happy.wav,2.000000238418579,6.437499985098839,1.937499761581421,6.000000173225999,4.250000079162419,-0.25000014435499907,-0.3749993350356817
YAF_mode_neutral_sad,YAF,mode,neutral,sad,YAF_mode_neutral.wav,YAF_mode_sad.wav,5.250000149011612,6.312500089406967,5.687500059604645,5.312499970197678,0.34374992549419403,-0.28125010430812836,-1.4375000298023224
YAF_mode_neutral_angry,YAF,mode,neutral,angry,YAF_mode_neutral.wav,YAF_mode_angry.wav,3.7500001192092896,3.249999962747097,3.9375001192092896,3.8749998845160007,-0.28125019557774067,0.40624996088445187,0.43749992176890373
YAF_mode_happy_sad,YAF,mode,happy,sad,YAF_mode_happy.wav,YAF_mode_sad.wav,-4.687500173225999,2.5000001192092896,-4.000000201165676,1.8749999701976776,6.531250231899321,0.03124991152435541,-1.3125001210719347
YAF_mode_happy_angry,YAF,mode,happy,angry,YAF_mode_happy.wav,YAF_mode_angry.wav,-5.000000173225999,2.999999985098839,-5.937500022351742,3.7499998845160007,8.84375003259629,-0.09374997485429049,1.6874997485429049
YAF_mode_sad_angry,YAF,mode,sad,angry,YAF_mode_sad.wav,YAF_mode_angry.wav,-1.6249999701976776,4.250000178813934,-2.5000000298023224,4.812499884516001,6.5937500316649675,-0.15625017695128918,1.4374997653067112
YAF_mood_neutral_happy,YAF,mood,neutral,happy,YAF_mood_neutral.wav,YAF_mood_happy.wav,1.500000238418579,5.124999834224582,1.125,4.9999999813735485,3.7499997885897756,-0.25000004563480616,0.2500003855675459
YAF_mood_neutral_sad,YAF,mood,neutral,sad,YAF_mood_neutral.wav,YAF_mood_sad.wav,4.750000149011612,6.187500223517418,4.562499970197678,5.875000074505806,1.3750000894069672,-0.25000016391277313,-0.12499997019767761
YAF_mood_neutral_angry,YAF,mood,neutral,angry,YAF_mood_neutral.wav,YAF_mood_angry.wav,3.3750001192092896,5.687499957159162,3.6250001192092896,5.499999824911356,2.093749771825969,0.031249933876097202,-0.4375001322478056
YAF_mood_happy_sad,YAF,mood,happy,sad,YAF_mood_happy.wav,YAF_mood_sad.wav,-4.8124999813735485,2.625000014901161,-4.937500063329935,2.125000074505806,7.250000067055225,-0.3125000111758709,-0.37499985843896866
YAF_mood_happy_angry,YAF,mood,happy,angry,YAF_mood_happy.wav,YAF_mood_angry.wav,-4.0624999813735485,5.249999854713678,-4.687499910593033,6.374999824911356,10.187499785795808,0.25000002048909664,1.749999899417162
YAF_mood_sad_angry,YAF,mood,sad,angry,YAF_mood_sad.wav,YAF_mood_angry.wav,-2.000000074505806,5.375000164844096,-2.249999910593033,5.312499824911356,7.468749987427145,-0.1562500880099833,0.18749949615448713
YAF_moon_neutral_happy,YAF,moon,neutral,happy,YAF_moon_neutral.wav,YAF_moon_happy.wav,1.125000238418579,4.937500204890966,1.6875,4.874999821186066,3.4999998938292265,0.24999968893826008,-0.6250001452863216
YAF_moon_neutral_sad,YAF,moon,neutral,sad,YAF_moon_neutral.wav,YAF_moon_sad.wav,4.750000149011612,6.437499895691872,5.687500089406967,6.2499997690320015,1.124999713152647,0.37499990686774254,-1.1250000670552254
YAF_moon_neutral_angry,YAF,moon,neutral,angry,YAF_moon_neutral.wav,YAF_moon_angry.wav,3.0000001192092896,8.06250044470653,3.187499761581421,8.312500338070095,5.093750450992957,0.21874976786784828,0.06250025099143386
YAF_moon_happy_sad,YAF,moon,happy,sad,YAF_moon_happy.wav,YAF_moon_sad.wav,-3.7500000596046448,3.624999962747097,-3.8749998845160007,3.0000000074505806,7.124999957159162,-0.3749998901039362,-0.5000001303851604
YAF_moon_happy_angry,YAF,moon,happy,angry,YAF_moon_happy.wav,YAF_moon_angry.wav,-5.062499821186066,6.999999999534339,-5.187499886378646,7.312499861232936,12.281249784165993,0.09374989825300872,0.4374999268911779
YAF_moon_sad_angry,YAF,moon,sad,angry,YAF_moon_sad.wav,YAF_moon_angry.wav,-2.7500000074505806,5.93749979371205,-3.1250000596046448,6.312499861232936,9.062499861000106,7.683411240577698e-09,0.7500001196749508
YAF_mop_neutral_happy,YAF,mop,neutral,happy,YAF_mop_neutral.wav,YAF_mop_happy.wav,-1.0000001192092896,7.81250015925616,0.875,7.375000227242708,7.656250252854079,0.7187500935979187,-2.3125000512227416
YAF_mop_neutral_sad,YAF,mop,neutral,sad,YAF_mop_neutral.wav,YAF_mop_sad.wav,1.625,6.562499985098839,2.5000001192092896,6.7500001937150955,4.593750029802322,0.5312501639127731,-0.6874999105930328
YAF_mop_neutral_angry,YAF,mop,neutral,angry,YAF_mop_neutral.wav,YAF_mop_angry.wav,-0.8750001192092896,6.124999876134098,0.25,7.62500009778887,7.187500046566129,1.3125001704320312,0.3750001024454832
YAF_mop_happy_sad,YAF,mop,happy,sad,YAF_mop_happy.wav,YAF_mop_sad.wav,-4.125000227242708,2.7499999701976776,-3.000000089406967,2.8749999552965164,6.375000121071935,0.6250000614672899,-1.0000001527369022
YAF_mop_happy_angry,YAF,mop,happy,angry,YAF_mop_happy.wav,YAF_mop_angry.wav,-5.250000227242708,5.4999998193234205,-5.250000078231096,5.81250009778887,10.906250111293048,0.15625021373853087,0.31250012945383787
YAF_mop_sad_angry,YAF,mop,sad,angry,YAF_mop_sad.wav,YAF_mop_angry.wav,-2.1249999552965164,5.687500162050128,-2.1250000596046448,6.06250009778887,8.00000013737008,0.187499915715307,0.3750000400468707
YAF_mouse_neutral_happy,YAF,mouse,neutral,happy,YAF_mouse_neutral.wav,YAF_mouse_happy.wav,1.125,7.624999854713678,1.062500238418579,7.812499903142452,6.624999759718776,0.06250014342367649,0.24999981001019478
YAF_mouse_neutral_sad,YAF,mouse,neutral,sad,YAF_mouse_neutral.wav,YAF_mouse_sad.wav,5.249999970197678,5.6250001192092896,4.687500208616257,5.437500238418579,0.5625000894069672,-0.3749998211860657,0.37499988079071045
YAF_mouse_neutral_angry,YAF,mouse,neutral,angry,YAF_mouse_neutral.wav,YAF_mouse_angry.wav,3.375,8.124999700114131,3.812500238418579,8.187499773688614,4.562499617692083,0.25000015599653125,-0.3750001648440957
YAF_mouse_happy_sad,YAF,mouse,happy,sad,YAF_mouse_happy.wav,YAF_mouse_sad.wav,-3.7499999031424522,0.7499999701976776,-5.249999802559614,0.25,4.999999837949872,-0.9999999348074198,0.9999999292194843
YAF_mouse_happy_angry,YAF,mouse,happy,angry,YAF_mouse_happy.wav,YAF_mouse_angry.wav,-4.249999903142452,6.312499929219484,-4.374999791383743,6.249999773688614,10.593749698717147,-0.0937500218860805,0.062499732710421085
YAF_mouse_sad_angry,YAF,mouse,sad,angry,YAF_mouse_sad.wav,YAF_mouse_angry.wav,-2.125,6.5624999878928065,-2.3749999403953552,6.562499773688614,8.812499850988388,-0.1250000772997737,0.24999972619116306
YAF_nag_neutral_happy,YAF,nag,neutral,happy,YAF_nag_neutral.wav,YAF_nag_happy.wav,2.125,6.750000175088644,1.875000238418579,6.68749999627471,4.718749966472387,-0.1562499701976776,0.18749958276748657
YAF_nag_neutral_sad,YAF,nag,neutral,sad,YAF_nag_neutral.wav,YAF_nag_sad.wav,5.8749998807907104,4.562500178813934,5.875000149011612,5.375000178813934,-0.9062498360872269,0.40625013411045074,0.8124997317790985
YAF_nag_neutral_angry,YAF,nag,neutral,angry,YAF_nag_neutral.wav,YAF_nag_angry.wav,4.2499998807907104,6.687499831430614,4.437500238418579,7.500000016763806,2.7499998644925654,0.5000002714805305,0.6249998277053237
YAF_nag_happy_sad,YAF,nag,happy,sad,YAF_nag_happy.wav,YAF_nag_sad.wav,-5.24999999627471,2.1249999403953552,-5.749999930150807,1.8749999403953552,7.4999999036081135,-0.3749999669380486,0.2499999338760972
YAF_nag_happy_angry,YAF,nag,happy,angry,YAF_nag_happy.wav,YAF_nag_angry.wav,-5.43749999627471,5.437499945983291,-5.562499847263098,6.562500016763806,11.499999903142452,0.5000001098960638,1.2499999217689037
YAF_nag_sad_angry,YAF,nag,sad,angry,YAF_nag_sad.wav,YAF_nag_angry.wav,-1.8749999403953552,7.187499910593033,-1.6249999701976776,7.375000016763806,9.031249918974936,0.21875003818422556,-0.062499864026904106
YAF_name_neutral_happy,YAF,name,neutral,happy,YAF_name_neutral.wav,YAF_name_happy.wav,-1.25,6.81250012665987,-1.0,7.124999921768904,8.093750024214387,0.2812498975545168,0.062499795109033585
YAF_name_neutral_sad,YAF,name,neutral,sad,YAF_name_neutral.wav,YAF_name_sad.wav,1.8750000298023224,6.125000238418579,2.0000001192092896,6.062499821186066,4.156249955296516,0.031249836087226868,-0.1875005066394806
YAF_name_neutral_angry,YAF,name,neutral,angry,YAF_name_neutral.wav,YAF_name_angry.wav,-0.25,6.749999793246388,2.0,7.562499770894647,6.2812497820705175,1.531249988824129,-1.4375000223517418
YAF_name_happy_sad,YAF,name,happy,sad,YAF_name_happy.wav,YAF_name_sad.wav,-4.499999921768904,2.3750001192092896,-3.4999999701976776,2.1250000596046448,6.250000035390258,0.3749999459832907,-1.250000011175871
YAF_name_happy_angry,YAF,name,happy,angry,YAF_name_happy.wav,YAF_name_angry.wav,-5.249999921768904,4.499999953433871,-5.124999884516001,4.874999770894647,9.874999765306711,0.24999992735683918,0.2499997802078724
YAF_name_sad_angry,YAF,name,sad,angry,YAF_name_sad.wav,YAF_name_angry.wav,-2.1250000596046448,6.375000091269612,-2.124999910593033,6.562499770894647,8.593749916180968,0.09374991431832314,0.1874995306134224
YAF_near_neutral_happy,YAF,near,neutral,happy,YAF_near_neutral.wav,YAF_near_happy.wav,-0.5,6.749999845400453,-0.625,6.312499795109034,7.093749820254743,-0.2812500251457095,-0.31250005029141903
YAF_near_neutral_sad,YAF,near,neutral,sad,YAF_near_neutral.wav,YAF_near_sad.wav,3.125000089406967,6.125,3.5000000968575478,5.937500104308128,2.7187499590218067,0.09375005587935448,-0.5624999031424522
YAF_near_neutral_angry,YAF,near,neutral,angry,YAF_near_neutral.wav,YAF_near_angry.wav,0.5,7.562500211410224,1.25,7.249999865889549,6.531250038649887,0.2187498272396624,-1.0625003455206752
YAF_near_happy_sad,YAF,near,happy,sad,YAF_near_happy.wav,YAF_near_sad.wav,-4.249999795109034,2.124999910593033,-4.687499854713678,2.0000001043081284,6.531249832361937,-0.2812499329447746,0.3125002533197403
YAF_near_happy_angry,YAF,near,happy,angry,YAF_near_happy.wav,YAF_near_angry.wav,-4.499999795109034,5.937499864958227,-4.874999919906259,5.437499865889549,10.374999722931534,-0.4375000619329512,-0.12499987427145243
YAF_near_sad_angry,YAF,near,sad,angry,YAF_near_sad.wav,YAF_near_angry.wav,-2.0000001043081284,6.062499921768904,-2.374999910593033,6.499999865889549,8.468749901279807,0.03125006891787052,0.81249975040555
YAF_neat_neutral_happy,YAF,neat,neutral,happy,YAF_neat_neutral.wav,YAF_neat_happy.wav,0.6250002384185791,6.750000044703484,0.875,6.062499895691872,5.656249850988388,-0.21875019371509552,-0.9374999105930328
YAF_neat_neutral_sad,YAF,neat,neutral,sad,YAF_neat_neutral.wav,YAF_neat_sad.wav,4.375000186264515,6.499999888241291,4.499999836087227,6.624999970197678,2.1249999180436134,0.12499986588954926,4.3213367462158203e-07
YAF_neat_neutral_angry,YAF,neat,neutral,angry,YAF_neat_neutral.wav,YAF_neat_angry.wav,1.750000238418579,5.124999973922968,2.312500238418579,3.3750000074505806,2.218749752268195,-0.5937499832361937,-2.3124999664723873
YAF_neat_happy_sad,YAF,neat,happy,sad,YAF_neat_happy.wav,YAF_neat_sad.wav,-5.249999895691872,3.250000014901161,-4.874999947845936,3.1249999701976776,8.249999914318323,0.12499995157122612,-0.4999999925494194
YAF_neat_happy_angry,YAF,neat,happy,angry,YAF_neat_happy.wav,YAF_neat_angry.wav,-5.124999895691872,3.3750000335276127,-5.437500063329935,2.8750000074505806,8.40625,-0.40625009685754776,-0.18749985843896866
YAF_neat_sad_angry,YAF,neat,sad,angry,YAF_neat_sad.wav,YAF_neat_angry.wav,-3.2499999701976776,4.5624998062849045,-3.0000000596046448,4.6874997690320015,7.749999802559614,0.18749993667006493,-0.12499994784593582
YAF_nice_neutral_happy,YAF,nice,neutral,happy,YAF_nice_neutral.wav,YAF_nice_happy.wav,0.375,7.062500212341547,0.375,6.5625,6.4375001061707735,-0.2500001061707735,-0.500000212341547
YAF_nice_neutral_sad,YAF,nice,neutral,sad,YAF_nice_neutral.wav,YAF_nice_sad.wav,4.749999865889549,6.187500104308128,4.500000208616257,5.8125001192092896,1.375000074505806,-0.3124998211860657,-0.12500032782554626
YAF_nice_neutral_angry,YAF,nice,neutral,angry,YAF_nice_neutral.wav,YAF_nice_angry.wav,3.2499998807907104,8.124999662861228,2.9375,8.374999828636646,5.156249805353582,-0.031249857507646084,0.5625000465661287
YAF_nice_happy_sad,YAF,nice,happy,sad,YAF_nice_happy.wav,YAF_nice_sad.wav,-2.5,2.4999999403953552,-2.750000022351742,1.625,4.6874999813735485,-0.5624999813735485,-0.6249999180436134
YAF_nice_happy_angry,YAF,nice,happy,angry,YAF_nice_happy.wav,YAF_nice_angry.wav,-4.25,5.312500116415322,-4.624999910593033,5.874999828636646,10.0312499278225,0.0937499008141458,0.9374996228143573
YAF_nice_sad_angry,YAF,nice,sad,angry,YAF_nice_sad.wav,YAF_nice_angry.wav,-2.2500001192092896,7.312500152736902,-2.374999985098839,7.374999828636646,9.656250042840838,-0.03125009499490261,0.1874995417892933
YAF_note_neutral_happy,YAF,note,neutral,happy,YAF_note_neutral.wav,YAF_note_happy.wav,1.6875,6.624999932944775,1.374999761581421,6.687500178813934,5.125000175088644,-0.1249999962747097,0.3750004842877388
YAF_note_neutral_sad,YAF,note,neutral,sad,YAF_note_neutral.wav,YAF_note_sad.wav,5.062499970197678,6.812500059604645,4.562499895691872,6.749999776482582,1.9687499850988388,-0.2812501788139343,0.4374997913837433
YAF_note_neutral_angry,YAF,note,neutral,angry,YAF_note_neutral.wav,YAF_note_angry.wav,3.4375,8.874999538995326,3.25,8.749999766005203,5.468749652500264,-0.15624988649506122,0.06250022700987756
YAF_note_happy_sad,YAF,note,happy,sad,YAF_note_happy.wav,YAF_note_sad.wav,-3.4999999403953552,3.124999910593033,-3.8750000577419996,3.000000014901161,6.749999961815774,-0.250000006519258,0.25000022165477276
YAF_note_happy_angry,YAF,note,happy,angry,YAF_note_happy.wav,YAF_note_angry.wav,-5.187500178813934,6.812499909196049,-5.249999888241291,7.124999766005203,12.187499871128239,0.12500007369089872,0.3749995662365109
YAF_note_sad_angry,YAF,note,sad,angry,YAF_note_sad.wav,YAF_note_angry.wav,-2.375000014901161,7.437500172993168,-2.250000014901161,7.624999766005203,9.843749984400347,0.15624979650601745,0.06249959301203489
YAF_numb_neutral_happy,YAF,numb,neutral,happy,YAF_numb_neutral.wav,YAF_numb_happy.wav,-2.874999761581421,6.874999862164259,-1.75,6.249999921768904,8.874999772757292,0.24999991059303284,-1.7499997019767761
YAF_numb_neutral_sad,YAF,numb,neutral,sad,YAF_numb_neutral.wav,YAF_numb_sad.wav,1.7500000149011612,6.937500163912773,2.6250001192092896,7.124999791383743,4.843749910593033,0.5312498658895493,-0.6875004768371582
YAF_numb_neutral_angry,YAF,numb,neutral,angry,YAF_numb_neutral.wav,YAF_numb_angry.wav,-1.125,8.437500441912562,-1.5,8.687499700114131,9.875000071013346,-0.06250037089921534,0.6249992582015693
YAF_numb_happy_sad,YAF,numb,happy,sad,YAF_numb_happy.wav,YAF_numb_sad.wav,-3.1249999217689037,2.1250000596046448,-3.500000074505806,1.8750000298023224,5.312500042840838,-0.3125000912696123,0.12500012293457985
YAF_numb_happy_angry,YAF,numb,happy,angry,YAF_numb_happy.wav,YAF_numb_angry.wav,-4.374999921768904,6.5000001871958375,-4.7500000558793545,6.875000176951289,11.250000170897692,-7.217749953269958e-08,0.7500001238659024
YAF_numb_sad_angry,YAF,numb,sad,angry,YAF_numb_sad.wav,YAF_numb_angry.wav,-2.5000000298023224,6.999999869149178,-2.2500000298023224,7.625000176951289,9.687500052852556,0.43750015390105546,0.3750003078021109
YAF_pad_neutral_happy,YAF,pad,neutral,happy,YAF_pad_neutral.wav,YAF_pad_happy.wav,3.5000001192092896,5.812500134110451,2.3125,5.500000014901161,2.750000014901161,-0.7500001192092896,0.875
YAF_pad_neutral_sad,YAF,pad,neutral,sad,YAF_pad_neutral.wav,YAF_pad_sad.wav,4.2500001192092896,6.562500059604645,4.812500029802322,6.562499985098839,2.031249947845936,0.28124991804361343,-0.5624999850988388
YAF_pad_neutral_angry,YAF,pad,neutral,angry,YAF_pad_neutral.wav,YAF_pad_angry.wav,3.2500001192092896,7.750000060535967,3.374999761581421,8.125000081025064,4.6250001303851604,0.249999831430614,0.2500003781169653
YAF_pad_happy_sad,YAF,pad,happy,sad,YAF_pad_happy.wav,YAF_pad_sad.wav,-2.875000014901161,2.124999985098839,-2.249999910593033,2.499999985098839,4.874999947845936,0.5000000521540642,-0.25000010430812836
YAF_pad_happy_angry,YAF,pad,happy,angry,YAF_pad_happy.wav,YAF_pad_angry.wav,-3.437500014901161,7.312500180210918,-3.7499999031424522,7.312500081025064,10.906250089639798,-0.15624999371357262,0.31249978905543685
YAF_pad_sad_angry,YAF,pad,sad,angry,YAF_pad_sad.wav,YAF_pad_angry.wav,-2.124999985098839,6.437499763444066,-2.0000000596046448,6.937500081025064,8.749999944586307,0.312500121537596,0.3750003920868039
YAF_page_neutral_happy,YAF,page,neutral,happy,YAF_page_neutral.wav,YAF_page_happy.wav,1.437499761581421,6.562500063329935,1.375,6.187499899417162,4.968750100582838,-0.21874996274709702,-0.31250040233135223
YAF_page_neutral_sad,YAF,page,neutral,sad,YAF_page_neutral.wav,YAF_page_sad.wav,4.937499776482582,6.437499836087227,4.500000014901161,6.062499970197678,1.5312500074505806,-0.4062498137354851,0.06249989569187164
YAF_page_neutral_angry,YAF,page,neutral,angry,YAF_page_neutral.wav,YAF_page_angry.wav,3.187499761581421,6.3124999068677425,2.8124998807907104,6.7500001937150955,3.5312502291053534,0.031250203028321266,0.8125001676380634
YAF_page_happy_sad,YAF,page,happy,sad,YAF_page_happy.wav,YAF_page_sad.wav,-3.249999899417162,2.750000014901161,-4.3749998435378075,2.7499999701976776,6.562499864026904,-0.5624999944120646,1.124999899417162
YAF_page_happy_angry,YAF,page,happy,angry,YAF_page_happy.wav,YAF_page_angry.wav,-4.499999899417162,5.937500111758709,-5.124999884516001,5.7500001937150955,10.656250044703484,-0.4062499515712261,0.4375000670552254
YAF_page_sad_angry,YAF,page,sad,angry,YAF_page_sad.wav,YAF_page_angry.wav,-1.4999999701976776,6.9999998696148396,-1.7499999850988388,7.3750001937150955,8.812500009313226,0.06250015459954739,0.6250003390014172
YAF_pain_neutral_happy,YAF,pain,neutral,happy,YAF_pain_neutral.wav,YAF_pain_happy.wav,-0.375,3.4374999701976776,0.5,2.8750001192092896,3.0937500447034836,0.15625007450580597,-1.437499850988388
YAF_pain_neutral_sad,YAF,pain,neutral,sad,YAF_pain_neutral.wav,YAF_pain_sad.wav,3.4999999403953552,5.750000089406967,3.7499998956918716,5.812500178813934,2.1562502160668373,0.1562500223517418,-0.18749986588954926
YAF_pain_neutral_angry,YAF,pain,neutral,angry,YAF_pain_neutral.wav,YAF_pain_angry.wav,1.0,8.749999729450792,1.5,8.937499646097422,7.593749687774107,0.3437499583233148,-0.31250008335337043
YAF_pain_happy_sad,YAF,pain,happy,sad,YAF_pain_happy.wav,YAF_pain_sad.wav,-0.75,2.500000089406967,-1.3750000596046448,2.2499999403953552,3.4375000447034836,-0.43750010430812836,0.37499991059303284
YAF_pain_happy_angry,YAF,pain,happy,angry,YAF_pain_happy.wav,YAF_pain_angry.wav,-1.8750001192092896,6.000000180210918,-2.7500001192092896,6.62500012293458,8.625000270782039,-0.12500002863816917,1.4999999427236617
YAF_pain_sad_angry,YAF,pain,sad,angry,YAF_pain_sad.wav,YAF_pain_angry.wav,-1.6249999403953552,6.6874999101273715,-1.8749999552965164,7.06250012293458,8.624999964376912,0.06250009895302355,0.6250002277083695
YAF_pass_neutral_happy,YAF,pass,neutral,happy,YAF_pass_neutral.wav,YAF_pass_happy.wav,1.875,5.562500178813934,1.312500238418579,5.500000037252903,3.937499988824129,-0.3124999515712261,0.49999962002038956
YAF_pass_neutral_sad,YAF,pass,neutral,sad,YAF_pass_neutral.wav,YAF_pass_sad.wav,5.250000029802322,5.499999761581421,4.6249998807907104,5.624999821186066,0.6249998360872269,-0.2500000447034836,0.7500002086162567
YAF_pass_neutral_angry,YAF,pass,neutral,angry,YAF_pass_neutral.wav,YAF_pass_angry.wav,3.875,8.749999687541276,3.6875,8.874999881722033,5.031249784631655,-0.031249902909621596,0.3125001941807568
YAF_pass_happy_sad,YAF,pass,happy,sad,YAF_pass_happy.wav,YAF_pass_sad.wav,-2.625000037252903,1.6250000596046448,-1.6250000298023224,1.6250000596046448,3.7500000931322575,0.5000000037252903,-1.0000000074505806
YAF_pass_happy_angry,YAF,pass,happy,angry,YAF_pass_happy.wav,YAF_pass_angry.wav,-3.500000037252903,7.562499956227839,-3.0000000298023224,7.312499881722033,10.687499952502549,0.12499996647238731,-0.7500000819563866
YAF_pass_sad_angry,YAF,pass,sad,angry,YAF_pass_sad.wav,YAF_pass_angry.wav,-1.5000000596046448,7.687500212807208,-0.875,7.812499881722033,8.937500077066943,0.37499986425973475,-0.50000039068982
YAF_pearl_neutral_happy,YAF,pearl,neutral,happy,YAF_pearl_neutral.wav,YAF_pearl_happy.wav,1.125,6.625000070780516,1.0,6.2499998062849045,5.37499993853271,-0.2500001322478056,-0.2500002644956112
YAF_pearl_neutral_sad,YAF,pearl,neutral,sad,YAF_pearl_neutral.wav,YAF_pearl_sad.wav,3.2499999403953552,5.687499985098839,3.999999850988388,5.562499850988388,2.000000022351742,0.31249988824129105,-0.8750000447034836
YAF_pearl_neutral_angry,YAF,pearl,neutral,angry,YAF_pearl_neutral.wav,YAF_pearl_angry.wav,1.875,7.812499876599759,0.75,7.124999898485839,6.156249887542799,-0.9062499890569597,0.4375000218860805
YAF_pearl_happy_sad,YAF,pearl,happy,sad,YAF_pearl_happy.wav,YAF_pearl_sad.wav,-3.6250000447034836,2.750000074505806,-3.6250001192092896,1.4999999701976776,5.750000104308128,-0.6250000894069672,-1.2500000298023224
YAF_pearl_happy_angry,YAF,pearl,happy,angry,YAF_pearl_happy.wav,YAF_pearl_angry.wav,-4.9999998062849045,5.812500098720193,-4.812500044703484,6.062499898485839,10.84374992409721,0.21874978067353368,0.06250003818422556
YAF_pearl_sad_angry,YAF,pearl,sad,angry,YAF_pearl_sad.wav,YAF_pearl_angry.wav,-1.2499999701976776,6.750000198371708,-1.7499999701976776,6.687499898485839,8.218750018626451,-0.2812501499429345,0.437499700114131
YAF_peg_neutral_happy,YAF,peg,neutral,happy,YAF_peg_neutral.wav,YAF_peg_happy.wav,1.375000238418579,7.312499767169356,1.6875,6.874999992549419,5.562499760650098,-0.06250000651925802,-0.7499995362013578
YAF_peg_neutral_sad,YAF,peg,neutral,sad,YAF_peg_neutral.wav,YAF_peg_sad.wav,4.7500001937150955,6.437499903142452,5.249999850988388,5.875000089406967,1.156249973922968,-0.03125007823109627,-1.0624994710087776
YAF_peg_neutral_angry,YAF,peg,neutral,angry,YAF_peg_neutral.wav,YAF_peg_angry.wav,3.250000238418579,6.687500029802322,3.0625,6.4375001192092896,3.4062499552965164,-0.21875007450580597,-0.062499672174453735
YAF_peg_happy_sad,YAF,peg,happy,sad,YAF_peg_happy.wav,YAF_peg_sad.wav,-3.9999999925494194,2.2500000298023224,-4.749999945983291,1.4999999701976776,6.249999969266355,-0.750000006519258,-1.0617077350616455e-07
YAF_peg_happy_angry,YAF,peg,happy,angry,YAF_peg_happy.wav,YAF_peg_angry.wav,-4.687499992549419,5.874999993480742,-4.937500197440386,6.0000001192092896,10.750000151339918,-0.06250003958120942,0.375000330619514
YAF_peg_sad_angry,YAF,peg,sad,angry,YAF_peg_sad.wav,YAF_peg_angry.wav,-1.8750000894069672,6.125000048428774,-2.125000014901161,5.9375001192092896,8.031250135973096,-0.21874992735683918,0.0624999962747097
YAF_perch_neutral_happy,YAF,perch,neutral,happy,YAF_perch_neutral.wav,YAF_perch_happy.wav,0.25,7.625000175088644,0.8750002384185791,7.374999923631549,6.937499930150807,0.18749999348074198,-0.8750004898756742
YAF_perch_neutral_sad,YAF,perch,neutral,sad,YAF_perch_neutral.wav,YAF_perch_sad.wav,3.5000000298023224,6.062500208616257,4.250000149011612,6.4999998062849045,2.4062499180436134,0.5937498584389687,-0.3125005215406418
YAF_perch_neutral_angry,YAF,perch,neutral,angry,YAF_perch_neutral.wav,YAF_perch_angry.wav,1.25,7.6250001303851604,1.125,7.374999833293259,6.31249998183921,-0.18750014854595065,-0.1250002970919013
YAF_perch_happy_sad,YAF,perch,happy,sad,YAF_perch_happy.wav,YAF_perch_sad.wav,-5.187499923631549,2.500000014901161,-4.1250001192092896,3.1250000447034836,7.468750051222742,0.8437499171122909,-0.43749977461993694
YAF_perch_happy_angry,YAF,perch,happy,angry,YAF_perch_happy.wav,YAF_perch_angry.wav,-5.187499923631549,6.874999822117388,-5.187500042840838,6.812499833293259,12.031249810941517,-0.03125005401670933,-0.062499869614839554
YAF_perch_sad_angry,YAF,perch,sad,angry,YAF_perch_sad.wav,YAF_perch_angry.wav,-2.2500000447034836,7.874999832361937,-1.8750000447034836,7.124999833293259,9.562499877531081,-0.1874999995343387,-1.1249999990686774
YAF_phone_neutral_happy,YAF,phone,neutral,happy,YAF_phone_neutral.wav,YAF_phone_happy.wav,1.5,6.812500150874257,2.249999761581421,6.499999997206032,4.781250193249434,0.21874980395659804,-1.0624999152496457
YAF_phone_neutral_sad,YAF,phone,neutral,sad,YAF_phone_neutral.wav,YAF_phone_sad.wav,4.874999940395355,6.000000149011612,5.875000149011612,5.437500178813934,0.34375011920928955,0.21875011920928955,-1.5625001788139343
YAF_phone_neutral_angry,YAF,phone,neutral,angry,YAF_phone_neutral.wav,YAF_phone_angry.wav,3.625,8.874999666120857,4.0624998807907104,8.999999899417162,5.093749842373654,0.2812500570435077,-0.3124996474944055
YAF_phone_happy_sad,YAF,phone,happy,sad,YAF_phone_happy.wav,YAF_phone_sad.wav,-5.312499997206032,0.9999999403953552,-4.00000006146729,1.1249999403953552,5.718749969732016,0.7187499678693712,-1.1874999357387424
YAF_phone_happy_angry,YAF,phone,happy,angry,YAF_phone_happy.wav,YAF_phone_angry.wav,-5.874999997206032,6.124999834224582,-4.874999839812517,6.749999899417162,11.812499785330147,0.8125001112930477,-0.3750000922009349
YAF_phone_sad_angry,YAF,phone,sad,angry,YAF_phone_sad.wav,YAF_phone_angry.wav,-1.7499999403953552,7.999999742722139,-1.9999999552965164,7.624999899417162,9.687499768915586,-0.312499929103069,-0.12499982840381563
YAF_pick_neutral_happy,YAF,pick,neutral,happy,YAF_pick_neutral.wav,YAF_pick_happy.wav,1.374999761581421,6.187499850988388,1.5625,5.937500089406967,4.593750089406967,-0.0312497615814209,-0.4375
YAF_pick_neutral_sad,YAF,pick,neutral,sad,YAF_pick_neutral.wav,YAF_pick_sad.wav,4.1249998062849045,5.125,3.7499997913837433,6.124999791383743,1.6875000968575478,0.31249988824129105,1.3749998062849045
YAF_pick_neutral_angry,YAF,pick,neutral,angry,YAF_pick_neutral.wav,YAF_pick_angry.wav,2.499999761581421,6.249999795109034,3.125,6.250000117346644,3.4375000754371285,0.31250028032809496,-0.6249999161809683
YAF_pick_happy_sad,YAF,pick,happy,sad,YAF_pick_happy.wav,YAF_pick_sad.wav,-2.000000089406967,2.8749999031424522,-1.8750000149011612,2.2500000298023224,4.5000000186264515,-0.24999989941716194,-0.7499999478459358
YAF_pick_happy_angry,YAF,pick,happy,angry,YAF_pick_happy.wav,YAF_pick_angry.wav,-3.000000089406967,5.937499798834324,-3.250000074505806,6.187500117346644,9.18750004004687,1.6670674085617065e-07,0.5000003036111593
YAF_pick_sad_angry,YAF,pick,sad,angry,YAF_pick_sad.wav,YAF_pick_angry.wav,-1.5000000298023224,5.000000076368451,-2.124999925494194,5.125000117346644,6.875000074505806,-0.24999992735683918,0.7499999366700649
YAF_pike_neutral_happy,YAF,pike,neutral,happy,YAF_pike_neutral.wav,YAF_pike_happy.wav,0.625,7.812500207684934,1.25,7.812500138767064,6.875000173225999,0.31249996554106474,-0.6250000689178705
YAF_pike_neutral_sad,YAF,pike,neutral,sad,YAF_pike_neutral.wav,YAF_pike_sad.wav,3.0000000596046448,6.937499910593033,2.9999999701976776,6.812500044703484,3.874999962747097,-0.06249997764825821,-0.12499977648258209
YAF_pike_neutral_angry,YAF,pike,neutral,angry,YAF_pike_neutral.wav,YAF_pike_angry.wav,1.375,7.625000127591193,2.5625,7.500000199303031,5.593750163447112,0.5312500358559191,-1.3124999282881618
YAF_pike_happy_sad,YAF,pike,happy,sad,YAF_pike_happy.wav,YAF_pike_sad.wav,-5.312500138767064,3.2499999701976776,-5.374999908730388,3.2500000447034836,8.593750031199306,-0.03124984772875905,0.06249984446913004
YAF_pike_happy_angry,YAF,pike,happy,angry,YAF_pike_happy.wav,YAF_pike_angry.wav,-5.625000138767064,6.312499823048711,-5.499999926425517,6.187500199303031,11.812500043772161,2.942979335784912e-07,-0.24999983608722687
YAF_pike_sad_angry,YAF,pike,sad,angry,YAF_pike_sad.wav,YAF_pike_angry.wav,-2.2500000447034836,5.749999980442226,-2.7499999701976776,6.312500199303031,8.531250097323209,0.0312501466833055,1.062500144354999
YAF_pole_neutral_happy,YAF,pole,neutral,happy,YAF_pole_neutral.wav,YAF_pole_happy.wav,-1.4999998807907104,4.062499910593033,0.0,3.937499947845936,4.7499998696148396,0.6874999590218067,-1.6249998435378075
YAF_pole_neutral_sad,YAF,pole,neutral,sad,YAF_pole_neutral.wav,YAF_pole_sad.wav,1.1250000298023224,5.250000238418579,2.4999999403953552,5.437500059604645,3.531250163912773,0.7812498658895493,-1.1875000894069672
YAF_pole_neutral_angry,YAF,pole,neutral,angry,YAF_pole_neutral.wav,YAF_pole_angry.wav,-0.6249998807907104,6.812499945051968,-0.5,7.062499866820872,7.499999846331775,0.1874999012798071,0.12500004097819328
YAF_pole_happy_sad,YAF,pole,happy,sad,YAF_pole_happy.wav,YAF_pole_sad.wav,-3.249999947845936,2.0000001192092896,-3.0000000670552254,1.1250000596046448,4.687500096857548,-0.31250008940696716,-1.1249999403953552
YAF_pole_happy_angry,YAF,pole,happy,angry,YAF_pole_happy.wav,YAF_pole_angry.wav,-3.499999947845936,5.187500145286322,-4.249999858438969,5.562499866820872,9.249999909196049,-0.18750009452924132,1.124999632127583
YAF_pole_sad_angry,YAF,pole,sad,angry,YAF_pole_sad.wav,YAF_pole_angry.wav,-0.6250000596046448,5.749999928288162,-1.1249999403953552,6.187499866820872,6.843749897554517,-0.031249971129000187,0.9374998193234205
YAF_pool_neutral_happy,YAF,pool,neutral,happy,YAF_pool_neutral.wav,YAF_pool_happy.wav,2.0,5.562499878928065,1.937500238418579,5.250000137835741,3.4374998891726136,-0.18749975133687258,-0.24999997951090336
YAF_pool_neutral_sad,YAF,pool,neutral,sad,YAF_pool_neutral.wav,YAF_pool_sad.wav,4.0000001192092896,5.312499970197678,4.500000208616257,6.1874998807907104,1.499999761581421,0.6875,0.3749998211860657
YAF_pool_neutral_angry,YAF,pool,neutral,angry,YAF_pool_neutral.wav,YAF_pool_angry.wav,2.6250001192092896,7.9374999068677425,2.812499761581421,8.062500149011612,5.281250087544322,0.15624994225800037,-0.06249940022826195
YAF_pool_happy_sad,YAF,pool,happy,sad,YAF_pool_happy.wav,YAF_pool_sad.wav,-3.624999899417162,2.375000014901161,-4.187499936670065,2.4999998807907104,6.343749865889549,-0.21875008568167686,0.6874999031424522
YAF_pool_happy_angry,YAF,pool,happy,angry,YAF_pool_happy.wav,YAF_pool_angry.wav,-4.000000137835741,6.500000115483999,-4.687499791383743,6.062500149011612,10.625000096857548,-0.5624998100101948,0.24999968707561493
YAF_pool_sad_angry,YAF,pool,sad,angry,YAF_pool_sad.wav,YAF_pool_angry.wav,-2.1249998807907104,7.125000214204192,-1.9999999701976776,7.000000149011612,9.125000107102096,-7.729977369308472e-08,-0.24999997578561306
YAF_puff_neutral_happy,YAF,puff,neutral,happy,YAF_puff_neutral.wav,YAF_puff_happy.wav,0.9375,7.0000001937150955,1.0,6.937499904073775,6.000000048894435,-1.448206603527069e-07,-0.1250002896413207
YAF_puff_neutral_sad,YAF,puff,neutral,sad,YAF_puff_neutral.wav,YAF_puff_sad.wav,5.875000216066837,5.9375001937150955,6.062500178813934,6.0625,0.03124989941716194,0.15624988451600075,-0.06250015646219254
YAF_puff_neutral_angry,YAF,puff,neutral,angry,YAF_puff_neutral.wav,YAF_puff_angry.wav,3.500000238418579,6.874999830499291,3.374999761581421,6.687500201165676,3.3437500158324838,-0.15625005308538675,-0.0624991524964571
YAF_puff_happy_sad,YAF,puff,happy,sad,YAF_puff_happy.wav,YAF_puff_sad.wav,-4.749999904073775,2.750000074505806,-4.125000035390258,2.625,7.125000006984919,0.2499998970888555,-0.749999943189323
YAF_puff_happy_angry,YAF,puff,happy,angry,YAF_puff_happy.wav,YAF_puff_angry.wav,-5.999999904073775,4.937499979510903,-5.562499809078872,5.500000201165676,10.999999946914613,0.5000001583248377,0.12500012665987015
YAF_puff_sad_angry,YAF,puff,sad,angry,YAF_puff_sad.wav,YAF_puff_angry.wav,-2.0,6.187500095926225,-2.1249999403953552,5.937500201165676,8.125000118743628,-0.18749991757795215,-0.12499995436519384
YAF_rag_neutral_happy,YAF,rag,neutral,happy,YAF_rag_neutral.wav,YAF_rag_happy.wav,1.25,5.062500078231096,1.25,5.374999778345227,3.9687499282881618,0.1562498500570655,0.312499700114131
YAF_rag_neutral_sad,YAF,rag,neutral,sad,YAF_rag_neutral.wav,YAF_rag_sad.wav,4.000000029802322,6.874999791383743,3.6249999403953552,7.249999970197678,3.2499998956918716,4.470348358154297e-08,0.7500002682209015
YAF_rag_neutral_angry,YAF,rag,neutral,angry,YAF_rag_neutral.wav,YAF_rag_angry.wav,1.875,3.999999824911356,2.6249998807907104,3.1250000074505806,1.312499975785613,-0.06249996833503246,-1.6249996982514858
YAF_rag_happy_sad,YAF,rag,happy,sad,YAF_rag_happy.wav,YAF_rag_sad.wav,-5.062499778345227,3.750000014901161,-4.437500083819032,3.4999999701976776,8.374999923631549,0.18749982491135597,-0.8749997392296791
YAF_rag_happy_angry,YAF,rag,happy,angry,YAF_rag_happy.wav,YAF_rag_angry.wav,-4.874999778345227,4.249999903142452,-4.687500022351742,4.6249997690320015,9.218749736435711,0.28124981094151735,0.1875001098960638
YAF_rag_sad_angry,YAF,rag,sad,angry,YAF_rag_sad.wav,YAF_rag_angry.wav,-2.2499999701976776,5.187499910593033,-2.125000074505806,5.6249997690320015,7.593749862164259,0.28124987706542015,0.312499962747097
YAF_raid_neutral_happy,YAF,raid,neutral,happy,YAF_raid_neutral.wav,YAF_raid_happy.wav,1.624999761581421,5.812499776482582,1.687499761581421,4.812500216066837,3.656250234693289,-0.4687497802078724,-1.0624995604157448
YAF_raid_neutral_sad,YAF,raid,neutral,sad,YAF_raid_neutral.wav,YAF_raid_sad.wav,4.374999791383743,5.625,4.6875001192092896,5.999999925494194,1.2812500074505806,0.34375012665987015,0.062499597668647766
YAF_raid_neutral_angry,YAF,raid,neutral,angry,YAF_raid_neutral.wav,YAF_raid_angry.wav,2.749999761581421,1.6249999701976776,3.3125,1.0000000298023224,-1.7187498807907104,-0.03124985098838806,-1.1875001788139343
YAF_raid_happy_sad,YAF,raid,happy,sad,YAF_raid_happy.wav,YAF_raid_sad.wav,-4.250000216066837,2.124999910593033,-4.000000007450581,2.874999925494194,6.625000029802322,0.500000111758709,0.4999998062849045
YAF_raid_happy_angry,YAF,raid,happy,angry,YAF_raid_happy.wav,YAF_raid_angry.wav,-3.374999977648258,4.187499970197678,-3.9999998807907104,3.562499910593033,7.5624998696148396,-0.6249999813735485,-1.564621925354004e-07
YAF_raid_sad_angry,YAF,raid,sad,angry,YAF_raid_sad.wav,YAF_raid_angry.wav,-2.249999925494194,3.1249998807907104,-1.8750001043081284,3.499999910593033,5.374999910593033,0.37499992549419403,2.086162567138672e-07
YAF_rain_neutral_happy,YAF,rain,neutral,happy,YAF_rain_neutral.wav,YAF_rain_happy.wav,-0.25,6.875000216066837,0.5,7.000000141561031,6.812500178813934,0.437499962747097,-0.625000074505806
YAF_rain_neutral_sad,YAF,rain,neutral,sad,YAF_rain_neutral.wav,YAF_rain_sad.wav,3.2500001043081284,6.062499895691872,4.187500029802322,6.499999761581421,2.562499761581421,0.6874998956918716,-0.5000000596046448
YAF_rain_neutral_angry,YAF,rain,neutral,angry,YAF_rain_neutral.wav,YAF_rain_angry.wav,0.875,7.062500013038516,1.25,7.437500026077032,6.187500019557774,0.375000006519258,1.30385160446167e-08
YAF_rain_happy_sad,YAF,rain,happy,sad,YAF_rain_happy.wav,YAF_rain_sad.wav,-4.000000141561031,1.9999999552965164,-4.375000108033419,2.25,6.312500102445483,-0.062499960884451866,0.6250000111758709
YAF_rain_happy_angry,YAF,rain,happy,angry,YAF_rain_happy.wav,YAF_rain_angry.wav,-4.687500141561031,3.500000011175871,-5.0624999068677425,5.375000026077032,9.312500042840838,0.750000124797225,2.2499997802078724
YAF_rain_sad_angry,YAF,rain,sad,angry,YAF_rain_sad.wav,YAF_rain_angry.wav,-2.0,4.062499940395355,-2.1249999552965164,5.500000026077032,6.843749960884452,0.6562500651925802,1.5625000409781933
YAF_raise_neutral_happy,YAF,raise,neutral,happy,YAF_raise_neutral.wav,YAF_raise_happy.wav,1.875000238418579,7.374999940395355,1.4375,7.250000206753612,5.656249954365194,-0.2812499860301614,0.31250050477683544
YAF_raise_neutral_sad,YAF,raise,neutral,sad,YAF_raise_neutral.wav,YAF_raise_sad.wav,4.8750001937150955,5.625000059604645,4.750000149011612,6.062499761581421,1.031249739229679,0.15624982863664627,0.5624997466802597
YAF_raise_neutral_angry,YAF,raise,neutral,angry,YAF_raise_neutral.wav,YAF_raise_angry.wav,3.125000238418579,-0.9999999701976776,3.1875,-0.875,-4.093750104308128,0.09374986588954926,0.06250020861625671
YAF_raise_happy_sad,YAF,raise,happy,sad,YAF_raise_happy.wav,YAF_raise_sad.wav,-4.250000206753612,2.999999985098839,-2.625000074505806,2.75,6.312500133179128,0.6875000735744834,-1.8750001173466444
YAF_raise_happy_angry,YAF,raise,happy,angry,YAF_raise_happy.wav,YAF_raise_angry.wav,-5.687500206753612,1.5,-5.812500063329935,2.4375001192092896,7.718750194646418,0.406250131316483,1.062499975785613
YAF_raise_sad_angry,YAF,raise,sad,angry,YAF_raise_sad.wav,YAF_raise_angry.wav,-2.0,1.75,-2.1249998956918716,1.1250001192092896,3.5000000074505806,-0.37499988824129105,-0.4999999850988388
YAF_rat_neutral_happy,YAF,rat,neutral,happy,YAF_rat_neutral.wav,YAF_rat_happy.wav,2.125,7.437500101048499,2.125,7.562500176951289,5.375000138999894,0.06250003795139492,0.12500007590278983
YAF_rat_neutral_sad,YAF,rat,neutral,sad,YAF_rat_neutral.wav,YAF_rat_sad.wav,4.749999910593033,5.562500059604645,5.312499940395355,5.625000089406967,0.5625001490116119,0.3125000298023224,-0.5
YAF_rat_neutral_angry,YAF,rat,neutral,angry,YAF_rat_neutral.wav,YAF_rat_angry.wav,3.3749998807907104,8.87500033667311,3.312500238418579,8.937500105239451,5.562500161351636,6.309710443019867e-08,0.12499941093847156
YAF_rat_happy_sad,YAF,rat,happy,sad,YAF_rat_happy.wav,YAF_rat_sad.wav,-6.625000176951289,1.7500000298023224,-5.937499888706952,1.7500000894069672,8.031250092433766,0.3437501739244908,-0.6875002286396921
YAF_rat_happy_angry,YAF,rat,happy,angry,YAF_rat_happy.wav,YAF_rat_angry.wav,-6.500000176951289,5.124999995343387,-6.1250001303851604,6.437500105239451,12.093750203959644,0.8437500782310963,0.9375000633299351
YAF_rat_sad_angry,YAF,rat,sad,angry,YAF_rat_sad.wav,YAF_rat_angry.wav,-1.6249999701976776,7.624999839812517,-2.000000014901161,7.937500105239451,9.593749965075403,-0.031249889638274908,0.6875003101304173
YAF_reach_neutral_happy,YAF,reach,neutral,happy,YAF_reach_neutral.wav,YAF_reach_happy.wav,-0.375,6.749999761581421,-0.25,6.6874998807907104,7.031249821186066,0.031250059604644775,-0.18749988079071045
YAF_reach_neutral_sad,YAF,reach,neutral,sad,YAF_reach_neutral.wav,YAF_reach_sad.wav,3.25,6.375000208616257,3.375000089406967,5.749999821186066,2.7499999701976776,-0.25000014901161194,-0.7500004768371582
YAF_reach_neutral_angry,YAF,reach,neutral,angry,YAF_reach_neutral.wav,YAF_reach_angry.wav,1.5,3.374999936670065,1.125,3.7499999292194843,2.2499999329447746,-3.725290298461914e-09,0.7499999925494194
YAF_reach_happy_sad,YAF,reach,happy,sad,YAF_reach_happy.wav,YAF_reach_sad.wav,-5.2499998807907104,2.499999925494194,-5.312500216066837,2.0000000596046448,7.531250040978193,-0.28125010058283806,-0.4374995306134224
YAF_reach_happy_angry,YAF,reach,happy,angry,YAF_reach_happy.wav,YAF_reach_angry.wav,-5.4374998807907104,4.999999940395355,-5.812499899417162,5.062500167638063,10.656249944120646,-0.15624989569187164,0.4375002458691597
YAF_reach_sad_angry,YAF,reach,sad,angry,YAF_reach_sad.wav,YAF_reach_angry.wav,-1.7500000596046448,5.062500175088644,-2.4999999552965164,4.750000167638063,7.031250178813934,-0.5312499515712261,0.43749988824129105
YAF_read_neutral_happy,YAF,read,neutral,happy,YAF_read_neutral.wav,YAF_read_happy.wav,2.8125,4.0000001564621925,2.1875,3.749999962747097,1.3750000596046448,-0.43750009685754776,0.3749998062849045
YAF_read_neutral_sad,YAF,read,neutral,sad,YAF_read_neutral.wav,YAF_read_sad.wav,4.5625001192092896,6.499999895691872,5.125,5.437500149011612,1.124999962747097,-0.24999993294477463,-1.6249996274709702
YAF_read_neutral_angry,YAF,read,neutral,angry,YAF_read_neutral.wav,YAF_read_angry.wav,3.1875001192092896,8.312499541789293,3.25,7.562500034458935,4.7187497285194695,-0.3437498132698238,-0.8124993881210685
YAF_read_happy_sad,YAF,read,happy,sad,YAF_read_happy.wav,YAF_read_sad.wav,-3.687499962747097,3.750000111758709,-4.125000029802322,2.499999910593033,7.031250007450581,-0.8437501341104507,-0.8125001341104507
YAF_read_happy_angry,YAF,read,happy,angry,YAF_read_happy.wav,YAF_read_angry.wav,-2.999999962747097,5.812500238418579,-3.2499999701976776,6.187500034458935,9.125000102911144,0.06249989429488778,0.6249998034909368
YAF_read_sad_angry,YAF,read,sad,angry,YAF_read_sad.wav,YAF_read_angry.wav,-1.5000000298023224,6.437499774619937,-1.625,6.875000034458935,8.218749919440597,0.15625014482066035,0.5625002300366759
YAF_red_neutral_happy,YAF,red,neutral,happy,YAF_red_neutral.wav,YAF_red_happy.wav,1.749999761581421,7.624999793246388,2.25,7.6874997997656465,5.656249915715307,0.28125012246891856,-0.4375002318993211
YAF_red_neutral_sad,YAF,red,neutral,sad,YAF_red_neutral.wav,YAF_red_sad.wav,4.124999821186066,6.375000014901161,3.3749999403953552,6.187500163912773,2.5312502086162567,-0.46874986588954926,0.5625000298023224
YAF_red_neutral_angry,YAF,red,neutral,angry,YAF_red_neutral.wav,YAF_red_angry.wav,1.874999761581421,7.562499920837581,1.375,7.8750001839362085,6.093750171596184,-0.09374974924139678,0.8125000246800482
YAF_red_happy_sad,YAF,red,happy,sad,YAF_red_happy.wav,YAF_red_sad.wav,-6.0624997997656465,1.4999999403953552,-5.624999927356839,2.124999925494194,7.6562497965060174,0.531249928753823,0.18750011269003153
YAF_red_happy_angry,YAF,red,happy,angry,YAF_red_happy.wav,YAF_red_angry.wav,-6.2499997997656465,6.562500198371708,-6.437499816529453,6.5000001839362085,12.874999999301508,-0.12500001559965312,0.12500000232830644
YAF_red_sad_angry,YAF,red,sad,angry,YAF_red_sad.wav,YAF_red_angry.wav,-2.374999925494194,6.687499790452421,-2.5000000298023224,6.6250001839362085,9.093749964842573,-0.09374985541217029,0.06250049779191613
YAF_ring_neutral_happy,YAF,ring,neutral,happy,YAF_ring_neutral.wav,YAF_ring_happy.wav,-0.125,4.374999832361937,0.25,4.187500022351742,4.218749927356839,0.09375009499490261,-0.5624998100101948
YAF_ring_neutral_sad,YAF,ring,neutral,sad,YAF_ring_neutral.wav,YAF_ring_sad.wav,2.999999985098839,5.9374998062849045,3.5000001192092896,5.562499865889549,2.4999997839331627,0.06250009685754776,-0.875000074505806
YAF_ring_neutral_angry,YAF,ring,neutral,angry,YAF_ring_neutral.wav,YAF_ring_angry.wav,0.875,8.75000013038516,2.1250001192092896,9.249999884516,7.499999947845936,0.8749999366700649,-0.7500003650784492
YAF_ring_happy_sad,YAF,ring,happy,sad,YAF_ring_happy.wav,YAF_ring_sad.wav,-4.312500022351742,2.1250000298023224,-4.500000178813934,2.3750001043081284,6.656250167638063,0.031249959021806717,0.4375002309679985
YAF_ring_happy_angry,YAF,ring,happy,angry,YAF_ring_happy.wav,YAF_ring_angry.wav,-3.375000022351742,6.124999805353582,-3.8750000335276127,6.937499884516001,10.156249872874469,0.15625003399327397,1.3125000903382897
YAF_ring_sad_angry,YAF,ring,sad,angry,YAF_ring_sad.wav,YAF_ring_angry.wav,-1.8750001043081284,6.812500175088644,-2.1249998956918716,7.187499884516001,9.000000029802322,0.06249995902180672,0.6249995008111
YAF_ripe_neutral_happy,YAF,ripe,neutral,happy,YAF_ripe_neutral.wav,YAF_ripe_happy.wav,1.625,7.500000137835741,1.625,7.187500056810677,5.718750097323209,-0.156250040512532,-0.312500081025064
YAF_ripe_neutral_sad,YAF,ripe,neutral,sad,YAF_ripe_neutral.wav,YAF_ripe_sad.wav,4.499999910593033,6.937499903142452,4.249999850988388,6.937500074505806,2.5625001080334187,-0.12499994412064552,0.2500002309679985
YAF_ripe_neutral_angry,YAF,ripe,neutral,angry,YAF_ripe_neutral.wav,YAF_ripe_angry.wav,2.125,6.750000000931323,3.3125001192092896,7.187500228174031,4.250000054948032,0.8125001732259989,-0.7499998919665813
YAF_ripe_happy_sad,YAF,ripe,happy,sad,YAF_ripe_happy.wav,YAF_ripe_sad.wav,-6.187500056810677,2.6249999552965164,-5.562499871477485,2.375000074505806,8.374999979045242,0.18750015227124095,-0.8750000661239028
YAF_ripe_happy_angry,YAF,ripe,happy,angry,YAF_ripe_happy.wav,YAF_ripe_angry.wav,-5.687500056810677,7.187499875202775,-6.062500114552677,7.062500228174031,13.00000013737008,-0.24999985238537192,0.2500004107132554
YAF_ripe_sad_angry,YAF,ripe,sad,angry,YAF_ripe_sad.wav,YAF_ripe_angry.wav,-3.250000074505806,6.874999955296516,-3.4999999403953552,6.750000228174031,10.187500099185854,-0.18749979650601745,0.12500013876706362
YAF_road_neutral_happy,YAF,road,neutral,happy,YAF_road_neutral.wav,YAF_road_happy.wav,2.500000238418579,7.562500233761966,2.375,7.312499882653356,4.999999938998371,-0.18750029476359487,-0.12500011269003153
YAF_road_neutral_sad,YAF,road,neutral,sad,YAF_road_neutral.wav,YAF_road_sad.wav,3.6250001788139343,7.0000001937150955,4.2499998807907104,5.687500104308128,2.4062501192092896,-0.3437501937150955,-1.9374997913837433
YAF_road_neutral_angry,YAF,road,neutral,angry,YAF_road_neutral.wav,YAF_road_angry.wav,2.625000238418579,7.6874998500570655,3.312499761581421,7.875000019092113,4.812499934574589,0.43749984609894454,-0.4999993541277945
YAF_road_happy_sad,YAF,road,happy,sad,YAF_road_happy.wav,YAF_road_sad.wav,-5.874999882653356,2.2500001192092896,-5.6250001303851604,2.0000001043081284,7.875000118277967,-1.3131648302078247e-07,-0.49999976716935635
YAF_road_happy_angry,YAF,road,happy,angry,YAF_road_happy.wav,YAF_road_angry.wav,-6.249999882653356,6.187500183470547,-6.125000228174031,6.437500019092113,12.500000156695023,0.1874997450504452,0.12500018114224076
YAF_road_sad_angry,YAF,road,sad,angry,YAF_road_sad.wav,YAF_road_angry.wav,-2.2500001043081284,6.625000150874257,-2.6249998956918716,7.187500019092113,9.343750084983185,0.0937500384170562,0.937499659601599
YAF_room_neutral_happy,YAF,room,neutral,happy,YAF_room_neutral.wav,YAF_room_happy.wav,-1.0,6.374999836087227,-0.6250002384185791,6.4375000186264515,7.218750046566129,0.21874997206032276,-0.3124995790421963
YAF_room_neutral_sad,YAF,room,neutral,sad,YAF_room_neutral.wav,YAF_room_sad.wav,3.1249998956918716,5.562500059604645,5.062499776482582,5.9999998062849045,1.6875000968575478,1.187499813735485,-1.5000001341104507
YAF_room_neutral_angry,YAF,room,neutral,angry,YAF_room_neutral.wav,YAF_room_angry.wav,0.625,6.250000165775418,0.25,4.625000163912773,5.000000164844096,-1.0000000009313226,-1.2500000018626451
YAF_room_happy_sad,YAF,room,happy,sad,YAF_room_happy.wav,YAF_room_sad.wav,-3.1250000186264515,2.1250001043081284,-1.2499999701976776,2.5000000447034836,4.5000000689178705,1.1249999944120646,-1.5000001080334187
YAF_room_happy_angry,YAF,room,happy,angry,YAF_room_happy.wav,YAF_room_angry.wav,-5.0000000186264515,4.749999798834324,-4.937499992549419,5.250000163912773,9.968749986961484,0.28125019557774067,0.43750033900141716
YAF_room_sad_angry,YAF,room,sad,angry,YAF_room_sad.wav,YAF_room_angry.wav,-2.5000000447034836,5.812500044703484,-2.1249998956918716,5.375000163912773,7.906250074505806,-0.031249865889549255,-0.8125000298023224
YAF_rose_neutral_happy,YAF,rose,neutral,happy,YAF_rose_neutral.wav,YAF_rose_happy.wav,1.9375,7.124999886378646,1.625,6.750000229105353,5.156250057742,-0.34374982863664627,-0.06249965727329254
YAF_rose_neutral_sad,YAF,rose,neutral,sad,YAF_rose_neutral.wav,YAF_rose_sad.wav,5.937500149011612,6.250000044703484,5.624999910593033,6.3750001192092896,0.5312500521540642,-0.09375008195638657,0.43750031292438507
YAF_rose_neutral_angry,YAF,rose,neutral,angry,YAF_rose_neutral.wav,YAF_rose_angry.wav,4.6875001192092896,8.250000085681677,4.75,8.312499603489414,3.5624997849809006,0.06249969929922372,-3.6298297345638275e-07
YAF_rose_happy_sad,YAF,rose,happy,sad,YAF_rose_happy.wav,YAF_rose_sad.wav,-4.687500229105353,1.999999925494194,-4.874999810010195,1.625,6.593749982304871,-0.2812497531995177,-0.1875003445893526
YAF_rose_happy_angry,YAF,rose,happy,angry,YAF_rose_happy.wav,YAF_rose_angry.wav,-5.562500229105353,7.687500145984814,-5.312499860301614,7.999999603489414,13.281249919440597,0.2812499131541699,0.06249908870086074
YAF_rose_sad_angry,YAF,rose,sad,angry,YAF_rose_sad.wav,YAF_rose_angry.wav,-2.3750001192092896,8.687500283238478,-2.499999985098839,8.624999603489414,11.09374999551801,-0.0937502728193067,0.06249918614048511
YAF_rot_neutral_happy,YAF,rot,neutral,happy,YAF_rot_neutral.wav,YAF_rot_happy.wav,0.4999997615814209,6.750000057742,0.875,6.375000024214387,5.875000160187483,1.0244548320770264e-07,-0.7500002719461918
YAF_rot_neutral_sad,YAF,rot,neutral,sad,YAF_rot_neutral.wav,YAF_rot_sad.wav,4.124999776482582,6.249999865889549,4.000000178813934,5.8124998807907104,1.9687498956918716,-0.2812497913837433,-0.31250038743019104
YAF_rot_neutral_angry,YAF,rot,neutral,angry,YAF_rot_neutral.wav,YAF_rot_angry.wav,2.499999761581421,6.50000000372529,2.1250001192092896,6.6874999944120646,4.281250058673322,-0.09374982584267855,0.5624996330589056
YAF_rot_happy_sad,YAF,rot,happy,sad,YAF_rot_happy.wav,YAF_rot_sad.wav,-5.000000024214387,1.7500000596046448,-4.874999886378646,2.1249998807907104,6.874999925494194,0.24999997951090336,0.24999968335032463
YAF_rot_happy_angry,YAF,rot,happy,angry,YAF_rot_happy.wav,YAF_rot_angry.wav,-5.312500024214387,6.0625001192092896,-5.312500194646418,6.1874999944120646,11.43750016624108,0.06249985238537192,0.12500004563480616
YAF_rot_sad_angry,YAF,rot,sad,angry,YAF_rot_sad.wav,YAF_rot_angry.wav,-1.625,6.562499836087227,-1.2500000298023224,6.8749999944120646,8.156249930150807,0.34375006426125765,-0.06249981187283993
YAF_rough_neutral_happy,YAF,rough,neutral,happy,YAF_rough_neutral.wav,YAF_rough_happy.wav,-0.75,6.187499798834324,0.25,6.500000236555934,6.593750017695129,0.656250218860805,-0.6874995622783899
YAF_rough_neutral_sad,YAF,rough,neutral,sad,YAF_rough_neutral.wav,YAF_rough_sad.wav,1.8749999403953552,5.1249998807907104,3.124999985098839,5.312500059604645,2.7187500074505806,0.718750111758709,-1.0624998658895493
YAF_rough_neutral_angry,YAF,rough,neutral,angry,YAF_rough_neutral.wav,YAF_rough_angry.wav,-0.375,8.18750047008507,0.625,8.624999696621671,8.28125008335337,0.7187496132683009,-0.5625007734633982
YAF_rough_happy_sad,YAF,rough,happy,sad,YAF_rough_happy.wav,YAF_rough_sad.wav,-5.937500236555934,0.25,-6.062499841675162,0.125,6.187500039115548,-0.12499980255961418,-3.948807716369629e-07
YAF_rough_happy_angry,YAF,rough,happy,angry,YAF_rough_happy.wav,YAF_rough_angry.wav,-5.187500236555934,7.374999950872734,-5.1874998258426785,7.1875001734588295,12.468750093365088,-0.09374968335032463,-0.18750018812716007
YAF_rough_sad_angry,YAF,rough,sad,angry,YAF_rough_sad.wav,YAF_rough_angry.wav,-2.3750000596046448,7.437499899882823,-2.6249999403953552,7.5625001734588295,10.000000036670826,-0.06249980360735208,0.37500015436671674
YAF_rush_neutral_happy,YAF,rush,neutral,happy,YAF_rush_neutral.wav,YAF_rush_happy.wav,-0.125,7.000000228174031,1.125,6.937499784864485,6.468750006519258,0.5937497783452272,-1.3125004433095455
YAF_rush_neutral_sad,YAF,rush,neutral,sad,YAF_rush_neutral.wav,YAF_rush_sad.wav,4.124999940395355,6.937500104308128,4.499999821186066,6.562499850988388,2.4375000968575478,-1.862645149230957e-07,-0.7500001341104507
YAF_rush_neutral_angry,YAF,rush,neutral,angry,YAF_rush_neutral.wav,YAF_rush_angry.wav,2.375,8.062499895691872,2.374999761581421,8.124999933876097,5.718750033993274,0.03124989988282323,0.06250027660280466
YAF_rush_happy_sad,YAF,rush,happy,sad,YAF_rush_happy.wav,YAF_rush_sad.wav,-6.124999784864485,3.000000074505806,-6.25000006519258,3.250000089406967,9.31250000698492,0.06249986728653312,0.37500029522925615
YAF_rush_happy_angry,YAF,rush,happy,angry,YAF_rush_happy.wav,YAF_rush_angry.wav,-6.249999784864485,4.812500078231096,-5.749999822117388,5.312499933876097,11.062499809544533,0.499999909196049,-1.0710209608078003e-07
YAF_rush_sad_angry,YAF,rush,sad,angry,YAF_rush_sad.wav,YAF_rush_angry.wav,-2.250000089406967,6.68750003259629,-1.9999999850988388,6.187499933876097,8.562500020489097,-0.12499999720603228,-0.7500002030283213
YAF_said_neutral_happy,YAF,said,neutral,happy,YAF_said_neutral.wav,YAF_said_happy.wav,1.125,5.937499761581421,1.5,5.874999783933163,4.593749772757292,0.1562500111758709,-0.4374999776482582
YAF_said_neutral_sad,YAF,said,neutral,sad,YAF_said_neutral.wav,YAF_said_sad.wav,3.000000089406967,6.437500163912773,3.250000089406967,6.1249998807907104,3.1562499329447746,-0.03125014156103134,-0.5625002831220627
YAF_said_neutral_angry,YAF,said,neutral,angry,YAF_said_neutral.wav,YAF_said_angry.wav,1.6250001192092896,5.625000107102096,1.0000001192092896,5.3125002002343535,4.156250034458935,-0.46874995343387127,0.31250009313225746
YAF_said_happy_sad,YAF,said,happy,sad,YAF_said_happy.wav,YAF_said_sad.wav,-3.000000022351742,2.7499999552965164,-1.874999925494194,1.9999998807907104,4.812499891966581,0.1875000111758709,-1.8750001713633537
YAF_said_happy_angry,YAF,said,happy,angry,YAF_said_happy.wav,YAF_said_angry.wav,-3.500000022351742,2.875000037252903,-3.1250000596046448,5.5625002002343535,7.5312501597218215,1.5312500628642738,2.3125002002343535
YAF_said_sad_angry,YAF,said,sad,angry,YAF_said_sad.wav,YAF_said_angry.wav,-1.5,6.062500178813934,-2.5000000298023224,6.0000002002343535,8.031250204425305,-0.5312500041909516,0.9375000512227416
YAF_sail_neutral_happy,YAF,sail,neutral,happy,YAF_sail_neutral.wav,YAF_sail_happy.wav,-1.125,6.812500158324838,-2.125,6.624999921768904,8.34375004004687,-0.593750118277967,0.812499763444066
YAF_sail_neutral_sad,YAF,sail,neutral,sad,YAF_sail_neutral.wav,YAF_sail_sad.wav,1.8750000894069672,5.499999985098839,2.375000089406967,5.187499940395355,3.21874987334013,0.09374997764825821,-0.8125000447034836
YAF_sail_neutral_angry,YAF,sail,neutral,angry,YAF_sail_neutral.wav,YAF_sail_angry.wav,0.37500011920928955,6.812499764375389,0.0,7.250000178813934,6.843749911990017,0.03125014761462808,0.8125005336478353
YAF_sail_happy_sad,YAF,sail,happy,sad,YAF_sail_happy.wav,YAF_sail_sad.wav,-4.624999921768904,1.0000000298023224,-4.499999932944775,1.7499999403953552,5.937499912455678,0.43749994970858097,0.6249999217689037
YAF_sail_happy_angry,YAF,sail,happy,angry,YAF_sail_happy.wav,YAF_sail_angry.wav,-5.062499921768904,7.43749986984767,-4.812499959021807,7.062500178813934,12.187499964726157,-0.06249986414331943,-0.6249996537808329
YAF_sail_sad_angry,YAF,sail,sad,angry,YAF_sail_sad.wav,YAF_sail_angry.wav,-1.9999999403953552,7.375000142492354,-2.125,7.187500178813934,9.343750130850822,-0.15625001164153218,-0.062499904073774815
YAF_search_neutral_happy,YAF,search,neutral,happy,YAF_search_neutral.wav,YAF_search_happy.wav,1.0,6.624999895691872,1.25,7.250000052154064,5.812499973922968,0.43750007823109627,0.37500015646219254
YAF_search_neutral_sad,YAF,search,neutral,sad,YAF_search_neutral.wav,YAF_search_sad.wav,3.5000000298023224,6.437499895691872,4.1875,5.937499970197678,2.3437499180436134,0.09375002235174179,-1.1874998956918716
YAF_search_neutral_angry,YAF,search,neutral,angry,YAF_search_neutral.wav,YAF_search_angry.wav,1.75,7.3749998095445335,1.5,8.12500017695129,6.124999993247911,0.25000018370337784,1.0000003674067557
YAF_search_happy_sad,YAF,search,happy,sad,YAF_search_happy.wav,YAF_search_sad.wav,-2.625000052154064,2.7500000447034836,-3.625000037252903,2.6249999701976776,5.812500052154064,-0.5625000298023224,0.8749999105930328
YAF_search_happy_angry,YAF,search,happy,angry,YAF_search_happy.wav,YAF_search_angry.wav,-4.937500052154064,6.312500236555934,-4.187499940395355,6.937500176951289,11.187500203028321,0.6875000260770321,-0.12500017136335373
YAF_search_sad_angry,YAF,search,sad,angry,YAF_search_sad.wav,YAF_search_angry.wav,-1.8749999701976776,7.312499991618097,-2.125000014901161,7.125000176951289,9.218750076834112,-0.21874992968514562,0.06250023003667593
YAF_seize_neutral_happy,YAF,seize,neutral,happy,YAF_seize_neutral.wav,YAF_seize_happy.wav,0.9375,4.3125001192092896,1.25,4.562500238418579,3.3437501788139343,0.2812500596046448,-0.06249988079071045
YAF_seize_neutral_sad,YAF,seize,neutral,sad,YAF_seize_neutral.wav,YAF_seize_sad.wav,4.812499821186066,5.875000014901161,4.625000208616257,6.062499821186066,1.2499999031424522,9.685754776000977e-08,0.37499941885471344
YAF_seize_neutral_angry,YAF,seize,neutral,angry,YAF_seize_neutral.wav,YAF_seize_angry.wav,3.187499761581421,8.499999970663339,3.0625001192092896,8.250000232830644,5.250000161351636,-0.1874996901024133,-0.1250000954605639
YAF_seize_happy_sad,YAF,seize,happy,sad,YAF_seize_happy.wav,YAF_seize_sad.wav,-1.125,2.3749999552965164,-1.0000000298023224,2.7500000596046448,3.625000022351742,0.250000037252903,0.25000013411045074
YAF_seize_happy_angry,YAF,seize,happy,angry,YAF_seize_happy.wav,YAF_seize_angry.wav,-2.625,6.875000218395144,-3.0000001192092896,7.312500232830644,9.906250285217538,0.031249947613105178,0.8125001336447895
YAF_seize_sad_angry,YAF,seize,sad,angry,YAF_seize_sad.wav,YAF_seize_angry.wav,-2.1250000596046448,7.437499835155904,-1.9999998956918716,7.500000232830644,9.531250011641532,0.09375028079375625,-0.06249976623803377
YAF_sell_neutral_happy,YAF,sell,neutral,happy,YAF_sell_neutral.wav,YAF_sell_happy.wav,-0.5,5.000000048428774,0.0,5.499999985098839,5.500000016763806,0.49999996833503246,-6.332993507385254e-08
YAF_sell_neutral_sad,YAF,sell,neutral,sad,YAF_sell_neutral.wav,YAF_sell_sad.wav,2.1250000298023224,6.062499776482582,2.3749999701976776,5.499999761581421,3.5312497690320015,-0.15625003725290298,-0.8124999552965164
YAF_sell_neutral_angry,YAF,sell,neutral,angry,YAF_sell_neutral.wav,YAF_sell_angry.wav,0.75,5.062500029802322,2.0,5.562500175088644,3.937500102445483,0.8750000726431608,-0.7499998547136784
YAF_sell_happy_sad,YAF,sell,happy,sad,YAF_sell_happy.wav,YAF_sell_sad.wav,-3.624999985098839,2.624999910593033,-2.3749999329447746,2.5,5.562499914318323,0.5625000707805157,-1.374999962747097
YAF_sell_happy_angry,YAF,sell,happy,angry,YAF_sell_happy.wav,YAF_sell_angry.wav,-4.312499985098839,2.2499999701976776,-4.437500234693289,3.499999936670065,7.250000063329935,0.5624998584389687,1.3750002160668373
YAF_sell_sad_angry,YAF,sell,sad,angry,YAF_sell_sad.wav,YAF_sell_angry.wav,-1.25,5.062499821186066,-1.3749999403953552,5.125000175088644,6.4062499683350325,-0.031249793246388435,0.18750029429793358
YAF_shack_neutral_happy,YAF,shack,neutral,happy,YAF_shack_neutral.wav,YAF_shack_happy.wav,2.125,6.999999962747097,2.0,7.1874999441206455,5.031249953433871,0.031249990686774254,0.3124999813735485
YAF_shack_neutral_sad,YAF,shack,neutral,sad,YAF_shack_neutral.wav,YAF_shack_sad.wav,4.375000089406967,6.7500001192092896,4.250000178813934,7.000000178813934,2.562500014901161,0.06250007450580597,0.3749999701976776
YAF_shack_neutral_angry,YAF,shack,neutral,angry,YAF_shack_neutral.wav,YAF_shack_angry.wav,2.0,8.875000260770321,3.4375,8.937500395579264,6.187500328174792,0.7500000674044713,-1.3749998651910573
YAF_shack_happy_sad,YAF,shack,happy,sad,YAF_shack_happy.wav,YAF_shack_sad.wav,-5.3749999441206455,1.8750000298023224,-4.250000141561031,2.6249999403953552,7.062500027939677,0.9374998565763235,-0.37499989196658134
YAF_shack_happy_angry,YAF,shack,happy,angry,YAF_shack_happy.wav,YAF_shack_angry.wav,-5.3749999441206455,6.750000091269612,-5.312499865889549,7.124999918742105,12.281249910010956,0.21874995285179466,0.3124997492413968
YAF_shack_sad_angry,YAF,shack,sad,angry,YAF_shack_sad.wav,YAF_shack_angry.wav,-2.3749999403953552,8.374999708961695,-3.249999910593033,8.250000395579264,11.124999977764674,-0.49999964179005474,0.7500006568152457
YAF_shall_neutral_happy,YAF,shall,neutral,happy,YAF_shall_neutral.wav,YAF_shall_happy.wav,0.75,5.624999858438969,0.24999988079071045,5.1874998938292265,4.906249935738742,-0.46875004190951586,0.06250015459954739
YAF_shall_neutral_sad,YAF,shall,neutral,sad,YAF_shall_neutral.wav,YAF_shall_sad.wav,2.625000089406967,6.000000059604645,3.375000089406967,6.687499970197678,3.343749925494194,0.7187499552965164,-0.06250008940696716
YAF_shall_neutral_angry,YAF,shall,neutral,angry,YAF_shall_neutral.wav,YAF_shall_angry.wav,0.25,7.999999640043825,0.125,7.937500107567757,7.781249873805791,-0.09374976623803377,0.06250046752393246
YAF_shall_happy_sad,YAF,shall,happy,sad,YAF_shall_happy.wav,YAF_shall_sad.wav,-5.9374998938292265,0.8750000596046448,-4.625000001862645,1.6249999701976776,6.531249962747097,1.031249901279807,-0.5624999813735485
YAF_shall_happy_angry,YAF,shall,happy,angry,YAF_shall_happy.wav,YAF_shall_angry.wav,-5.1874998938292265,6.874999957624823,-4.812499845400453,6.687500107567757,11.78124990221113,0.0937500991858542,-0.5624998984858394
YAF_shall_sad_angry,YAF,shall,sad,angry,YAF_shall_sad.wav,YAF_shall_angry.wav,-1.9999999701976776,7.499999799299985,-1.75,7.437500107567757,9.34374993853271,0.0937501392327249,-0.3124996619299054
YAF_shawl_neutral_happy,YAF,shawl,neutral,happy,YAF_shawl_neutral.wav,YAF_shawl_happy.wav,-0.625,4.5625001192092896,-0.625,5.750000029802322,5.781250074505806,0.5937499552965164,1.1874999105930328
YAF_shawl_neutral_sad,YAF,shawl,neutral,sad,YAF_shawl_neutral.wav,YAF_shawl_sad.wav,2.624999910593033,6.499999865889549,2.749999910593033,6.437500238418579,3.7812501415610313,0.03125018626451492,-0.18749962747097015
YAF_shawl_neutral_angry,YAF,shawl,neutral,angry,YAF_shawl_neutral.wav,YAF_shawl_angry.wav,0.0,7.812499935738742,1.0,7.750000229105353,7.281250082422048,0.4687501466833055,-1.062499706633389
YAF_shawl_happy_sad,YAF,shawl,happy,sad,YAF_shawl_happy.wav,YAF_shawl_sad.wav,-4.000000029802322,1.0000000298023224,-2.3749998956918716,1.5,4.437499977648258,1.0625000521540642,-1.1250001639127731
YAF_shawl_happy_angry,YAF,shawl,happy,angry,YAF_shawl_happy.wav,YAF_shawl_angry.wav,-3.8750000298023224,5.687499908730388,-3.249999962747097,5.062500229105353,8.93750006519258,1.9371509552001953e-07,-1.2499997466802597
YAF_shawl_sad_angry,YAF,shawl,sad,angry,YAF_shawl_sad.wav,YAF_shawl_angry.wav,-2.0,6.562499794177711,-1.875,6.562500229105353,8.500000011641532,0.06250021746382117,-0.12499956507235765
YAF_sheep_neutral_happy,YAF,sheep,neutral,happy,YAF_sheep_neutral.wav,YAF_sheep_happy.wav,2.375,7.187499962747097,3.124999761581421,7.062500022351742,4.375000111758709,0.31249991059303284,-0.8749997019767761
YAF_sheep_neutral_sad,YAF,sheep,neutral,sad,YAF_sheep_neutral.wav,YAF_sheep_sad.wav,4.875000074505806,5.625000074505806,5.312499970197678,6.000000059604645,0.7187500447034836,0.4062499403953552,-0.06249991059303284
YAF_sheep_neutral_angry,YAF,sheep,neutral,angry,YAF_sheep_neutral.wav,YAF_sheep_angry.wav,2.375,7.2499997755512595,2.4375,7.312500095926225,4.874999935738742,0.06250016018748283,3.203749656677246e-07
YAF_sheep_happy_sad,YAF,sheep,happy,sad,YAF_sheep_happy.wav,YAF_sheep_sad.wav,-3.500000022351742,1.8749999552965164,-3.1249999590218067,2.5000000596046448,5.499999998137355,0.5000000838190317,0.2500000409781933
YAF_sheep_happy_angry,YAF,sheep,happy,angry,YAF_sheep_happy.wav,YAF_sheep_angry.wav,-5.312500022351742,4.875000166706741,-5.499999795109034,5.812500095926225,10.75000004004687,0.37500007823109627,1.1249997019767761
YAF_sheep_sad_angry,YAF,sheep,sad,angry,YAF_sheep_sad.wav,YAF_sheep_angry.wav,-2.5000000596046448,6.4374998193234205,-2.125000074505806,6.437500095926225,8.750000024680048,0.18750013085082173,-0.37499970849603415
YAF_shirt_neutral_happy,YAF,shirt,neutral,happy,YAF_shirt_neutral.wav,YAF_shirt_happy.wav,-0.25,7.249999834224582,0.25,7.187500221654773,7.218750027939677,0.21875019371509552,-0.562499612569809
YAF_shirt_neutral_sad,YAF,shirt,neutral,sad,YAF_shirt_neutral.wav,YAF_shirt_sad.wav,2.2499999701976776,5.874999925494194,2.2499999403953552,6.1249998807907104,3.749999947845936,0.12499996274709702,0.2499999850988388
YAF_shirt_neutral_angry,YAF,shirt,neutral,angry,YAF_shirt_neutral.wav,YAF_shirt_angry.wav,0.25,8.000000107102096,-0.375,7.687500042840838,7.906250074971467,-0.4687500321306288,0.31249993573874235
YAF_shirt_happy_sad,YAF,shirt,happy,sad,YAF_shirt_happy.wav,YAF_shirt_sad.wav,-4.625000221654773,1.8750000894069672,-2.875000052154064,1.625,5.500000181607902,0.7500000400468707,-2.0000002589076757
YAF_shirt_happy_angry,YAF,shirt,happy,angry,YAF_shirt_happy.wav,YAF_shirt_angry.wav,-5.750000221654773,5.437500111758709,-5.562500094994903,5.312500042840838,11.031250235624611,0.03125002887099981,-0.31250019557774067
YAF_shirt_sad_angry,YAF,shirt,sad,angry,YAF_shirt_sad.wav,YAF_shirt_angry.wav,-2.3749998807907104,7.312500070780516,-2.499999910593033,6.750000042840838,9.468749952502549,-0.3437500288709998,-0.43749999813735485
YAF_should_neutral_happy,YAF,should,neutral,happy,YAF_should_neutral.wav,YAF_should_happy.wav,0.75,7.999999824911356,0.875,7.750000117346644,7.062499971129,-0.062499853782355785,-0.37499970756471157
YAF_should_neutral_sad,YAF,should,neutral,sad,YAF_should_neutral.wav,YAF_should_sad.wav,4.125000029802322,6.937500044703484,4.000000223517418,6.749999932944775,2.781249862164259,-0.15624995902180672,-0.06250030547380447
YAF_should_neutral_angry,YAF,should,neutral,angry,YAF_should_neutral.wav,YAF_should_angry.wav,2.25,7.999999814201146,2.375,8.18749965261668,5.781249733408913,0.15624991920776665,0.062499838415533304
YAF_should_happy_sad,YAF,should,happy,sad,YAF_should_happy.wav,YAF_should_sad.wav,-4.500000117346644,3.250000022351742,-2.749999888241291,3.4999999329447746,6.999999980442226,1.000000069849193,-1.5000003185123205
YAF_should_happy_angry,YAF,should,happy,angry,YAF_should_happy.wav,YAF_should_angry.wav,-5.812500117346644,6.937500073341653,-5.375000178813934,6.312500129453838,12.218750249478035,-0.0937500026775524,-1.062499882420525
YAF_should_sad_angry,YAF,should,sad,angry,YAF_should_sad.wav,YAF_should_angry.wav,-2.3749999329447746,6.812499789055437,-2.500000052154064,6.875000129453838,9.281249951804057,-0.031249889405444264,0.18750045960769057
YAF_shout_neutral_happy,YAF,shout,neutral,happy,YAF_shout_neutral.wav,YAF_shout_happy.wav,0.625,6.437500043772161,0.625,6.874999867752194,6.031249955762178,0.2187499119900167,0.4374998239800334
YAF_shout_neutral_sad,YAF,shout,neutral,sad,YAF_shout_neutral.wav,YAF_shout_sad.wav,3.750000089406967,5.750000111758709,3.8749998211860657,5.812499850988388,1.968750026077032,0.09374973550438881,-0.0624999925494194
YAF_shout_neutral_angry,YAF,shout,neutral,angry,YAF_shout_neutral.wav,YAF_shout_angry.wav,1.875,6.124999783933163,1.5,7.874999875202775,5.312499829567969,0.6875000456348062,2.1250000912696123
YAF_shout_happy_sad,YAF,shout,happy,sad,YAF_shout_happy.wav,YAF_shout_sad.wav,-6.062499867752194,2.8750001043081284,-5.749999911524355,3.125000089406967,8.906249986495823,0.2812499706633389,-0.06249997112900019
YAF_shout_happy_angry,YAF,shout,happy,angry,YAF_shout_happy.wav,YAF_shout_angry.wav,-5.999999867752194,4.375000232830644,-5.999999941792339,6.062499875202775,11.218749958788976,0.8437497841659933,1.687499716412276
YAF_shout_sad_angry,YAF,shout,sad,angry,YAF_shout_sad.wav,YAF_shout_angry.wav,-2.125000089406967,6.499999903142452,-2.2500000596046448,7.187499875202775,9.03124996367842,0.2812500009313226,0.8124999422580004
YAF_size_neutral_happy,YAF,size,neutral,happy,YAF_size_neutral.wav,YAF_size_happy.wav,0.875,6.437500007450581,-0.25,5.999999864026904,5.906249935738742,-0.7812500717118382,0.6874998565763235
YAF_size_neutral_sad,YAF,size,neutral,sad,YAF_size_neutral.wav,YAF_size_sad.wav,3.875,5.875000104308128,3.2500000298023224,5.187499910593033,1.9687499925494194,-0.6562500819563866,-0.06250022351741791
YAF_size_neutral_angry,YAF,size,neutral,angry,YAF_size_neutral.wav,YAF_size_angry.wav,2.125,3.25,0.875,4.3750001937150955,2.3125000968575478,-0.06249990314245224,2.3750001937150955
YAF_size_happy_sad,YAF,size,happy,sad,YAF_size_happy.wav,YAF_size_sad.wav,-3.999999864026904,2.8750000074505806,-4.500000216066837,2.124999910593033,6.749999999068677,-0.6250002244487405,-0.24999974481761456
YAF_size_happy_angry,YAF,size,happy,angry,YAF_size_happy.wav,YAF_size_angry.wav,-5.499999864026904,4.562499783933163,-5.687499970197678,4.6875001937150955,10.21874990593642,-0.031249848194420338,0.31250051595270634
YAF_size_sad_angry,YAF,size,sad,angry,YAF_size_sad.wav,YAF_size_angry.wav,-1.8749999105930328,5.874999858438969,-2.375000089406967,5.8125001937150955,7.968750026077032,-0.28124992176890373,0.4375005140900612
YAF_soap_neutral_happy,YAF,soap,neutral,happy,YAF_soap_neutral.wav,YAF_soap_happy.wav,-1.125,7.562499942258,-1.375,7.437500198371708,8.750000070314854,-0.187499871943146,0.12500025611370802
YAF_soap_neutral_sad,YAF,soap,neutral,sad,YAF_soap_neutral.wav,YAF_soap_sad.wav,2.7499999701976776,5.875000178813934,3.0000000298023224,6.312500134110451,3.2187501564621925,0.3437500074505806,0.18749989569187164
YAF_soap_neutral_angry,YAF,soap,neutral,angry,YAF_soap_neutral.wav,YAF_soap_angry.wav,0.375,8.1250003981404,1.625,7.875000004656613,7.000000201398507,0.4999998032581061,-1.5000003934837878
YAF_soap_happy_sad,YAF,soap,happy,sad,YAF_soap_happy.wav,YAF_soap_sad.wav,-5.187500198371708,2.2499999701976776,-4.124999793246388,3.1249998956918716,7.343749928753823,0.968750165309757,-0.18750047963112593
YAF_soap_happy_angry,YAF,soap,happy,angry,YAF_soap_happy.wav,YAF_soap_angry.wav,-6.375000198371708,6.500000116415322,-6.437500120606273,6.312500004656613,12.812500220024958,-0.125000016996637,-0.12500018952414393
YAF_soap_sad_angry,YAF,soap,sad,angry,YAF_soap_sad.wav,YAF_soap_angry.wav,-1.7500000149011612,6.499999773688614,-1.9999999850988388,6.437500004656613,8.343749889172614,-0.15624986961483955,0.18750020116567612
YAF_soup_neutral_happy,YAF,soup,neutral,happy,YAF_soup_neutral.wav,YAF_soup_happy.wav,2.9375,7.500000020489097,2.687500238418579,7.18749984446913,4.531249813269824,-0.28124996880069375,-0.0625004144385457
YAF_soup_neutral_sad,YAF,soup,neutral,sad,YAF_soup_neutral.wav,YAF_soup_sad.wav,6.062499910593033,5.249999970197678,5.562499970197678,5.125000059604645,-0.624999925494194,-0.31249992549419403,0.3750000298023224
YAF_soup_neutral_angry,YAF,soup,neutral,angry,YAF_soup_neutral.wav,YAF_soup_angry.wav,4.6874998807907104,6.437500145286322,4.562500238418579,7.187500104308128,2.1875000651925802,0.3125001583248377,0.8749996013939381
YAF_soup_happy_sad,YAF,soup,happy,sad,YAF_soup_happy.wav,YAF_soup_sad.wav,-4.87499984446913,0.75,-5.562499790918082,0.6250000596046448,5.906249847495928,-0.4062499434221536,0.5625000060535967
YAF_soup_happy_angry,YAF,soup,happy,angry,YAF_soup_happy.wav,YAF_soup_angry.wav,-5.56249984446913,5.1875002179294825,-6.187499763444066,5.437500104308128,11.187499965075403,-0.18750001629814506,0.8749998053535819
YAF_soup_sad_angry,YAF,soup,sad,angry,YAF_soup_sad.wav,YAF_soup_angry.wav,-1.7500000596046448,6.499999845400453,-1.9999999403953552,6.437500104308128,8.34374997485429,-0.15624981094151735,0.1875001396983862
YAF_sour_neutral_happy,YAF,sour,neutral,happy,YAF_sour_neutral.wav,YAF_sour_happy.wav,0.0,6.124999899417162,-0.125,5.93749981187284,6.093749855645001,-0.156250043772161,-0.06250008754432201
YAF_sour_neutral_sad,YAF,sour,neutral,sad,YAF_sour_neutral.wav,YAF_sour_sad.wav,3.7500000447034836,6.312500149011612,2.875000089406967,5.749999761581421,2.718749888241291,-0.7187501713633537,0.3124995678663254
YAF_sour_neutral_angry,YAF,sour,neutral,angry,YAF_sour_neutral.wav,YAF_sour_angry.wav,2.25,-1.5000000298023224,1.1250001192092896,0.375,-2.250000074505806,0.37500007450580597,2.999999910593033
YAF_sour_happy_sad,YAF,sour,happy,sad,YAF_sour_happy.wav,YAF_sour_sad.wav,-4.24999981187284,2.1250001043081284,-3.8750000782310963,2.0,6.124999997206032,0.12499981466680765,-0.499999837949872
YAF_sour_happy_angry,YAF,sour,happy,angry,YAF_sour_happy.wav,YAF_sour_angry.wav,-5.24999981187284,0.5000001192092896,-5.062499918043613,2.3750001192092896,6.593749984167516,1.0312499469146132,1.6875001061707735
YAF_sour_sad_angry,YAF,sour,sad,angry,YAF_sour_sad.wav,YAF_sour_angry.wav,-2.0,1.0,-2.6250000298023224,1.25,3.437500014901161,-0.1875000149011612,0.8750000298023224
YAF_south_neutral_happy,YAF,south,neutral,happy,YAF_south_neutral.wav,YAF_south_happy.wav,1.3125,6.750000201165676,1.0625,6.9375001564621925,5.656250178813934,-0.03125002235174179,0.4374999552965164
YAF_south_neutral_sad,YAF,south,neutral,sad,YAF_south_neutral.wav,YAF_south_sad.wav,4.1875001192092896,6.687499970197678,5.124999791383743,6.6249998062849045,1.9999999329447746,0.4374997541308403,-0.9999998360872269
YAF_south_neutral_angry,YAF,south,neutral,angry,YAF_south_neutral.wav,YAF_south_angry.wav,3.0625001192092896,8.62500043027103,3.062500238418579,8.437499847263098,5.468749959953129,-0.09375023189932108,-0.18750070221722126
YAF_south_happy_sad,YAF,south,happy,sad,YAF_south_happy.wav,YAF_south_sad.wav,-2.2499999180436134,3.374999985098839,-2.125,3.2500000447034836,5.499999973922968,-1.1175870895385742e-08,-0.24999985843896866
YAF_south_happy_angry,YAF,south,happy,angry,YAF_south_happy.wav,YAF_south_angry.wav,-4.2500001564621925,4.562499862164259,-4.875000134110451,5.749999847263098,9.71875,0.2812500037252903,1.812499962747097
YAF_south_sad_angry,YAF,south,sad,angry,YAF_south_sad.wav,YAF_south_angry.wav,-1.8750000447034836,6.750000007450581,-2.1250000298023224,6.999999847263098,8.874999964609742,-7.264316082000732e-08,0.499999824911356
YAF_sub_neutral_happy,YAF,sub,neutral,happy,YAF_sub_neutral.wav,YAF_sub_happy.wav,1.0,5.562499834224582,1.0625,5.062500214204192,4.281250024214387,-0.21874981001019478,-0.5624996200203896
YAF_sub_neutral_sad,YAF,sub,neutral,sad,YAF_sub_neutral.wav,YAF_sub_sad.wav,4.249999910593033,5.1250001937150955,4.187499776482582,5.312499821186066,1.0000001639127731,0.062499746680259705,0.2499997615814209
YAF_sub_neutral_angry,YAF,sub,neutral,angry,YAF_sub_neutral.wav,YAF_sub_angry.wav,2.375,4.250000178813934,2.687499761581421,5.875000229105353,2.5312503231689334,0.96874990593642,1.3125002887099981
YAF_sub_happy_sad,YAF,sub,happy,sad,YAF_sub_happy.wav,YAF_sub_sad.wav,-5.562500214204192,2.500000074505806,-6.250000189058483,2.1250000596046448,8.218750268686563,-0.5312499948777258,0.3124999599531293
YAF_sub_happy_angry,YAF,sub,happy,angry,YAF_sub_happy.wav,YAF_sub_angry.wav,-5.625000214204192,4.187499921768904,-6.000000195577741,5.375000229105353,10.593750280328095,0.40625016298145056,1.5625002887099981
YAF_sub_sad_angry,YAF,sub,sad,angry,YAF_sub_sad.wav,YAF_sub_angry.wav,-1.1250000596046448,5.499999862164259,-1.6250000298023224,6.250000229105353,7.25000009033829,0.1250001983717084,1.250000337138772
YAF_such_neutral_happy,YAF,such,neutral,happy,YAF_such_neutral.wav,YAF_such_happy.wav,0.25,7.187499955296516,0.875,7.437499908730388,6.749999932013452,0.43749997671693563,-0.37500004656612873
YAF_such_neutral_sad,YAF,such,neutral,sad,YAF_such_neutral.wav,YAF_such_sad.wav,2.499999910593033,6.062499791383743,3.375000089406967,6.3125001192092896,3.2499999552965164,0.5625002533197403,-0.6249998509883881
YAF_such_neutral_angry,YAF,such,neutral,angry,YAF_such_neutral.wav,YAF_such_angry.wav,1.1249998807907104,6.874999946448952,1.3749998807907104,7.312500077299774,5.843750131083652,0.34375006542541087,0.18750013085082173
YAF_such_happy_sad,YAF,such,happy,sad,YAF_such_happy.wav,YAF_such_sad.wav,-4.374999908730388,2.1249998956918716,-4.249999992549419,1.5,6.124999898485839,-0.24999998975545168,-0.7499998118728399
YAF_such_happy_angry,YAF,such,happy,angry,YAF_such_happy.wav,YAF_such_angry.wav,-5.062499908730388,6.062499795109034,-5.249999836087227,6.687500077299774,11.531249808613211,0.21875017741695046,0.8125002095475793
YAF_such_sad_angry,YAF,such,sad,angry,YAF_such_sad.wav,YAF_such_angry.wav,-2.1250001192092896,6.249999878928065,-2.125000014901161,6.437500077299774,8.468750045169145,0.09375015133991838,0.18750009406358004
YAF_sure_neutral_happy,YAF,sure,neutral,happy,YAF_sure_neutral.wav,YAF_sure_happy.wav,0.375,5.125000141561031,-2.3750001192092896,4.437500115483999,5.78125018812716,-1.7187500726431608,2.0625000931322575
YAF_sure_neutral_sad,YAF,sure,neutral,sad,YAF_sure_neutral.wav,YAF_sure_sad.wav,1.9999999105930328,5.812500149011612,2.1250001192092896,5.687500074505806,3.6875000968575478,6.705522537231445e-08,-0.2500002831220627
YAF_sure_neutral_angry,YAF,sure,neutral,angry,YAF_sure_neutral.wav,YAF_sure_angry.wav,0.25,7.562500197440386,0.375,8.062500396277755,7.500000296859071,0.31250009941868484,0.3750001988373697
YAF_sure_happy_sad,YAF,sure,happy,sad,YAF_sure_happy.wav,YAF_sure_sad.wav,-4.687500115483999,2.7500000596046448,-4.562500158324838,2.500000074505806,7.250000203959644,-0.06250001396983862,-0.3749999422580004
YAF_sure_happy_angry,YAF,sure,happy,angry,YAF_sure_happy.wav,YAF_sure_angry.wav,-4.375000115483999,5.875000145286322,-3.6249999180436134,7.187499919440597,10.531250049127266,1.0312499857973307,0.5624995767138898
YAF_sure_sad_angry,YAF,sure,sad,angry,YAF_sure_sad.wav,YAF_sure_angry.wav,-1.875000074505806,8.125000175088644,-2.875000014901161,7.874999919440597,10.375000091968104,-0.625000098021701,0.7499996847473085
YAF_take_neutral_happy,YAF,take,neutral,happy,YAF_take_neutral.wav,YAF_take_happy.wav,1.312499761581421,5.875000212341547,2.062500238418579,5.8124999441206455,4.156250078231096,0.34375010430812836,-0.8125007450580597
YAF_take_neutral_sad,YAF,take,neutral,sad,YAF_take_neutral.wav,YAF_take_sad.wav,4.562499791383743,6.0000001192092896,4.7500001192092896,6.562500029802322,1.6250001192092896,0.37500011920928955,0.3749995827674866
YAF_take_neutral_angry,YAF,take,neutral,angry,YAF_take_neutral.wav,YAF_take_angry.wav,2.812499761581421,7.562500154599547,3.437500238418579,8.250000425614417,4.781250290106982,0.6562503739260137,0.06249979417771101
YAF_take_happy_sad,YAF,take,happy,sad,YAF_take_happy.wav,YAF_take_sad.wav,-3.2499999441206455,4.374999940395355,-1.9999999403953552,4.125000029802322,6.874999927356839,0.5000000465661287,-1.4999999143183231
YAF_take_happy_angry,YAF,take,happy,angry,YAF_take_happy.wav,YAF_take_angry.wav,-4.6874999441206455,5.687500170432031,-4.687499959021807,6.124999948777258,10.593750011175871,0.21874988172203302,0.43749979324638844
YAF_take_sad_angry,YAF,take,sad,angry,YAF_take_sad.wav,YAF_take_angry.wav,-2.5000000298023224,5.6250000186264515,-2.7499999701976776,6.249999948777258,8.562499983701855,0.18749999487772584,0.8749998705461621
YAF_talk_neutral_happy,YAF,talk,neutral,happy,YAF_talk_neutral.wav,YAF_talk_happy.wav,1.125,7.0000001564621925,2.062500238418579,7.062499862164259,5.437499890103936,0.49999997206032276,-0.8750005327165127
YAF_talk_neutral_sad,YAF,talk,neutral,sad,YAF_talk_neutral.wav,YAF_talk_sad.wav,3.749999910593033,5.875000059604645,4.0,5.812499940395355,1.9687500447034836,0.0937499850988388,-0.3125002086162567
YAF_talk_neutral_angry,YAF,talk,neutral,angry,YAF_talk_neutral.wav,YAF_talk_angry.wav,1.9999998807907104,8.187499904073775,3.0624998807907104,8.87500037951395,6.0000002610031515,0.8750002377200872,-0.37499952455982566
YAF_talk_happy_sad,YAF,talk,happy,sad,YAF_talk_happy.wav,YAF_talk_sad.wav,-5.499999862164259,1.6250000596046448,-4.87500012665987,1.9999999403953552,6.9999999944120646,0.49999980814754963,-0.24999985471367836
YAF_talk_happy_angry,YAF,talk,happy,angry,YAF_talk_happy.wav,YAF_talk_angry.wav,-5.374999862164259,6.7500001741573215,-5.0000002179294825,6.874999902676791,12.000000078463927,0.249999686377123,-0.249999915715307
YAF_talk_sad_angry,YAF,talk,sad,angry,YAF_talk_sad.wav,YAF_talk_angry.wav,-1.8749999403953552,6.875000012572855,-2.2499999552965164,6.562499902676791,8.781249905470759,-0.3437500623986125,0.06249990500509739
YAF_tape_neutral_happy,YAF,tape,neutral,happy,YAF_tape_neutral.wav,YAF_tape_happy.wav,1.125,7.3124998062849045,1.25,7.062500037252903,5.999999921768904,-0.06249988451600075,-0.3749997690320015
YAF_tape_neutral_sad,YAF,tape,neutral,sad,YAF_tape_neutral.wav,YAF_tape_sad.wav,5.374999791383743,6.687499940395355,5.187499865889549,6.062499865889549,1.093750074505806,-0.40625,-0.43750014901161194
YAF_tape_neutral_angry,YAF,tape,neutral,angry,YAF_tape_neutral.wav,YAF_tape_angry.wav,3.624999761581421,8.24999961280264,3.4375,8.437499535735697,4.812499693478458,8.067581802606583e-08,0.37499968451447785
YAF_tape_happy_sad,YAF,tape,happy,sad,YAF_tape_happy.wav,YAF_tape_sad.wav,-2.375000037252903,2.249999925494194,-1.7499999701976776,2.2500001043081284,4.3125000186264515,0.31250012293457985,-0.624999888241291
YAF_tape_happy_angry,YAF,tape,happy,angry,YAF_tape_happy.wav,YAF_tape_angry.wav,-3.875000037252903,6.24999978672713,-4.3124998062849045,6.875000012572855,10.656249821418896,0.09375022840686142,1.0624999948777258
YAF_tape_sad_angry,YAF,tape,sad,angry,YAF_tape_sad.wav,YAF_tape_angry.wav,-2.0000001043081284,6.499999787658453,-1.625,6.562500012572855,8.343749952269718,0.21875016461126506,-0.3124998793937266
YAF_team_neutral_happy,YAF,team,neutral,happy,YAF_team_neutral.wav,YAF_team_happy.wav,0.25,6.999999985098839,0.375,6.874999783933163,6.624999884516001,-1.0058283805847168e-07,-0.2500002011656761
YAF_team_neutral_sad,YAF,team,neutral,sad,YAF_team_neutral.wav,YAF_team_sad.wav,2.9999999701976776,6.312500223517418,3.8749998211860657,5.312499821186066,2.37500012665987,-0.06250027567148209,-1.8750002533197403
YAF_team_neutral_angry,YAF,team,neutral,angry,YAF_team_neutral.wav,YAF_team_angry.wav,1.5,8.499999651685357,1.5,8.250000316649675,6.874999984167516,-0.12499966751784086,-0.24999933503568172
YAF_team_happy_sad,YAF,team,happy,sad,YAF_team_happy.wav,YAF_team_sad.wav,-3.875000022351742,1.625,-2.375,1.5000000596046448,4.687500040978193,0.6875000409781933,-1.624999962747097
YAF_team_happy_angry,YAF,team,happy,angry,YAF_team_happy.wav,YAF_team_angry.wav,-4.499999783933163,6.062499850988388,-4.812499940395355,5.937499839812517,10.656249707564712,-0.21875008381903172,0.18750014528632164
YAF_team_sad_angry,YAF,team,sad,angry,YAF_team_sad.wav,YAF_team_angry.wav,-1.8750000596046448,6.93749981559813,-2.3749999403953552,6.812499839812517,8.999999827705324,-0.31249992828816175,0.3749999050050974
YAF_tell_neutral_happy,YAF,tell,neutral,happy,YAF_tell_neutral.wav,YAF_tell_happy.wav,1.5625,6.124999977648258,1.9375,6.125000009313226,4.374999993480742,0.18750001583248377,-0.37499996833503246
YAF_tell_neutral_sad,YAF,tell,neutral,sad,YAF_tell_neutral.wav,YAF_tell_sad.wav,4.312499940395355,6.499999910593033,4.499999761581421,6.499999850988388,2.0937500298023224,0.09374988079071045,-0.18749988079071045
YAF_tell_neutral_angry,YAF,tell,neutral,angry,YAF_tell_neutral.wav,YAF_tell_angry.wav,2.6875,7.437500127591193,2.5000001192092896,7.000000214204192,4.625000111293048,-0.3124998970888555,-0.2500000325962901
YAF_tell_happy_sad,YAF,tell,happy,sad,YAF_tell_happy.wav,YAF_tell_sad.wav,-4.375000009313226,1.6249999552965164,-2.999999910593033,2.125000089406967,5.562499982304871,0.9375001164153218,-0.8749999646097422
YAF_tell_happy_angry,YAF,tell,happy,angry,YAF_tell_happy.wav,YAF_tell_angry.wav,-4.687500009313226,5.687499767169356,-4.812500085681677,5.187500214204192,10.187500038184226,-0.31249981466680765,-0.37499947659671307
YAF_tell_sad_angry,YAF,tell,sad,angry,YAF_tell_sad.wav,YAF_tell_angry.wav,-2.750000089406967,7.12500006519258,-3.6249999552965164,6.625000214204192,10.062500162050128,-0.6874998584389687,0.3750000149011612
YAF_thin_neutral_happy,YAF,thin,neutral,happy,YAF_thin_neutral.wav,YAF_thin_happy.wav,0.75,6.249999955296516,0.75,6.6250001564621925,5.6875000558793545,0.18750010058283806,0.3750002011656761
YAF_thin_neutral_sad,YAF,thin,neutral,sad,YAF_thin_neutral.wav,YAF_thin_sad.wav,3.499999985098839,6.625000238418579,3.3750000596046448,6.312499940395355,3.0312500670552254,-0.21875011175870895,-0.18750037252902985
YAF_thin_neutral_angry,YAF,thin,neutral,angry,YAF_thin_neutral.wav,YAF_thin_angry.wav,1.0,8.937500440282747,1.0,8.687499545514584,7.812499992898665,-0.12500044738408178,-0.25000089476816356
YAF_thin_happy_sad,YAF,thin,happy,sad,YAF_thin_happy.wav,YAF_thin_sad.wav,-2.3749999180436134,2.6250000670552254,-0.9999999701976776,2.1249999403953552,4.062499947845936,0.43749991059303284,-1.875000074505806
YAF_thin_happy_angry,YAF,thin,happy,angry,YAF_thin_happy.wav,YAF_thin_angry.wav,-4.3125001564621925,6.750000232364982,-3.2500000298023224,6.875000022351742,10.59375022049062,0.5937499583233148,-0.9375003366731107
YAF_thin_sad_angry,YAF,thin,sad,angry,YAF_thin_sad.wav,YAF_thin_angry.wav,-1.9999999403953552,6.250000028871,-2.3749999701976776,6.937500022351742,8.781249980907887,0.1562499818392098,1.0625000232830644
YAF_third_neutral_happy,YAF,third,neutral,happy,YAF_third_neutral.wav,YAF_third_happy.wav,1.25,6.499999942258,0.5,6.687500117346644,5.718750029802322,-0.281249912455678,0.937500175088644
YAF_third_neutral_sad,YAF,third,neutral,sad,YAF_third_neutral.wav,YAF_third_sad.wav,3.6249999403953552,6.375000044703484,3.5000000447034836,6.562499798834324,2.9062499292194843,0.03124992921948433,0.31249964982271194
YAF_third_neutral_angry,YAF,third,neutral,angry,YAF_third_neutral.wav,YAF_third_angry.wav,2.0,7.62499984074384,2.2499998807907104,8.75000028917566,6.062500124564394,0.6875001646112651,0.8750005676411092
YAF_third_happy_sad,YAF,third,happy,sad,YAF_third_happy.wav,YAF_third_sad.wav,-4.750000117346644,3.4999999403953552,-4.125000054016709,3.625000037252903,8.000000074505806,0.3750000800937414,-0.4999999664723873
YAF_third_happy_angry,YAF,third,happy,angry,YAF_third_happy.wav,YAF_third_angry.wav,-5.812500117346644,7.062499779742211,-5.499999888241291,8.06250028917566,13.218750037252903,0.6562503692694008,0.687500280328095
YAF_third_sad_angry,YAF,third,sad,angry,YAF_third_sad.wav,YAF_third_angry.wav,-2.375000037252903,6.937500135507435,-2.8750000670552254,7.624999812338501,9.906250026077032,0.09374982351437211,1.187499706633389
YAF_thought_neutral_happy,YAF,thought,neutral,happy,YAF_thought_neutral.wav,YAF_thought_happy.wav,-3.1249999403953552,6.5625002179294825,-3.2500000596046448,6.062499854713678,9.50000003632158,-0.3125002412125468,-0.37500024400651455
YAF_thought_neutral_sad,YAF,thought,neutral,sad,YAF_thought_neutral.wav,YAF_thought_sad.wav,0.125,6.562499821186066,-0.375,6.687499850988388,6.749999836087227,-0.1874999850988388,0.6250000298023224
YAF_thought_neutral_angry,YAF,thought,neutral,angry,YAF_thought_neutral.wav,YAF_thought_angry.wav,-2.3749999403953552,7.124999845400453,-1.9999999403953552,7.9374998696148396,9.718749797903001,0.5937500121071935,0.43750002421438694
YAF_thought_happy_sad,YAF,thought,happy,sad,YAF_thought_happy.wav,YAF_thought_sad.wav,-4.687499854713678,3.0000000447034836,-5.062500160187483,3.250000089406967,8.000000074505806,-0.06250013038516045,0.625000350177288
YAF_thought_happy_angry,YAF,thought,happy,angry,YAF_thought_happy.wav,YAF_thought_angry.wav,-3.9999998547136784,5.249999785795808,-4.812499890103936,6.1874998696148396,10.124999700114131,0.06250002421438694,1.7500001192092896
YAF_thought_sad_angry,YAF,thought,sad,angry,YAF_thought_sad.wav,YAF_thought_angry.wav,-0.9999999701976776,6.874999838881195,-1.3750000298023224,7.1874998696148396,8.218749854248017,-0.03125001443549991,0.6875000903382897
YAF_thumb_neutral_happy,YAF,thumb,neutral,happy,YAF_thumb_neutral.wav,YAF_thumb_happy.wav,1.875,6.562500147148967,1.6875,6.562499778345227,4.781249962747097,-0.09375018440186977,0.18749963119626045
YAF_thumb_neutral_sad,YAF,thumb,neutral,sad,YAF_thumb_neutral.wav,YAF_thumb_sad.wav,4.3749998807907104,4.875,4.4999998807907104,4.4375001192092896,0.21875017881393433,-0.15624994039535522,-0.5624998807907104
YAF_thumb_neutral_angry,YAF,thumb,neutral,angry,YAF_thumb_neutral.wav,YAF_thumb_angry.wav,2.375,7.68750003259629,2.25,7.499999982304871,5.281250007450581,-0.15625002514570951,-0.06250005029141903
YAF_thumb_happy_sad,YAF,thumb,happy,sad,YAF_thumb_happy.wav,YAF_thumb_sad.wav,-4.437499778345227,1.0,-4.250000027939677,0.25,4.968749903142452,-0.281250124797225,-0.93749975040555
YAF_thumb_happy_angry,YAF,thumb,happy,angry,YAF_thumb_happy.wav,YAF_thumb_angry.wav,-5.062499778345227,7.125000179279596,-5.312499785795808,6.499999982304871,11.99999986286275,-0.43750010221265256,-0.37500018952414393
YAF_thumb_sad_angry,YAF,thumb,sad,angry,YAF_thumb_sad.wav,YAF_thumb_angry.wav,-2.8750001192092896,6.625000221654773,-2.9999998807907104,6.374999982304871,9.437500101979822,-0.1875000004656613,-0.12500047776848078
YAF_time_neutral_happy,YAF,time,neutral,happy,YAF_time_neutral.wav,YAF_time_happy.wav,-0.6249997615814209,6.750000037252903,-0.375,6.56250000372529,7.156249901279807,0.031249864026904106,-0.4374997951090336
YAF_time_neutral_sad,YAF,time,neutral,sad,YAF_time_neutral.wav,YAF_time_sad.wav,3.625,5.750000089406967,3.8750001043081284,5.875000059604645,2.062500022351742,0.18750003725290298,-0.12500013411045074
YAF_time_neutral_angry,YAF,time,neutral,angry,YAF_time_neutral.wav,YAF_time_angry.wav,1.625,8.812499909196049,1.0,8.562499887309968,7.374999898253009,-0.43750001094304025,0.3749999781139195
YAF_time_happy_sad,YAF,time,happy,sad,YAF_time_happy.wav,YAF_time_sad.wav,-3.2500000037252903,0.8749999403953552,-3.6249999664723873,1.8750000596046448,4.812499985098839,0.31250007823109627,1.3750000819563866
YAF_time_happy_angry,YAF,time,happy,angry,YAF_time_happy.wav,YAF_time_angry.wav,-4.50000000372529,5.687499998137355,-4.625000074505806,5.9374998873099685,10.37499998183921,0.062499909196048975,0.3749999599531293
YAF_time_sad_angry,YAF,time,sad,angry,YAF_time_sad.wav,YAF_time_angry.wav,-2.6250000596046448,7.249999925028533,-2.7499999701976776,7.1874998873099685,9.906249921070412,-0.09374997415579855,0.062499872874468565
YAF_tip_neutral_happy,YAF,tip,neutral,happy,YAF_tip_neutral.wav,YAF_tip_happy.wav,2.562500238418579,7.062499821186066,2.1875,7.2499998062849045,4.7812496945261955,-0.09375012665987015,0.5625002235174179
YAF_tip_neutral_sad,YAF,tip,neutral,sad,YAF_tip_neutral.wav,YAF_tip_sad.wav,5.562500208616257,5.874999821186066,5.6875001937150955,5.562500029802322,0.09374972432851791,-0.09374990314245224,-0.4374997764825821
YAF_tip_neutral_angry,YAF,tip,neutral,angry,YAF_tip_neutral.wav,YAF_tip_angry.wav,3.437500238418579,7.624999793246388,3.6250001192092896,7.6249999441206455,4.093749689869583,0.09375001583248377,-0.18749972991645336
YAF_tip_happy_sad,YAF,tip,happy,sad,YAF_tip_happy.wav,YAF_tip_sad.wav,-3.1250000447034836,3.249999985098839,-1.0000000596046448,2.6250000298023224,5.000000059604645,0.7500000149011612,-2.7499999403953552
YAF_tip_happy_angry,YAF,tip,happy,angry,YAF_tip_happy.wav,YAF_tip_angry.wav,-4.8124998062849045,5.687499867752194,-4.125000029802322,6.3124999441206455,10.468749823980033,0.6562499264255166,-0.062499700114130974
YAF_tip_sad_angry,YAF,tip,sad,angry,YAF_tip_sad.wav,YAF_tip_angry.wav,-1.8750000298023224,6.874999845400453,-2.2500001192092896,6.5624999441206455,8.781249969266355,-0.3437499953433871,0.06250018812716007
YAF_tire_neutral_happy,YAF,tire,neutral,happy,YAF_tire_neutral.wav,YAF_tire_happy.wav,-2.375,6.374999985098839,-2.125,6.562500175088644,8.718750080093741,0.2187500949949026,-0.06249981001019478
YAF_tire_neutral_sad,YAF,tire,neutral,sad,YAF_tire_neutral.wav,YAF_tire_sad.wav,1.1249999701976776,6.187499821186066,1.1249999701976776,5.5,4.718749940395355,-0.34374991059303284,-0.6874998211860657
YAF_tire_neutral_angry,YAF,tire,neutral,angry,YAF_tire_neutral.wav,YAF_tire_angry.wav,-0.625,6.687499903142452,-2.1249999403953552,6.312499983236194,7.874999913387001,-0.9374999301508069,1.1250000204890966
YAF_tire_happy_sad,YAF,tire,happy,sad,YAF_tire_happy.wav,YAF_tire_sad.wav,-3.624999936670065,0.7499999403953552,-3.8750000782310963,0.625,4.437499977648258,-0.18750004097819328,0.12500020116567612
YAF_tire_happy_angry,YAF,tire,happy,angry,YAF_tire_happy.wav,YAF_tire_angry.wav,-4.875000175088644,6.00000018440187,-4.000000052154064,5.812499983236194,10.343750197440386,0.34374996088445187,-1.062500324100256
YAF_tire_sad_angry,YAF,tire,sad,angry,YAF_tire_sad.wav,YAF_tire_angry.wav,-1.5,5.875000199768692,-2.1249998807907104,6.062499983236194,7.781250031897798,-0.21875004866160452,0.8124996642582119
YAF_ton_neutral_happy,YAF,ton,neutral,happy,YAF_ton_neutral.wav,YAF_ton_happy.wav,-1.8750001192092896,6.375000201165676,-2.1250001192092896,6.37499987706542,8.375000158324838,-0.12500016205012798,0.24999967589974403
YAF_ton_neutral_sad,YAF,ton,neutral,sad,YAF_ton_neutral.wav,YAF_ton_sad.wav,1.7499999701976776,7.062499985098839,3.375000014901161,6.749999783933163,4.343749891966581,0.6562499217689037,-1.9375002458691597
YAF_ton_neutral_angry,YAF,ton,neutral,angry,YAF_ton_neutral.wav,YAF_ton_angry.wav,-1.1250001192092896,8.875000143423676,-0.125,9.12499987334013,9.625000067986548,0.6249999245628715,-0.7500003892928362
YAF_ton_happy_sad,YAF,ton,happy,sad,YAF_ton_happy.wav,YAF_ton_sad.wav,-3.7500001154839993,2.7499999701976776,-3.3750000037252903,2.750000022351742,6.3125000558793545,0.18750008195638657,-0.3750000596046448
YAF_ton_happy_angry,YAF,ton,happy,angry,YAF_ton_happy.wav,YAF_ton_angry.wav,-4.93749987706542,5.687500058673322,-4.874999875202775,6.68749987334013,11.093749842140824,0.5312499082647264,0.9374998128041625
YAF_ton_sad_angry,YAF,ton,sad,angry,YAF_ton_sad.wav,YAF_ton_angry.wav,-2.750000022351742,6.87499996740371,-2.6249999701976776,7.37499987334013,9.81249991664663,0.31249997904524207,0.3749998537823558
YAF_tool_neutral_happy,YAF,tool,neutral,happy,YAF_tool_neutral.wav,YAF_tool_happy.wav,-1.375,6.125000195577741,-2.7499999403953552,4.625000204890966,7.437500170432031,-1.4374999655410647,-0.12500005029141903
YAF_tool_neutral_sad,YAF,tool,neutral,sad,YAF_tool_neutral.wav,YAF_tool_sad.wav,2.1249999701976776,6.374999813735485,3.7500000298023224,5.562500178813934,3.0312499962747097,0.406250212341547,-2.4374996945261955
YAF_tool_neutral_angry,YAF,tool,neutral,angry,YAF_tool_neutral.wav,YAF_tool_angry.wav,0.375,8.187500427477062,-0.875,8.437500071711838,8.56250024959445,-0.5000001778826118,1.4999996442347765
YAF_tool_happy_sad,YAF,tool,happy,sad,YAF_tool_happy.wav,YAF_tool_sad.wav,-4.937500204890966,3.0,-4.812499839812517,2.1249999403953552,7.437499992549419,-0.37499984726309776,-1.000000424683094
YAF_tool_happy_angry,YAF,tool,happy,angry,YAF_tool_happy.wav,YAF_tool_angry.wav,-4.375000204890966,5.562500034458935,-4.937500145286322,5.750000071711838,10.31250022817403,-0.18749995157122612,0.7499999776482582
YAF_tool_sad_angry,YAF,tool,sad,angry,YAF_tool_sad.wav,YAF_tool_angry.wav,-2.2499999403953552,6.8750001466833055,-2.0,6.812500071711838,8.96875007939525,0.09374993271194398,-0.3125000153668225
YAF_tough_neutral_happy,YAF,tough,neutral,happy,YAF_tough_neutral.wav,YAF_tough_happy.wav,1.812500238418579,6.125000059604645,1.875,6.124999787658453,4.281249804422259,0.031249744817614555,-0.06250003352761269
YAF_tough_neutral_sad,YAF,tough,neutral,sad,YAF_tough_neutral.wav,YAF_tough_sad.wav,4.937500149011612,5.4999998807907104,4.9999998807907104,4.9374998807907104,0.24999986588954926,-0.25000013411045074,-0.6249997317790985
YAF_tough_neutral_angry,YAF,tough,neutral,angry,YAF_tough_neutral.wav,YAF_tough_angry.wav,3.4375001192092896,8.374999829102308,3.750000238418579,9.062499965541065,5.124999718507752,0.5000001278240234,0.37500001722946763
YAF_tough_happy_sad,YAF,tough,happy,sad,YAF_tough_happy.wav,YAF_tough_sad.wav,-4.124999787658453,1.8749999701976776,-1.6250000298023224,1.625,4.6249998938292265,1.1249998938292265,-2.749999728053808
YAF_tough_happy_angry,YAF,tough,happy,angry,YAF_tough_happy.wav,YAF_tough_angry.wav,-4.999999787658453,7.000000161584467,-4.562499985098839,7.062499965541065,11.812499949941412,0.2499998032581061,-0.37499999860301614
YAF_tough_sad_angry,YAF,tough,sad,angry,YAF_tough_sad.wav,YAF_tough_angry.wav,-2.1249998807907104,8.062500428408384,-2.4999999701976776,7.937499965541065,10.312500122468919,-0.2500002761371434,0.24999962653964758
YAF_turn_neutral_happy,YAF,turn,neutral,happy,YAF_turn_neutral.wav,YAF_turn_happy.wav,2.687500238418579,4.937499955296516,2.3125,4.5624998062849045,2.249999761581421,-0.3750001937150955,8.940696716308594e-08
YAF_turn_neutral_sad,YAF,turn,neutral,sad,YAF_turn_neutral.wav,YAF_turn_sad.wav,5.687500178813934,6.6874997690320015,5.062499970197678,6.937499888241291,1.4374997541308403,-0.18750004470348358,0.8750003278255463
YAF_turn_neutral_angry,YAF,turn,neutral,angry,YAF_turn_neutral.wav,YAF_turn_angry.wav,3.312500238418579,7.937500020023435,2.875000238418579,8.375000432133675,5.062499987659976,2.0605511963367462e-07,0.8750004121102393
YAF_turn_happy_sad,YAF,turn,happy,sad,YAF_turn_happy.wav,YAF_turn_sad.wav,-3.3750000447034836,3.3750001043081284,-3.250000111758709,2.999999888241291,6.500000074505806,-0.12500014156103134,-0.5000001490116119
YAF_turn_happy_angry,YAF,turn,happy,angry,YAF_turn_happy.wav,YAF_turn_angry.wav,-3.3750000447034836,5.562499957159162,-3.2500000596046448,7.249999955296516,9.718750008381903,0.9062499916180968,1.562500013038516
YAF_turn_sad_angry,YAF,turn,sad,angry,YAF_turn_sad.wav,YAF_turn_angry.wav,-2.624999888241291,6.749999779742211,-3.000000074505806,6.749999955296516,9.562499848892912,-0.1875000053551048,0.37500036181882024
YAF_vine_neutral_happy,YAF,vine,neutral,happy,YAF_vine_neutral.wav,YAF_vine_happy.wav,1.500000238418579,6.499999854713678,1.374999761581421,6.812499962747097,5.218749908730388,0.09374981559813023,0.43750058487057686
YAF_vine_neutral_sad,YAF,vine,neutral,sad,YAF_vine_neutral.wav,YAF_vine_sad.wav,5.000000223517418,7.125000186264515,5.6250001192092896,7.249999992549419,1.8749999180436134,0.37499985098838806,-0.5000000894069672
YAF_vine_neutral_angry,YAF,vine,neutral,angry,YAF_vine_neutral.wav,YAF_vine_angry.wav,3.125000238418579,7.500000040978193,4.1875,8.249999850988388,4.218749826774001,0.9062497857958078,-0.3124999515712261
YAF_vine_happy_sad,YAF,vine,happy,sad,YAF_vine_happy.wav,YAF_vine_sad.wav,-3.249999962747097,3.3750000447034836,-3.8750000167638063,3.3749999925494194,6.937500008381903,-0.31250005308538675,0.6250000018626451
YAF_vine_happy_angry,YAF,vine,happy,angry,YAF_vine_happy.wav,YAF_vine_angry.wav,-5.187499962747097,6.874999845866114,-5.874999932944775,7.187499850988388,12.562499796273187,-0.18749998253770173,0.9999999753199518
YAF_vine_sad_angry,YAF,vine,sad,angry,YAF_vine_sad.wav,YAF_vine_angry.wav,-2.4999999925494194,6.625000101514161,-2.250000089406967,6.624999850988388,9.000000017229468,0.12499982630833983,-0.2500001536682248
YAF_voice_neutral_happy,YAF,voice,neutral,happy,YAF_voice_neutral.wav,YAF_voice_happy.wav,3.3125,6.749999895691872,2.562499761581421,6.499999802559614,3.6874999683350325,-0.5000001657754183,0.5000001452863216
YAF_voice_neutral_sad,YAF,voice,neutral,sad,YAF_voice_neutral.wav,YAF_voice_sad.wav,6.062499955296516,6.437499910593033,5.812500059604645,6.312499821186066,0.43749985843896866,-0.1874999925494194,0.12499980628490448
YAF_voice_neutral_angry,YAF,voice,neutral,angry,YAF_voice_neutral.wav,YAF_voice_angry.wav,4.4375,8.562499542720616,4.3125,8.687500415369868,4.249999979045242,4.363246262073517e-07,0.2500008726492524
YAF_voice_happy_sad,YAF,voice,happy,sad,YAF_voice_happy.wav,YAF_voice_sad.wav,-4.374999802559614,2.6249999701976776,-4.2500000186264515,2.1250000596046448,6.687499925494194,-0.18750006332993507,-0.6249996945261955
YAF_voice_happy_angry,YAF,voice,happy,angry,YAF_voice_happy.wav,YAF_voice_angry.wav,-5.312499802559614,5.937499926891178,-5.687499897554517,6.56249993853271,11.74999978276901,0.12499995832331479,1.0000001066364348
YAF_voice_sad_angry,YAF,voice,sad,angry,YAF_voice_sad.wav,YAF_voice_angry.wav,-1.8750000596046448,7.250000231899321,-2.6249998807907104,7.62499993853271,9.687500055413693,-0.18750005727633834,1.1249995278194547
YAF_void_neutral_happy,YAF,void,neutral,happy,YAF_void_neutral.wav,YAF_void_happy.wav,0.625,7.562500015832484,0.75,7.4374999506399035,6.812499983236194,-3.259629011154175e-08,-0.2500000651925802
YAF_void_neutral_sad,YAF,void,neutral,sad,YAF_void_neutral.wav,YAF_void_sad.wav,3.6250000596046448,6.250000089406967,3.2499999403953552,6.562499910593033,2.96875,-0.03125014901161194,0.6874999403953552
YAF_void_neutral_angry,YAF,void,neutral,angry,YAF_void_neutral.wav,YAF_void_angry.wav,1.75,8.50000003259629,1.75,8.50000036880374,6.750000200700015,1.6810372471809387e-07,3.3620744943618774e-07
YAF_void_happy_sad,YAF,void,happy,sad,YAF_void_happy.wav,YAF_void_sad.wav,-4.8124999506399035,1.875,-5.062499771825969,2.249999910593033,6.999999816529453,0.06250004470348358,0.6249997317790985
YAF_void_happy_angry,YAF,void,happy,angry,YAF_void_happy.wav,YAF_void_angry.wav,-5.6249999506399035,7.000000087078661,-5.999999789521098,7.374999891966581,12.999999859603122,-1.6996636986732483e-08,0.7499996437691152
YAF_void_sad_angry,YAF,void,sad,angry,YAF_void_sad.wav,YAF_void_angry.wav,-2.249999910593033,7.062500077299774,-2.4999999403953552,7.312499891966581,9.562499910127372,-1.0756775736808777e-07,0.49999984446913004
YAF_vote_neutral_happy,YAF,vote,neutral,happy,YAF_vote_neutral.wav,YAF_vote_happy.wav,2.5,7.37500021699816,2.6875,7.4374997853301466,4.812500001164153,0.12499978416599333,-0.12500043166801333
YAF_vote_neutral_sad,YAF,vote,neutral,sad,YAF_vote_neutral.wav,YAF_vote_sad.wav,4.124999970197678,5.6249998807907104,4.7499998807907104,5.312499821186066,1.031249925494194,0.15624992549419403,-0.9374999701976776
YAF_vote_neutral_angry,YAF,vote,neutral,angry,YAF_vote_neutral.wav,YAF_vote_angry.wav,2.75,7.4374998840503395,3.062500238418579,7.000000213738531,4.312499929685146,-0.06249971594661474,-0.7499999087303877
YAF_vote_happy_sad,YAF,vote,happy,sad,YAF_vote_happy.wav,YAF_vote_sad.wav,-5.6249997853301466,1.25,-4.937500162981451,1.2500000596046448,6.531250003958121,0.3437498409766704,-0.6874995627440512
YAF_vote_happy_angry,YAF,vote,happy,angry,YAF_vote_happy.wav,YAF_vote_angry.wav,-5.9999997853301466,6.999999803956598,-5.812500040046871,6.937500213738531,12.874999921536073,0.06250007753260434,-0.249999335501343
YAF_vote_sad_angry,YAF,vote,sad,angry,YAF_vote_sad.wav,YAF_vote_angry.wav,-1.7500000596046448,6.437499835155904,-1.3750000596046448,6.500000213738531,8.031250084051862,0.2187501892913133,-0.3124996214173734
YAF_wag_neutral_happy,YAF,wag,neutral,happy,YAF_wag_neutral.wav,YAF_wag_happy.wav,1.25,7.062500189058483,1.250000238418579,6.625000002793968,5.593749976716936,-0.2187499739229679,-0.437500424683094
YAF_wag_neutral_sad,YAF,wag,neutral,sad,YAF_wag_neutral.wav,YAF_wag_sad.wav,3.750000089406967,5.937500149011612,3.0,5.687499850988388,2.4374999552965164,-0.5000001937150955,0.4999997913837433
YAF_wag_neutral_angry,YAF,wag,neutral,angry,YAF_wag_neutral.wav,YAF_wag_angry.wav,2.2500001192092896,8.562500097323209,2.5000001192092896,8.750000092899427,6.281249975902028,0.21874999778810889,-0.06250000442378223
YAF_wag_happy_sad,YAF,wag,happy,sad,YAF_wag_happy.wav,YAF_wag_sad.wav,-5.812500002793968,1.9999999850988388,-5.50000015925616,1.3749999701976776,7.343750058673322,-0.15625008568167686,-0.9374998584389687
YAF_wag_happy_angry,YAF,wag,happy,angry,YAF_wag_happy.wav,YAF_wag_angry.wav,-5.750000002793968,6.187500052154064,-5.625000014901161,7.062500092899427,12.31250008137431,0.5000000143190846,0.7500000528525561
YAF_wag_sad_angry,YAF,wag,sad,angry,YAF_wag_sad.wav,YAF_wag_angry.wav,-1.3749999701976776,7.624999865423888,-1.375,7.875000092899427,9.124999964260496,0.12500009883660823,0.25000025727786124
YAF_walk_neutral_happy,YAF,walk,neutral,happy,YAF_walk_neutral.wav,YAF_walk_happy.wav,1.125,7.062500024214387,1.312499761581421,7.124999774619937,5.8750000186264515,0.12499975599348545,-0.1250000111758709
YAF_walk_neutral_sad,YAF,walk,neutral,sad,YAF_walk_neutral.wav,YAF_walk_sad.wav,3.5000000298023224,6.562499865889549,3.8124998211860657,6.499999940395355,2.874999977648258,0.12499993294477463,-0.3749997168779373
YAF_walk_neutral_angry,YAF,walk,neutral,angry,YAF_walk_neutral.wav,YAF_walk_angry.wav,2.625,8.374999768100679,2.875,8.624999880092219,5.749999824096449,0.2500000559957698,1.1199153959751129e-07
YAF_walk_happy_sad,YAF,walk,happy,sad,YAF_walk_happy.wav,YAF_walk_sad.wav,-4.874999774619937,1.9999998956918716,-4.624999949708581,2.1249999403953552,6.812499780207872,0.18749993480741978,-0.12499978020787239
YAF_walk_happy_angry,YAF,walk,happy,angry,YAF_walk_happy.wav,YAF_walk_angry.wav,-4.937499774619937,6.312500026077032,-4.937499949708581,6.8124998800922185,11.499999815248884,0.2499998394632712,0.5000000291038305
YAF_walk_sad_angry,YAF,walk,sad,angry,YAF_walk_sad.wav,YAF_walk_angry.wav,-2.1249999403953552,6.937500215135515,-2.25,6.9374998800922185,9.125000017811544,-0.0625001973239705,0.12499972456134856
YAF_wash_neutral_happy,YAF,wash,neutral,happy,YAF_wash_neutral.wav,YAF_wash_happy.wav,-0.75,6.812499908730388,-0.25,6.68750012293458,7.250000015832484,0.18750010710209608,-0.6249997857958078
YAF_wash_neutral_sad,YAF,wash,neutral,sad,YAF_wash_neutral.wav,YAF_wash_sad.wav,2.250000074505806,6.1875,3.2500000298023224,6.125000029802322,3.406249962747097,0.4687499925494194,-1.062499925494194
YAF_wash_neutral_angry,YAF,wash,neutral,angry,YAF_wash_neutral.wav,YAF_wash_angry.wav,-0.25,7.625000054016709,1.625,8.124999677296728,7.187499865656719,1.1874998116400093,-1.3750003767199814
YAF_wash_happy_sad,YAF,wash,happy,sad,YAF_wash_happy.wav,YAF_wash_sad.wav,-4.68750012293458,1.5,-4.375000219792128,1.7500000298023224,6.156250186264515,0.2812499664723873,-0.06249987334012985
YAF_wash_happy_angry,YAF,wash,happy,angry,YAF_wash_happy.wav,YAF_wash_angry.wav,-4.25000012293458,6.499999810475856,-4.999999969266355,7.000000154133886,11.375000028405339,-0.12499975133687258,1.2500001899898052
YAF_wash_sad_angry,YAF,wash,sad,angry,YAF_wash_sad.wav,YAF_wash_angry.wav,-1.1250000298023224,7.437499813735485,-1.2500000596046448,7.437500154133886,8.62500002863817,-0.06249984470196068,0.1250003702007234
YAF_week_neutral_happy,YAF,week,neutral,happy,YAF_week_neutral.wav,YAF_week_happy.wav,-1.375,6.812499827705324,-1.5,6.624999885447323,8.156249856576324,-0.1562499711290002,-0.062499942258000374
YAF_week_neutral_sad,YAF,week,neutral,sad,YAF_week_neutral.wav,YAF_week_sad.wav,2.625,6.749999791383743,3.375000089406967,6.562499836087227,3.6562497690320015,0.2812500670552254,-0.9375000447034836
YAF_week_neutral_angry,YAF,week,neutral,angry,YAF_week_neutral.wav,YAF_week_angry.wav,0.5,7.812500044703484,-0.375,7.6874998905695975,7.6874999676365405,-0.500000077066943,0.7499998458661139
YAF_week_happy_sad,YAF,week,happy,sad,YAF_week_happy.wav,YAF_week_sad.wav,-5.749999885447323,3.2499999701976776,-5.937499797903001,2.750000074505806,8.843749864026904,-0.3437499040737748,-0.31249998323619366
YAF_week_happy_angry,YAF,week,happy,angry,YAF_week_happy.wav,YAF_week_angry.wav,-5.687499885447323,6.124999861232936,-5.812500212341547,6.9374998905695975,12.281249924795702,0.3437498512212187,0.9375003562308848
YAF_week_sad_angry,YAF,week,sad,angry,YAF_week_sad.wav,YAF_week_angry.wav,-2.000000074505806,6.562500030267984,-1.9999999850988388,6.6874998905695975,8.624999990221113,0.062499974854290485,0.12499977089464664
YAF_wheat_neutral_happy,YAF,wheat,neutral,happy,YAF_wheat_neutral.wav,YAF_wheat_happy.wav,1.625,6.625000026077032,1.75,6.625000214204192,4.937500120140612,0.06250009406358004,-0.12499981187283993
YAF_wheat_neutral_sad,YAF,wheat,neutral,sad,YAF_wheat_neutral.wav,YAF_wheat_sad.wav,4.499999910593033,6.375000208616257,4.1875001192092896,5.375,1.5312500894069672,-0.65625,-0.6875004172325134
YAF_wheat_neutral_angry,YAF,wheat,neutral,angry,YAF_wheat_neutral.wav,YAF_wheat_angry.wav,2.375,7.249999883584678,2.249999761581421,8.06250016251579,5.343750142259523,0.343750020256266,0.9375005173496902
YAF_wheat_happy_sad,YAF,wheat,happy,sad,YAF_wheat_happy.wav,YAF_wheat_sad.wav,-5.187500214204192,1.6249999701976776,-5.625000181607902,0.25,6.343750183004886,-0.9062499688006938,-0.9375000027939677
YAF_wheat_happy_angry,YAF,wheat,happy,angry,YAF_wheat_happy.wav,YAF_wheat_angry.wav,-4.500000214204192,4.875,-5.249999984167516,5.687500162515789,10.156250180443749,0.0312501962762326,1.5624999324791133
YAF_wheat_sad_angry,YAF,wheat,sad,angry,YAF_wheat_sad.wav,YAF_wheat_angry.wav,-1.375,7.250000114087015,-2.2499999701976776,6.562500162515789,8.718750123400241,-0.7812499608844519,0.1875000186264515
YAF_when_neutral_happy,YAF,when,neutral,happy,YAF_when_neutral.wav,YAF_when_happy.wav,-0.375,6.687499798834324,-0.5,6.8125,7.187499899417162,1.0058283805847168e-07,0.2500002011656761
YAF_when_neutral_sad,YAF,when,neutral,sad,YAF_when_neutral.wav,YAF_when_sad.wav,3.125000074505806,5.812500059604645,3.2499998956918716,5.999999821186066,2.7187499552965164,0.1562497913837433,0.062499940395355225
YAF_when_neutral_angry,YAF,when,neutral,angry,YAF_when_neutral.wav,YAF_when_angry.wav,1.5000001192092896,2.2499998807907104,0.25,1.3750000298023224,0.9374998956918716,-1.0624999850988388,0.3750002682209015
YAF_when_happy_sad,YAF,when,happy,sad,YAF_when_happy.wav,YAF_when_sad.wav,-2.625,2.125,-2.4999999180436134,1.8750000596046448,4.562499988824129,-0.06249992921948433,-0.3750000223517418
YAF_when_happy_angry,YAF,when,happy,angry,YAF_when_happy.wav,YAF_when_angry.wav,-4.6875,3.5,-4.562499761581421,2.0000000298023224,7.374999895691872,-0.6874998658895493,-1.6250002086162567
YAF_when_sad_angry,YAF,when,sad,angry,YAF_when_sad.wav,YAF_when_angry.wav,-1.7500000596046448,3.125000089406967,-1.625,3.4375000298023224,4.968750089406967,0.21875,0.18749988079071045
YAF_which_neutral_happy,YAF,which,neutral,happy,YAF_which_neutral.wav,YAF_which_happy.wav,1.0,6.687500056810677,-0.375,6.99999978672713,6.531249921768904,-0.5312501350417733,1.6874997299164534
YAF_which_neutral_sad,YAF,which,neutral,sad,YAF_which_neutral.wav,YAF_which_sad.wav,3.999999925494194,5.687500178813934,4.624999821186066,5.749999910593033,1.4062501713633537,0.3437498137354851,-0.5625001639127731
YAF_which_neutral_angry,YAF,which,neutral,angry,YAF_which_neutral.wav,YAF_which_angry.wav,2.3749998807907104,7.812499795574695,1.125,8.250000442378223,6.281250178581104,-0.4062496169935912,1.6875005275942385
YAF_which_happy_sad,YAF,which,happy,sad,YAF_which_happy.wav,YAF_which_sad.wav,-5.49999978672713,3.2499999403953552,-3.2500000409781933,2.749999910593033,7.374999839346856,0.8749998579733074,-2.7499997755512595
YAF_which_happy_angry,YAF,which,happy,angry,YAF_which_happy.wav,YAF_which_angry.wav,-5.87499978672713,7.062500113155693,-5.687499969266355,7.249999965541065,12.937499917345122,0.18749983492307365,3.4924596548080444e-08
YAF_which_sad_angry,YAF,which,sad,angry,YAF_which_sad.wav,YAF_which_angry.wav,-0.7500000298023224,7.125000088941306,-1.0000000596046448,7.124999965541065,8.000000071944669,-0.12500007660128176,0.24999990640208125
YAF_whip_neutral_happy,YAF,whip,neutral,happy,YAF_whip_neutral.wav,YAF_whip_happy.wav,1.5625,7.124999901279807,1.0625,7.249999940395355,5.874999920837581,-0.18749998044222593,0.6250000391155481
YAF_whip_neutral_sad,YAF,whip,neutral,sad,YAF_whip_neutral.wav,YAF_whip_sad.wav,5.625000074505806,5.8749998807907104,5.250000089406967,5.6249998807907104,0.3124997988343239,-0.3124999925494194,0.1249999850988388
YAF_whip_neutral_angry,YAF,whip,neutral,angry,YAF_whip_neutral.wav,YAF_whip_angry.wav,4.2500001192092896,7.437499960884452,4.062499761581421,7.124999790918082,3.1249999355059117,-0.25000026379711926,-0.12499981233850121
YAF_whip_happy_sad,YAF,whip,happy,sad,YAF_whip_happy.wav,YAF_whip_sad.wav,-3.6249999403953552,2.7499999701976776,-2.2499998956918716,2.7499998807907104,5.6874998435378075,0.6874999776482582,-1.3750001341104507
YAF_whip_happy_angry,YAF,whip,happy,angry,YAF_whip_happy.wav,YAF_whip_angry.wav,-5.187499940395355,5.9999997997656465,-5.3749997820705175,6.499999790918082,11.5312496565748,0.1562500747386366,0.6874998328275979
YAF_whip_sad_angry,YAF,whip,sad,angry,YAF_whip_sad.wav,YAF_whip_angry.wav,-1.5,6.500000033527613,-1.6250000298023224,6.687499790918082,8.156249927124009,0.031249863794073462,0.3124997871927917
YAF_white_neutral_happy,YAF,white,neutral,happy,YAF_white_neutral.wav,YAF_white_happy.wav,0.7499997615814209,7.375000116415322,0.875,7.499999767169356,6.625000061001629,0.12499994458630681,-5.876645445823669e-07
YAF_white_neutral_sad,YAF,white,neutral,sad,YAF_white_neutral.wav,YAF_white_sad.wav,4.249999791383743,5.937500089406967,4.937500208616257,5.687499850988388,1.2187499701976776,0.21875008940696716,-0.9375006556510925
YAF_white_neutral_angry,YAF,white,neutral,angry,YAF_white_neutral.wav,YAF_white_angry.wav,2.749999761581421,7.437499862164259,2.499999761581421,8.062499788124114,5.125000063562766,0.18749996297992766,0.8749999259598553
YAF_white_happy_sad,YAF,white,happy,sad,YAF_white_happy.wav,YAF_white_sad.wav,-4.374999767169356,2.7499998807907104,-4.624999831430614,1.8750000894069672,6.812499784398824,-0.5624999278225005,-0.6249997271224856
YAF_white_happy_angry,YAF,white,happy,angry,YAF_white_happy.wav,YAF_white_angry.wav,-5.312499767169356,6.749999980442226,-5.374999940395355,7.062499788124114,12.249999738065526,0.12499981722794473,0.3749999809078872
YAF_white_sad_angry,YAF,white,sad,angry,YAF_white_sad.wav,YAF_white_angry.wav,-1.4999999701976776,7.000000095926225,-2.3749999701976776,7.249999788124114,9.062499912222847,-0.31250015390105546,1.124999692197889
YAF_wife_neutral_happy,YAF,wife,neutral,happy,YAF_wife_neutral.wav,YAF_wife_happy.wav,2.2500001192092896,7.374999854713678,2.562499761581421,7.437499936670065,4.999999955296516,0.18749986216425896,-0.24999956041574478
YAF_wife_neutral_sad,YAF,wife,neutral,sad,YAF_wife_neutral.wav,YAF_wife_sad.wav,3.6250001192092896,5.875,4.375000059604645,5.999999821186066,1.9374998211860657,0.43749988079071045,-0.6250001192092896
YAF_wife_neutral_angry,YAF,wife,neutral,angry,YAF_wife_neutral.wav,YAF_wife_angry.wav,2.5000001192092896,7.999999607913196,3.499999761581421,9.000000195810571,5.4999999614665285,1.0000001151347533,9.455252438783646e-07
YAF_wife_happy_sad,YAF,wife,happy,sad,YAF_wife_happy.wav,YAF_wife_sad.wav,-5.437499936670065,1.125,-4.875000216066837,1.6250000596046448,6.5312501061707735,0.5312498901039362,-0.06249966099858284
YAF_wife_happy_angry,YAF,wife,happy,angry,YAF_wife_happy.wav,YAF_wife_angry.wav,-4.249999936670065,7.4999999676365405,-4.625000212341547,7.562500195810571,11.968750156229362,-0.15625002374872565,0.43750050384551287
YAF_wife_sad_angry,YAF,wife,sad,angry,YAF_wife_sad.wav,YAF_wife_angry.wav,-1.8750000596046448,7.625000077532604,-1.6250001192092896,7.875000195810571,9.500000226078555,0.2500000293366611,1.778826117515564e-07
YAF_wire_neutral_happy,YAF,wire,neutral,happy,YAF_wire_neutral.wav,YAF_wire_happy.wav,0.625,5.9999999683350325,0.25,6.500000096857548,5.81250003259629,0.06250006426125765,0.8750001285225153
YAF_wire_neutral_sad,YAF,wire,neutral,sad,YAF_wire_neutral.wav,YAF_wire_sad.wav,3.749999910593033,6.250000149011612,3.250000074505806,5.749999940395355,2.500000052154064,-0.5000000223517418,-3.725290298461914e-07
YAF_wire_neutral_angry,YAF,wire,neutral,angry,YAF_wire_neutral.wav,YAF_wire_angry.wav,2.3749998807907104,7.31250003632158,1.5,7.749999857041985,5.593750006286427,-0.21875003003515303,1.3124997015111148
YAF_wire_happy_sad,YAF,wire,happy,sad,YAF_wire_happy.wav,YAF_wire_sad.wav,-4.250000096857548,2.124999910593033,-5.249999990686774,1.3749999403953552,6.499999969266355,-0.874999932013452,0.24999992363154888
YAF_wire_happy_angry,YAF,wire,happy,angry,YAF_wire_happy.wav,YAF_wire_angry.wav,-5.437500096857548,6.874999787425622,-5.437499975785613,7.062499857041985,12.406249858555384,0.09375009534414858,0.18749994854442775
YAF_wire_sad_angry,YAF,wire,sad,angry,YAF_wire_sad.wav,YAF_wire_angry.wav,-1.6249999403953552,6.6249999683350325,-1.4999999701976776,7.187499857041985,8.468749867985025,0.343749929452315,0.4374999185092747
YAF_witch_neutral_happy,YAF,witch,neutral,happy,YAF_witch_neutral.wav,YAF_witch_happy.wav,2.624999761581421,6.374999977648258,2.375,6.124999985098839,3.750000100582838,-0.24999987706542015,-2.3096799850463867e-07
YAF_witch_neutral_sad,YAF,witch,neutral,sad,YAF_witch_neutral.wav,YAF_witch_sad.wav,5.6249998062849045,6.1249998807907104,4.562499761581421,5.312499940395355,0.6250001266598701,-0.9374999925494194,0.25000010430812836
YAF_witch_neutral_angry,YAF,witch,neutral,angry,YAF_witch_neutral.wav,YAF_witch_angry.wav,3.874999761581421,8.062500275671482,2.3125,8.375000045169145,5.125000279629603,-0.6249999960418791,1.8749995310790837
YAF_witch_happy_sad,YAF,witch,happy,sad,YAF_witch_happy.wav,YAF_witch_sad.wav,-4.187499985098839,1.2499999403953552,-4.375000149011612,1.3749999403953552,5.593750007450581,-0.031250081956386566,0.31250016391277313
YAF_witch_happy_angry,YAF,witch,happy,angry,YAF_witch_happy.wav,YAF_witch_angry.wav,-2.999999985098839,6.750000082887709,-3.0000000819563866,6.812500045169145,9.78125009755604,0.031249932711943984,0.06250005913898349
YAF_witch_sad_angry,YAF,witch,sad,angry,YAF_witch_sad.wav,YAF_witch_angry.wav,-0.4999999403953552,7.375000070314854,-0.25,7.687500045169145,7.906250027939677,0.28124995762482285,0.06250003445893526
YAF_yearn_neutral_happy,YAF,yearn,neutral,happy,YAF_yearn_neutral.wav,YAF_yearn_happy.wav,0.75,6.125000080093741,1.687499761581421,6.312499862164259,5.00000009033829,0.5624997718259692,-0.7499999795109034
YAF_yearn_neutral_sad,YAF,yearn,neutral,sad,YAF_yearn_neutral.wav,YAF_yearn_sad.wav,3.5000000298023224,6.3750001192092896,4.249999940395355,5.8749998807907104,2.250000014901161,0.12499983608722687,-1.250000149011612
YAF_yearn_neutral_angry,YAF,yearn,neutral,angry,YAF_yearn_neutral.wav,YAF_yearn_angry.wav,1.375,8.062500315718353,1.5,7.812500203028321,6.500000259373337,-0.06250005634501576,-0.37500011269003153
YAF_yearn_happy_sad,YAF,yearn,happy,sad,YAF_yearn_happy.wav,YAF_yearn_sad.wav,-3.500000100582838,1.25,-3.8749999664723873,1.625,5.125000033527613,6.705522537231445e-08,0.7499998658895493
YAF_yearn_happy_angry,YAF,yearn,happy,angry,YAF_yearn_happy.wav,YAF_yearn_angry.wav,-4.499999862164259,5.874999990686774,-4.937500165775418,6.187500203028321,10.750000110827386,-0.06250004563480616,0.7500005159527063
YAF_yearn_sad_angry,YAF,yearn,sad,angry,YAF_yearn_sad.wav,YAF_yearn_angry.wav,-2.2499998807907104,6.6249999944120646,-2.6249999403953552,6.250000203028321,8.875000009313226,-0.37499992549419403,2.682209014892578e-07
YAF_yes_neutral_happy,YAF,yes,neutral,happy,YAF_yes_neutral.wav,YAF_yes_happy.wav,0.8125002384185791,7.437500087544322,1.062500238418579,6.375,5.968749805353582,-0.406250043772161,-1.312500087544322
YAF_yes_neutral_sad,YAF,yes,neutral,sad,YAF_yes_neutral.wav,YAF_yes_sad.wav,4.312500178813934,6.125000178813934,3.75,6.249999791383743,2.1562498956918716,-0.21875028312206268,0.6874997913837433
YAF_yes_neutral_angry,YAF,yes,neutral,angry,YAF_yes_neutral.wav,YAF_yes_angry.wav,2.687500238418579,6.124999940395355,2.624999761581421,6.187499865889549,3.4999999031424522,-2.7567148208618164e-07,0.12500040233135223
YAF_yes_happy_sad,YAF,yes,happy,sad,YAF_yes_happy.wav,YAF_yes_sad.wav,-1.875,2.749999985098839,-1.7499999850988388,2.2500000298023224,4.3125,-0.1874999701976776,-0.6249999701976776
YAF_yes_happy_angry,YAF,yes,happy,angry,YAF_yes_happy.wav,YAF_yes_angry.wav,-4.9375,2.7499999925494194,-5.812500072643161,2.2500001043081284,7.875000084750354,-0.6874999804422259,0.3750001844018698
YAF_yes_sad_angry,YAF,yes,sad,angry,YAF_yes_sad.wav,YAF_yes_angry.wav,-1.6250000298023224,4.374999925494194,-1.375,4.499999865889549,5.937499910593033,0.1874999850988388,-0.12500008940696716
YAF_young_neutral_happy,YAF,young,neutral,happy,YAF_young_neutral.wav,YAF_young_happy.wav,2.250000238418579,6.874999973922968,1.8125,7.062499957159162,4.937499846331775,-0.12500012759119272,0.6250002216547728
YAF_young_neutral_sad,YAF,young,neutral,sad,YAF_young_neutral.wav,YAF_young_sad.wav,5.625000163912773,6.624999813735485,4.8749998807907104,5.937500134110451,1.0312499515712261,-0.7187499813735485,0.06250060349702835
YAF_young_neutral_angry,YAF,young,neutral,angry,YAF_young_neutral.wav,YAF_young_angry.wav,4.0000001192092896,7.000000145286322,3.75,7.249999865889549,3.2499999459832907,-1.993030309677124e-07,0.49999983981251717
YAF_young_happy_sad,YAF,young,happy,sad,YAF_young_happy.wav,YAF_young_sad.wav,-4.874999957159162,2.624999985098839,-4.249999821186066,1.8749998956918716,6.812499829567969,-0.062499976716935635,-1.375000225380063
YAF_young_happy_angry,YAF,young,happy,angry,YAF_young_happy.wav,YAF_young_angry.wav,-5.187499957159162,4.000000085681677,-5.187500037252903,5.062499865889549,9.718749972991645,0.5312498500570655,1.0624998603016138
YAF_young_sad_angry,YAF,young,sad,angry,YAF_young_sad.wav,YAF_young_angry.wav,-2.1249998956918716,6.812499774619937,-2.9999998807907104,6.312499865889549,9.124999708496034,-0.6874999469146132,0.3750000763684511
YAF_youth_neutral_happy,YAF,youth,neutral,happy,YAF_youth_neutral.wav,YAF_youth_happy.wav,2.8125,7.499999868683517,3.249999761581421,7.624999867286533,4.531249987194315,0.2812498800922185,-0.31249976297840476
YAF_youth_neutral_sad,YAF,youth,neutral,sad,YAF_youth_neutral.wav,YAF_youth_sad.wav,6.312499895691872,6.4999998062849045,6.562500134110451,5.875,-0.25000011175870895,-0.1874997839331627,-0.8750000447034836
YAF_youth_neutral_angry,YAF,youth,neutral,angry,YAF_youth_neutral.wav,YAF_youth_angry.wav,4.5624998807907104,8.812500078231096,4.3125,8.437499980442226,4.187500088941306,-0.3124999892897904,-0.12500021699815989
YAF_youth_happy_sad,YAF,youth,happy,sad,YAF_youth_happy.wav,YAF_youth_sad.wav,-6.562499867286533,1.0,-6.062500202096999,0.0,6.812500034691766,-0.2500001674052328,-1.4999996651895344
YAF_youth_happy_angry,YAF,youth,happy,angry,YAF_youth_happy.wav,YAF_youth_angry.wav,-6.499999867286533,6.999999798601493,-6.18749993480742,7.124999980442226,13.406249790568836,0.21875005715992302,-0.18749975063838065
YAF_youth_sad_angry,YAF,youth,sad,angry,YAF_youth_sad.wav,YAF_youth_angry.wav,-2.875,6.687499948777258,-2.8749999701976776,6.937499980442226,9.687499949708581,0.12500003073364496,0.25000000186264515
