pair_id,speaker,word,label_a,label_b,file_a,file_b,AA,AB,BA,BB,ME_C,ME_D,interaction
OAF_back_neutral_happy,OAF,back,neutral,happy,OAF_back_neutral.wav,OAF_back_happy.wav,-0.6875,0.375,-0.3750002384185791,-0.25,0.5937501192092896,-0.15625011920928955,-0.9374997615814209
OAF_back_neutral_sad,OAF,back,neutral,sad,OAF_back_neutral.wav,OAF_back_sad.wav,-1.1875,-1.0,-1.75,-0.6875,0.625,-0.125,0.875
OAF_back_neutral_angry,OAF,back,neutral,angry,OAF_back_neutral.wav,OAF_back_angry.wav,-1.875,-1.6875,-1.6875,-2.187499761581421,-0.15624988079071045,-0.15624988079071045,-0.6874997615814209
OAF_back_happy_sad,OAF,back,happy,sad,OAF_back_happy.wav,OAF_back_sad.wav,-0.7499997615814209,-0.375,-0.375,-0.5625,0.09374988079071045,0.09374988079071045,-0.5624997615814209
OAF_back_happy_angry,OAF,back,happy,angry,OAF_back_happy.wav,OAF_back_angry.wav,-1.249999761581421,-1.437499761581421,-1.3125,-1.999999761581421,-0.43749988079071045,-0.31250011920928955,-0.4999997615814209
OAF_back_sad_angry,OAF,back,sad,angry,OAF_back_sad.wav,OAF_back_angry.wav,-0.5,-1.3125,0.0625,-0.8125,-0.84375,0.53125,-0.0625
OAF_bar_neutral_happy,OAF,bar,neutral,happy,OAF_bar_neutral.wav,OAF_bar_happy.wav,0.625,1.125,1.5625,1.0,-0.03125,0.40625,-1.0625
OAF_bar_neutral_sad,OAF,bar,neutral,sad,OAF_bar_neutral.wav,OAF_bar_sad.wav,-1.5625,-1.6875,-1.5,-1.6875,-0.15625,0.03125,-0.0625
OAF_bar_neutral_angry,OAF,bar,neutral,angry,OAF_bar_neutral.wav,OAF_bar_angry.wav,-2.4375,-2.375,-1.75,-2.875,-0.53125,0.09375,-1.1875
OAF_bar_happy_sad,OAF,bar,happy,sad,OAF_bar_happy.wav,OAF_bar_sad.wav,-2.0,-1.937499761581421,-1.75,-1.6875,0.06250011920928955,0.24999988079071045,-2.384185791015625e-07
OAF_bar_happy_angry,OAF,bar,happy,angry,OAF_bar_happy.wav,OAF_bar_angry.wav,-3.625,-2.937499761581421,-3.59375,-3.375,0.45312511920928955,-0.20312511920928955,-0.4687502384185791
OAF_bar_sad_angry,OAF,bar,sad,angry,OAF_bar_sad.wav,OAF_bar_angry.wav,-0.875,-1.78125,-0.8125,-1.625,-0.859375,0.109375,0.09375
OAF_base_neutral_happy,OAF,base,neutral,happy,OAF_base_neutral.wav,OAF_base_happy.wav,0.4375,0.375,0.3125,0.25,-0.0625,-0.125,0.0
OAF_base_neutral_sad,OAF,base,neutral,sad,OAF_base_neutral.wav,OAF_base_sad.wav,-0.5625,-0.625,-1.21875,-0.375,0.390625,-0.203125,0.90625
OAF_base_neutral_angry,OAF,base,neutral,angry,OAF_base_neutral.wav,OAF_base_angry.wav,-2.093750476837158,-2.875000238418579,-2.3125,-2.125,-0.29687488079071045,0.26562535762786865,0.9687497615814209
OAF_base_happy_sad,OAF,base,happy,sad,OAF_base_happy.wav,OAF_base_sad.wav,-1.9375,-0.9375,-3.3125,-1.4375,1.4375,-0.9375,0.875
OAF_base_happy_angry,OAF,base,happy,angry,OAF_base_happy.wav,OAF_base_angry.wav,-3.5,-2.625000238418579,-3.125,-2.25,0.8749998807907104,0.37500011920928955,2.384185791015625e-07
OAF_base_sad_angry,OAF,base,sad,angry,OAF_base_sad.wav,OAF_base_angry.wav,-0.8125,-1.625,-0.875,-1.125,-0.53125,0.21875,0.5625
OAF_bath_neutral_happy,OAF,bath,neutral,happy,OAF_bath_neutral.wav,OAF_bath_happy.wav,1.8125,1.5625,1.375,1.625,0.0,-0.1875,0.5
OAF_bath_neutral_sad,OAF,bath,neutral,sad,OAF_bath_neutral.wav,OAF_bath_sad.wav,-0.375,-1.0625,-0.4375,-0.5,-0.375,0.25,0.625
OAF_bath_neutral_angry,OAF,bath,neutral,angry,OAF_bath_neutral.wav,OAF_bath_angry.wav,-1.375,-1.75,-1.562500238418579,-1.6875,-0.24999988079071045,-0.06250011920928955,0.2500002384185791
OAF_bath_happy_sad,OAF,bath,happy,sad,OAF_bath_happy.wav,OAF_bath_sad.wav,-2.1875,-2.125,-2.625,-3.0625,-0.1875,-0.6875,-0.5
OAF_bath_happy_angry,OAF,bath,happy,angry,OAF_bath_happy.wav,OAF_bath_angry.wav,-3.125,-3.125,-4.46875,-4.000000238418579,0.23437488079071045,-1.1093751192092896,0.4687497615814209
OAF_bath_sad_angry,OAF,bath,sad,angry,OAF_bath_sad.wav,OAF_bath_angry.wav,-0.625,-1.375,-0.875,-1.3125,-0.59375,-0.09375,0.3125
OAF_bean_neutral_happy,OAF,bean,neutral,happy,OAF_bean_neutral.wav,OAF_bean_happy.wav,-0.4375,0.75,0.5,0.125,0.40625,0.15625,-1.5625
OAF_bean_neutral_sad,OAF,bean,neutral,sad,OAF_bean_neutral.wav,OAF_bean_sad.wav,-1.5625,-0.625,-0.875,-0.875,0.46875,0.21875,-0.9375
OAF_bean_neutral_angry,OAF,bean,neutral,angry,OAF_bean_neutral.wav,OAF_bean_angry.wav,-2.9375,-1.5625,-1.625,-1.9375,0.53125,0.46875,-1.6875
OAF_bean_happy_sad,OAF,bean,happy,sad,OAF_bean_happy.wav,OAF_bean_sad.wav,-0.9375,-0.8124997615814209,-0.5624997615814209,-1.0625,-0.1875,0.0625,-0.6250004768371582
OAF_bean_happy_angry,OAF,bean,happy,angry,OAF_bean_happy.wav,OAF_bean_angry.wav,-2.4375,-2.34375,-2.437499761581421,-2.375,0.07812488079071045,-0.01562488079071045,-0.0312502384185791
OAF_bean_sad_angry,OAF,bean,sad,angry,OAF_bean_sad.wav,OAF_bean_angry.wav,-1.3750004768371582,-0.53125,-0.1875,-0.6875,0.1718752384185791,0.5156252384185791,-1.3437504768371582
OAF_beg_neutral_happy,OAF,beg,neutral,happy,OAF_beg_neutral.wav,OAF_beg_happy.wav,0.5000002384185791,0.625,1.6875,0.8125,-0.37500011920928955,0.6874998807907104,-0.9999997615814209
OAF_beg_neutral_sad,OAF,beg,neutral,sad,OAF_beg_neutral.wav,OAF_beg_sad.wav,-1.6875,-1.5,-1.125,-1.6875,-0.1875,0.1875,-0.75
OAF_beg_neutral_angry,OAF,beg,neutral,angry,OAF_beg_neutral.wav,OAF_beg_angry.wav,-2.125,-2.374999761581421,-0.875,-1.9374995231628418,-0.6562496423721313,0.8437501192092896,-0.8124997615814209
OAF_beg_happy_sad,OAF,beg,happy,sad,OAF_beg_happy.wav,OAF_beg_sad.wav,-1.875,-1.25,-2.40625,-1.75,0.640625,-0.515625,0.03125
OAF_beg_happy_angry,OAF,beg,happy,angry,OAF_beg_happy.wav,OAF_beg_angry.wav,-3.0,-2.5,-2.5,-2.812499523162842,0.0937502384185791,0.0937502384185791,-0.8124995231628418
OAF_beg_sad_angry,OAF,beg,sad,angry,OAF_beg_sad.wav,OAF_beg_angry.wav,-0.78125,-0.8125,-0.5625,-0.8749995231628418,-0.1718747615814209,0.0781252384185791,-0.2812495231628418
OAF_bite_neutral_happy,OAF,bite,neutral,happy,OA_bite_neutral.wav,OAF_bite_happy.wav,0.8125002384185791,1.25,1.0,1.75,0.5937498807907104,0.34374988079071045,0.3125002384185791
OAF_bite_neutral_sad,OAF,bite,neutral,sad,OA_bite_neutral.wav,OAF_bite_sad.wav,-0.875,-0.875,-0.9375,-1.03125,-0.046875,-0.109375,-0.09375
OAF_bite_neutral_angry,OAF,bite,neutral,angry,OA_bite_neutral.wav,OAF_bite_angry.wav,-1.8125,-2.0625,-1.875,-2.312500238418579,-0.34375011920928955,-0.15625011920928955,-0.1875002384185791
OAF_bite_happy_sad,OAF,bite,happy,sad,OAF_bite_happy.wav,OAF_bite_sad.wav,-2.875,-1.374999761581421,-2.25,-2.15625,0.7968751192092896,-0.07812511920928955,-1.406250238418579
OAF_bite_happy_angry,OAF,bite,happy,angry,OAF_bite_happy.wav,OAF_bite_angry.wav,-3.8125,-2.5,-4.374999523162842,-2.687500238418579,1.4999996423721313,-0.37499988079071045,0.3749992847442627
OAF_bite_sad_angry,OAF,bite,sad,angry,OAF_bite_sad.wav,OAF_bite_angry.wav,-0.59375,-0.6875,-0.5,-1.0625,-0.328125,-0.140625,-0.46875
OAF_boat_neutral_happy,OAF,boat,neutral,happy,OAF_boat_neutral.wav,OAF_boat_happy.wav,0.3125002384185791,1.375,0.1874997615814209,1.375,1.125,-0.0625002384185791,0.1250004768371582
OAF_boat_neutral_sad,OAF,boat,neutral,sad,OAF_boat_neutral.wav,OAF_boat_sad.wav,-0.3125,-0.9375,-0.8125,-1.125,-0.46875,-0.34375,0.3125
OAF_boat_neutral_angry,OAF,boat,neutral,angry,OAF_boat_neutral.wav,OAF_boat_angry.wav,-1.625,-1.5,-2.312500238418579,-2.0,0.21875011920928955,-0.5937501192092896,0.1875002384185791
OAF_boat_happy_sad,OAF,boat,happy,sad,OAF_boat_happy.wav,OAF_boat_sad.wav,-1.875,-1.5,-2.1875,-2.125,0.21875,-0.46875,-0.3125
OAF_boat_happy_angry,OAF,boat,happy,angry,OAF_boat_happy.wav,OAF_boat_angry.wav,-3.65625,-2.71875,-2.75,-2.875,0.40625,0.375,-1.0625
OAF_boat_sad_angry,OAF,boat,sad,angry,OAF_boat_sad.wav,OAF_boat_angry.wav,-1.375,-0.125,-0.5,-1.3125,0.21875,-0.15625,-2.0625
OAF_bone_neutral_happy,OAF,bone,neutral,happy,OAF_bone_neutral.wav,OAF_bone_happy.wav,0.8125,0.625,-0.3125,0.625,0.375,-0.5625,1.125
OAF_bone_neutral_sad,OAF,bone,neutral,sad,OAF_bone_neutral.wav,OAF_bone_sad.wav,-1.1875,-1.249999761581421,-1.5625,-1.6875,-0.09374988079071045,-0.40625011920928955,-0.0625002384185791
OAF_bone_neutral_angry,OAF,bone,neutral,angry,OAF_bone_neutral.wav,OAF_bone_angry.wav,-2.84375,-2.750000238418579,-2.4375,-2.75,-0.10937511920928955,0.20312511920928955,-0.4062497615814209
OAF_bone_happy_sad,OAF,bone,happy,sad,OAF_bone_happy.wav,OAF_bone_sad.wav,-2.0,-1.5,-1.9375,-1.4375,0.5,0.0625,0.0
OAF_bone_happy_angry,OAF,bone,happy,angry,OAF_bone_happy.wav,OAF_bone_angry.wav,-3.75,-2.9375,-3.0,-2.8125,0.5,0.4375,-0.625
OAF_bone_sad_angry,OAF,bone,sad,angry,OAF_bone_sad.wav,OAF_bone_angry.wav,-1.0625,-1.375,-0.8125,-1.3125,-0.40625,0.15625,-0.1875
OAF_book_neutral_happy,OAF,book,neutral,happy,OAF_book_neutral.wav,OAF_book_happy.wav,-0.1875,0.8749997615814209,0.3125,0.375,0.5624998807907104,1.1920928955078125e-07,-0.9999997615814209
OAF_book_neutral_sad,OAF,book,neutral,sad,OAF_book_neutral.wav,OAF_book_sad.wav,-1.5,-0.7500002384185791,-0.3125,-0.5625,0.24999988079071045,0.6875001192092896,-0.9999997615814209
OAF_book_neutral_angry,OAF,book,neutral,angry,OAF_book_neutral.wav,OAF_book_angry.wav,-2.624999523162842,-2.0,-2.0625,-2.1875,0.2499997615814209,0.1874997615814209,-0.7499995231628418
OAF_book_happy_sad,OAF,book,happy,sad,OAF_book_happy.wav,OAF_book_sad.wav,-1.3125,-1.0625,-1.1875,-1.125,0.15625,0.03125,-0.1875
OAF_book_happy_angry,OAF,book,happy,angry,OAF_book_happy.wav,OAF_book_angry.wav,-2.8125,-2.562500238418579,-2.40625,-2.25,0.20312488079071045,0.35937511920928955,-0.0937497615814209
OAF_book_sad_angry,OAF,book,sad,angry,OAF_book_sad.wav,OAF_book_angry.wav,-1.4375,-1.8125,-1.125,-1.5,-0.375,0.3125,0.0
OAF_bought_neutral_happy,OAF,bought,neutral,happy,OAF_bought_neutral.wav,OAF_bought_happy.wav,-0.25,1.125,0.0,0.375,0.875,-0.25,-1.0
OAF_bought_neutral_sad,OAF,bought,neutral,sad,OAF_bought_neutral.wav,OAF_bought_sad.wav,-0.9375,-1.6875,-0.125,-1.3125,-0.96875,0.59375,-0.4375
OAF_bought_neutral_angry,OAF,bought,neutral,angry,OAF_bought_neutral.wav,OAF_bought_angry.wav,-2.3125,-3.1875,-2.500000238418579,-2.4375,-0.40624988079071045,0.28124988079071045,0.9375002384185791
OAF_bought_happy_sad,OAF,bought,happy,sad,OAF_bought_happy.wav,OAF_bought_sad.wav,-1.625,-1.4375,-2.6875,-1.4375,0.71875,-0.53125,1.0625
OAF_bought_happy_angry,OAF,bought,happy,angry,OAF_bought_happy.wav,OAF_bought_angry.wav,-2.6875,-1.9375,-2.8125,-1.875,0.84375,-0.03125,0.1875
OAF_bought_sad_angry,OAF,bought,sad,angry,OAF_bought_sad.wav,OAF_bought_angry.wav,-1.4375,-0.4375,-1.125,-0.9375,0.59375,-0.09375,-0.8125
OAF_burn_neutral_happy,OAF,burn,neutral,happy,OAF_burn_neutral.wav,OAF_burn_happy.wav,0.5625,1.125,0.375,-0.0625,0.0625,-0.6875,-1.0
OAF_burn_neutral_sad,OAF,burn,neutral,sad,OAF_burn_neutral.wav,OAF_burn_sad.wav,-0.75,-2.125,-1.3125,-1.625,-0.84375,-0.03125,1.0625
OAF_burn_neutral_angry,OAF,burn,neutral,angry,OAF_burn_neutral.wav,OAF_burn_angry.wav,-2.375,-2.1875,-2.6875,-2.312500238418579,0.28124988079071045,-0.21875011920928955,0.1874997615814209
OAF_burn_happy_sad,OAF,burn,happy,sad,OAF_burn_happy.wav,OAF_burn_sad.wav,-2.312499761581421,-2.374999761581421,-2.625,-2.0,0.28125,0.0312497615814209,0.6875
OAF_burn_happy_angry,OAF,burn,happy,angry,OAF_burn_happy.wav,OAF_burn_angry.wav,-2.937499761581421,-2.562500238418579,-2.812499761581421,-2.500000238418579,0.3437495231628418,0.09375,-0.0625
OAF_burn_sad_angry,OAF,burn,sad,angry,OAF_burn_sad.wav,OAF_burn_angry.wav,-0.625,-0.625,-0.5625,-1.1875,-0.3125,-0.25,-0.625
OAF_cab_neutral_happy,OAF,cab,neutral,happy,OAF_cab_neutral.wav,OAF_cab_happy.wav,-1.0625,-1.6875,-0.0625,-2.0625,-1.3125,0.3125,-1.375
OAF_cab_neutral_sad,OAF,cab,neutral,sad,OAF_cab_neutral.wav,OAF_cab_sad.wav,-0.625,0.125,1.6250004768371582,-0.4375,-0.6562502384185791,0.8437502384185791,-2.812500476837158
OAF_cab_neutral_angry,OAF,cab,neutral,angry,OAF_cab_neutral.wav,OAF_cab_angry.wav,-2.5,-2.3125,-1.28125,-2.250000238418579,-0.39062511920928955,0.6406248807907104,-1.156250238418579
OAF_cab_happy_sad,OAF,cab,happy,sad,OAF_cab_happy.wav,OAF_cab_sad.wav,1.25,1.0625,0.75,1.0,0.03125,-0.28125,0.4375
OAF_cab_happy_angry,OAF,cab,happy,angry,OAF_cab_happy.wav,OAF_cab_angry.wav,-0.625,-1.46875,-1.71875,-1.6875,-0.40625,-0.65625,0.875
OAF_cab_sad_angry,OAF,cab,sad,angry,OAF_cab_sad.wav,OAF_cab_angry.wav,-2.15625,-2.6875,-2.1875,-1.875,-0.109375,0.390625,0.84375
OAF_calm_neutral_happy,OAF,calm,neutral,happy,OAF_calm_neutral.wav,OAF_calm_happy.wav,-0.875,-0.9375,-0.6875,-0.8125,-0.09375,0.15625,-0.0625
OAF_calm_neutral_sad,OAF,calm,neutral,sad,OAF_calm_neutral.wav,OAF_calm_sad.wav,-0.125,-0.4375,0.75,0.1875,-0.4375,0.75,-0.25
OAF_calm_neutral_angry,OAF,calm,neutral,angry,OAF_calm_neutral.wav,OAF_calm_angry.wav,-2.65625,-2.25,-2.25,-3.03125,-0.1875,-0.1875,-1.1875
OAF_calm_happy_sad,OAF,calm,happy,sad,OAF_calm_happy.wav,OAF_calm_sad.wav,2.0,0.75,0.375,0.125,-0.75,-1.125,1.0
OAF_calm_happy_angry,OAF,calm,happy,angry,OAF_calm_happy.wav,OAF_calm_angry.wav,-1.78125,-1.5624995231628418,-1.8750004768371582,-1.59375,0.2500004768371582,-0.0625004768371582,0.0625
OAF_calm_sad_angry,OAF,calm,sad,angry,OAF_calm_sad.wav,OAF_calm_angry.wav,-2.3125,-1.875,-2.625,-2.40625,0.328125,-0.421875,-0.21875
OAF_came_neutral_happy,OAF,came,neutral,happy,OAF_came_neutral.wav,OAF_came_happy.wav,-0.375,-0.3125,-1.0625,-1.25,-0.0625,-0.8125,-0.25
OAF_came_neutral_sad,OAF,came,neutral,sad,OAF_came_neutral.wav,OAF_came_sad.wav,-0.25,-0.1875,1.125,-0.875,-0.96875,0.34375,-2.0625
OAF_came_neutral_angry,OAF,came,neutral,angry,OAF_came_neutral.wav,OAF_came_angry.wav,-2.1875,-1.937500238418579,-1.59375,-2.249999761581421,-0.203125,0.1406252384185791,-0.9062495231628418
OAF_came_happy_sad,OAF,came,happy,sad,OAF_came_happy.wav,OAF_came_sad.wav,1.1875,0.4375,0.9375,0.3125,-0.6875,-0.1875,0.125
OAF_came_happy_angry,OAF,came,happy,angry,OAF_came_happy.wav,OAF_came_angry.wav,-0.9375,-1.499999761581421,-1.2187504768371582,-1.875,-0.6093746423721313,-0.32812535762786865,-0.0937497615814209
OAF_came_sad_angry,OAF,came,sad,angry,OAF_came_sad.wav,OAF_came_angry.wav,-1.1875,-1.6875,-2.0,-2.562499761581421,-0.5312498807907104,-0.8437498807907104,-0.0624997615814209
OAF_cause_neutral_happy,OAF,cause,neutral,happy,OAF_cause_neutral.wav,OAF_cause_happy.wav,-1.1875,-1.375,-0.625,-0.875,-0.21875,0.53125,-0.0625
OAF_cause_neutral_sad,OAF,cause,neutral,sad,OAF_cause_neutral.wav,OAF_cause_sad.wav,-1.0,-1.0625,-0.4375,-0.8125,-0.21875,0.40625,-0.3125
OAF_cause_neutral_angry,OAF,cause,neutral,angry,OAF_cause_neutral.wav,OAF_cause_angry.wav,-3.0625,-2.25,-2.09375,-2.8125,0.046875,0.203125,-1.53125
OAF_cause_happy_sad,OAF,cause,happy,sad,OAF_cause_happy.wav,OAF_cause_sad.wav,0.25,-0.25,0.1875,-0.375,-0.53125,-0.09375,-0.0625
OAF_cause_happy_angry,OAF,cause,happy,angry,OAF_cause_happy.wav,OAF_cause_angry.wav,-1.8125,-1.75,-1.625,-1.8125,-0.0625,0.0625,-0.25
OAF_cause_sad_angry,OAF,cause,sad,angry,OAF_cause_sad.wav,OAF_cause_angry.wav,-1.875,-1.7500004768371582,-2.1875,-2.25,0.0312497615814209,-0.4062497615814209,-0.1874995231628418
OAF_chain_neutral_happy,OAF,chain,neutral,happy,OAF_chain_neutral.wav,OAF_chain_happy.wav,-1.5,-0.375,-0.875,-0.5,0.75,0.25,-0.75
OAF_chain_neutral_sad,OAF,chain,neutral,sad,OAF_chain_neutral.wav,OAF_chain_sad.wav,-1.5,-0.625,-0.9375,-0.9375,0.4375,0.125,-0.875
OAF_chain_neutral_angry,OAF,chain,neutral,angry,OAF_chain_neutral.wav,OAF_chain_angry.wav,-1.9375,-2.3125,-0.6875,-2.6875,-1.1875,0.4375,-1.625
OAF_chain_happy_sad,OAF,chain,happy,sad,OAF_chain_happy.wav,OAF_chain_sad.wav,-0.25,-0.25,-0.1875,0.1875,0.1875,0.25,0.375
OAF_chain_happy_angry,OAF,chain,happy,angry,OAF_chain_happy.wav,OAF_chain_angry.wav,-2.125,-1.625,-1.1874995231628418,-1.5625,0.0624997615814209,0.5000002384185791,-0.8750004768371582
OAF_chain_sad_angry,OAF,chain,sad,angry,OAF_chain_sad.wav,OAF_chain_angry.wav,-1.25,-1.75,-1.0,-1.3125,-0.40625,0.34375,0.1875
OAF_chair_neutral_happy,OAF,chair,neutral,happy,OAF_chair_neutral.wav,OAF_chair_happy.wav,-0.3125,-0.375,0.0625,-0.0625,-0.09375,0.34375,-0.0625
OAF_chair_neutral_sad,OAF,chair,neutral,sad,OAF_chair_neutral.wav,OAF_chair_sad.wav,-0.4375,-1.187500238418579,0.375,-0.875,-1.0000001192092896,0.5625001192092896,-0.4999997615814209
OAF_chair_neutral_angry,OAF,chair,neutral,angry,OAF_chair_neutral.wav,OAF_chair_angry.wav,-1.8125,-1.999999761581421,-1.9375,-1.9375,-0.09374988079071045,-0.03125011920928955,0.1874997615814209
OAF_chair_happy_sad,OAF,chair,happy,sad,OAF_chair_happy.wav,OAF_chair_sad.wav,0.5625,0.25,1.375,-0.1875,-0.9375,0.1875,-1.25
OAF_chair_happy_angry,OAF,chair,happy,angry,OAF_chair_happy.wav,OAF_chair_angry.wav,-1.2499995231628418,-1.5625,-0.5625,-1.625,-0.6875002384185791,0.3124997615814209,-0.7499995231628418
OAF_chair_sad_angry,OAF,chair,sad,angry,OAF_chair_sad.wav,OAF_chair_angry.wav,-0.875,-1.625,-1.5,-1.5,-0.375,-0.25,0.75
OAF_chalk_neutral_happy,OAF,chalk,neutral,happy,OAF_chalk_neutral.wav,OAF_chalk_happy.wav,0.4374997615814209,0.125,0.125,-0.3125,-0.37499988079071045,-0.37499988079071045,-0.1250002384185791
OAF_chalk_neutral_sad,OAF,chalk,neutral,sad,OAF_chalk_neutral.wav,OAF_chalk_sad.wav,0.4374997615814209,-0.0625,0.0,0.6875,0.09375011920928955,0.15625011920928955,1.187499761581421
OAF_chalk_neutral_angry,OAF,chalk,neutral,angry,OAF_chalk_neutral.wav,OAF_chalk_angry.wav,-1.5,-2.249999761581421,-1.9375,-2.375,-0.5937498807907104,-0.28125011920928955,0.3124997615814209
OAF_chalk_happy_sad,OAF,chalk,happy,sad,OAF_chalk_happy.wav,OAF_chalk_sad.wav,0.25,0.5625002384185791,0.375,0.5,0.21875011920928955,0.03124988079071045,-0.1875002384185791
OAF_chalk_happy_angry,OAF,chalk,happy,angry,OAF_chalk_happy.wav,OAF_chalk_angry.wav,-2.25,-1.125,-0.875,-0.875,0.5625,0.8125,-1.125
OAF_chalk_sad_angry,OAF,chalk,sad,angry,OAF_chalk_sad.wav,OAF_chalk_angry.wav,-1.75,-1.3125,-1.5,-1.5625,0.1875,0.0,-0.5
OAF_chat_neutral_happy,OAF,chat,neutral,happy,OAF_chat_neutral.wav,OAF_chat_happy.wav,-0.875,-1.0625,-0.625,-1.0,-0.28125,0.15625,-0.1875
OAF_chat_neutral_sad,OAF,chat,neutral,sad,OAF_chat_neutral.wav,OAF_chat_sad.wav,-1.3125,-1.0,-1.1875,-1.75,-0.125,-0.3125,-0.875
OAF_chat_neutral_angry,OAF,chat,neutral,angry,OAF_chat_neutral.wav,OAF_chat_angry.wav,-2.4375,-2.1875,-1.625,-2.6875,-0.40625,0.15625,-1.3125
OAF_chat_happy_sad,OAF,chat,happy,sad,OAF_chat_happy.wav,OAF_chat_sad.wav,0.1875,-0.875,-0.375,-0.75,-0.71875,-0.21875,0.6875
OAF_chat_happy_angry,OAF,chat,happy,angry,OAF_chat_happy.wav,OAF_chat_angry.wav,-1.25,-1.0625,-1.6875,-1.375,0.25,-0.375,0.125
OAF_chat_sad_angry,OAF,chat,sad,angry,OAF_chat_sad.wav,OAF_chat_angry.wav,-1.1875,-1.625,-0.875,-1.5625,-0.5625,0.1875,-0.25
OAF_check_neutral_happy,OAF,check,neutral,happy,OAF_check_neutral.wav,OAF_check_happy.wav,-0.6875,-0.75,0.0625,-0.8125,-0.46875,0.34375,-0.8125
OAF_check_neutral_sad,OAF,check,neutral,sad,OAF_check_neutral.wav,OAF_check_sad.wav,-0.5,-1.1875,-0.1875,-0.4375,-0.46875,0.53125,0.4375
OAF_check_neutral_angry,OAF,check,neutral,angry,OAF_check_neutral.wav,OAF_check_angry.wav,-1.5625,-2.062500238418579,-1.4375,-2.5625,-0.8125001192092896,-0.18749988079071045,-0.6249997615814209
OAF_check_happy_sad,OAF,check,happy,sad,OAF_check_happy.wav,OAF_check_sad.wav,0.5,-0.5625,-0.1875,-0.375,-0.625,-0.25,0.875
OAF_check_happy_angry,OAF,check,happy,angry,OAF_check_happy.wav,OAF_check_angry.wav,-0.9375,-1.9375,-1.34375,-1.875,-0.765625,-0.171875,0.46875
OAF_check_sad_angry,OAF,check,sad,angry,OAF_check_sad.wav,OAF_check_angry.wav,-1.8125,-2.5625,-1.6875,-1.75,-0.40625,0.46875,0.6875
OAF_cheek_neutral_happy,OAF,cheek,neutral,happy,OAF_cheek_neutral.wav,OAF_cheek_happy.wav,-0.25,-0.25,0.0,-0.125,-0.0625,0.1875,-0.125
OAF_cheek_neutral_sad,OAF,cheek,neutral,sad,OAF_cheek_neutral.wav,OAF_cheek_sad.wav,-0.3125,0.1875,0.0,0.25,0.375,0.1875,-0.25
OAF_cheek_neutral_angry,OAF,cheek,neutral,angry,OAF_cheek_neutral.wav,OAF_cheek_angry.wav,-2.687499761581421,-2.5,-2.0,-2.0625,0.06249988079071045,0.5624998807907104,-0.2499997615814209
OAF_cheek_happy_sad,OAF,cheek,happy,sad,OAF_cheek_happy.wav,OAF_cheek_sad.wav,-0.1875,0.75,0.4375,0.625,0.5625,0.25,-0.75
OAF_cheek_happy_angry,OAF,cheek,happy,angry,OAF_cheek_happy.wav,OAF_cheek_angry.wav,-2.6875,-1.375,-1.5625,-1.75,0.5625,0.375,-1.5
OAF_cheek_sad_angry,OAF,cheek,sad,angry,OAF_cheek_sad.wav,OAF_cheek_angry.wav,-2.4375,-1.875,-1.8125,-2.1875,0.09375,0.15625,-0.9375
OAF_chief_neutral_happy,OAF,chief,neutral,happy,OAF_chief_neutral.wav,OAF_chief_happy.wav,-0.8125,-0.3125,-0.9375,-1.125000238418579,0.15624988079071045,-0.46875011920928955,-0.6875002384185791
OAF_chief_neutral_sad,OAF,chief,neutral,sad,OAF_chief_neutral.wav,OAF_chief_sad.wav,-1.0,-0.625,-0.6875,-0.75,0.15625,0.09375,-0.4375
OAF_chief_neutral_angry,OAF,chief,neutral,angry,OAF_chief_neutral.wav,OAF_chief_angry.wav,-2.0,-1.749999761581421,-1.625,-1.9375,-0.03124988079071045,0.09374988079071045,-0.5625002384185791
OAF_chief_happy_sad,OAF,chief,happy,sad,OAF_chief_happy.wav,OAF_chief_sad.wav,0.625,-0.4375,-0.25,-0.3125,-0.5625,-0.375,1.0
OAF_chief_happy_angry,OAF,chief,happy,angry,OAF_chief_happy.wav,OAF_chief_angry.wav,-1.125,-1.124999761581421,-1.125,-1.4375,-0.15624988079071045,-0.15625011920928955,-0.3125002384185791
OAF_chief_sad_angry,OAF,chief,sad,angry,OAF_chief_sad.wav,OAF_chief_angry.wav,-1.375,-1.1875,-0.9375,-1.8125,-0.34375,-0.09375,-1.0625
OAF_choice_neutral_happy,OAF,choice,neutral,happy,OAF_choice_neutral.wav,OAF_choice_happy.wav,0.0625,-0.5,-0.6250002384185791,-0.9375,-0.43749988079071045,-0.5625001192092896,0.2500002384185791
OAF_choice_neutral_sad,OAF,choice,neutral,sad,OAF_choice_neutral.wav,OAF_choice_sad.wav,-0.75,-1.5,-1.0,-2.0625,-0.90625,-0.40625,-0.3125
OAF_choice_neutral_angry,OAF,choice,neutral,angry,OAF_choice_neutral.wav,OAF_choice_angry.wav,-1.75,-1.625,-2.125,-2.8125,-0.28125,-0.78125,-0.8125
OAF_choice_happy_sad,OAF,choice,happy,sad,OAF_choice_happy.wav,OAF_choice_sad.wav,0.0625,-0.4375,0.09375,-0.6875,-0.640625,-0.109375,-0.28125
OAF_choice_happy_angry,OAF,choice,happy,angry,OAF_choice_happy.wav,OAF_choice_angry.wav,-1.1875,-1.25,-1.75,-1.5,0.09375,-0.40625,0.3125
OAF_choice_sad_angry,OAF,choice,sad,angry,OAF_choice_sad.wav,OAF_choice_angry.wav,-0.9375,-0.78125,-0.8125,-1.25,-0.140625,-0.171875,-0.59375
OAF_cool_neutral_happy,OAF,cool,neutral,happy,OAF_cool_neutral.wav,OAF_cool_happy.wav,0.1875,-0.625,0.5625,-0.875,-1.125,0.0625,-0.625
OAF_cool_neutral_sad,OAF,cool,neutral,sad,OAF_cool_neutral.wav,OAF_cool_sad.wav,-0.6875,-1.0625,-0.3125,-1.3125,-0.6875,0.0625,-0.625
OAF_cool_neutral_angry,OAF,cool,neutral,angry,OAF_cool_neutral.wav,OAF_cool_angry.wav,-2.625,-2.25,-2.437500238418579,-2.6875,0.06250011920928955,-0.12500011920928955,-0.6249997615814209
OAF_cool_happy_sad,OAF,cool,happy,sad,OAF_cool_happy.wav,OAF_cool_sad.wav,0.25,0.125,0.875,-0.125,-0.5625,0.1875,-0.875
OAF_cool_happy_angry,OAF,cool,happy,angry,OAF_cool_happy.wav,OAF_cool_angry.wav,-1.8125,-1.9375,-1.4375,-2.125,-0.40625,0.09375,-0.5625
OAF_cool_sad_angry,OAF,cool,sad,angry,OAF_cool_sad.wav,OAF_cool_angry.wav,-1.0,-1.6875,-1.1875,-2.125,-0.8125,-0.3125,-0.25
OAF_dab_neutral_happy,OAF,dab,neutral,happy,OAF_dab_neutral.wav,OAF_dab_happy.wav,-1.3125,-0.625,-1.6875,-0.3125,1.03125,-0.03125,0.6875
OAF_dab_neutral_sad,OAF,dab,neutral,sad,OAF_dab_neutral.wav,OAF_dab_sad.wav,-1.8125,-1.75,-0.6875,-1.4375,-0.34375,0.71875,-0.8125
OAF_dab_neutral_angry,OAF,dab,neutral,angry,OAF_dab_neutral.wav,OAF_dab_angry.wav,-1.375,0.4375,-0.75,0.3125,1.4375,0.25,-0.75
OAF_dab_happy_sad,OAF,dab,happy,sad,OAF_dab_happy.wav,OAF_dab_sad.wav,-0.875,-0.5,-1.0,-1.0,0.1875,-0.3125,-0.375
OAF_dab_happy_angry,OAF,dab,happy,angry,OAF_dab_happy.wav,OAF_dab_angry.wav,1.4375,0.3125002384185791,0.625,1.687499761581421,-0.03125,0.2812497615814209,2.187499523162842
OAF_dab_sad_angry,OAF,dab,sad,angry,OAF_dab_sad.wav,OAF_dab_angry.wav,2.375,0.5,2.75,2.187499761581421,-1.2187501192092896,1.0312498807907104,1.312499761581421
OAF_date_neutral_happy,OAF,date,neutral,happy,OAF_date_neutral.wav,OAF_date_happy.wav,-0.375,-0.5,-0.3125,-0.1875,0.0,0.1875,0.25
OAF_date_neutral_sad,OAF,date,neutral,sad,OAF_date_neutral.wav,OAF_date_sad.wav,-0.625,-1.375,-0.6875,-0.6875,-0.375,0.3125,0.75
OAF_date_neutral_angry,OAF,date,neutral,angry,OAF_date_neutral.wav,OAF_date_angry.wav,-1.25,-1.5,-0.9375,0.125,0.40625,0.96875,1.3125
OAF_date_happy_sad,OAF,date,happy,sad,OAF_date_happy.wav,OAF_date_sad.wav,-0.625,-0.1875,-0.75,-0.1875,0.5,-0.0625,0.125
OAF_date_happy_angry,OAF,date,happy,angry,OAF_date_happy.wav,OAF_date_angry.wav,-0.3125,-1.3125,0.4375,1.375,-0.03125,1.71875,1.9375
OAF_date_sad_angry,OAF,date,sad,angry,OAF_date_sad.wav,OAF_date_angry.wav,-0.1875,0.0,0.1875,1.1875,0.59375,0.78125,0.8125
OAF_dead_neutral_happy,OAF,dead,neutral,happy,OAF_dead_neutral.wav,OAF_dead_happy.wav,-0.875,-0.875,1.9375,-0.625,-1.28125,1.53125,-2.5625
OAF_dead_neutral_sad,OAF,dead,neutral,sad,OAF_dead_neutral.wav,OAF_dead_sad.wav,-1.1875,-1.375,-0.25,-1.6875,-0.8125,0.3125,-1.25
OAF_dead_neutral_angry,OAF,dead,neutral,angry,OAF_dead_neutral.wav,OAF_dead_angry.wav,-1.3125,-1.000000238418579,-1.375,-1.375,0.15624988079071045,-0.21874988079071045,-0.3124997615814209
OAF_dead_happy_sad,OAF,dead,happy,sad,OAF_dead_happy.wav,OAF_dead_sad.wav,-0.5,-0.1875,-0.4375,-0.4375,0.15625,-0.09375,-0.3125
OAF_dead_happy_angry,OAF,dead,happy,angry,OAF_dead_happy.wav,OAF_dead_angry.wav,-1.062500238418579,-0.9375,0.0,-0.625,-0.24999988079071045,0.6875001192092896,-0.7500002384185791
OAF_dead_sad_angry,OAF,dead,sad,angry,OAF_dead_sad.wav,OAF_dead_angry.wav,0.0625,-0.375,0.125,-0.4375,-0.5,0.0,-0.125
OAF_death_neutral_happy,OAF,death,neutral,happy,OAF_death_neutral.wav,OAF_death_happy.wav,-0.4375,-0.375,-0.6249997615814209,-0.4375,0.12499988079071045,-0.12499988079071045,0.1249997615814209
OAF_death_neutral_sad,OAF,death,neutral,sad,OAF_death_neutral.wav,OAF_death_sad.wav,-0.5,-0.6249997615814209,-0.8125,-0.4375,0.12500011920928955,-0.06250011920928955,0.4999997615814209
OAF_death_neutral_angry,OAF,death,neutral,angry,OAF_death_neutral.wav,OAF_death_angry.wav,-1.500000238418579,-1.875,-0.3125,-0.625,-0.34374988079071045,1.2187501192092896,0.0624997615814209
OAF_death_happy_sad,OAF,death,happy,sad,OAF_death_happy.wav,OAF_death_sad.wav,0.0,-0.125,-0.5625,-0.8125,-0.1875,-0.625,-0.125
OAF_death_happy_angry,OAF,death,happy,angry,OAF_death_happy.wav,OAF_death_angry.wav,-0.625,-1.25,-0.3125,-0.9375,-0.625,0.3125,0.0
OAF_death_sad_angry,OAF,death,sad,angry,OAF_death_sad.wav,OAF_death_angry.wav,-0.375,-1.0625,-0.4375,-0.8125,-0.53125,0.09375,0.3125
OAF_deep_neutral_happy,OAF,deep,neutral,happy,OAF_deep_neutral.wav,OAF_deep_happy.wav,0.5,-0.1875,-0.375,-0.25,-0.28125,-0.46875,0.8125
OAF_deep_neutral_sad,OAF,deep,neutral,sad,OAF_deep_neutral.wav,OAF_deep_sad.wav,-0.4375,-1.062500238418579,-0.3125,-0.75,-0.5312501192092896,0.21875011920928955,0.1875002384185791
OAF_deep_neutral_angry,OAF,deep,neutral,angry,OAF_deep_neutral.wav,OAF_deep_angry.wav,1.0625,-0.8125,0.5625,0.1875,-1.125,0.25,1.5
OAF_deep_happy_sad,OAF,deep,happy,sad,OAF_deep_happy.wav,OAF_deep_sad.wav,-0.6875,-0.8125,-1.0625,-0.9375,0.0,-0.25,0.25
OAF_deep_happy_angry,OAF,deep,happy,angry,OAF_deep_happy.wav,OAF_deep_angry.wav,0.75,-1.125,0.6875,-0.625,-1.59375,0.21875,0.5625
OAF_deep_sad_angry,OAF,deep,sad,angry,OAF_deep_sad.wav,OAF_deep_angry.wav,0.75,-0.875,-0.4375,-0.1875,-0.6875,-0.25,1.875
OAF_dime_neutral_happy,OAF,dime,neutral,happy,OAF_dime_neutral.wav,OAF_dime_happy.wav,-0.8125,-0.375,-0.75,-1.937500238418579,-0.37500011920928955,-0.7500001192092896,-1.625000238418579
OAF_dime_neutral_sad,OAF,dime,neutral,sad,OAF_dime_neutral.wav,OAF_dime_sad.wav,-1.5,-0.875,-0.375,-1.3125,-0.15625,0.34375,-1.5625
OAF_dime_neutral_angry,OAF,dime,neutral,angry,OAF_dime_neutral.wav,OAF_dime_angry.wav,-1.0625,-0.3125,-0.25,-1.0,0.0,0.0625,-1.5
OAF_dime_happy_sad,OAF,dime,happy,sad,OAF_dime_happy.wav,OAF_dime_sad.wav,0.0,-0.375,-0.75,-0.4375,-0.03125,-0.40625,0.6875
OAF_dime_happy_angry,OAF,dime,happy,angry,OAF_dime_happy.wav,OAF_dime_angry.wav,1.125000238418579,-0.0625,0.8125,-0.125,-1.0625001192092896,-0.18750011920928955,0.2500002384185791
OAF_dime_sad_angry,OAF,dime,sad,angry,OAF_dime_sad.wav,OAF_dime_angry.wav,0.75,2.34375,0.6875,-0.25,0.328125,-1.328125,-2.53125
OAF_dip_neutral_happy,OAF,dip,neutral,happy,OAF_dip_neutral.wav,OAF_dip_happy.wav,-0.25,-0.5625,-0.375,-0.25,-0.09375,0.09375,0.4375
OAF_dip_neutral_sad,OAF,dip,neutral,sad,OAF_dip_neutral.wav,OAF_dip_sad.wav,-0.8125,-0.375,0.0625,-0.5625,-0.09375,0.34375,-1.0625
OAF_dip_neutral_angry,OAF,dip,neutral,angry,OAF_dip_neutral.wav,OAF_dip_angry.wav,1.0625,0.5,1.375,-0.6875,-1.3125,-0.4375,-1.5
OAF_dip_happy_sad,OAF,dip,happy,sad,OAF_dip_happy.wav,OAF_dip_sad.wav,-0.625,-0.4375,-1.0625,-0.375,0.4375,-0.1875,0.5
OAF_dip_happy_angry,OAF,dip,happy,angry,OAF_dip_happy.wav,OAF_dip_angry.wav,0.5625,-0.6875,1.749999761581421,1.125,-0.9374998807907104,1.4999998807907104,0.6250002384185791
OAF_dip_sad_angry,OAF,dip,sad,angry,OAF_dip_sad.wav,OAF_dip_angry.wav,1.125,1.5,2.0,1.5,-0.0625,0.4375,-0.875
OAF_ditch_neutral_happy,OAF,ditch,neutral,happy,OAF_ditch_neutral.wav,OAF_ditch_happy.wav,-0.5625,-0.625,0.1875,-0.5624997615814209,-0.40624988079071045,0.40625011920928955,-0.6874997615814209
OAF_ditch_neutral_sad,OAF,ditch,neutral,sad,OAF_ditch_neutral.wav,OAF_ditch_sad.wav,-0.9375,-1.25,-0.125,-0.25,-0.21875,0.90625,0.1875
OAF_ditch_neutral_angry,OAF,ditch,neutral,angry,OAF_ditch_neutral.wav,OAF_ditch_angry.wav,-0.5625,-1.0,0.0,-0.3125,-0.375,0.625,0.125
OAF_ditch_happy_sad,OAF,ditch,happy,sad,OAF_ditch_happy.wav,OAF_ditch_sad.wav,-0.6875,-0.4375,-1.5,-0.1875,0.78125,-0.28125,1.0625
OAF_ditch_happy_angry,OAF,ditch,happy,angry,OAF_ditch_happy.wav,OAF_ditch_angry.wav,0.9999997615814209,0.125,0.9375,-0.125,-0.9687498807907104,-0.15624988079071045,-0.1875002384185791
OAF_ditch_sad_angry,OAF,ditch,sad,angry,OAF_ditch_sad.wav,OAF_ditch_angry.wav,0.5625,0.0625,1.1875,0.3125,-0.6875,0.4375,-0.375
OAF_dodge_neutral_happy,OAF,dodge,neutral,happy,OAF_dodge_neutral.wav,OAF_dodge_happy.wav,-0.1875,0.25,0.0625,-1.0,-0.3125,-0.5,-1.5
OAF_dodge_neutral_sad,OAF,dodge,neutral,sad,OAF_dodge_neutral.wav,OAF_dodge_sad.wav,-1.0625,-0.25,-0.96875,-0.8125,0.484375,-0.234375,-0.65625
OAF_dodge_neutral_angry,OAF,dodge,neutral,angry,OAF_dodge_neutral.wav,OAF_dodge_angry.wav,-1.125,-0.1875,-0.4375,-0.0625,0.65625,0.40625,-0.5625
OAF_dodge_happy_sad,OAF,dodge,happy,sad,OAF_dodge_happy.wav,OAF_dodge_sad.wav,-0.9375,-0.5625,-1.25,-0.6875,0.46875,-0.21875,0.1875
OAF_dodge_happy_angry,OAF,dodge,happy,angry,OAF_dodge_happy.wav,OAF_dodge_angry.wav,0.375,-0.25,0.125,0.375,-0.1875,0.1875,0.875
OAF_dodge_sad_angry,OAF,dodge,sad,angry,OAF_dodge_sad.wav,OAF_dodge_angry.wav,0.8125,0.375,0.875,1.125,-0.09375,0.40625,0.6875
OAF_dog_neutral_happy,OAF,dog,neutral,happy,OAF_dog_neutral.wav,OAF_dog_happy.wav,-0.5625,-0.0625,-0.8125,-0.4375,0.4375,-0.3125,-0.125
OAF_dog_neutral_sad,OAF,dog,neutral,sad,OAF_dog_neutral.wav,OAF_dog_sad.wav,-1.125,-1.0,-0.75,-0.6874997615814209,0.09375011920928955,0.34375011920928955,-0.0624997615814209
OAF_dog_neutral_angry,OAF,dog,neutral,angry,OAF_dog_neutral.wav,OAF_dog_angry.wav,-1.1875,-0.8125,-0.5,-0.5625,0.15625,0.46875,-0.4375
OAF_dog_happy_sad,OAF,dog,happy,sad,OAF_dog_happy.wav,OAF_dog_sad.wav,-0.4375,-0.5,-0.625,-0.8124997615814209,-0.12499988079071045,-0.24999988079071045,-0.1249997615814209
OAF_dog_happy_angry,OAF,dog,happy,angry,OAF_dog_happy.wav,OAF_dog_angry.wav,-0.125,-0.6875,-0.5,0.0,-0.03125,0.15625,1.0625
OAF_dog_sad_angry,OAF,dog,sad,angry,OAF_dog_sad.wav,OAF_dog_angry.wav,0.3749997615814209,0.4375,0.25,0.875,0.34375011920928955,0.15625011920928955,0.5624997615814209
OAF_doll_neutral_happy,OAF,doll,neutral,happy,OAF_doll_neutral.wav,OAF_doll_happy.wav,-0.8125,-0.25,-0.0625,-0.8125,-0.09375,0.09375,-1.3125
OAF_doll_neutral_sad,OAF,doll,neutral,sad,OAF_doll_neutral.wav,OAF_doll_sad.wav,-1.375,-1.062499761581421,-1.8125,-1.0,0.5625001192092896,-0.18750011920928955,0.4999997615814209
OAF_doll_neutral_angry,OAF,doll,neutral,angry,OAF_doll_neutral.wav,OAF_doll_angry.wav,-1.0,-0.1875,0.625,-0.4375,-0.125,0.6875,-1.875
OAF_doll_happy_sad,OAF,doll,happy,sad,OAF_doll_happy.wav,OAF_doll_sad.wav,-0.4375,-0.375,-0.625,-0.5,0.09375,-0.15625,0.0625
OAF_doll_happy_angry,OAF,doll,happy,angry,OAF_doll_happy.wav,OAF_doll_angry.wav,1.1875,0.0,2.937499523162842,0.6249997615814209,-1.7499998807907104,1.1874996423721313,-1.124999761581421
OAF_doll_sad_angry,OAF,doll,sad,angry,OAF_doll_sad.wav,OAF_doll_angry.wav,-0.25,0.4375,0.9375002384185791,0.8749997615814209,0.3124997615814209,0.8125,-0.7500004768371582
OAF_door_neutral_happy,OAF,door,neutral,happy,OAF_door_neutral.wav,OAF_door_happy.wav,-0.5,-0.625,-0.625,-0.8125,-0.15625,-0.15625,-0.0625
OAF_door_neutral_sad,OAF,door,neutral,sad,OAF_door_neutral.wav,OAF_door_sad.wav,-1.1875,-1.4375,-1.3125,-0.75,0.15625,0.28125,0.8125
OAF_door_neutral_angry,OAF,door,neutral,angry,OAF_door_neutral.wav,OAF_door_angry.wav,-1.125,-0.875,-0.25,-0.875,-0.1875,0.4375,-0.875
OAF_door_happy_sad,OAF,door,happy,sad,OAF_door_happy.wav,OAF_door_sad.wav,-0.3125,-0.4375,-0.5625,-0.625,-0.09375,-0.21875,0.0625
OAF_door_happy_angry,OAF,door,happy,angry,OAF_door_happy.wav,OAF_door_angry.wav,0.3125,0.0,1.25,0.3125,-0.625,0.625,-0.625
OAF_door_sad_angry,OAF,door,sad,angry,OAF_door_sad.wav,OAF_door_angry.wav,0.375,0.75,1.0625,0.125,-0.28125,0.03125,-1.3125
OAF_fail_neutral_happy,OAF,fail,neutral,happy,OAF_fail_neutral.wav,OAF_fail_happy.wav,-0.75,-0.4375,-1.0625,-0.75,0.3125,-0.3125,0.0
OAF_fail_neutral_sad,OAF,fail,neutral,sad,OAF_fail_neutral.wav,OAF_fail_sad.wav,-1.5,-0.8125,-1.4375,-1.0,0.5625,-0.0625,-0.25
OAF_fail_neutral_angry,OAF,fail,neutral,angry,OAF_fail_neutral.wav,OAF_fail_angry.wav,-2.375,-2.187499761581421,-2.749999761581421,-2.375,0.28125,-0.28125,0.1874995231628418
OAF_fail_happy_sad,OAF,fail,happy,sad,OAF_fail_happy.wav,OAF_fail_sad.wav,-0.875,-0.8125,-1.25,-0.6875,0.3125,-0.125,0.5
OAF_fail_happy_angry,OAF,fail,happy,angry,OAF_fail_happy.wav,OAF_fail_angry.wav,-1.4375,-1.875000238418579,-1.4375,-1.25,-0.12500011920928955,0.31250011920928955,0.6250002384185791
OAF_fail_sad_angry,OAF,fail,sad,angry,OAF_fail_sad.wav,OAF_fail_angry.wav,-0.4375,-0.9375,-0.5,-0.625,-0.3125,0.125,0.375
OAF_fall_neutral_happy,OAF,fall,neutral,happy,OAF_fall_neutral.wav,OAF_fall_happy.wav,-0.0625,-0.9375,-0.3125,-1.0625,-0.8125,-0.1875,0.125
OAF_fall_neutral_sad,OAF,fall,neutral,sad,OAF_fall_neutral.wav,OAF_fall_sad.wav,-0.9375,-1.25,-0.46875,-1.25,-0.546875,0.234375,-0.46875
OAF_fall_neutral_angry,OAF,fall,neutral,angry,OAF_fall_neutral.wav,OAF_fall_angry.wav,-2.0625,-1.8125,-2.3125,-1.71875,0.421875,-0.078125,0.34375
OAF_fall_happy_sad,OAF,fall,happy,sad,OAF_fall_happy.wav,OAF_fall_sad.wav,-0.1875,-0.375,-0.625,-0.6875,-0.125,-0.375,0.125
OAF_fall_happy_angry,OAF,fall,happy,angry,OAF_fall_happy.wav,OAF_fall_angry.wav,-1.25,-1.75,-1.4375,-1.71875,-0.390625,-0.078125,0.21875
OAF_fall_sad_angry,OAF,fall,sad,angry,OAF_fall_sad.wav,OAF_fall_angry.wav,-1.0625,-1.5625,-0.6875,-1.5,-0.65625,0.21875,-0.3125
OAF_far_neutral_happy,OAF,far,neutral,happy,OAF_far_neutral.wav,OAF_far_happy.wav,-0.53125,0.25,0.25,0.0,0.265625,0.265625,-1.03125
OAF_far_neutral_sad,OAF,far,neutral,sad,OAF_far_neutral.wav,OAF_far_sad.wav,-1.0,-1.3125,-1.0,-1.25,-0.28125,0.03125,0.0625
OAF_far_neutral_angry,OAF,far,neutral,angry,OAF_far_neutral.wav,OAF_far_angry.wav,-1.84375,-2.625,-1.5625,-2.96875,-1.09375,-0.03125,-0.625
OAF_far_happy_sad,OAF,far,happy,sad,OAF_far_happy.wav,OAF_far_sad.wav,-1.5,-1.3125,-2.09375,-1.4375,0.421875,-0.359375,0.46875
OAF_far_happy_angry,OAF,far,happy,angry,OAF_far_happy.wav,OAF_far_angry.wav,-2.8125,-2.6875,-1.875,-1.65625,0.171875,0.984375,0.09375
OAF_far_sad_angry,OAF,far,sad,angry,OAF_far_sad.wav,OAF_far_angry.wav,-0.6875,-1.4687495231628418,-0.875,-0.90625,-0.4062497615814209,0.1874997615814209,0.7499995231628418
OAF_fat_neutral_happy,OAF,fat,neutral,happy,OAF_fat_neutral.wav,OAF_fat_happy.wav,-0.0625,-0.25,-0.6875,-0.6875,-0.09375,-0.53125,0.1875
OAF_fat_neutral_sad,OAF,fat,neutral,sad,OAF_fat_neutral.wav,OAF_fat_sad.wav,-1.0625,-1.874999761581421,-1.875,-2.0,-0.46874988079071045,-0.46875011920928955,0.6874997615814209
OAF_fat_neutral_angry,OAF,fat,neutral,angry,OAF_fat_neutral.wav,OAF_fat_angry.wav,-2.5625,-2.875,-2.5,-3.312500238418579,-0.5625001192092896,-0.18750011920928955,-0.5000002384185791
OAF_fat_happy_sad,OAF,fat,happy,sad,OAF_fat_happy.wav,OAF_fat_sad.wav,-0.9999997615814209,-0.75,-1.25,-1.375,0.06249988079071045,-0.43750011920928955,-0.3749997615814209
OAF_fat_happy_angry,OAF,fat,happy,angry,OAF_fat_happy.wav,OAF_fat_angry.wav,-2.312499761581421,-2.6875,-1.75,-2.125000238418579,-0.3750002384185791,0.5624997615814209,0.0
OAF_fat_sad_angry,OAF,fat,sad,angry,OAF_fat_sad.wav,OAF_fat_angry.wav,-1.3125,-1.5,-0.8125,-1.375,-0.375,0.3125,-0.375
OAF_fit_neutral_happy,OAF,fit,neutral,happy,OAF_fit_neutral.wav,OAF_fit_happy.wav,-0.625,-0.3125,-1.25,-0.375,0.59375,-0.34375,0.5625
OAF_fit_neutral_sad,OAF,fit,neutral,sad,OAF_fit_neutral.wav,OAF_fit_sad.wav,-1.625,-1.874999761581421,-1.25,-1.6875,-0.34374988079071045,0.28124988079071045,-0.1875002384185791
OAF_fit_neutral_angry,OAF,fit,neutral,angry,OAF_fit_neutral.wav,OAF_fit_angry.wav,-2.0,-1.4375,-1.25,-2.5625,-0.375,-0.1875,-1.875
OAF_fit_happy_sad,OAF,fit,happy,sad,OAF_fit_happy.wav,OAF_fit_sad.wav,-0.9375,-0.625,-1.1875,-1.0625,0.21875,-0.34375,-0.1875
OAF_fit_happy_angry,OAF,fit,happy,angry,OAF_fit_happy.wav,OAF_fit_angry.wav,-1.78125,-1.875,-1.6875,-2.0625,-0.234375,-0.046875,-0.28125
OAF_fit_sad_angry,OAF,fit,sad,angry,OAF_fit_sad.wav,OAF_fit_angry.wav,-0.5,-1.0,-0.625,-1.3125,-0.59375,-0.21875,-0.1875
OAF_five_neutral_happy,OAF,five,neutral,happy,OAF_five_neutral.wav,OAF_five_happy.wav,-0.1875,-0.125,-0.4375,-0.40625,0.046875,-0.265625,-0.03125
OAF_five_neutral_sad,OAF,five,neutral,sad,OAF_five_neutral.wav,OAF_five_sad.wav,-1.125,-0.9375,-1.0625,-1.8125,-0.28125,-0.40625,-0.9375
OAF_five_neutral_angry,OAF,five,neutral,angry,OAF_five_neutral.wav,OAF_five_angry.wav,-1.875,-1.875,-2.46875,-2.4375,0.015625,-0.578125,0.03125
OAF_five_happy_sad,OAF,five,happy,sad,OAF_five_happy.wav,OAF_five_sad.wav,-0.8125,-0.9375,-0.9375,-0.875,-0.03125,-0.03125,0.1875
OAF_five_happy_angry,OAF,five,happy,angry,OAF_five_happy.wav,OAF_five_angry.wav,-1.5,-1.375,-1.3124995231628418,-1.6875,-0.1250002384185791,-0.0624997615814209,-0.5000004768371582
OAF_five_sad_angry,OAF,five,sad,angry,OAF_five_sad.wav,OAF_five_angry.wav,-0.875,-0.75,-1.0,-1.0,0.0625,-0.1875,-0.125
OAF_food_neutral_happy,OAF,food,neutral,happy,OAF_food_neutral.wav,OAF_food_happy.wav,-0.625,-0.375,0.375,-0.4375,-0.28125,0.46875,-1.0625
OAF_food_neutral_sad,OAF,food,neutral,sad,OAF_food_neutral.wav,OAF_food_sad.wav,-0.625,-1.25,-0.34375,-1.125,-0.703125,0.203125,-0.15625
OAF_food_neutral_angry,OAF,food,neutral,angry,OAF_food_neutral.wav,OAF_food_angry.wav,-1.9375,-2.375,-0.0625,-3.0625,-1.71875,0.59375,-2.5625
OAF_food_happy_sad,OAF,food,happy,sad,OAF_food_happy.wav,OAF_food_sad.wav,-0.6875,-0.625,-0.75,-0.875,-0.03125,-0.15625,-0.1875
OAF_food_happy_angry,OAF,food,happy,angry,OAF_food_happy.wav,OAF_food_angry.wav,-1.3125,-1.625,-1.5,-1.75,-0.28125,-0.15625,0.0625
OAF_food_sad_angry,OAF,food,sad,angry,OAF_food_sad.wav,OAF_food_angry.wav,-1.0,-0.875,-1.437500238418579,-1.3125,0.12500011920928955,-0.43750011920928955,2.384185791015625e-07
OAF_gap_neutral_happy,OAF,gap,neutral,happy,OAF_gap_neutral.wav,OAF_gap_happy.wav,0.625,0.0625,-0.25,0.4375,0.0625,-0.25,1.25
OAF_gap_neutral_sad,OAF,gap,neutral,sad,OAF_gap_neutral.wav,OAF_gap_sad.wav,-0.3125,-1.0,-1.0,-1.874999761581421,-0.7812498807907104,-0.7812498807907104,-0.1874997615814209
OAF_gap_neutral_angry,OAF,gap,neutral,angry,OAF_gap_neutral.wav,OAF_gap_angry.wav,-2.0,-2.375,-2.125,-1.875,-0.0625,0.1875,0.625
OAF_gap_happy_sad,OAF,gap,happy,sad,OAF_gap_happy.wav,OAF_gap_sad.wav,-0.9375,-0.6875,-0.875,-1.124999761581421,1.1920928955078125e-07,-0.18749988079071045,-0.4999997615814209
OAF_gap_happy_angry,OAF,gap,happy,angry,OAF_gap_happy.wav,OAF_gap_angry.wav,-1.9375,-1.75,-1.5,-1.9375,-0.125,0.125,-0.625
OAF_gap_sad_angry,OAF,gap,sad,angry,OAF_gap_sad.wav,OAF_gap_angry.wav,-1.0625,-1.5625,-0.5625,-0.875,-0.40625,0.59375,0.1875
OAF_gas_neutral_happy,OAF,gas,neutral,happy,OAF_gas_neutral.wav,OAF_gas_happy.wav,-0.5625,-0.3125,-0.0625,-0.3125,0.0,0.25,-0.5
OAF_gas_neutral_sad,OAF,gas,neutral,sad,OAF_gas_neutral.wav,OAF_gas_sad.wav,-0.9375,-1.750000238418579,-1.3125,-1.1875,-0.34375011920928955,0.09375011920928955,0.9375002384185791
OAF_gas_neutral_angry,OAF,gas,neutral,angry,OAF_gas_neutral.wav,OAF_gas_angry.wav,-2.4375,-1.75,-1.75,-2.375,0.03125,0.03125,-1.3125
OAF_gas_happy_sad,OAF,gas,happy,sad,OAF_gas_happy.wav,OAF_gas_sad.wav,-0.9375,-0.75,-0.1875,-1.3125,-0.46875,0.09375,-1.3125
OAF_gas_happy_angry,OAF,gas,happy,angry,OAF_gas_happy.wav,OAF_gas_angry.wav,-2.6875,-1.8125,-1.75,-1.9375,0.34375,0.40625,-1.0625
OAF_gas_sad_angry,OAF,gas,sad,angry,OAF_gas_sad.wav,OAF_gas_angry.wav,-1.5625,-1.25,-0.7499995231628418,-1.3125,-0.1250002384185791,0.3750002384185791,-0.8750004768371582
OAF_gaze_neutral_happy,OAF,gaze,neutral,happy,OAF_gaze_neutral.wav,OAF_gaze_happy.wav,-0.875,0.0625,-0.25,0.125,0.65625,0.34375,-0.5625
OAF_gaze_neutral_sad,OAF,gaze,neutral,sad,OAF_gaze_neutral.wav,OAF_gaze_sad.wav,-1.8125,-1.75,-1.3125,-1.75,-0.1875,0.25,-0.5
OAF_gaze_neutral_angry,OAF,gaze,neutral,angry,OAF_gaze_neutral.wav,OAF_gaze_angry.wav,-2.3125,-1.375,-1.5625,-1.8125,0.34375,0.15625,-1.1875
OAF_gaze_happy_sad,OAF,gaze,happy,sad,OAF_gaze_happy.wav,OAF_gaze_sad.wav,-0.875,0.125,-0.5,-0.8125,0.34375,-0.28125,-1.3125
OAF_gaze_happy_angry,OAF,gaze,happy,angry,OAF_gaze_happy.wav,OAF_gaze_angry.wav,-2.25,-1.8125,-2.1875,-2.0625,0.28125,-0.09375,-0.3125
OAF_gaze_sad_angry,OAF,gaze,sad,angry,OAF_gaze_sad.wav,OAF_gaze_angry.wav,-0.875,-0.9375,-0.6875,-1.4375,-0.40625,-0.15625,-0.6875
OAF_germ_neutral_happy,OAF,germ,neutral,happy,OAF_germ_neutral.wav,OAF_germ_happy.wav,-0.125,-0.4375,-0.25,0.0,-0.03125,0.15625,0.5625
OAF_germ_neutral_sad,OAF,germ,neutral,sad,OAF_germ_neutral.wav,OAF_germ_sad.wav,-1.125,-1.25,-0.125,-0.5625,-0.28125,0.84375,-0.3125
OAF_germ_neutral_angry,OAF,germ,neutral,angry,OAF_germ_neutral.wav,OAF_germ_angry.wav,-2.1875,-1.5625,-2.1875,-2.1875,0.3125,-0.3125,-0.625
OAF_germ_happy_sad,OAF,germ,happy,sad,OAF_germ_happy.wav,OAF_germ_sad.wav,-0.4375,-0.3125,-0.4375,0.0,0.28125,0.15625,0.3125
OAF_germ_happy_angry,OAF,germ,happy,angry,OAF_germ_happy.wav,OAF_germ_angry.wav,-0.4375,-1.625,-0.4375,-1.0625,-0.90625,0.28125,0.5625
OAF_germ_sad_angry,OAF,germ,sad,angry,OAF_germ_sad.wav,OAF_germ_angry.wav,-0.375,0.25,-0.1875,-0.875,-0.03125,-0.46875,-1.3125
OAF_get_neutral_happy,OAF,get,neutral,happy,OAF_get_neutral.wav,OAF_get_happy.wav,-1.187500238418579,-0.6875,-1.0625,-1.25,0.15625011920928955,-0.21874988079071045,-0.6875002384185791
OAF_get_neutral_sad,OAF,get,neutral,sad,OAF_get_neutral.wav,OAF_get_sad.wav,-1.812500238418579,-1.125,-1.812499761581421,-1.375,0.5625,-0.1249997615814209,-0.2500004768371582
OAF_get_neutral_angry,OAF,get,neutral,angry,OAF_get_neutral.wav,OAF_get_angry.wav,-2.562500238418579,-1.1875,-1.5,-2.875,1.1920928955078125e-07,-0.31249988079071045,-2.750000238418579
OAF_get_happy_sad,OAF,get,happy,sad,OAF_get_happy.wav,OAF_get_sad.wav,-0.75,-0.5625,-1.3125,-0.8125,0.34375,-0.40625,0.3125
OAF_get_happy_angry,OAF,get,happy,angry,OAF_get_happy.wav,OAF_get_angry.wav,-2.0,-1.125,-1.5,-2.5,-0.0625,-0.4375,-1.875
OAF_get_sad_angry,OAF,get,sad,angry,OAF_get_sad.wav,OAF_get_angry.wav,-0.8125,-0.875,-0.6875,-1.6875,-0.53125,-0.34375,-0.9375
OAF_gin_neutral_happy,OAF,gin,neutral,happy,OAF_gin_neutral.wav,OAF_gin_happy.wav,-1.1875,-1.062500238418579,-1.1875,-1.5625,-0.12500011920928955,-0.24999988079071045,-0.4999997615814209
OAF_gin_neutral_sad,OAF,gin,neutral,sad,OAF_gin_neutral.wav,OAF_gin_sad.wav,-1.5,-0.6875,-0.75,-1.25,0.15625,0.09375,-1.3125
OAF_gin_neutral_angry,OAF,gin,neutral,angry,OAF_gin_neutral.wav,OAF_gin_angry.wav,-2.75,-1.75,-1.625,-2.5,0.0625,0.1875,-1.875
OAF_gin_happy_sad,OAF,gin,happy,sad,OAF_gin_happy.wav,OAF_gin_sad.wav,0.5,-0.0625,0.25,-0.25,-0.53125,-0.21875,0.0625
OAF_gin_happy_angry,OAF,gin,happy,angry,OAF_gin_happy.wav,OAF_gin_angry.wav,-0.125,-0.8125,-0.125,-0.875,-0.71875,-0.03125,-0.0625
OAF_gin_sad_angry,OAF,gin,sad,angry,OAF_gin_sad.wav,OAF_gin_angry.wav,-0.75,-1.125,-0.625,-1.125,-0.4375,0.0625,-0.125
OAF_goal_neutral_happy,OAF,goal,neutral,happy,OAF_goal_neutral.wav,OAF_goal_happy.wav,-0.6874997615814209,-0.3125,-0.875,0.0625,0.6562498807907104,0.09374988079071045,0.5625002384185791
OAF_goal_neutral_sad,OAF,goal,neutral,sad,OAF_goal_neutral.wav,OAF_goal_sad.wav,-0.9999997615814209,-1.500000238418579,-1.0625,-1.0625,-0.2500002384185791,0.1875,0.5000004768371582
OAF_goal_neutral_angry,OAF,goal,neutral,angry,OAF_goal_neutral.wav,OAF_goal_angry.wav,-1.687499761581421,-1.749999761581421,-2.124999761581421,-2.0625,-1.1920928955078125e-07,-0.37500011920928955,0.1249997615814209
OAF_goal_happy_sad,OAF,goal,happy,sad,OAF_goal_happy.wav,OAF_goal_sad.wav,-0.875,-0.3125,-0.5,-0.625,0.21875,0.03125,-0.6875
OAF_goal_happy_angry,OAF,goal,happy,angry,OAF_goal_happy.wav,OAF_goal_angry.wav,-2.3125,-1.9375,-1.437499761581421,-0.8125,0.49999988079071045,1.0000001192092896,0.2499997615814209
OAF_goal_sad_angry,OAF,goal,sad,angry,OAF_goal_sad.wav,OAF_goal_angry.wav,-0.75,-0.0625,-0.25,-0.6875,0.125,-0.0625,-1.125
OAF_good_neutral_happy,OAF,good,neutral,happy,OAF_good_neutral.wav,OAF_good_happy.wav,0.0,-1.0,-0.1875002384185791,-0.9375,-0.8749998807907104,-0.06250011920928955,0.2500002384185791
OAF_good_neutral_sad,OAF,good,neutral,sad,OAF_good_neutral.wav,OAF_good_sad.wav,-0.625,-1.5625,-0.5625,-1.375,-0.875,0.125,0.125
OAF_good_neutral_angry,OAF,good,neutral,angry,OAF_good_neutral.wav,OAF_good_angry.wav,-1.9375,-2.5,-2.5625,-2.8125,-0.40625,-0.46875,0.3125
OAF_good_happy_sad,OAF,good,happy,sad,OAF_good_happy.wav,OAF_good_sad.wav,-0.75,-0.7500002384185791,-0.5625,-0.75,-0.09375011920928955,0.09375011920928955,-0.1874997615814209
OAF_good_happy_angry,OAF,good,happy,angry,OAF_good_happy.wav,OAF_good_angry.wav,-1.3125,-1.9375,-1.75,-2.0625,-0.46875,-0.28125,0.3125
OAF_good_sad_angry,OAF,good,sad,angry,OAF_good_sad.wav,OAF_good_angry.wav,-0.5625,-0.5,-1.125000238418579,-0.75,0.21875011920928955,-0.40625011920928955,0.3125002384185791
OAF_goose_neutral_happy,OAF,goose,neutral,happy,OAF_goose_neutral.wav,OAF_goose_happy.wav,-0.125,-0.90625,-0.375,-0.8125,-0.609375,-0.078125,0.34375
OAF_goose_neutral_sad,OAF,goose,neutral,sad,OAF_goose_neutral.wav,OAF_goose_sad.wav,-0.75,-0.6875,-0.6875,-1.25,-0.25,-0.25,-0.625
OAF_goose_neutral_angry,OAF,goose,neutral,angry,OAF_goose_neutral.wav,OAF_goose_angry.wav,-1.875,-1.9375,-2.0625,-1.9375,0.03125,-0.09375,0.1875
OAF_goose_happy_sad,OAF,goose,happy,sad,OAF_goose_happy.wav,OAF_goose_sad.wav,-0.375,-0.125,-0.625,-1.8125,-0.46875,-0.96875,-1.4375
OAF_goose_happy_angry,OAF,goose,happy,angry,OAF_goose_happy.wav,OAF_goose_angry.wav,-0.9375,-1.0625,-1.25,-1.25,-0.0625,-0.25,0.125
OAF_goose_sad_angry,OAF,goose,sad,angry,OAF_goose_sad.wav,OAF_goose_angry.wav,-1.25,-1.2499995231628418,-0.875,-1.0,-0.0624997615814209,0.3124997615814209,-0.1250004768371582
OAF_gun_neutral_happy,OAF,gun,neutral,happy,OAF_gun_neutral.wav,OAF_gun_happy.wav,-0.75,0.0,0.125,-0.3125,0.15625,0.28125,-1.1875
OAF_gun_neutral_sad,OAF,gun,neutral,sad,OAF_gun_neutral.wav,OAF_gun_sad.wav,-1.4375,-1.125,-0.1875,-1.625,-0.5625,0.375,-1.75
OAF_gun_neutral_angry,OAF,gun,neutral,angry,OAF_gun_neutral.wav,OAF_gun_angry.wav,-2.6875,-1.8125,-2.5,-2.437499761581421,0.46875011920928955,-0.21874988079071045,-0.8124997615814209
OAF_gun_happy_sad,OAF,gun,happy,sad,OAF_gun_happy.wav,OAF_gun_sad.wav,-0.5,-0.5625,-0.4375,-0.8125,-0.21875,-0.09375,-0.3125
OAF_gun_happy_angry,OAF,gun,happy,angry,OAF_gun_happy.wav,OAF_gun_angry.wav,-2.3125,-1.3125,-1.312499761581421,-1.187499761581421,0.5625,0.5625002384185791,-0.875
OAF_gun_sad_angry,OAF,gun,sad,angry,OAF_gun_sad.wav,OAF_gun_angry.wav,-0.8125,-1.4375,-1.125,-1.062499761581421,-0.28124988079071045,0.03125011920928955,0.6875002384185791
OAF_half_neutral_happy,OAF,half,neutral,happy,OAF_half_neutral.wav,OAF_half_happy.wav,-0.3125,-1.0625,-0.8125,-1.0,-0.46875,-0.21875,0.5625
OAF_half_neutral_sad,OAF,half,neutral,sad,OAF_half_neutral.wav,OAF_half_sad.wav,-0.9375,-1.0,-1.65625,-2.1875,-0.296875,-0.953125,-0.46875
OAF_half_neutral_angry,OAF,half,neutral,angry,OAF_half_neutral.wav,OAF_half_angry.wav,-1.875,-1.875000238418579,-1.5625,-2.0625,-0.25000011920928955,0.06250011920928955,-0.4999997615814209
OAF_half_happy_sad,OAF,half,happy,sad,OAF_half_happy.wav,OAF_half_sad.wav,-0.875,-0.75,-0.9375,-1.4375,-0.1875,-0.375,-0.625
OAF_half_happy_angry,OAF,half,happy,angry,OAF_half_happy.wav,OAF_half_angry.wav,-1.875,-1.437500238418579,-1.8125,-1.8125,0.21874988079071045,-0.15624988079071045,-0.4374997615814209
OAF_half_sad_angry,OAF,half,sad,angry,OAF_half_sad.wav,OAF_half_angry.wav,-1.03125,-1.0,-0.65625,-1.25,-0.28125,0.0625,-0.625
OAF_hall_neutral_happy,OAF,hall,neutral,happy,OAF_hall_neutral.wav,OAF_hall_happy.wav,-1.1875,-1.125,-1.5625,-0.6875,0.46875,0.03125,0.8125
OAF_hall_neutral_sad,OAF,hall,neutral,sad,OAF_hall_neutral.wav,OAF_hall_sad.wav,-1.3125,-1.8125,-1.6875,-2.0,-0.40625,-0.28125,0.1875
OAF_hall_neutral_angry,OAF,hall,neutral,angry,OAF_hall_neutral.wav,OAF_hall_angry.wav,-2.375,-2.5625,-2.5625,-2.312500238418579,0.03124988079071045,0.03124988079071045,0.4374997615814209
OAF_hall_happy_sad,OAF,hall,happy,sad,OAF_hall_happy.wav,OAF_hall_sad.wav,-0.4375,-0.5,-0.4375,-1.0625,-0.34375,-0.28125,-0.5625
OAF_hall_happy_angry,OAF,hall,happy,angry,OAF_hall_happy.wav,OAF_hall_angry.wav,-2.0625,-2.062500238418579,-1.625,-1.125,0.24999988079071045,0.6875001192092896,0.5000002384185791
OAF_hall_sad_angry,OAF,hall,sad,angry,OAF_hall_sad.wav,OAF_hall_angry.wav,-0.875,-0.9375,-0.75,-0.6875,0.0,0.1875,0.125
OAF_hash_neutral_happy,OAF,hash,neutral,happy,OAF_hash_neutral.wav,OAF_hash_happy.wav,-0.875,-0.3125,0.9375,0.0625,-0.15625,1.09375,-1.4375
OAF_hash_neutral_sad,OAF,hash,neutral,sad,OAF_hash_neutral.wav,OAF_hash_sad.wav,-1.75,-0.0625,-1.3437495231628418,-0.875,1.078124761581421,-0.2031247615814209,-1.2187504768371582
OAF_hash_neutral_angry,OAF,hash,neutral,angry,OAF_hash_neutral.wav,OAF_hash_angry.wav,-2.375,-2.125,-1.03125,-2.625,-0.671875,0.421875,-1.84375
OAF_hash_happy_sad,OAF,hash,happy,sad,OAF_hash_happy.wav,OAF_hash_sad.wav,-0.6875002384185791,-0.625,-0.875,-1.187499761581421,-0.1249997615814209,-0.3749997615814209,-0.375
OAF_hash_happy_angry,OAF,hash,happy,angry,OAF_hash_happy.wav,OAF_hash_angry.wav,-2.187500238418579,-2.187500238418579,-1.875000238418579,-2.3125,-0.21874988079071045,0.09375011920928955,-0.4374997615814209
OAF_hash_sad_angry,OAF,hash,sad,angry,OAF_hash_sad.wav,OAF_hash_angry.wav,-0.875,-1.3125,-0.7499997615814209,-1.375,-0.5312501192092896,0.03125011920928955,-0.1875002384185791
OAF_hate_neutral_happy,OAF,hate,neutral,happy,OAF_hate_neutral.wav,OAF_hate_happy.wav,-0.7499997615814209,-0.5,-0.1875,-0.1875,0.12499988079071045,0.43749988079071045,-0.2499997615814209
OAF_hate_neutral_sad,OAF,hate,neutral,sad,OAF_hate_neutral.wav,OAF_hate_sad.wav,-0.8749997615814209,-1.3125,-0.4375,-0.8749997615814209,-0.4375,0.4375,4.76837158203125e-07
OAF_hate_neutral_angry,OAF,hate,neutral,angry,OAF_hate_neutral.wav,OAF_hate_angry.wav,-1.937499761581421,-1.250000238418579,-1.25,-1.6875,0.1249997615814209,0.125,-1.1249995231628418
OAF_hate_happy_sad,OAF,hate,happy,sad,OAF_hate_happy.wav,OAF_hate_sad.wav,-0.6875,-0.1875,-0.25,-0.4375,0.15625,0.09375,-0.6875
OAF_hate_happy_angry,OAF,hate,happy,angry,OAF_hate_happy.wav,OAF_hate_angry.wav,-2.0625,-1.1875,-1.125000238418579,-1.1875,0.40625011920928955,0.46874988079071045,-0.9374997615814209
OAF_hate_sad_angry,OAF,hate,sad,angry,OAF_hate_sad.wav,OAF_hate_angry.wav,-1.1875,-0.9375002384185791,-1.125,-1.0,0.18749988079071045,1.1920928955078125e-07,-0.1249997615814209
OAF_have_neutral_happy,OAF,have,neutral,happy,OAF_have_neutral.wav,OAF_have_happy.wav,-0.375,-0.5625002384185791,-0.0625,-0.5625002384185791,-0.3437502384185791,0.15625,-0.3125
OAF_have_neutral_sad,OAF,have,neutral,sad,OAF_have_neutral.wav,OAF_have_sad.wav,-1.0625,-1.312500238418579,-1.78125,-1.4375,0.04687488079071045,-0.42187488079071045,0.5937502384185791
OAF_have_neutral_angry,OAF,have,neutral,angry,OAF_have_neutral.wav,OAF_have_angry.wav,-2.21875,-3.375,-2.125,-2.187499761581421,-0.6093748807907104,0.6406251192092896,1.093750238418579
OAF_have_happy_sad,OAF,have,happy,sad,OAF_have_happy.wav,OAF_have_sad.wav,-0.5,-1.0,-0.5,-0.9375,-0.46875,0.03125,0.0625
OAF_have_happy_angry,OAF,have,happy,angry,OAF_have_happy.wav,OAF_have_angry.wav,-1.875,-2.4375,-1.71875,-2.249999761581421,-0.5468748807907104,0.17187511920928955,0.0312502384185791
OAF_have_sad_angry,OAF,have,sad,angry,OAF_have_sad.wav,OAF_have_angry.wav,-0.875,-1.6875,-0.875,-1.25,-0.59375,0.21875,0.4375
OAF_haze_neutral_happy,OAF,haze,neutral,happy,OAF_haze_neutral.wav,OAF_haze_happy.wav,-0.9375,-0.5625,-0.8125,-0.875,0.15625,-0.09375,-0.4375
OAF_haze_neutral_sad,OAF,haze,neutral,sad,OAF_haze_neutral.wav,OAF_haze_sad.wav,-1.1875,-1.3125,-0.3125,-1.375,-0.59375,0.40625,-0.9375
OAF_haze_neutral_angry,OAF,haze,neutral,angry,OAF_haze_neutral.wav,OAF_haze_angry.wav,-2.125,-2.062500238418579,-2.749999761581421,-2.4375001192092896,0.18749970197677612,-0.4999998211860657,0.24999988079071045
OAF_haze_happy_sad,OAF,haze,happy,sad,OAF_haze_happy.wav,OAF_haze_sad.wav,-0.6249997615814209,-0.9375,-0.6875,-0.875,-0.25000011920928955,-1.1920928955078125e-07,0.1250002384185791
OAF_haze_happy_angry,OAF,haze,happy,angry,OAF_haze_happy.wav,OAF_haze_angry.wav,-1.937499761581421,-1.562500238418579,-1.9375,-1.5,0.4062497615814209,0.03125,0.0625004768371582
OAF_haze_sad_angry,OAF,haze,sad,angry,OAF_haze_sad.wav,OAF_haze_angry.wav,-0.9375,-1.5,-0.0625,-1.25,-0.875,0.5625,-0.625
OAF_hire_neutral_happy,OAF,hire,neutral,happy,OAF_hire_neutral.wav,OAF_hire_happy.wav,-1.375,-0.625,-1.3125,-0.9375,0.5625,-0.125,-0.375
OAF_hire_neutral_sad,OAF,hire,neutral,sad,OAF_hire_neutral.wav,OAF_hire_sad.wav,-1.75,-2.125,-0.84375,-2.062499523162842,-0.7968747615814209,0.4843752384185791,-0.8437495231628418
OAF_hire_neutral_angry,OAF,hire,neutral,angry,OAF_hire_neutral.wav,OAF_hire_angry.wav,-2.1875,-1.5,-2.3125,-1.5625,0.71875,-0.09375,0.0625
OAF_hire_happy_sad,OAF,hire,happy,sad,OAF_hire_happy.wav,OAF_hire_sad.wav,-0.5625,-0.5625,-0.25,-0.1249995231628418,0.0625002384185791,0.3750002384185791,0.1250004768371582
OAF_hire_happy_angry,OAF,hire,happy,angry,OAF_hire_happy.wav,OAF_hire_angry.wav,-1.1875,-1.0625,-0.875,-0.5,0.25,0.4375,0.25
OAF_hire_sad_angry,OAF,hire,sad,angry,OAF_hire_sad.wav,OAF_hire_angry.wav,-0.59375,-0.75,-0.0625,-0.3125,-0.203125,0.484375,-0.09375
OAF_hit_neutral_happy,OAF,hit,neutral,happy,OAF_hit_neutral.wav,OAF_hit_happy.wav,-1.1875,-0.8125,-1.0,-0.5625,0.40625,0.21875,0.0625
OAF_hit_neutral_sad,OAF,hit,neutral,sad,OAF_hit_neutral.wav,OAF_hit_sad.wav,-1.3125,-1.9375,-1.375,-2.0,-0.625,-0.0625,0.0
OAF_hit_neutral_angry,OAF,hit,neutral,angry,OAF_hit_neutral.wav,OAF_hit_angry.wav,-2.3125,-1.375,-1.96875,-2.4375,0.234375,-0.359375,-1.40625
OAF_hit_happy_sad,OAF,hit,happy,sad,OAF_hit_happy.wav,OAF_hit_sad.wav,-0.75,-1.0,-0.6875,-1.125,-0.34375,-0.03125,-0.1875
OAF_hit_happy_angry,OAF,hit,happy,angry,OAF_hit_happy.wav,OAF_hit_angry.wav,-1.6875,-1.5,-1.03125,-1.375,-0.078125,0.390625,-0.53125
OAF_hit_sad_angry,OAF,hit,sad,angry,OAF_hit_sad.wav,OAF_hit_angry.wav,-0.6875,-0.875,-0.25,-0.75,-0.34375,0.28125,-0.3125
OAF_hole_neutral_happy,OAF,hole,neutral,happy,OAF_hole_neutral.wav,OAF_hole_happy.wav,-0.8125,-0.625,-0.3125,-0.4375,0.03125,0.34375,-0.3125
OAF_hole_neutral_sad,OAF,hole,neutral,sad,OAF_hole_neutral.wav,OAF_hole_sad.wav,-1.4375,-1.0625,-0.5,-1.0625,-0.09375,0.46875,-0.9375
OAF_hole_neutral_angry,OAF,hole,neutral,angry,OAF_hole_neutral.wav,OAF_hole_angry.wav,-2.375,-2.625,-1.625,-1.312500238418579,0.03124988079071045,1.0312498807907104,0.5624997615814209
OAF_hole_happy_sad,OAF,hole,happy,sad,OAF_hole_happy.wav,OAF_hole_sad.wav,-0.375,-0.1875,-0.5,-0.5625,0.0625,-0.25,-0.25
OAF_hole_happy_angry,OAF,hole,happy,angry,OAF_hole_happy.wav,OAF_hole_angry.wav,-1.1875,-1.5,-1.7187495231628418,-0.8125,0.2968747615814209,0.0781252384185791,1.2187495231628418
OAF_hole_sad_angry,OAF,hole,sad,angry,OAF_hole_sad.wav,OAF_hole_angry.wav,-1.1875,-1.5625,-0.375,-0.5625,-0.28125,0.90625,0.1875
OAF_home_neutral_happy,OAF,home,neutral,happy,OAF_home_neutral.wav,OAF_home_happy.wav,-1.25,0.625,-0.75,-0.8125,0.90625,-0.46875,-1.9375
OAF_home_neutral_sad,OAF,home,neutral,sad,OAF_home_neutral.wav,OAF_home_sad.wav,-1.4375,-1.249999761581421,-0.375,-2.062499761581421,-0.7499997615814209,0.125,-1.875
OAF_home_neutral_angry,OAF,home,neutral,angry,OAF_home_neutral.wav,OAF_home_angry.wav,-2.0625,-2.1875,-1.0,-2.187500238418579,-0.6562501192092896,0.5312498807907104,-1.062500238418579
OAF_home_happy_sad,OAF,home,happy,sad,OAF_home_happy.wav,OAF_home_sad.wav,-1.0,-0.6249997615814209,-1.25,-0.875,0.37500011920928955,-0.25000011920928955,-2.384185791015625e-07
OAF_home_happy_angry,OAF,home,happy,angry,OAF_home_happy.wav,OAF_home_angry.wav,-1.9375,-1.8125,-1.75,-1.25,0.3125,0.375,0.375
OAF_home_sad_angry,OAF,home,sad,angry,OAF_home_sad.wav,OAF_home_angry.wav,-0.875,-1.8125,-1.0625,-1.125,-0.5,0.25,0.875
OAF_hurl_neutral_happy,OAF,hurl,neutral,happy,OAF_hurl_neutral.wav,OAF_hurl_happy.wav,-0.6875,-1.1875,-0.75,-1.187499761581421,-0.46874988079071045,-0.03124988079071045,0.0625002384185791
OAF_hurl_neutral_sad,OAF,hurl,neutral,sad,OAF_hurl_neutral.wav,OAF_hurl_sad.wav,-1.0625,-1.500000238418579,-0.0625,-1.4375,-0.9062501192092896,0.5312501192092896,-0.9374997615814209
OAF_hurl_neutral_angry,OAF,hurl,neutral,angry,OAF_hurl_neutral.wav,OAF_hurl_angry.wav,-2.0625,-2.1875,-1.4375,-2.0625,-0.375,0.375,-0.5
OAF_hurl_happy_sad,OAF,hurl,happy,sad,OAF_hurl_happy.wav,OAF_hurl_sad.wav,-0.125,0.4375,-0.625,-0.4375,0.375,-0.6875,-0.375
OAF_hurl_happy_angry,OAF,hurl,happy,angry,OAF_hurl_happy.wav,OAF_hurl_angry.wav,-1.4375,-1.3125,-1.375,-1.5,0.0,-0.0625,-0.25
OAF_hurl_sad_angry,OAF,hurl,sad,angry,OAF_hurl_sad.wav,OAF_hurl_angry.wav,-0.875,-1.34375,-0.5,-1.125,-0.546875,0.296875,-0.15625
OAF_hush_neutral_happy,OAF,hush,neutral,happy,OAF_hush_neutral.wav,OAF_hush_happy.wav,0.0,-0.1875,-0.1875,-0.1875,-0.09375,-0.09375,0.1875
OAF_hush_neutral_sad,OAF,hush,neutral,sad,OAF_hush_neutral.wav,OAF_hush_sad.wav,-0.9375,-0.875,-0.5625,-0.875,-0.125,0.1875,-0.375
OAF_hush_neutral_angry,OAF,hush,neutral,angry,OAF_hush_neutral.wav,OAF_hush_angry.wav,-2.0625,-3.0625,-2.25,-2.25,-0.5,0.3125,1.0
OAF_hush_happy_sad,OAF,hush,happy,sad,OAF_hush_happy.wav,OAF_hush_sad.wav,-1.0,-0.75,-1.1875,-1.4375,0.0,-0.4375,-0.5
OAF_hush_happy_angry,OAF,hush,happy,angry,OAF_hush_happy.wav,OAF_hush_angry.wav,-2.25,-1.812500238418579,-1.6875,-2.0625,0.03124988079071045,0.15625011920928955,-0.8124997615814209
OAF_hush_sad_angry,OAF,hush,sad,angry,OAF_hush_sad.wav,OAF_hush_angry.wav,-0.3125,-1.937500238418579,-0.03125,-1.4375,-1.5156251192092896,0.39062511920928955,0.2187502384185791
OAF_jail_neutral_happy,OAF,jail,neutral,happy,OAF_jail_neutral.wav,OAF_jail_happy.wav,-0.4375,-0.3125,-1.125,-0.5,0.375,-0.4375,0.5
OAF_jail_neutral_sad,OAF,jail,neutral,sad,OAF_jail_neutral.wav,OAF_jail_sad.wav,-0.8125,-1.0,-1.4375,-1.0,0.125,-0.3125,0.625
OAF_jail_neutral_angry,OAF,jail,neutral,angry,OAF_jail_neutral.wav,OAF_jail_angry.wav,-2.0625,-2.250000238418579,-2.249999761581421,-2.437499761581421,-0.18750011920928955,-0.18749964237213135,2.384185791015625e-07
OAF_jail_happy_sad,OAF,jail,happy,sad,OAF_jail_happy.wav,OAF_jail_sad.wav,-0.4375,-0.0625,-0.625,-0.1875,0.40625,-0.15625,0.0625
OAF_jail_happy_angry,OAF,jail,happy,angry,OAF_jail_happy.wav,OAF_jail_angry.wav,-1.8125,-1.437500238418579,-1.4375,-1.499999761581421,0.15625,0.1562502384185791,-0.4374995231628418
OAF_jail_sad_angry,OAF,jail,sad,angry,OAF_jail_sad.wav,OAF_jail_angry.wav,-1.5,-1.125,-0.75,-1.125,0.0,0.375,-0.75
OAF_jar_neutral_happy,OAF,jar,neutral,happy,OAF_jar_neutral.wav,OAF_jar_happy.wav,-0.875,-1.0625,-1.4375,-1.0,0.125,-0.25,0.625
OAF_jar_neutral_sad,OAF,jar,neutral,sad,OAF_jar_neutral.wav,OAF_jar_sad.wav,-1.125,-1.375,-0.96875,-1.0625,-0.171875,0.234375,0.15625
OAF_jar_neutral_angry,OAF,jar,neutral,angry,OAF_jar_neutral.wav,OAF_jar_angry.wav,-2.375,-2.187500238418579,-1.875,-2.125,-0.03125011920928955,0.28125011920928955,-0.4374997615814209
OAF_jar_happy_sad,OAF,jar,happy,sad,OAF_jar_happy.wav,OAF_jar_sad.wav,-0.3125,0.0,-0.6875,-0.625,0.1875,-0.5,-0.25
OAF_jar_happy_angry,OAF,jar,happy,angry,OAF_jar_happy.wav,OAF_jar_angry.wav,-1.125,-1.8125,-1.0625,-1.0625,-0.34375,0.40625,0.6875
OAF_jar_sad_angry,OAF,jar,sad,angry,OAF_jar_sad.wav,OAF_jar_angry.wav,-1.125,-0.5625,-0.75,-1.4375,-0.0625,-0.25,-1.25
OAF_join_neutral_happy,OAF,join,neutral,happy,OAF_join_neutral.wav,OAF_join_happy.wav,-1.375,-1.0,-1.9375,-1.1875,0.5625,-0.375,0.375
OAF_join_neutral_sad,OAF,join,neutral,sad,OAF_join_neutral.wav,OAF_join_sad.wav,-2.0625,-0.9375,-1.3125,-1.25,0.59375,0.21875,-1.0625
OAF_join_neutral_angry,OAF,join,neutral,angry,OAF_join_neutral.wav,OAF_join_angry.wav,-2.6875,-1.625,-1.78125,-2.25,0.296875,0.140625,-1.53125
OAF_join_happy_sad,OAF,join,happy,sad,OAF_join_happy.wav,OAF_join_sad.wav,-0.4375,-0.1875,-0.3750004768371582,-0.3125,0.1562502384185791,-0.0312502384185791,-0.1874995231628418
OAF_join_happy_angry,OAF,join,happy,angry,OAF_join_happy.wav,OAF_join_angry.wav,-1.0,-1.187499761581421,-0.90625,-1.6875,-0.48437488079071045,-0.20312511920928955,-0.5937502384185791
OAF_join_sad_angry,OAF,join,sad,angry,OAF_join_sad.wav,OAF_join_angry.wav,-1.1875,-0.75,-0.4375,-1.4375,-0.28125,0.03125,-1.4375
OAF_judge_neutral_happy,OAF,judge,neutral,happy,OAF_judge_neutral.wav,OAF_judge_happy.wav,-0.25,-0.375,-0.125,-0.3125,-0.15625,0.09375,-0.0625
OAF_judge_neutral_sad,OAF,judge,neutral,sad,OAF_judge_neutral.wav,OAF_judge_sad.wav,-0.8125,-1.187500238418579,-1.03125,-1.499999761581421,-0.421875,-0.2656247615814209,-0.0937495231628418
OAF_judge_neutral_angry,OAF,judge,neutral,angry,OAF_judge_neutral.wav,OAF_judge_angry.wav,-1.5,-2.1875,-2.0,-2.375,-0.53125,-0.34375,0.3125
OAF_judge_happy_sad,OAF,judge,happy,sad,OAF_judge_happy.wav,OAF_judge_sad.wav,0.125,-0.375,0.0,-0.8125,-0.65625,-0.28125,-0.3125
OAF_judge_happy_angry,OAF,judge,happy,angry,OAF_judge_happy.wav,OAF_judge_angry.wav,-0.25,-1.25,-1.5625,-1.75,-0.59375,-0.90625,0.8125
OAF_judge_sad_angry,OAF,judge,sad,angry,OAF_judge_sad.wav,OAF_judge_angry.wav,-0.0625,-0.375,-1.0625,-0.9375,-0.09375,-0.78125,0.4375
OAF_jug_neutral_happy,OAF,jug,neutral,happy,OAF_jug_neutral.wav,OAF_jug_happy.wav,0.0625,-0.8125,-0.3125,-0.3125,-0.4375,0.0625,0.875
OAF_jug_neutral_sad,OAF,jug,neutral,sad,OAF_jug_neutral.wav,OAF_jug_sad.wav,-0.875,-1.0625,-0.4375,-1.375,-0.5625,0.0625,-0.75
OAF_jug_neutral_angry,OAF,jug,neutral,angry,OAF_jug_neutral.wav,OAF_jug_angry.wav,-1.125,-1.625,0.0625,-0.875,-0.71875,0.96875,-0.4375
OAF_jug_happy_sad,OAF,jug,happy,sad,OAF_jug_happy.wav,OAF_jug_sad.wav,-0.625,-0.0625,-0.375,-0.625,0.15625,-0.15625,-0.8125
OAF_jug_happy_angry,OAF,jug,happy,angry,OAF_jug_happy.wav,OAF_jug_angry.wav,-1.1875,-1.5625,-0.75,-0.625,-0.125,0.6875,0.5
OAF_jug_sad_angry,OAF,jug,sad,angry,OAF_jug_sad.wav,OAF_jug_angry.wav,-0.3125,-0.5625,-0.75,-0.4375,0.03125,-0.15625,0.5625
OAF_juice_neutral_happy,OAF,juice,neutral,happy,OAF_juice_neutral.wav,OAF_juice_happy.wav,0.4375,-0.59375,0.75,-1.21875,-1.5,-0.15625,-0.9375
OAF_juice_neutral_sad,OAF,juice,neutral,sad,OAF_juice_neutral.wav,OAF_juice_sad.wav,-0.625,-0.8125,-0.90625,-1.1875,-0.234375,-0.328125,-0.09375
OAF_juice_neutral_angry,OAF,juice,neutral,angry,OAF_juice_neutral.wav,OAF_juice_angry.wav,-1.9375,-1.9375,-1.5625,-1.5,0.03125,0.40625,0.0625
OAF_juice_happy_sad,OAF,juice,happy,sad,OAF_juice_happy.wav,OAF_juice_sad.wav,-0.03125,-0.75,-0.09375,-1.375,-1.0,-0.34375,-0.5625
OAF_juice_happy_angry,OAF,juice,happy,angry,OAF_juice_happy.wav,OAF_juice_angry.wav,-0.09375,-1.75,-0.28125,-1.375,-1.375,0.09375,0.5625
OAF_juice_sad_angry,OAF,juice,sad,angry,OAF_juice_sad.wav,OAF_juice_angry.wav,-0.7500004768371582,-1.125,-1.0,-0.875,-0.1249997615814209,2.384185791015625e-07,0.4999995231628418
OAF_keen_neutral_happy,OAF,keen,neutral,happy,OAF_keen_neutral.wav,OAF_keen_happy.wav,-0.25,-0.6875,-1.4375,-1.125,-0.0625,-0.8125,0.75
OAF_keen_neutral_sad,OAF,keen,neutral,sad,OAF_keen_neutral.wav,OAF_keen_sad.wav,-0.6875,-0.8125,-0.875,-1.5625,-0.40625,-0.46875,-0.5625
OAF_keen_neutral_angry,OAF,keen,neutral,angry,OAF_keen_neutral.wav,OAF_keen_angry.wav,-2.21875,-1.9375,-2.374999761581421,-2.0,0.32812488079071045,-0.10937488079071045,0.0937497615814209
OAF_keen_happy_sad,OAF,keen,happy,sad,OAF_keen_happy.wav,OAF_keen_sad.wav,0.625,0.25,-0.3125,-0.5625,-0.3125,-0.875,0.125
OAF_keen_happy_angry,OAF,keen,happy,angry,OAF_keen_happy.wav,OAF_keen_angry.wav,-0.75,-1.75,-0.6875,-1.5625,-0.9375,0.125,0.125
OAF_keen_sad_angry,OAF,keen,sad,angry,OAF_keen_sad.wav,OAF_keen_angry.wav,-0.8125,-1.1875,-0.9375,-1.875,-0.65625,-0.40625,-0.5625
OAF_keep_neutral_happy,OAF,keep,neutral,happy,OAF_keep_neutral.wav,OAF_keep_happy.wav,-0.625,-0.5,-0.4375,-1.1875,-0.3125,-0.25,-0.875
OAF_keep_neutral_sad,OAF,keep,neutral,sad,OAF_keep_neutral.wav,OAF_keep_sad.wav,-0.6875,-0.9375,-0.3125,-1.0625,-0.5,0.125,-0.5
OAF_keep_neutral_angry,OAF,keep,neutral,angry,OAF_keep_neutral.wav,OAF_keep_angry.wav,-2.125,-3.187499761581421,-1.6875,-2.250000238418579,-0.8125,0.6874997615814209,0.4999995231628418
OAF_keep_happy_sad,OAF,keep,happy,sad,OAF_keep_happy.wav,OAF_keep_sad.wav,-0.1875,0.125,-0.875,-0.6875,0.25,-0.75,-0.125
OAF_keep_happy_angry,OAF,keep,happy,angry,OAF_keep_happy.wav,OAF_keep_angry.wav,-2.125,-1.8125,-1.5624995231628418,-1.500000238418579,0.18749964237213135,0.43750011920928955,-0.2500007152557373
OAF_keep_sad_angry,OAF,keep,sad,angry,OAF_keep_sad.wav,OAF_keep_angry.wav,-1.5,-0.9375,-1.312500238418579,-1.187500238418579,0.34375,-0.0312502384185791,-0.4375
OAF_keg_neutral_happy,OAF,keg,neutral,happy,OAF_keg_neutral.wav,OAF_keg_happy.wav,-1.5,-1.125,-1.5625,-1.625,0.15625,-0.28125,-0.4375
OAF_keg_neutral_sad,OAF,keg,neutral,sad,OAF_keg_neutral.wav,OAF_keg_sad.wav,-1.3125,-1.0625,-0.6875,-1.125,-0.09375,0.28125,-0.6875
OAF_keg_neutral_angry,OAF,keg,neutral,angry,OAF_keg_neutral.wav,OAF_keg_angry.wav,-2.4375,-2.375,-1.9375,-1.999999761581421,1.1920928955078125e-07,0.43750011920928955,-0.1249997615814209
OAF_keg_happy_sad,OAF,keg,happy,sad,OAF_keg_happy.wav,OAF_keg_sad.wav,0.4375,0.9999997615814209,-0.3125,-0.4375,0.21874988079071045,-1.0937498807907104,-0.6874997615814209
OAF_keg_happy_angry,OAF,keg,happy,angry,OAF_keg_happy.wav,OAF_keg_angry.wav,-1.0,-1.625,-1.125,-1.0625,-0.28125,0.21875,0.6875
OAF_keg_sad_angry,OAF,keg,sad,angry,OAF_keg_sad.wav,OAF_keg_angry.wav,-1.5625,-1.5,-0.875,-1.0625,-0.0625,0.5625,-0.25
OAF_kick_neutral_happy,OAF,kick,neutral,happy,OAF_kick_neutral.wav,OAF_kick_happy.wav,-0.5625,-0.625,0.25,-0.5,-0.40625,0.46875,-0.6875
OAF_kick_neutral_sad,OAF,kick,neutral,sad,OAF_kick_neutral.wav,OAF_kick_sad.wav,-0.5625,0.0,0.1875,-0.0625,0.15625,0.34375,-0.8125
OAF_kick_neutral_angry,OAF,kick,neutral,angry,OAF_kick_neutral.wav,OAF_kick_angry.wav,-2.1875,-1.6875,-1.3125,-1.4375,0.1875,0.5625,-0.625
OAF_kick_happy_sad,OAF,kick,happy,sad,OAF_kick_happy.wav,OAF_kick_sad.wav,-0.3125,-0.0625,-0.5,-0.0625,0.34375,-0.09375,0.1875
OAF_kick_happy_angry,OAF,kick,happy,angry,OAF_kick_happy.wav,OAF_kick_angry.wav,-2.25,-1.375,-1.4375,-1.5,0.40625,0.34375,-0.9375
OAF_kick_sad_angry,OAF,kick,sad,angry,OAF_kick_sad.wav,OAF_kick_angry.wav,-1.9375,-1.687499761581421,-1.625,-1.6875,0.09375011920928955,0.15624988079071045,-0.3125002384185791
OAF_kill_neutral_happy,OAF,kill,neutral,happy,OAF_kill_neutral.wav,OAF_kill_happy.wav,-1.3125,-1.375,-0.0625,-0.75,-0.375,0.9375,-0.625
OAF_kill_neutral_sad,OAF,kill,neutral,sad,OAF_kill_neutral.wav,OAF_kill_sad.wav,-1.625,-1.1875,-1.0625,-1.0,0.25,0.375,-0.375
OAF_kill_neutral_angry,OAF,kill,neutral,angry,OAF_kill_neutral.wav,OAF_kill_angry.wav,-2.6875,-2.1875,-1.875,-2.3125,0.03125,0.34375,-0.9375
OAF_kill_happy_sad,OAF,kill,happy,sad,OAF_kill_happy.wav,OAF_kill_sad.wav,-0.3125,-0.375,-0.75,-0.5,0.09375,-0.28125,0.3125
OAF_kill_happy_angry,OAF,kill,happy,angry,OAF_kill_happy.wav,OAF_kill_angry.wav,-1.1875,-1.75,-0.8125,-1.5,-0.625,0.3125,-0.125
OAF_kill_sad_angry,OAF,kill,sad,angry,OAF_kill_sad.wav,OAF_kill_angry.wav,-1.0625,-1.3125004768371582,-0.6875,-1.3125,-0.4375002384185791,0.1875002384185791,-0.3749995231628418
OAF_king_neutral_happy,OAF,king,neutral,happy,OAF_king_neutral.wav,OAF_king_happy.wav,-0.1875,0.25,-0.875,-1.375,-0.03125,-1.15625,-0.9375
OAF_king_neutral_sad,OAF,king,neutral,sad,OAF_king_neutral.wav,OAF_king_sad.wav,-0.6875,-1.625,-0.875,-1.25,-0.65625,0.09375,0.5625
OAF_king_neutral_angry,OAF,king,neutral,angry,OAF_king_neutral.wav,OAF_king_angry.wav,-2.1875,-1.3125,-2.1875,-2.6875,0.1875,-0.6875,-1.375
OAF_king_happy_sad,OAF,king,happy,sad,OAF_king_happy.wav,OAF_king_sad.wav,-0.3125,0.0625,-0.4375,-0.875,-0.03125,-0.53125,-0.8125
OAF_king_happy_angry,OAF,king,happy,angry,OAF_king_happy.wav,OAF_king_angry.wav,-1.25,-2.375,-1.0,-2.1875,-1.15625,0.21875,-0.0625
OAF_king_sad_angry,OAF,king,sad,angry,OAF_king_sad.wav,OAF_king_angry.wav,-0.875,-1.125,-0.875,-1.75,-0.5625,-0.3125,-0.625
OAF_kite_neutral_happy,OAF,kite,neutral,happy,OAF_kite_neutral.wav,OAF_kite_happy.wav,-0.4375,-1.0,-0.125,-1.5625,-1.0,-0.125,-0.875
OAF_kite_neutral_sad,OAF,kite,neutral,sad,OAF_kite_neutral.wav,OAF_kite_sad.wav,-0.3125,-0.25,-0.375,0.1875,0.3125,0.1875,0.5
OAF_kite_neutral_angry,OAF,kite,neutral,angry,OAF_kite_neutral.wav,OAF_kite_angry.wav,-2.0,-2.375,-1.53125,-1.875,-0.359375,0.484375,0.03125
OAF_kite_happy_sad,OAF,kite,happy,sad,OAF_kite_happy.wav,OAF_kite_sad.wav,1.3125,1.96875,0.25,0.625,0.515625,-1.203125,-0.28125
OAF_kite_happy_angry,OAF,kite,happy,angry,OAF_kite_happy.wav,OAF_kite_angry.wav,-1.4375,-2.25,-1.3124995231628418,-0.875,-0.1875002384185791,0.7500002384185791,1.2499995231628418
OAF_kite_sad_angry,OAF,kite,sad,angry,OAF_kite_sad.wav,OAF_kite_angry.wav,-2.53125,-1.5,-2.5,-1.75,0.890625,-0.109375,-0.28125
OAF_knock_neutral_happy,OAF,knock,neutral,happy,OAF_knock_neutral.wav,OAF_knock_happy.wav,-0.0625,-0.75,-0.3125,-0.5,-0.4375,0.0,0.5
OAF_knock_neutral_sad,OAF,knock,neutral,sad,OAF_knock_neutral.wav,OAF_knock_sad.wav,-0.625,-1.8125,-1.25,-1.25,-0.59375,-0.03125,1.1875
OAF_knock_neutral_angry,OAF,knock,neutral,angry,OAF_knock_neutral.wav,OAF_knock_angry.wav,-1.5625,-2.875,-2.4375,-2.624999761581421,-0.7499998807907104,-0.31249988079071045,1.125000238418579
OAF_knock_happy_sad,OAF,knock,happy,sad,OAF_knock_happy.wav,OAF_knock_sad.wav,-0.8125,-0.5625,-1.375,-1.3125,0.15625,-0.65625,-0.1875
OAF_knock_happy_angry,OAF,knock,happy,angry,OAF_knock_happy.wav,OAF_knock_angry.wav,-1.3125,-1.812500238418579,-1.375,-2.562499761581421,-0.84375,-0.4062497615814209,-0.6874995231628418
OAF_knock_sad_angry,OAF,knock,sad,angry,OAF_knock_sad.wav,OAF_knock_angry.wav,-0.5,-1.25,-0.625,-1.3125,-0.71875,-0.09375,0.0625
OAF_late_neutral_happy,OAF,late,neutral,happy,OAF_late_neutral.wav,OAF_late_happy.wav,-0.3749997615814209,0.1875,-0.1875,0.3125,0.5312498807907104,0.15624988079071045,-0.0624997615814209
OAF_late_neutral_sad,OAF,late,neutral,sad,OAF_late_neutral.wav,OAF_late_sad.wav,-0.8124997615814209,-1.625,-0.75,-1.5,-0.7812501192092896,0.09374988079071045,0.0625002384185791
OAF_late_neutral_angry,OAF,late,neutral,angry,OAF_late_neutral.wav,OAF_late_angry.wav,-2.437499761581421,-2.437499761581421,-1.875,-1.9375,-0.03125,0.5312497615814209,-0.0625
OAF_late_happy_sad,OAF,late,happy,sad,OAF_late_happy.wav,OAF_late_sad.wav,-1.125,-0.25,-1.125,-0.875,0.5625,-0.3125,-0.625
OAF_late_happy_angry,OAF,late,happy,angry,OAF_late_happy.wav,OAF_late_angry.wav,-2.5,-2.875000238418579,-1.5625,-2.5625,-0.6875001192092896,0.6250001192092896,-0.6249997615814209
OAF_late_sad_angry,OAF,late,sad,angry,OAF_late_sad.wav,OAF_late_angry.wav,-1.1875,-1.875,-0.9375,-1.5625,-0.65625,0.28125,0.0625
OAF_laud_neutral_happy,OAF,laud,neutral,happy,OAF_laud_neutral.wav,OAF_laud_happy.wav,-0.6875,-0.625,-1.375,-1.125,0.15625,-0.59375,0.1875
OAF_laud_neutral_sad,OAF,laud,neutral,sad,OAF_laud_neutral.wav,OAF_laud_sad.wav,-0.8125,-1.0,-0.6875,-1.4375,-0.46875,-0.15625,-0.5625
OAF_laud_neutral_angry,OAF,laud,neutral,angry,OAF_laud_neutral.wav,OAF_laud_angry.wav,-2.5625,-2.4375,-2.6875,-2.3125,0.25,0.0,0.25
OAF_laud_happy_sad,OAF,laud,happy,sad,OAF_laud_happy.wav,OAF_laud_sad.wav,-0.0625,-0.5,-0.4375,-0.75,-0.375,-0.3125,0.125
OAF_laud_happy_angry,OAF,laud,happy,angry,OAF_laud_happy.wav,OAF_laud_angry.wav,-1.375,-1.625,-1.25,-0.9375,0.03125,0.40625,0.5625
OAF_laud_sad_angry,OAF,laud,sad,angry,OAF_laud_sad.wav,OAF_laud_angry.wav,-1.46875,-0.875,-0.875,-1.0625,0.203125,0.203125,-0.78125
OAF_lean_neutral_happy,OAF,lean,neutral,happy,OAF_lean_neutral.wav,OAF_lean_happy.wav,-1.249999761581421,-1.0,-0.75,-0.75,0.12499988079071045,0.37499988079071045,-0.2499997615814209
OAF_lean_neutral_sad,OAF,lean,neutral,sad,OAF_lean_neutral.wav,OAF_lean_sad.wav,-1.374999761581421,-1.562500238418579,-0.75,-1.437500238418579,-0.43750035762786865,0.37499988079071045,-0.4999997615814209
OAF_lean_neutral_angry,OAF,lean,neutral,angry,OAF_lean_neutral.wav,OAF_lean_angry.wav,-2.374999761581421,-3.1874998807907104,-2.374999761581421,-2.5625,-0.5000001788139343,0.3124999403953552,0.6249998807907104
OAF_lean_happy_sad,OAF,lean,happy,sad,OAF_lean_happy.wav,OAF_lean_sad.wav,-0.6875,-0.75,-0.0625,-0.875,-0.4375,0.25,-0.75
OAF_lean_happy_angry,OAF,lean,happy,angry,OAF_lean_happy.wav,OAF_lean_angry.wav,-2.0,-1.8125,-1.625,-2.0,-0.09375,0.09375,-0.5625
OAF_lean_sad_angry,OAF,lean,sad,angry,OAF_lean_sad.wav,OAF_lean_angry.wav,-1.4375,-2.062499761581421,-1.749999761581421,-1.75,-0.3125,0.0,0.6249995231628418
OAF_learn_neutral_happy,OAF,learn,neutral,happy,OAF_learn_neutral.wav,OAF_learn_happy.wav,-0.625,-0.6875,-0.625,-0.8125,-0.125,-0.0625,-0.125
OAF_learn_neutral_sad,OAF,learn,neutral,sad,OAF_learn_neutral.wav,OAF_learn_sad.wav,-1.0625,-1.0625,-0.9375,-1.625,-0.34375,-0.21875,-0.6875
OAF_learn_neutral_angry,OAF,learn,neutral,angry,OAF_learn_neutral.wav,OAF_learn_angry.wav,-2.1875,-2.812499761581421,-2.3125,-2.8749998807907104,-0.5937498211860657,-0.09375005960464478,0.06249988079071045
OAF_learn_happy_sad,OAF,learn,happy,sad,OAF_learn_happy.wav,OAF_learn_sad.wav,-0.625,-0.125,-0.75,-0.75,0.25,-0.375,-0.5
OAF_learn_happy_angry,OAF,learn,happy,angry,OAF_learn_happy.wav,OAF_learn_angry.wav,-2.0,-1.375,-1.9375,-1.5,0.53125,-0.03125,-0.1875
OAF_learn_sad_angry,OAF,learn,sad,angry,OAF_learn_sad.wav,OAF_learn_angry.wav,-1.125,-0.625,-0.75,-1.25,0.0,-0.125,-1.0
OAF_lease_neutral_happy,OAF,lease,neutral,happy,OAF_lease_neutral.wav,OAF_lease_happy.wav,-0.5625,-0.0624997615814209,0.0625,-0.375,0.03125011920928955,0.15624988079071045,-0.9375002384185791
OAF_lease_neutral_sad,OAF,lease,neutral,sad,OAF_lease_neutral.wav,OAF_lease_sad.wav,-1.3125,-0.6875,-0.75,-1.0625,0.15625,0.09375,-0.9375
OAF_lease_neutral_angry,OAF,lease,neutral,angry,OAF_lease_neutral.wav,OAF_lease_angry.wav,-2.59375,-2.437499761581421,-2.09375,-2.75,-0.24999988079071045,0.09374988079071045,-0.8125002384185791
OAF_lease_happy_sad,OAF,lease,happy,sad,OAF_lease_happy.wav,OAF_lease_sad.wav,-0.75,-0.5,-1.25,-0.75,0.375,-0.375,0.25
OAF_lease_happy_angry,OAF,lease,happy,angry,OAF_lease_happy.wav,OAF_lease_angry.wav,-1.375,-2.8125,-1.1875,-2.0625,-1.15625,0.46875,0.5625
OAF_lease_sad_angry,OAF,lease,sad,angry,OAF_lease_sad.wav,OAF_lease_angry.wav,-0.625,-1.5,-0.625,-1.75,-1.0,-0.125,-0.25
OAF_lid_neutral_happy,OAF,lid,neutral,happy,OAF_lid_neutral.wav,OAF_lid_happy.wav,-0.75,-1.124999761581421,0.625,-0.8125,-0.9062498807907104,0.8437498807907104,-1.062500238418579
OAF_lid_neutral_sad,OAF,lid,neutral,sad,OAF_lid_neutral.wav,OAF_lid_sad.wav,-0.8125,-1.375,-0.3125,-1.1875,-0.71875,0.34375,-0.3125
OAF_lid_neutral_angry,OAF,lid,neutral,angry,OAF_lid_neutral.wav,OAF_lid_angry.wav,-1.9375,-1.8125,-0.3125,-2.0,-0.78125,0.71875,-1.8125
OAF_lid_happy_sad,OAF,lid,happy,sad,OAF_lid_happy.wav,OAF_lid_sad.wav,0.1875,-0.5,0.0625,-0.4375,-0.59375,-0.03125,0.1875
OAF_lid_happy_angry,OAF,lid,happy,angry,OAF_lid_happy.wav,OAF_lid_angry.wav,-1.625000238418579,-1.625000238418579,-0.8749997615814209,-1.0,-0.06250011920928955,0.6875003576278687,-0.1250002384185791
OAF_lid_sad_angry,OAF,lid,sad,angry,OAF_lid_sad.wav,OAF_lid_angry.wav,-1.0,-0.5625,-0.3125,-1.125,-0.1875,0.0625,-1.25
OAF_life_neutral_happy,OAF,life,neutral,happy,OAF_life_neutral.wav,OAF_life_happy.wav,0.0625,-0.3125,1.0,-0.4375,-0.90625,0.40625,-1.0625
OAF_life_neutral_sad,OAF,life,neutral,sad,OAF_life_neutral.wav,OAF_life_sad.wav,-0.375,-1.125,-0.1875,-0.9375,-0.75,0.1875,0.0
OAF_life_neutral_angry,OAF,life,neutral,angry,OAF_life_neutral.wav,OAF_life_angry.wav,-1.5625,-2.25,-2.125,-1.875,-0.21875,-0.09375,0.9375
OAF_life_happy_sad,OAF,life,happy,sad,OAF_life_happy.wav,OAF_life_sad.wav,-0.75,-0.375,-0.625,-1.1875,-0.09375,-0.34375,-0.9375
OAF_life_happy_angry,OAF,life,happy,angry,OAF_life_happy.wav,OAF_life_angry.wav,-2.375,-2.25,-1.8749995231628418,-1.875,0.0624997615814209,0.4375002384185791,-0.1250004768371582
OAF_life_sad_angry,OAF,life,sad,angry,OAF_life_sad.wav,OAF_life_angry.wav,-1.375,-2.25,-1.375,-1.5625,-0.53125,0.34375,0.6875
OAF_limb_neutral_happy,OAF,limb,neutral,happy,OAF_limb_neutral.wav,OAF_limb_happy.wav,-0.9375,-0.4375,-0.625,-0.8125,0.15625,-0.03125,-0.6875
OAF_limb_neutral_sad,OAF,limb,neutral,sad,OAF_limb_neutral.wav,OAF_limb_sad.wav,-1.5,-0.1875,-1.34375,-1.5625,0.546875,-0.609375,-1.53125
OAF_limb_neutral_angry,OAF,limb,neutral,angry,OAF_limb_neutral.wav,OAF_limb_angry.wav,-2.1875,-2.5625,-1.9375,-2.0625,-0.25,0.375,0.25
OAF_limb_happy_sad,OAF,limb,happy,sad,OAF_limb_happy.wav,OAF_limb_sad.wav,-0.3125,0.125,-1.0,-0.625,0.40625,-0.71875,-0.0625
OAF_limb_happy_angry,OAF,limb,happy,angry,OAF_limb_happy.wav,OAF_limb_angry.wav,-1.5,-1.3125,-1.6875,-1.4375,0.21875,-0.15625,0.0625
OAF_limb_sad_angry,OAF,limb,sad,angry,OAF_limb_sad.wav,OAF_limb_angry.wav,-1.1875,-1.15625,-1.250000238418579,-1.4375,-0.07812488079071045,-0.17187511920928955,-0.2187497615814209
OAF_live_neutral_happy,OAF,live,neutral,happy,OAF_live_neutral.wav,OAF_live_happy.wav,-0.25,-0.375,-0.6875,-0.625,-0.03125,-0.34375,0.1875
OAF_live_neutral_sad,OAF,live,neutral,sad,OAF_live_neutral.wav,OAF_live_sad.wav,-0.4375,-1.0,-0.6875,-0.75,-0.3125,0.0,0.5
OAF_live_neutral_angry,OAF,live,neutral,angry,OAF_live_neutral.wav,OAF_live_angry.wav,-1.875,-2.624999761581421,-2.0,-2.3125,-0.5312498807907104,0.09374988079071045,0.4374997615814209
OAF_live_happy_sad,OAF,live,happy,sad,OAF_live_happy.wav,OAF_live_sad.wav,-0.3125,-0.4375,-0.375,-0.375,-0.0625,0.0,0.125
OAF_live_happy_angry,OAF,live,happy,angry,OAF_live_happy.wav,OAF_live_angry.wav,-1.4375,-1.374999761581421,-1.625,-1.1875,0.25000011920928955,-1.1920928955078125e-07,0.3749997615814209
OAF_live_sad_angry,OAF,live,sad,angry,OAF_live_sad.wav,OAF_live_angry.wav,-0.8125,-1.125,-0.75,-0.9375,-0.25,0.125,0.125
OAF_loaf_neutral_happy,OAF,loaf,neutral,happy,OAF_loaf_neutral.wav,OAF_loaf_happy.wav,-0.5,-0.25,-0.375,-1.0,-0.1875,-0.3125,-0.875
OAF_loaf_neutral_sad,OAF,loaf,neutral,sad,OAF_loaf_neutral.wav,OAF_loaf_sad.wav,-1.75,-1.0,-1.125,-1.5,0.1875,0.0625,-1.125
OAF_loaf_neutral_angry,OAF,loaf,neutral,angry,OAF_loaf_neutral.wav,OAF_loaf_angry.wav,-3.3125,-2.375,-1.875,-2.75,0.03125,0.53125,-1.8125
OAF_loaf_happy_sad,OAF,loaf,happy,sad,OAF_loaf_happy.wav,OAF_loaf_sad.wav,-0.375,-0.375,-0.6875,-0.8125,-0.0625,-0.375,-0.125
OAF_loaf_happy_angry,OAF,loaf,happy,angry,OAF_loaf_happy.wav,OAF_loaf_angry.wav,-1.625,-2.25,-1.375,-1.375,-0.3125,0.5625,0.625
OAF_loaf_sad_angry,OAF,loaf,sad,angry,OAF_loaf_sad.wav,OAF_loaf_angry.wav,-0.9375,-1.5,-0.8125,-1.3125,-0.53125,0.15625,0.0625
OAF_long_neutral_happy,OAF,long,neutral,happy,OAF_long_neutral.wav,OAF_long_happy.wav,-0.1875,-0.5,-0.6875,-1.25,-0.4375,-0.625,-0.25
OAF_long_neutral_sad,OAF,long,neutral,sad,OAF_long_neutral.wav,OAF_long_sad.wav,-0.625,-0.625,-1.1875,-1.0,0.09375,-0.46875,0.1875
OAF_long_neutral_angry,OAF,long,neutral,angry,OAF_long_neutral.wav,OAF_long_angry.wav,-1.625,-2.125,-2.125,-1.9375,-0.15625,-0.15625,0.6875
OAF_long_happy_sad,OAF,long,happy,sad,OAF_long_happy.wav,OAF_long_sad.wav,-0.3125,-0.25,-1.0,-0.25,0.40625,-0.34375,0.6875
OAF_long_happy_angry,OAF,long,happy,angry,OAF_long_happy.wav,OAF_long_angry.wav,-0.90625,-1.6875,-1.1875,-1.375,-0.484375,0.015625,0.59375
OAF_long_sad_angry,OAF,long,sad,angry,OAF_long_sad.wav,OAF_long_angry.wav,-0.6875,-1.5,-0.1875,-0.8125,-0.71875,0.59375,0.1875
OAF_lore_neutral_happy,OAF,lore,neutral,happy,OAF_lore_neutral.wav,OAF_lore_happy.wav,-1.4375,-0.8125,-0.75,-0.1875,0.59375,0.65625,-0.0625
OAF_lore_neutral_sad,OAF,lore,neutral,sad,OAF_lore_neutral.wav,OAF_lore_sad.wav,-1.4375,-0.6875,-1.0625,-0.4999997615814209,0.6562501192092896,0.28125011920928955,-0.1874997615814209
OAF_lore_neutral_angry,OAF,lore,neutral,angry,OAF_lore_neutral.wav,OAF_lore_angry.wav,-2.5625,-1.750000238418579,-2.5,-3.062500238418579,0.1249997615814209,-0.625,-1.375
OAF_lore_happy_sad,OAF,lore,happy,sad,OAF_lore_happy.wav,OAF_lore_sad.wav,-0.375,0.125,-0.1875,-0.0625,0.3125,0.0,-0.375
OAF_lore_happy_angry,OAF,lore,happy,angry,OAF_lore_happy.wav,OAF_lore_angry.wav,-1.6875,-1.75,-1.5625,-1.875,-0.1875,0.0,-0.25
OAF_lore_sad_angry,OAF,lore,sad,angry,OAF_lore_sad.wav,OAF_lore_angry.wav,-1.125,-1.5625,-0.875,-2.3125,-0.9375,-0.25,-1.0
OAF_lose_neutral_happy,OAF,lose,neutral,happy,OAF_lose_neutral.wav,OAF_lose_happy.wav,-0.6875,-0.375,-0.7500002384185791,-0.4375,0.31250011920928955,-0.06250011920928955,2.384185791015625e-07
OAF_lose_neutral_sad,OAF,lose,neutral,sad,OAF_lose_neutral.wav,OAF_lose_sad.wav,-1.3125,-1.25,-0.875,-1.5,-0.28125,0.09375,-0.6875
OAF_lose_neutral_angry,OAF,lose,neutral,angry,OAF_lose_neutral.wav,OAF_lose_angry.wav,-2.375,-1.625,-1.4375,-2.125000238418579,0.03124988079071045,0.21874988079071045,-1.437500238418579
OAF_lose_happy_sad,OAF,lose,happy,sad,OAF_lose_happy.wav,OAF_lose_sad.wav,-0.625,-0.4375,-0.8125,-0.625,0.1875,-0.1875,0.0
OAF_lose_happy_angry,OAF,lose,happy,angry,OAF_lose_happy.wav,OAF_lose_angry.wav,-1.625,-0.9375,-1.5,-1.5,0.34375,-0.21875,-0.6875
OAF_lose_sad_angry,OAF,lose,sad,angry,OAF_lose_sad.wav,OAF_lose_angry.wav,-0.875,-1.3125,-1.0,-1.3125,-0.375,-0.0625,0.125
OAF_lot_neutral_happy,OAF,lot,neutral,happy,OAF_lot_neutral.wav,OAF_lot_happy.wav,-0.4375,-0.3125,0.0625002384185791,-0.6875,-0.31250011920928955,0.06250011920928955,-0.8750002384185791
OAF_lot_neutral_sad,OAF,lot,neutral,sad,OAF_lot_neutral.wav,OAF_lot_sad.wav,-0.9375,-1.125,-1.4375,-0.8125,0.21875,-0.09375,0.8125
OAF_lot_neutral_angry,OAF,lot,neutral,angry,OAF_lot_neutral.wav,OAF_lot_angry.wav,-2.4375,-2.4375,-2.25,-2.1875,0.03125,0.21875,0.0625
OAF_lot_happy_sad,OAF,lot,happy,sad,OAF_lot_happy.wav,OAF_lot_sad.wav,-1.0625,-0.5625,-1.125,-0.75,0.4375,-0.125,-0.125
OAF_lot_happy_angry,OAF,lot,happy,angry,OAF_lot_happy.wav,OAF_lot_angry.wav,-2.5,-2.5625,-1.78125,-2.1875,-0.234375,0.546875,-0.34375
OAF_lot_sad_angry,OAF,lot,sad,angry,OAF_lot_sad.wav,OAF_lot_angry.wav,-1.3125004768371582,-1.5,-1.6875,-1.875,-0.1874997615814209,-0.3749997615814209,-4.76837158203125e-07
OAF_love_neutral_happy,OAF,love,neutral,happy,OAF_love_neutral.wav,OAF_love_happy.wav,-0.5625,-0.8125,-0.5,-0.5625,-0.15625,0.15625,0.1875
OAF_love_neutral_sad,OAF,love,neutral,sad,OAF_love_neutral.wav,OAF_love_sad.wav,-1.0625,-1.125,-0.5625,-1.125,-0.3125,0.25,-0.5
OAF_love_neutral_angry,OAF,love,neutral,angry,OAF_love_neutral.wav,OAF_love_angry.wav,-2.125,-2.937499761581421,-1.8125,-2.750000238418579,-0.875,0.2499997615814209,-0.1250004768371582
OAF_love_happy_sad,OAF,love,happy,sad,OAF_love_happy.wav,OAF_love_sad.wav,-0.0625,-0.3125,-0.5,-0.875,-0.3125,-0.5,-0.125
OAF_love_happy_angry,OAF,love,happy,angry,OAF_love_happy.wav,OAF_love_angry.wav,-1.78125,-2.249999761581421,-1.875,-1.812500238418579,-0.203125,0.1718747615814209,0.5312495231628418
OAF_love_sad_angry,OAF,love,sad,angry,OAF_love_sad.wav,OAF_love_angry.wav,-1.25,-1.5625,-0.875,-1.437500238418579,-0.43750011920928955,0.24999988079071045,-0.2500002384185791
OAF_luck_neutral_happy,OAF,luck,neutral,happy,OAF_luck_neutral.wav,OAF_luck_happy.wav,-0.0625,-0.5,0.25,-0.375,-0.53125,0.21875,-0.1875
OAF_luck_neutral_sad,OAF,luck,neutral,sad,OAF_luck_neutral.wav,OAF_luck_sad.wav,-0.6875,-0.3125,-0.6875,-1.25,-0.09375,-0.46875,-0.9375
OAF_luck_neutral_angry,OAF,luck,neutral,angry,OAF_luck_neutral.wav,OAF_luck_angry.wav,-1.5,-2.125,-1.375,-1.875,-0.5625,0.1875,0.125
OAF_luck_happy_sad,OAF,luck,happy,sad,OAF_luck_happy.wav,OAF_luck_sad.wav,-0.8750002384185791,-0.6249997615814209,-0.8125,-0.8125,0.1250002384185791,-0.0625,-0.2500004768371582
OAF_luck_happy_angry,OAF,luck,happy,angry,OAF_luck_happy.wav,OAF_luck_angry.wav,-2.375000238418579,-1.874999761581421,-1.3437504768371582,-1.8125,0.015625476837158203,0.5468747615814209,-0.96875
OAF_luck_sad_angry,OAF,luck,sad,angry,OAF_luck_sad.wav,OAF_luck_angry.wav,-0.9375,-1.875,-0.9375,-1.375,-0.6875,0.25,0.5
OAF_make_neutral_happy,OAF,make,neutral,happy,OAF_make_neutral.wav,OAF_make_happy.wav,-0.125,0.125,-0.3125,0.125,0.34375,-0.09375,0.1875
OAF_make_neutral_sad,OAF,make,neutral,sad,OAF_make_neutral.wav,OAF_make_sad.wav,-1.0,-1.374999761581421,-0.6875,-1.687499761581421,-0.6874997615814209,0.0,-0.625
OAF_make_neutral_angry,OAF,make,neutral,angry,OAF_make_neutral.wav,OAF_make_angry.wav,-1.875,-2.4375,-1.875,-2.9999998807907104,-0.8437499403953552,-0.2812499403953552,-0.5624998807907104
OAF_make_happy_sad,OAF,make,happy,sad,OAF_make_happy.wav,OAF_make_sad.wav,-1.5625,-1.0625,-1.4375,-1.437499761581421,0.25000011920928955,-0.12499988079071045,-0.4999997615814209
OAF_make_happy_angry,OAF,make,happy,angry,OAF_make_happy.wav,OAF_make_angry.wav,-2.375,-2.312499761581421,-1.6875,-2.375,-0.31249988079071045,0.31249988079071045,-0.7500002384185791
OAF_make_sad_angry,OAF,make,sad,angry,OAF_make_sad.wav,OAF_make_angry.wav,-0.875,-1.1875,-0.625,-1.125,-0.40625,0.15625,-0.1875
OAF_match_neutral_happy,OAF,match,neutral,happy,OAF_match_neutral.wav,OAF_match_happy.wav,-0.875,-0.25,-0.8125,-0.8125,0.3125,-0.25,-0.625
OAF_match_neutral_sad,OAF,match,neutral,sad,OAF_match_neutral.wav,OAF_match_sad.wav,-1.3125,-1.4375,-1.6875,-1.0,0.28125,0.03125,0.8125
OAF_match_neutral_angry,OAF,match,neutral,angry,OAF_match_neutral.wav,OAF_match_angry.wav,-2.3125,-1.5625,-1.75,-2.0,0.25,0.0625,-1.0
OAF_match_happy_sad,OAF,match,happy,sad,OAF_match_happy.wav,OAF_match_sad.wav,-0.8125,-0.5625,-1.375,-0.8125,0.40625,-0.40625,0.3125
OAF_match_happy_angry,OAF,match,happy,angry,OAF_match_happy.wav,OAF_match_angry.wav,-1.625,-1.75,-1.125,-1.5625,-0.28125,0.34375,-0.3125
OAF_match_sad_angry,OAF,match,sad,angry,OAF_match_sad.wav,OAF_match_angry.wav,-0.8125,-0.46875,-0.9375,-1.0625,0.109375,-0.359375,-0.46875
OAF_merge_neutral_happy,OAF,merge,neutral,happy,OAF_merge_neutral.wav,OAF_merge_happy.wav,-0.5625,-0.5000002384185791,-0.5,-0.8750002384185791,-0.1562502384185791,-0.15625,-0.4375
OAF_merge_neutral_sad,OAF,merge,neutral,sad,OAF_merge_neutral.wav,OAF_merge_sad.wav,-1.75,-1.8125,-1.3125,-1.8125,-0.28125,0.21875,-0.4375
OAF_merge_neutral_angry,OAF,merge,neutral,angry,OAF_merge_neutral.wav,OAF_merge_angry.wav,-2.375,-2.000000238418579,-1.46875,-1.3125,0.26562488079071045,0.7968751192092896,-0.2187497615814209
OAF_merge_happy_sad,OAF,merge,happy,sad,OAF_merge_happy.wav,OAF_merge_sad.wav,-1.1875,-0.5,-1.1875,-1.0,0.4375,-0.25,-0.5
OAF_merge_happy_angry,OAF,merge,happy,angry,OAF_merge_happy.wav,OAF_merge_angry.wav,-1.625,-1.625000238418579,-1.59375,-1.4375,0.07812488079071045,0.10937511920928955,0.1562502384185791
OAF_merge_sad_angry,OAF,merge,sad,angry,OAF_merge_sad.wav,OAF_merge_angry.wav,-0.4375,-1.5625,-0.5625,-0.875,-0.71875,0.28125,0.8125
OAF_mess_neutral_happy,OAF,mess,neutral,happy,OAF_mess_neutral.wav,OAF_mess_happy.wav,0.1875,-0.5,-0.5625,-1.4375,-0.78125,-0.84375,-0.1875
OAF_mess_neutral_sad,OAF,mess,neutral,sad,OAF_mess_neutral.wav,OAF_mess_sad.wav,-0.6875,-1.0625,-0.96875,-1.1875,-0.296875,-0.203125,0.15625
OAF_mess_neutral_angry,OAF,mess,neutral,angry,OAF_mess_neutral.wav,OAF_mess_angry.wav,-1.6562504768371582,-2.125,-1.6875,-2.375,-0.5781247615814209,-0.1406247615814209,-0.2187504768371582
OAF_mess_happy_sad,OAF,mess,happy,sad,OAF_mess_happy.wav,OAF_mess_sad.wav,-0.375,-0.4375,-0.78125,-1.375,-0.328125,-0.671875,-0.53125
OAF_mess_happy_angry,OAF,mess,happy,angry,OAF_mess_happy.wav,OAF_mess_angry.wav,-1.0,-2.5,-1.1875,-1.9375,-1.125,0.1875,0.75
OAF_mess_sad_angry,OAF,mess,sad,angry,OAF_mess_sad.wav,OAF_mess_angry.wav,-0.7812504768371582,-1.375,-1.5625,-1.4375,-0.2343747615814209,-0.4218747615814209,0.7187495231628418
OAF_met_neutral_happy,OAF,met,neutral,happy,OAF_met_neutral.wav,OAF_met_happy.wav,-1.375,-1.124999761581421,-1.5,-1.0,0.37500011920928955,-1.1920928955078125e-07,0.2499997615814209
OAF_met_neutral_sad,OAF,met,neutral,sad,OAF_met_neutral.wav,OAF_met_sad.wav,-1.6875,-1.5,-1.125,-1.875,-0.28125,0.09375,-0.9375
OAF_met_neutral_angry,OAF,met,neutral,angry,OAF_met_neutral.wav,OAF_met_angry.wav,-2.8125,-2.3125,-2.374999761581421,-1.75,0.5624998807907104,0.5000001192092896,0.1249997615814209
OAF_met_happy_sad,OAF,met,happy,sad,OAF_met_happy.wav,OAF_met_sad.wav,-0.375,-0.375,-1.1562495231628418,-1.1875,-0.0156252384185791,-0.7968747615814209,-0.0312504768371582
OAF_met_happy_angry,OAF,met,happy,angry,OAF_met_happy.wav,OAF_met_angry.wav,-1.0625,-1.3125,-1.28125,-1.125,-0.046875,-0.015625,0.40625
OAF_met_sad_angry,OAF,met,sad,angry,OAF_met_sad.wav,OAF_met_angry.wav,-0.75,-0.59375,0.0,-0.5,-0.171875,0.421875,-0.65625
OAF_mill_neutral_happy,OAF,mill,neutral,happy,OAF_mill_neutral.wav,OAF_mill_happy.wav,-1.25,-0.625,-1.125,-0.9375,0.40625,-0.09375,-0.4375
OAF_mill_neutral_sad,OAF,mill,neutral,sad,OAF_mill_neutral.wav,OAF_mill_sad.wav,-1.71875,-1.25,-0.8125,-1.1875,0.046875,0.484375,-0.84375
OAF_mill_neutral_angry,OAF,mill,neutral,angry,OAF_mill_neutral.wav,OAF_mill_angry.wav,-2.53125,-2.375,-2.71875,-2.187499761581421,0.34375011920928955,1.1920928955078125e-07,0.3750002384185791
OAF_mill_happy_sad,OAF,mill,happy,sad,OAF_mill_happy.wav,OAF_mill_sad.wav,-0.375,-0.3125,-0.9375,-0.625,0.1875,-0.4375,0.25
OAF_mill_happy_angry,OAF,mill,happy,angry,OAF_mill_happy.wav,OAF_mill_angry.wav,-1.0,-1.5,-1.1249995231628418,-1.124999761581421,-0.25000011920928955,0.12500035762786865,0.4999997615814209
OAF_mill_sad_angry,OAF,mill,sad,angry,OAF_mill_sad.wav,OAF_mill_angry.wav,-0.8125,-0.875,-1.0625,-0.8749997615814209,0.06250011920928955,-0.12499988079071045,0.2500002384185791
OAF_mob_neutral_happy,OAF,mob,neutral,happy,OAF_mob_neutral.wav,OAF_mob_happy.wav,0.1875,-1.4375,0.5625,-0.75,-1.46875,0.53125,0.3125
OAF_mob_neutral_sad,OAF,mob,neutral,sad,OAF_mob_neutral.wav,OAF_mob_sad.wav,-0.3125,-1.687500238418579,-0.6875,-0.75,-0.7187501192092896,0.28125011920928955,1.312500238418579
OAF_mob_neutral_angry,OAF,mob,neutral,angry,OAF_mob_neutral.wav,OAF_mob_angry.wav,-1.3125,-1.8125,-1.1875,-2.8125,-1.0625,-0.4375,-1.125
OAF_mob_happy_sad,OAF,mob,happy,sad,OAF_mob_happy.wav,OAF_mob_sad.wav,-1.3125,-0.8125,-1.3125,-1.4375,0.1875,-0.3125,-0.625
OAF_mob_happy_angry,OAF,mob,happy,angry,OAF_mob_happy.wav,OAF_mob_angry.wav,-1.8125,-1.750000238418579,-1.625,-1.5,0.09374988079071045,0.21875011920928955,0.0625002384185791
OAF_mob_sad_angry,OAF,mob,sad,angry,OAF_mob_sad.wav,OAF_mob_angry.wav,-0.1875,-0.9375,-0.4375,-1.0,-0.65625,-0.15625,0.1875
OAF_mode_neutral_happy,OAF,mode,neutral,happy,OAF_mode_neutral.wav,OAF_mode_happy.wav,-0.625,-0.375,-1.25,-1.0,0.25,-0.625,0.0
OAF_mode_neutral_sad,OAF,mode,neutral,sad,OAF_mode_neutral.wav,OAF_mode_sad.wav,-0.875,-1.375,0.0625,-2.5,-1.53125,-0.09375,-2.0625
OAF_mode_neutral_angry,OAF,mode,neutral,angry,OAF_mode_neutral.wav,OAF_mode_angry.wav,-1.0,-1.75,-0.6875,-1.875,-0.96875,0.09375,-0.4375
OAF_mode_happy_sad,OAF,mode,happy,sad,OAF_mode_happy.wav,OAF_mode_sad.wav,-0.3125,-0.5,-1.1875,-1.1875,-0.09375,-0.78125,0.1875
OAF_mode_happy_angry,OAF,mode,happy,angry,OAF_mode_happy.wav,OAF_mode_angry.wav,-0.8437504768371582,-1.1875,-1.5625,-1.375,-0.0781247615814209,-0.4531247615814209,0.5312495231628418
OAF_mode_sad_angry,OAF,mode,sad,angry,OAF_mode_sad.wav,OAF_mode_angry.wav,-0.25,0.25,-0.3125,-0.4375,0.1875,-0.375,-0.625
OAF_mood_neutral_happy,OAF,mood,neutral,happy,OAF_mood_neutral.wav,OAF_mood_happy.wav,0.1875,-0.5,-0.25,-0.6875,-0.5625,-0.3125,0.25
OAF_mood_neutral_sad,OAF,mood,neutral,sad,OAF_mood_neutral.wav,OAF_mood_sad.wav,-0.1875,-1.25,0.0625,-1.0625,-1.09375,0.21875,-0.0625
OAF_mood_neutral_angry,OAF,mood,neutral,angry,OAF_mood_neutral.wav,OAF_mood_angry.wav,-2.0,-1.937500238418579,-2.250000238418579,-2.812500238418579,-0.25000011920928955,-0.5625001192092896,-0.6249997615814209
OAF_mood_happy_sad,OAF,mood,happy,sad,OAF_mood_happy.wav,OAF_mood_sad.wav,-0.8125,-0.9375002384185791,-1.0625,-0.875,0.03124988079071045,-0.09374988079071045,0.3125002384185791
OAF_mood_happy_angry,OAF,mood,happy,angry,OAF_mood_happy.wav,OAF_mood_angry.wav,-1.3125,-2.125,-1.25,-2.0,-0.78125,0.09375,0.0625
OAF_mood_sad_angry,OAF,mood,sad,angry,OAF_mood_sad.wav,OAF_mood_angry.wav,-0.9375,-0.25,-0.375,-1.0,0.03125,-0.09375,-1.3125
OAF_moon_neutral_happy,OAF,moon,neutral,happy,OAF_moon_neutral.wav,OAF_moon_happy.wav,0.3125,-0.125,0.1250002384185791,-0.1875,-0.37500011920928955,-0.12499988079071045,0.1249997615814209
OAF_moon_neutral_sad,OAF,moon,neutral,sad,OAF_moon_neutral.wav,OAF_moon_sad.wav,-0.9375,-0.9375,-0.5625,-1.1875,-0.3125,0.0625,-0.625
OAF_moon_neutral_angry,OAF,moon,neutral,angry,OAF_moon_neutral.wav,OAF_moon_angry.wav,-2.1875,-2.375000238418579,-1.9375,-2.5,-0.37500011920928955,0.06250011920928955,-0.3749997615814209
OAF_moon_happy_sad,OAF,moon,happy,sad,OAF_moon_happy.wav,OAF_moon_sad.wav,-0.8125,-0.6875,-0.8125,-1.1875,-0.125,-0.25,-0.5
OAF_moon_happy_angry,OAF,moon,happy,angry,OAF_moon_happy.wav,OAF_moon_angry.wav,-1.875,-1.875,-1.5625,-1.875,-0.15625,0.15625,-0.3125
OAF_moon_sad_angry,OAF,moon,sad,angry,OAF_moon_sad.wav,OAF_moon_angry.wav,-1.0625,-0.875,-1.375,-1.375,0.09375,-0.40625,-0.1875
OAF_mop_neutral_happy,OAF,mop,neutral,happy,OAF_mop_neutral.wav,OAF_mop_happy.wav,-0.5625,-0.8125,0.5,0.1875,-0.28125,1.03125,-0.0625
OAF_mop_neutral_sad,OAF,mop,neutral,sad,OAF_mop_neutral.wav,OAF_mop_sad.wav,-1.625,-1.562500238418579,-0.75,-2.0,-0.5937501192092896,0.21875011920928955,-1.312499761581421
OAF_mop_neutral_angry,OAF,mop,neutral,angry,OAF_mop_neutral.wav,OAF_mop_angry.wav,-1.875,-2.4375,-1.09375,-2.0625,-0.765625,0.578125,-0.40625
OAF_mop_happy_sad,OAF,mop,happy,sad,OAF_mop_happy.wav,OAF_mop_sad.wav,-1.0,-1.0,-1.5625,-1.75,-0.09375,-0.65625,-0.1875
OAF_mop_happy_angry,OAF,mop,happy,angry,OAF_mop_happy.wav,OAF_mop_angry.wav,-1.75,-2.0625,-2.3125,-1.5625,0.21875,-0.03125,1.0625
OAF_mop_sad_angry,OAF,mop,sad,angry,OAF_mop_sad.wav,OAF_mop_angry.wav,-0.25,-0.5625,-0.6250002384185791,-1.25,-0.46874988079071045,-0.5312501192092896,-0.3124997615814209
OAF_mouse_neutral_happy,OAF,mouse,neutral,happy,OAF_mouse_neutral.wav,OAF_mouse_happy.wav,-0.6875,-0.5625,-0.5,-0.3125,0.15625,0.21875,0.0625
OAF_mouse_neutral_sad,OAF,mouse,neutral,sad,OAF_mouse_neutral.wav,OAF_mouse_sad.wav,-1.25,-0.6875,-1.25,-1.21875,0.296875,-0.265625,-0.53125
OAF_mouse_neutral_angry,OAF,mouse,neutral,angry,OAF_mouse_neutral.wav,OAF_mouse_angry.wav,-2.625,-2.125,-1.75,-1.7499995231628418,0.2500002384185791,0.6250002384185791,-0.4999995231628418
OAF_mouse_happy_sad,OAF,mouse,happy,sad,OAF_mouse_happy.wav,OAF_mouse_sad.wav,-0.75,-0.25,-0.6875,-1.09375,0.046875,-0.390625,-0.90625
OAF_mouse_happy_angry,OAF,mouse,happy,angry,OAF_mouse_happy.wav,OAF_mouse_angry.wav,-2.3125,-1.5000004768371582,-1.0625,-1.3749995231628418,0.25,0.6875004768371582,-1.1249990463256836
OAF_mouse_sad_angry,OAF,mouse,sad,angry,OAF_mouse_sad.wav,OAF_mouse_angry.wav,-0.71875,-0.90625,-1.375,-1.2499995231628418,-0.0312497615814209,-0.4999997615814209,0.3125004768371582
OAF_nag_neutral_happy,OAF,nag,neutral,happy,OAF_nag_neutral.wav,OAF_nag_happy.wav,-0.875,-0.125,0.125,-0.3125,0.15625,0.40625,-1.1875
OAF_nag_neutral_sad,OAF,nag,neutral,sad,OAF_nag_neutral.wav,OAF_nag_sad.wav,-2.25,-1.750000238418579,-0.9687495231628418,-1.125,0.17187464237213135,0.9531253576278687,-0.6562502384185791
OAF_nag_neutral_angry,OAF,nag,neutral,angry,OAF_nag_neutral.wav,OAF_nag_angry.wav,-2.5,-1.749999761581421,-2.0625,-2.0,0.40625011920928955,0.09374988079071045,-0.6875002384185791
OAF_nag_happy_sad,OAF,nag,happy,sad,OAF_nag_happy.wav,OAF_nag_sad.wav,-0.6875,-0.8125,-1.0,-0.9375,-0.03125,-0.21875,0.1875
OAF_nag_happy_angry,OAF,nag,happy,angry,OAF_nag_happy.wav,OAF_nag_angry.wav,-1.9375,-1.375,-1.1875,-1.375,0.1875,0.375,-0.75
OAF_nag_sad_angry,OAF,nag,sad,angry,OAF_nag_sad.wav,OAF_nag_angry.wav,-0.875,0.0625,-0.375,-0.75,0.28125,-0.15625,-1.3125
OAF_name_neutral_happy,OAF,name,neutral,happy,OAF_name_neutral.wav,OAF_name_happy.wav,-1.1875,-0.25,-0.8125,-0.4375,0.65625,0.09375,-0.5625
OAF_name_neutral_sad,OAF,name,neutral,sad,OAF_name_neutral.wav,OAF_name_sad.wav,-1.59375,-1.0,-1.4375,-2.25,-0.109375,-0.546875,-1.40625
OAF_name_neutral_angry,OAF,name,neutral,angry,OAF_name_neutral.wav,OAF_name_angry.wav,-2.15625,-2.375,-1.5625,-2.25,-0.453125,0.359375,-0.46875
OAF_name_happy_sad,OAF,name,happy,sad,OAF_name_happy.wav,OAF_name_sad.wav,-0.4375,-0.5,-0.8125,-0.875,-0.0625,-0.375,0.0
OAF_name_happy_angry,OAF,name,happy,angry,OAF_name_happy.wav,OAF_name_angry.wav,-2.0625,-1.687500238418579,-1.5625004768371582,-1.75,0.09375011920928955,0.21874988079071045,-0.5624992847442627
OAF_name_sad_angry,OAF,name,sad,angry,OAF_name_sad.wav,OAF_name_angry.wav,-0.9375,-1.3125,-0.9375,-1.125,-0.28125,0.09375,0.1875
OAF_near_neutral_happy,OAF,near,neutral,happy,OAF_near_neutral.wav,OAF_near_happy.wav,-0.875,-0.2500002384185791,-0.375,-0.1875,0.40624988079071045,0.28125011920928955,-0.4374997615814209
OAF_near_neutral_sad,OAF,near,neutral,sad,OAF_near_neutral.wav,OAF_near_sad.wav,-1.75,-1.312499761581421,-0.625,-1.0,0.03125011920928955,0.7187498807907104,-0.8125002384185791
OAF_near_neutral_angry,OAF,near,neutral,angry,OAF_near_neutral.wav,OAF_near_angry.wav,-2.125,-2.1875,-1.874999761581421,-2.249999761581421,-0.21875,0.0937502384185791,-0.3125
OAF_near_happy_sad,OAF,near,happy,sad,OAF_near_happy.wav,OAF_near_sad.wav,-1.0625,-0.625,-1.3125,-1.1875,0.28125,-0.40625,-0.3125
OAF_near_happy_angry,OAF,near,happy,angry,OAF_near_happy.wav,OAF_near_angry.wav,-2.3125,-2.0625,-1.375,-1.375,0.125,0.8125,-0.25
OAF_near_sad_angry,OAF,near,sad,angry,OAF_near_sad.wav,OAF_near_angry.wav,0.0,-0.625,-0.6875,-0.75,-0.34375,-0.40625,0.5625
OAF_neat_neutral_happy,OAF,neat,neutral,happy,OAF_neat_neutral.wav,OAF_neat_happy.wav,-1.1875,-1.125,-1.3125,-0.4375,0.46875,0.28125,0.8125
OAF_neat_neutral_sad,OAF,neat,neutral,sad,OAF_neat_neutral.wav,OAF_neat_sad.wav,-1.3125,-1.25,-1.1875,-1.3125,-0.03125,0.03125,-0.1875
OAF_neat_neutral_angry,OAF,neat,neutral,angry,OAF_neat_neutral.wav,OAF_neat_angry.wav,-2.25,-4.0625,-1.53125,-2.874999761581421,-1.5781248807907104,0.9531251192092896,0.4687502384185791
OAF_neat_happy_sad,OAF,neat,happy,sad,OAF_neat_happy.wav,OAF_neat_sad.wav,-0.4375,-0.75,-1.0625,-1.375,-0.3125,-0.625,0.0
OAF_neat_happy_angry,OAF,neat,happy,angry,OAF_neat_happy.wav,OAF_neat_angry.wav,-2.4375,-2.125,-1.7187504768371582,-2.062499761581421,-0.015624642372131348,0.39062488079071045,-0.6562492847442627
OAF_neat_sad_angry,OAF,neat,sad,angry,OAF_neat_sad.wav,OAF_neat_angry.wav,-1.25,-1.3125,-1.0,-1.3125,-0.1875,0.125,-0.25
OAF_nice_neutral_happy,OAF,nice,neutral,happy,OAF_nice_neutral.wav,OAF_nice_happy.wav,-0.3125,-0.5,-0.75,-0.25,0.15625,-0.09375,0.6875
OAF_nice_neutral_sad,OAF,nice,neutral,sad,OAF_nice_neutral.wav,OAF_nice_sad.wav,-0.875,-1.562499761581421,-1.125,-0.875,-0.21874988079071045,0.21874988079071045,0.9374997615814209
OAF_nice_neutral_angry,OAF,nice,neutral,angry,OAF_nice_neutral.wav,OAF_nice_angry.wav,-2.375,-2.1875,-2.0,-2.125,0.03125,0.21875,-0.3125
OAF_nice_happy_sad,OAF,nice,happy,sad,OAF_nice_happy.wav,OAF_nice_sad.wav,-0.8125,-0.625,-1.28125,-0.6875,0.390625,-0.265625,0.40625
OAF_nice_happy_angry,OAF,nice,happy,angry,OAF_nice_happy.wav,OAF_nice_angry.wav,-1.9375,-1.6875,-1.75,-1.9375,0.03125,-0.03125,-0.4375
OAF_nice_sad_angry,OAF,nice,sad,angry,OAF_nice_sad.wav,OAF_nice_angry.wav,-0.6875,-0.9375,-1.0,-1.1875,-0.21875,-0.28125,0.0625
OAF_note_neutral_happy,OAF,note,neutral,happy,OAF_note_neutral.wav,OAF_note_happy.wav,-0.3125,-0.125,-0.125,0.0625,0.1875,0.1875,0.0
OAF_note_neutral_sad,OAF,note,neutral,sad,OAF_note_neutral.wav,OAF_note_sad.wav,-0.9375,-0.8125,-1.0625,-0.9375,0.125,-0.125,0.0
OAF_note_neutral_angry,OAF,note,neutral,angry,OAF_note_neutral.wav,OAF_note_angry.wav,-2.1875,-2.1875,-2.40625,-2.1875,0.109375,-0.109375,0.21875
OAF_note_happy_sad,OAF,note,happy,sad,OAF_note_happy.wav,OAF_note_sad.wav,-0.75,-0.625,-0.75,-0.875,0.0,-0.125,-0.25
OAF_note_happy_angry,OAF,note,happy,angry,OAF_note_happy.wav,OAF_note_angry.wav,-1.6875,-1.75,-2.125,-1.5625,0.25,-0.125,0.625
OAF_note_sad_angry,OAF,note,sad,angry,OAF_note_sad.wav,OAF_note_angry.wav,-0.9375,-0.9375,-1.375,-1.1875,0.09375,-0.34375,0.1875
OAF_numb_neutral_happy,OAF,numb,neutral,happy,OAF_numb_neutral.wav,OAF_numb_happy.wav,-0.4375,-0.75,-0.875,-0.375,0.09375,-0.03125,0.8125
OAF_numb_neutral_sad,OAF,numb,neutral,sad,OAF_numb_neutral.wav,OAF_numb_sad.wav,-0.75,-1.3125,-1.3125,-1.5625,-0.40625,-0.40625,0.3125
OAF_numb_neutral_angry,OAF,numb,neutral,angry,OAF_numb_neutral.wav,OAF_numb_angry.wav,-2.0,-2.125,-1.875,-2.125,-0.1875,0.0625,-0.125
OAF_numb_happy_sad,OAF,numb,happy,sad,OAF_numb_happy.wav,OAF_numb_sad.wav,-0.5,-0.6875,-1.1875,-1.0,0.0,-0.5,0.375
OAF_numb_happy_angry,OAF,numb,happy,angry,OAF_numb_happy.wav,OAF_numb_angry.wav,-1.8125,-2.062499761581421,-1.0,-0.9375,-0.09374988079071045,0.9687498807907104,0.3124997615814209
OAF_numb_sad_angry,OAF,numb,sad,angry,OAF_numb_sad.wav,OAF_numb_angry.wav,-0.5625,-0.4375,-1.125,-0.5625,0.34375,-0.34375,0.4375
OAF_pad_neutral_happy,OAF,pad,neutral,happy,OAF_pad_neutral.wav,OAF_pad_happy.wav,-0.6875,-1.0625,-0.5625,-0.75,-0.28125,0.21875,0.1875
OAF_pad_neutral_sad,OAF,pad,neutral,sad,OAF_pad_neutral.wav,OAF_pad_sad.wav,-1.25,-1.6875,-1.59375,-1.125,0.015625,0.109375,0.90625
OAF_pad_neutral_angry,OAF,pad,neutral,angry,OAF_pad_neutral.wav,OAF_pad_angry.wav,-2.4375,-2.249999761581421,-1.9375,-2.687500238418579,-0.28125,0.0312497615814209,-0.9375004768371582
OAF_pad_happy_sad,OAF,pad,happy,sad,OAF_pad_happy.wav,OAF_pad_sad.wav,-0.9375002384185791,-0.4375,-1.375,-0.625,0.6250001192092896,-0.31249988079071045,0.2499997615814209
OAF_pad_happy_angry,OAF,pad,happy,angry,OAF_pad_happy.wav,OAF_pad_angry.wav,-2.062500238418579,-1.125,-1.25,-1.1875,0.5000001192092896,0.37500011920928955,-0.8750002384185791
OAF_pad_sad_angry,OAF,pad,sad,angry,OAF_pad_sad.wav,OAF_pad_angry.wav,-1.1875,-0.3125,-0.6875,-0.875,0.34375,-0.03125,-1.0625
OAF_page_neutral_happy,OAF,page,neutral,happy,OAF_page_neutral.wav,OAF_page_happy.wav,-0.25,0.0625,-0.0625,-0.125,0.125,0.0,-0.375
OAF_page_neutral_sad,OAF,page,neutral,sad,OAF_page_neutral.wav,OAF_page_sad.wav,-1.1875,-0.8125,-1.40625,-1.25,0.265625,-0.328125,-0.21875
OAF_page_neutral_angry,OAF,page,neutral,angry,OAF_page_neutral.wav,OAF_page_angry.wav,-2.3125,-2.687500238418579,-3.125,-2.750000238418579,-2.384185791015625e-07,-0.4375,0.75
OAF_page_happy_sad,OAF,page,happy,sad,OAF_page_happy.wav,OAF_page_sad.wav,-0.875,-0.875,-0.8125,-1.25,-0.21875,-0.15625,-0.4375
OAF_page_happy_angry,OAF,page,happy,angry,OAF_page_happy.wav,OAF_page_angry.wav,-1.8125,-1.875,-1.4375,-1.875000238418579,-0.25000011920928955,0.18749988079071045,-0.3750002384185791
OAF_page_sad_angry,OAF,page,sad,angry,OAF_page_sad.wav,OAF_page_angry.wav,-0.8125,-1.0,-0.625,-1.125,-0.34375,0.03125,-0.3125
OAF_pain_neutral_happy,OAF,pain,neutral,happy,OAF_pain_neutral.wav,OAF_pain_happy.wav,-0.3125,-0.125,-0.75,0.0625,0.5,-0.125,0.625
OAF_pain_neutral_sad,OAF,pain,neutral,sad,OAF_pain_neutral.wav,OAF_pain_sad.wav,-0.75,-1.125,0.0,-1.0,-0.6875,0.4375,-0.625
OAF_pain_neutral_angry,OAF,pain,neutral,angry,OAF_pain_neutral.wav,OAF_pain_angry.wav,-2.3125,-1.875,-2.25,-2.125000238418579,0.28124988079071045,-0.09375011920928955,-0.3125002384185791
OAF_pain_happy_sad,OAF,pain,happy,sad,OAF_pain_happy.wav,OAF_pain_sad.wav,-0.625,-0.5,-0.4375,-0.8125,-0.125,-0.0625,-0.5
OAF_pain_happy_angry,OAF,pain,happy,angry,OAF_pain_happy.wav,OAF_pain_angry.wav,-1.9375,-1.5937504768371582,-2.25,-1.812500238418579,0.39062464237213135,-0.26562488079071045,0.0937502384185791
OAF_pain_sad_angry,OAF,pain,sad,angry,OAF_pain_sad.wav,OAF_pain_angry.wav,-1.125,-1.625,-1.187499761581421,-1.375,-0.34375011920928955,0.09375011920928955,0.3124997615814209
OAF_pass_neutral_happy,OAF,pass,neutral,happy,OAF_pass_neutral.wav,OAF_pass_happy.wav,-0.3125,-0.0625,-0.4375,0.0625,0.375,0.0,0.25
OAF_pass_neutral_sad,OAF,pass,neutral,sad,OAF_pass_neutral.wav,OAF_pass_sad.wav,-1.375,-1.5625,-1.8750004768371582,-1.375,0.1562502384185791,-0.1562502384185791,0.6875004768371582
OAF_pass_neutral_angry,OAF,pass,neutral,angry,OAF_pass_neutral.wav,OAF_pass_angry.wav,-2.218750476837158,-1.625,-1.875,-2.0,0.2343752384185791,-0.015624761581420898,-0.7187504768371582
OAF_pass_happy_sad,OAF,pass,happy,sad,OAF_pass_happy.wav,OAF_pass_sad.wav,-1.000000238418579,-0.75,-1.0,-1.25,1.1920928955078125e-07,-0.24999988079071045,-0.5000002384185791
OAF_pass_happy_angry,OAF,pass,happy,angry,OAF_pass_happy.wav,OAF_pass_angry.wav,-1.937500238418579,-1.6875,-1.749999761581421,-1.75,0.125,0.0625002384185791,-0.2500004768371582
OAF_pass_sad_angry,OAF,pass,sad,angry,OAF_pass_sad.wav,OAF_pass_angry.wav,-0.8125,-0.625,-0.5,-0.75,-0.03125,0.09375,-0.4375
OAF_pearl_neutral_happy,OAF,pearl,neutral,happy,OAF_pearl_neutral.wav,OAF_pearl_happy.wav,-0.4375,-0.0625,-0.625,-0.5,0.25,-0.3125,-0.25
OAF_pearl_neutral_sad,OAF,pearl,neutral,sad,OAF_pearl_neutral.wav,OAF_pearl_sad.wav,-1.375,-0.25,-1.4375,-0.375,1.09375,-0.09375,-0.0625
OAF_pearl_neutral_angry,OAF,pearl,neutral,angry,OAF_pearl_neutral.wav,OAF_pearl_angry.wav,-2.75,-1.3125,-3.0,-1.9375,1.25,-0.4375,-0.375
OAF_pearl_happy_sad,OAF,pearl,happy,sad,OAF_pearl_happy.wav,OAF_pearl_sad.wav,-0.6875,-0.3125,-0.75,-0.4375,0.34375,-0.09375,-0.0625
OAF_pearl_happy_angry,OAF,pearl,happy,angry,OAF_pearl_happy.wav,OAF_pearl_angry.wav,-2.0,-1.312499761581421,-1.8125,-0.9375,0.7812501192092896,0.28124988079071045,0.1874997615814209
OAF_pearl_sad_angry,OAF,pearl,sad,angry,OAF_pearl_sad.wav,OAF_pearl_angry.wav,-0.75,-0.8750002384185791,-0.0625,-0.4375,-0.25000011920928955,0.5625001192092896,-0.2499997615814209
OAF_peg_neutral_happy,OAF,peg,neutral,happy,OAF_peg_neutral.wav,OAF_peg_happy.wav,-0.4375,-0.0625,-0.5,-0.125,0.375,-0.0625,0.0
OAF_peg_neutral_sad,OAF,peg,neutral,sad,OAF_peg_neutral.wav,OAF_peg_sad.wav,-1.4375,-1.25,-1.25,-1.312499761581421,0.06250011920928955,0.06250011920928955,-0.2499997615814209
OAF_peg_neutral_angry,OAF,peg,neutral,angry,OAF_peg_neutral.wav,OAF_peg_angry.wav,-2.59375,-2.25,-2.0,-3.062500238418579,-0.35937511920928955,-0.10937511920928955,-1.406250238418579
OAF_peg_happy_sad,OAF,peg,happy,sad,OAF_peg_happy.wav,OAF_peg_sad.wav,-1.5,-0.6875002384185791,-1.5625,-0.9374997615814209,0.71875,-0.1562497615814209,-0.1874995231628418
OAF_peg_happy_angry,OAF,peg,happy,angry,OAF_peg_happy.wav,OAF_peg_angry.wav,-2.3125,-2.1875,-1.75,-1.625,0.125,0.5625,0.0
OAF_peg_sad_angry,OAF,peg,sad,angry,OAF_peg_sad.wav,OAF_peg_angry.wav,-0.8125,-0.0625,-0.5,-1.0,0.125,-0.3125,-1.25
OAF_perch_neutral_happy,OAF,perch,neutral,happy,OAF_perch_neutral.wav,OAF_perch_happy.wav,-0.125,-0.6875002384185791,-0.7499997615814209,-0.5,-0.1562502384185791,-0.2187497615814209,0.8125
OAF_perch_neutral_sad,OAF,perch,neutral,sad,OAF_perch_neutral.wav,OAF_perch_sad.wav,-0.9375,-0.9375,-0.75,-1.0,-0.125,0.0625,-0.25
OAF_perch_neutral_angry,OAF,perch,neutral,angry,OAF_perch_neutral.wav,OAF_perch_angry.wav,-1.625,-2.8125,-1.875,-2.374999761581421,-0.8437498807907104,0.09375011920928955,0.6875002384185791
OAF_perch_happy_sad,OAF,perch,happy,sad,OAF_perch_happy.wav,OAF_perch_sad.wav,-0.75,-0.5625,-1.1875,-0.875,0.25,-0.375,0.125
OAF_perch_happy_angry,OAF,perch,happy,angry,OAF_perch_happy.wav,OAF_perch_angry.wav,-2.250000238418579,-2.0,-1.625,-1.562499761581421,0.1562502384185791,0.5312502384185791,-0.1875
OAF_perch_sad_angry,OAF,perch,sad,angry,OAF_perch_sad.wav,OAF_perch_angry.wav,-0.5625,-1.375,-0.5625,-1.062499761581421,-0.6562498807907104,0.15625011920928955,0.3125002384185791
OAF_phone_neutral_happy,OAF,phone,neutral,happy,OAF_phone_neutral.wav,OAF_phone_happy.wav,0.25,0.125,-0.3125,0.0,0.09375,-0.34375,0.4375
OAF_phone_neutral_sad,OAF,phone,neutral,sad,OAF_phone_neutral.wav,OAF_phone_sad.wav,-0.8125,-2.0,-0.5,-1.5625,-1.125,0.375,0.125
OAF_phone_neutral_angry,OAF,phone,neutral,angry,OAF_phone_neutral.wav,OAF_phone_angry.wav,-2.562500476837158,-1.9375,-1.625,-2.312499761581421,-0.031249642372131348,0.28125035762786865,-1.312500238418579
OAF_phone_happy_sad,OAF,phone,happy,sad,OAF_phone_happy.wav,OAF_phone_sad.wav,-0.875,-0.875,-0.875,-1.125,-0.125,-0.125,-0.25
OAF_phone_happy_angry,OAF,phone,happy,angry,OAF_phone_happy.wav,OAF_phone_angry.wav,-2.4375,-2.25,-1.875,-1.562499761581421,0.25000011920928955,0.6250001192092896,0.1250002384185791
OAF_phone_sad_angry,OAF,phone,sad,angry,OAF_phone_sad.wav,OAF_phone_angry.wav,-0.9375,-1.03125,-0.9375,-0.8125,0.015625,0.109375,0.21875
OAF_pick_neutral_happy,OAF,pick,neutral,happy,OAF_pick_neutral.wav,OAF_pick_happy.wav,-0.625,-0.125,-0.625,0.0,0.5625,0.0625,0.125
OAF_pick_neutral_sad,OAF,pick,neutral,sad,OAF_pick_neutral.wav,OAF_pick_sad.wav,-1.0,-0.9375,-0.9375,-1.187500238418579,-0.09375011920928955,-0.09375011920928955,-0.3125002384185791
OAF_pick_neutral_angry,OAF,pick,neutral,angry,OAF_pick_neutral.wav,OAF_pick_angry.wav,-1.1875,-1.0625,-1.625,-2.4375,-0.34375,-0.90625,-0.9375
OAF_pick_happy_sad,OAF,pick,happy,sad,OAF_pick_happy.wav,OAF_pick_sad.wav,-1.0,-0.5625,-1.1875,-0.6875002384185791,0.46874988079071045,-0.15625011920928955,0.0624997615814209
OAF_pick_happy_angry,OAF,pick,happy,angry,OAF_pick_happy.wav,OAF_pick_angry.wav,-1.9375,-1.75,-1.25,-1.625,-0.09375,0.40625,-0.5625
OAF_pick_sad_angry,OAF,pick,sad,angry,OAF_pick_sad.wav,OAF_pick_angry.wav,-1.5,-1.125,-0.9375,-1.25,0.03125,0.21875,-0.6875
OAF_pike_neutral_happy,OAF,pike,neutral,happy,OAF_pike_neutral.wav,OAF_pike_happy.wav,-1.0625,-0.625,-0.0625,-0.3749997615814209,0.06250011920928955,0.6250001192092896,-0.7499997615814209
OAF_pike_neutral_sad,OAF,pike,neutral,sad,OAF_pike_neutral.wav,OAF_pike_sad.wav,-1.3125,-1.25,-1.5,-0.6875,0.4375,0.1875,0.75
OAF_pike_neutral_angry,OAF,pike,neutral,angry,OAF_pike_neutral.wav,OAF_pike_angry.wav,-2.875,-1.5,-2.0,-2.125000238418579,0.6249998807907104,0.12499988079071045,-1.500000238418579
OAF_pike_happy_sad,OAF,pike,happy,sad,OAF_pike_happy.wav,OAF_pike_sad.wav,-0.125,-0.0625,-0.9375,-0.8125,0.09375,-0.78125,0.0625
OAF_pike_happy_angry,OAF,pike,happy,angry,OAF_pike_happy.wav,OAF_pike_angry.wav,-1.9375,-1.875,-1.3125,-2.312500238418579,-0.46875011920928955,0.09374988079071045,-1.062500238418579
OAF_pike_sad_angry,OAF,pike,sad,angry,OAF_pike_sad.wav,OAF_pike_angry.wav,-1.0625,-1.6875,-0.8125004768371582,-1.6875,-0.7499997615814209,0.1249997615814209,-0.2499995231628418
OAF_pole_neutral_happy,OAF,pole,neutral,happy,OAF_pole_neutral.wav,OAF_pole_happy.wav,-0.8125,-0.8125,-0.8125,-0.625,0.09375,0.09375,0.1875
OAF_pole_neutral_sad,OAF,pole,neutral,sad,OAF_pole_neutral.wav,OAF_pole_sad.wav,-1.5625,-1.875,-0.9375,-1.625,-0.5,0.4375,-0.375
OAF_pole_neutral_angry,OAF,pole,neutral,angry,OAF_pole_neutral.wav,OAF_pole_angry.wav,-2.0,-1.750000238418579,-1.9375,-2.8125,-0.31250011920928955,-0.49999988079071045,-1.124999761581421
OAF_pole_happy_sad,OAF,pole,happy,sad,OAF_pole_happy.wav,OAF_pole_sad.wav,-0.625,-0.5625,-1.3125,-1.125,0.125,-0.625,0.125
OAF_pole_happy_angry,OAF,pole,happy,angry,OAF_pole_happy.wav,OAF_pole_angry.wav,-1.5,-1.4375,-1.6875,-1.375,0.1875,-0.0625,0.25
OAF_pole_sad_angry,OAF,pole,sad,angry,OAF_pole_sad.wav,OAF_pole_angry.wav,-0.625,-1.125,-0.75,-0.875,-0.3125,0.0625,0.375
OAF_pool_neutral_happy,OAF,pool,neutral,happy,OAF_pool_neutral.wav,OAF_pool_happy.wav,0.8125,-0.125,-0.125,-0.9374997615814209,-0.8749998807907104,-0.8749998807907104,0.1250002384185791
OAF_pool_neutral_sad,OAF,pool,neutral,sad,OAF_pool_neutral.wav,OAF_pool_sad.wav,-0.25,-0.375,-0.5625,-1.0,-0.28125,-0.46875,-0.3125
OAF_pool_neutral_angry,OAF,pool,neutral,angry,OAF_pool_neutral.wav,OAF_pool_angry.wav,-1.4375,-2.125000238418579,-1.6875,-1.687500238418579,-0.3437502384185791,0.09375,0.6875
OAF_pool_happy_sad,OAF,pool,happy,sad,OAF_pool_happy.wav,OAF_pool_sad.wav,-0.4375,-0.375,-0.6875,-0.75,0.0,-0.3125,-0.125
OAF_pool_happy_angry,OAF,pool,happy,angry,OAF_pool_happy.wav,OAF_pool_angry.wav,-1.625,-1.875,-1.0,-1.375000238418579,-0.31250011920928955,0.5624998807907104,-0.1250002384185791
OAF_pool_sad_angry,OAF,pool,sad,angry,OAF_pool_sad.wav,OAF_pool_angry.wav,-0.9375,-1.3125,-0.3125,-0.8125,-0.4375,0.5625,-0.125
OAF_puff_neutral_happy,OAF,puff,neutral,happy,OAF_puff_neutral.wav,OAF_puff_happy.wav,-0.6875,-0.25,-0.125,-0.4375,0.0625,0.1875,-0.75
OAF_puff_neutral_sad,OAF,puff,neutral,sad,OAF_puff_neutral.wav,OAF_puff_sad.wav,-1.6875,-1.125000238418579,-1.4375,-2.0625,-0.03125011920928955,-0.34374988079071045,-1.187499761581421
OAF_puff_neutral_angry,OAF,puff,neutral,angry,OAF_puff_neutral.wav,OAF_puff_angry.wav,-2.375,-2.875000238418579,-1.0625,-2.125,-0.7812501192092896,1.0312501192092896,-0.5624997615814209
OAF_puff_happy_sad,OAF,puff,happy,sad,OAF_puff_happy.wav,OAF_puff_sad.wav,-1.125,-0.875,-1.4375,-1.8125,-0.0625,-0.625,-0.625
OAF_puff_happy_angry,OAF,puff,happy,angry,OAF_puff_happy.wav,OAF_puff_angry.wav,-1.6875,-1.4375,-1.34375,-1.8125,-0.109375,-0.015625,-0.71875
OAF_puff_sad_angry,OAF,puff,sad,angry,OAF_puff_sad.wav,OAF_puff_angry.wav,-0.6874995231628418,-0.5625,-0.625,-0.8125,-0.0312502384185791,-0.0937502384185791,-0.3124995231628418
OAF_rag_neutral_happy,OAF,rag,neutral,happy,OAF_rag_neutral.wav,OAF_rag_happy.wav,-0.375,-0.3125,-0.6875,-0.5625,0.09375,-0.28125,0.0625
OAF_rag_neutral_sad,OAF,rag,neutral,sad,OAF_rag_neutral.wav,OAF_rag_sad.wav,-1.0625,-0.375,-0.65625,-1.249999761581421,0.04687511920928955,-0.23437488079071045,-1.281249761581421
OAF_rag_neutral_angry,OAF,rag,neutral,angry,OAF_rag_neutral.wav,OAF_rag_angry.wav,-1.75,-1.687499761581421,-2.4375,-1.812499761581421,0.3437502384185791,-0.40625,0.5625
OAF_rag_happy_sad,OAF,rag,happy,sad,OAF_rag_happy.wav,OAF_rag_sad.wav,-0.7500002384185791,-0.3125,-0.78125,-0.9999997615814209,0.1093752384185791,-0.3593747615814209,-0.65625
OAF_rag_happy_angry,OAF,rag,happy,angry,OAF_rag_happy.wav,OAF_rag_angry.wav,-1.625000238418579,-1.687499761581421,-1.1875,-1.3125,-0.0937497615814209,0.40625,-0.0625004768371582
OAF_rag_sad_angry,OAF,rag,sad,angry,OAF_rag_sad.wav,OAF_rag_angry.wav,-0.6875,-0.6875,-0.9375,-1.0,-0.03125,-0.28125,-0.0625
OAF_raid_neutral_happy,OAF,raid,neutral,happy,OAF_raid_neutral.wav,OAF_raid_happy.wav,-0.4375,-0.8125,-0.4375,-0.3125,-0.125,0.25,0.5
OAF_raid_neutral_sad,OAF,raid,neutral,sad,OAF_raid_neutral.wav,OAF_raid_sad.wav,-1.25,-1.0,-1.53125,-1.0625,0.359375,-0.171875,0.21875
OAF_raid_neutral_angry,OAF,raid,neutral,angry,OAF_raid_neutral.wav,OAF_raid_angry.wav,-1.4375,-1.6875,0.0,-2.437500238418579,-1.3437501192092896,0.34374988079071045,-2.187500238418579
OAF_raid_happy_sad,OAF,raid,happy,sad,OAF_raid_happy.wav,OAF_raid_sad.wav,-0.875,-0.3125,-0.3750002384185791,-0.6875,0.12500011920928955,0.06249988079071045,-0.8749997615814209
OAF_raid_happy_angry,OAF,raid,happy,angry,OAF_raid_happy.wav,OAF_raid_angry.wav,-2.125,-1.25,-1.4375,-1.375,0.46875,0.28125,-0.8125
OAF_raid_sad_angry,OAF,raid,sad,angry,OAF_raid_sad.wav,OAF_raid_angry.wav,-1.0,-0.5,-0.6875,-0.9375,0.125,-0.0625,-0.75
OAF_rain_neutral_happy,OAF,rain,neutral,happy,OAF_rain_neutral.wav,OAF_rain_happy.wav,-1.5625,-0.6875,-0.1875,-0.4375,0.3125,0.8125,-1.125
OAF_rain_neutral_sad,OAF,rain,neutral,sad,OAF_rain_neutral.wav,OAF_rain_sad.wav,-2.25,-1.625000238418579,-0.625,-1.3125,-0.03125011920928955,0.9687501192092896,-1.312499761581421
OAF_rain_neutral_angry,OAF,rain,neutral,angry,OAF_rain_neutral.wav,OAF_rain_angry.wav,-2.8125,-0.75,-2.25,-0.8125,1.75,0.25,-0.625
OAF_rain_happy_sad,OAF,rain,happy,sad,OAF_rain_happy.wav,OAF_rain_sad.wav,-0.4375,-0.3125,-0.9375,-0.375,0.34375,-0.28125,0.4375
OAF_rain_happy_angry,OAF,rain,happy,angry,OAF_rain_happy.wav,OAF_rain_angry.wav,-1.75,-1.71875,-1.375,-1.6250004768371582,-0.1093752384185791,0.2343747615814209,-0.2812504768371582
OAF_rain_sad_angry,OAF,rain,sad,angry,OAF_rain_sad.wav,OAF_rain_angry.wav,-0.8125,-1.15625,-0.625,-0.5625,-0.140625,0.390625,0.40625
OAF_raise_neutral_happy,OAF,raise,neutral,happy,OAF_raise_neutral.wav,OAF_raise_happy.wav,-0.4375,-0.5625,-0.25,-0.5625,-0.21875,0.09375,-0.1875
OAF_raise_neutral_sad,OAF,raise,neutral,sad,OAF_raise_neutral.wav,OAF_raise_sad.wav,-1.125,-1.375000238418579,-0.8125,-1.4375,-0.43750011920928955,0.12500011920928955,-0.3749997615814209
OAF_raise_neutral_angry,OAF,raise,neutral,angry,OAF_raise_neutral.wav,OAF_raise_angry.wav,-1.875,-2.375,-2.062499761581421,-2.750000238418579,-0.5937502384185791,-0.28125,-0.1875004768371582
OAF_raise_happy_sad,OAF,raise,happy,sad,OAF_raise_happy.wav,OAF_raise_sad.wav,-0.9375,-0.8125,-1.4062495231628418,-1.4375,0.0468747615814209,-0.5468747615814209,-0.1562504768371582
OAF_raise_happy_angry,OAF,raise,happy,angry,OAF_raise_happy.wav,OAF_raise_angry.wav,-1.625,-1.9375,-1.46875,-1.875000238418579,-0.35937511920928955,0.10937488079071045,-0.0937502384185791
OAF_raise_sad_angry,OAF,raise,sad,angry,OAF_raise_sad.wav,OAF_raise_angry.wav,-0.75,-1.0625,-1.0,-1.1875,-0.25,-0.1875,0.125
OAF_rat_neutral_happy,OAF,rat,neutral,happy,OAF_rat_neutral.wav,OAF_rat_happy.wav,-0.375,0.0625,-0.9375,-0.3125,0.53125,-0.46875,0.1875
OAF_rat_neutral_sad,OAF,rat,neutral,sad,OAF_rat_neutral.wav,OAF_rat_sad.wav,-0.625,-0.4375,-0.625,-1.3125,-0.25,-0.4375,-0.875
OAF_rat_neutral_angry,OAF,rat,neutral,angry,OAF_rat_neutral.wav,OAF_rat_angry.wav,-1.34375,-2.1875,-1.96875,-1.5625,-0.21875,0.0,1.25
OAF_rat_happy_sad,OAF,rat,happy,sad,OAF_rat_happy.wav,OAF_rat_sad.wav,-1.4375,-1.0625,-0.6875,-1.4375,-0.1875,0.1875,-1.125
OAF_rat_happy_angry,OAF,rat,happy,angry,OAF_rat_happy.wav,OAF_rat_angry.wav,-2.4375,-1.875,-1.59375,-1.625,0.265625,0.546875,-0.59375
OAF_rat_sad_angry,OAF,rat,sad,angry,OAF_rat_sad.wav,OAF_rat_angry.wav,-0.8125,-1.125,-1.3125,-1.125,-0.0625,-0.25,0.5
OAF_reach_neutral_happy,OAF,reach,neutral,happy,OAF_reach_neutral.wav,OAF_reach_happy.wav,0.0,0.5625,-0.1875,-0.5625,0.09375,-0.65625,-0.9375
OAF_reach_neutral_sad,OAF,reach,neutral,sad,OAF_reach_neutral.wav,OAF_reach_sad.wav,-1.0,-0.9375,-1.1875,-1.75,-0.25,-0.5,-0.625
OAF_reach_neutral_angry,OAF,reach,neutral,angry,OAF_reach_neutral.wav,OAF_reach_angry.wav,-1.875,-2.062499761581421,-1.8125,-2.3125,-0.34374988079071045,-0.09375011920928955,-0.3125002384185791
OAF_reach_happy_sad,OAF,reach,happy,sad,OAF_reach_happy.wav,OAF_reach_sad.wav,-0.6875,-0.625,-0.78125,-1.25,-0.203125,-0.359375,-0.53125
OAF_reach_happy_angry,OAF,reach,happy,angry,OAF_reach_happy.wav,OAF_reach_angry.wav,-1.5625,-2.125,-0.9375,-2.0625,-0.84375,0.34375,-0.5625
OAF_reach_sad_angry,OAF,reach,sad,angry,OAF_reach_sad.wav,OAF_reach_angry.wav,-1.0,-1.624999761581421,-1.0,-1.5625,-0.5937498807907104,0.03124988079071045,0.0624997615814209
OAF_read_neutral_happy,OAF,read,neutral,happy,OAF_read_neutral.wav,OAF_read_happy.wav,-0.125,-0.5,-0.4375,-0.5,-0.21875,-0.15625,0.3125
OAF_read_neutral_sad,OAF,read,neutral,sad,OAF_read_neutral.wav,OAF_read_sad.wav,-0.9375,-1.8125,-0.59375,-1.3125,-0.796875,0.421875,0.15625
OAF_read_neutral_angry,OAF,read,neutral,angry,OAF_read_neutral.wav,OAF_read_angry.wav,-2.1875,-2.125000238418579,-1.6875,-2.25,-0.25000011920928955,0.18750011920928955,-0.6249997615814209
OAF_read_happy_sad,OAF,read,happy,sad,OAF_read_happy.wav,OAF_read_sad.wav,-0.9375,-0.6875,-0.875,-1.3125,-0.09375,-0.28125,-0.6875
OAF_read_happy_angry,OAF,read,happy,angry,OAF_read_happy.wav,OAF_read_angry.wav,-1.9375,-1.625,-1.625,-1.8125,0.0625,0.0625,-0.5
OAF_read_sad_angry,OAF,read,sad,angry,OAF_read_sad.wav,OAF_read_angry.wav,-0.625,-1.3125,-0.8125,-0.875,-0.375,0.125,0.625
OAF_red_neutral_happy,OAF,red,neutral,happy,OAF_red_neutral.wav,OAF_red_happy.wav,-0.25,-0.625,1.1875,-0.9375,-1.25,0.5625,-1.75
OAF_red_neutral_sad,OAF,red,neutral,sad,OAF_red_neutral.wav,OAF_red_sad.wav,-1.125,-1.125,0.96875,-0.6875,-0.828125,1.265625,-1.65625
OAF_red_neutral_angry,OAF,red,neutral,angry,OAF_red_neutral.wav,OAF_red_angry.wav,-2.3125,-3.0,-0.1875,-2.6875,-1.59375,1.21875,-1.8125
OAF_red_happy_sad,OAF,red,happy,sad,OAF_red_happy.wav,OAF_red_sad.wav,-1.0,-0.6875,-0.875,-0.5625,0.3125,0.125,0.0
OAF_red_happy_angry,OAF,red,happy,angry,OAF_red_happy.wav,OAF_red_angry.wav,-1.75,-2.4375,-1.625,-1.9375,-0.5,0.3125,0.375
OAF_red_sad_angry,OAF,red,sad,angry,OAF_red_sad.wav,OAF_red_angry.wav,-1.25,-0.75,-0.625,-0.9375,0.09375,0.21875,-0.8125
OAF_ring_neutral_happy,OAF,ring,neutral,happy,OAF_ring_neutral.wav,OAF_ring_happy.wav,-1.1875,-0.5,-0.875,-0.625,0.46875,0.09375,-0.4375
OAF_ring_neutral_sad,OAF,ring,neutral,sad,OAF_ring_neutral.wav,OAF_ring_sad.wav,-1.5625,-1.1875,-0.6875,-1.125,-0.03125,0.46875,-0.8125
OAF_ring_neutral_angry,OAF,ring,neutral,angry,OAF_ring_neutral.wav,OAF_ring_angry.wav,-2.3125,-1.687499761581421,-1.0625,-1.812499761581421,-0.0624997615814209,0.5625,-1.375
OAF_ring_happy_sad,OAF,ring,happy,sad,OAF_ring_happy.wav,OAF_ring_sad.wav,-1.0,-0.3125,-1.4999995231628418,-0.9375,0.6249997615814209,-0.5624997615814209,-0.1250004768371582
OAF_ring_happy_angry,OAF,ring,happy,angry,OAF_ring_happy.wav,OAF_ring_angry.wav,-1.5625,-1.375,-1.46875,-1.5625,0.046875,-0.046875,-0.28125
OAF_ring_sad_angry,OAF,ring,sad,angry,OAF_ring_sad.wav,OAF_ring_angry.wav,-0.6875,0.4375,0.125,-0.875,0.0625,-0.25,-2.125
OAF_ripe_neutral_happy,OAF,ripe,neutral,happy,OAF_ripe_neutral.wav,OAF_ripe_happy.wav,-0.3125,-0.0625,-0.625,-0.4375,0.21875,-0.34375,-0.0625
OAF_ripe_neutral_sad,OAF,ripe,neutral,sad,OAF_ripe_neutral.wav,OAF_ripe_sad.wav,-1.25,-1.3125,-0.125,-0.8125,-0.375,0.8125,-0.625
OAF_ripe_neutral_angry,OAF,ripe,neutral,angry,OAF_ripe_neutral.wav,OAF_ripe_angry.wav,-2.5625,-2.8749998807907104,-2.4375,-2.5,-0.18749994039535522,0.24999994039535522,0.24999988079071045
OAF_ripe_happy_sad,OAF,ripe,happy,sad,OAF_ripe_happy.wav,OAF_ripe_sad.wav,-1.625,-0.375,-1.3125,-0.8125,0.875,-0.0625,-0.75
OAF_ripe_happy_angry,OAF,ripe,happy,angry,OAF_ripe_happy.wav,OAF_ripe_angry.wav,-1.875,-2.374999761581421,-1.5,-2.75,-0.8749998807907104,-1.1920928955078125e-07,-0.7500002384185791
OAF_ripe_sad_angry,OAF,ripe,sad,angry,OAF_ripe_sad.wav,OAF_ripe_angry.wav,-0.625,-1.500000238418579,-0.4375,-1.625,-1.0312501192092896,0.03125011920928955,-0.3124997615814209
OAF_road_neutral_happy,OAF,road,neutral,happy,OAF_road_neutral.wav,OAF_road_happy.wav,-0.875,-0.8125,-0.875,-0.6875,0.125,0.0625,0.125
OAF_road_neutral_sad,OAF,road,neutral,sad,OAF_road_neutral.wav,OAF_road_sad.wav,-1.3125,-0.5,0.3125,-0.3125,0.09375,0.90625,-1.4375
OAF_road_neutral_angry,OAF,road,neutral,angry,OAF_road_neutral.wav,OAF_road_angry.wav,-2.53125,-3.8125,-2.312500238418579,-2.625,-0.7968748807907104,0.7031248807907104,0.9687502384185791
OAF_road_happy_sad,OAF,road,happy,sad,OAF_road_happy.wav,OAF_road_sad.wav,-0.875,-0.1250002384185791,-1.21875,-0.625,0.6718748807907104,-0.42187488079071045,-0.1562497615814209
OAF_road_happy_angry,OAF,road,happy,angry,OAF_road_happy.wav,OAF_road_angry.wav,-1.875,-2.375,-1.75,-1.6875,-0.21875,0.40625,0.5625
OAF_road_sad_angry,OAF,road,sad,angry,OAF_road_sad.wav,OAF_road_angry.wav,-1.0625,-1.75,-0.8125,-1.1875,-0.53125,0.40625,0.3125
OAF_room_neutral_happy,OAF,room,neutral,happy,OAF_room_neutral.wav,OAF_room_happy.wav,-0.1875,-0.0625,-0.875,-0.5625,0.21875,-0.59375,0.1875
OAF_room_neutral_sad,OAF,room,neutral,sad,OAF_room_neutral.wav,OAF_room_sad.wav,-0.6875,-0.8750002384185791,-0.4375,-1.562499761581421,-0.65625,-0.2187497615814209,-0.9374995231628418
OAF_room_neutral_angry,OAF,room,neutral,angry,OAF_room_neutral.wav,OAF_room_angry.wav,-2.3125,-1.9375,-1.3125,-2.1875,-0.25,0.375,-1.25
OAF_room_happy_sad,OAF,room,happy,sad,OAF_room_happy.wav,OAF_room_sad.wav,-0.375,-0.0625,-0.5625,-0.625,0.125,-0.375,-0.375
OAF_room_happy_angry,OAF,room,happy,angry,OAF_room_happy.wav,OAF_room_angry.wav,-2.0625,-1.749999761581421,-2.5625,-1.0,0.9375001192092896,0.12499988079071045,1.249999761581421
OAF_room_sad_angry,OAF,room,sad,angry,OAF_room_sad.wav,OAF_room_angry.wav,-1.1875,-1.0625,-0.9375,-1.1875,-0.0625,0.0625,-0.375
OAF_rose_neutral_happy,OAF,rose,neutral,happy,OAF_rose_neutral.wav,OAF_rose_happy.wav,-0.5625,-0.5624997615814209,-0.5,-0.4375,0.03125011920928955,0.09374988079071045,0.0624997615814209
OAF_rose_neutral_sad,OAF,rose,neutral,sad,OAF_rose_neutral.wav,OAF_rose_sad.wav,-0.6875,-1.1875,-0.6875,-0.6875,-0.25,0.25,0.5
OAF_rose_neutral_angry,OAF,rose,neutral,angry,OAF_rose_neutral.wav,OAF_rose_angry.wav,-2.0625,-3.3125,-2.0,-2.75,-1.0,0.3125,0.5
OAF_rose_happy_sad,OAF,rose,happy,sad,OAF_rose_happy.wav,OAF_rose_sad.wav,-0.3125,-0.2499997615814209,-0.65625,-0.3125,0.20312511920928955,-0.20312511920928955,0.2812497615814209
OAF_rose_happy_angry,OAF,rose,happy,angry,OAF_rose_happy.wav,OAF_rose_angry.wav,-2.375,-2.125000238418579,-2.0625,-2.25,0.03124988079071045,0.09375011920928955,-0.4374997615814209
OAF_rose_sad_angry,OAF,rose,sad,angry,OAF_rose_sad.wav,OAF_rose_angry.wav,-1.0,-1.375,-1.3125,-1.625,-0.34375,-0.28125,0.0625
OAF_rot_neutral_happy,OAF,rot,neutral,happy,OAF_rot_neutral.wav,OAF_rot_happy.wav,-0.625,-0.7499997615814209,-0.5625,-0.375,0.03125011920928955,0.21874988079071045,0.3124997615814209
OAF_rot_neutral_sad,OAF,rot,neutral,sad,OAF_rot_neutral.wav,OAF_rot_sad.wav,-1.437500238418579,-1.3125,-0.5,-1.5625,-0.46874988079071045,0.34375011920928955,-1.187500238418579
OAF_rot_neutral_angry,OAF,rot,neutral,angry,OAF_rot_neutral.wav,OAF_rot_angry.wav,-2.562500238418579,-3.0625,-2.1875,-1.46875,0.10937511920928955,0.9843751192092896,1.218749761581421
OAF_rot_happy_sad,OAF,rot,happy,sad,OAF_rot_happy.wav,OAF_rot_sad.wav,-0.75,-0.5,-0.5625,-0.5625,0.125,0.0625,-0.25
OAF_rot_happy_angry,OAF,rot,happy,angry,OAF_rot_happy.wav,OAF_rot_angry.wav,-2.0625,-1.6875,-2.0625,-0.84375,0.796875,0.421875,0.84375
OAF_rot_sad_angry,OAF,rot,sad,angry,OAF_rot_sad.wav,OAF_rot_angry.wav,-0.625,-1.375,-0.4375,-0.40625,-0.359375,0.578125,0.78125
OAF_rough_neutral_happy,OAF,rough,neutral,happy,OAF_rough_neutral.wav,OAF_rough_happy.wav,-0.8125,-0.5625,-1.0,0.4375,0.84375,0.40625,1.1875
OAF_rough_neutral_sad,OAF,rough,neutral,sad,OAF_rough_neutral.wav,OAF_rough_sad.wav,-1.0,-1.75,-0.03125,-0.5625,-0.640625,1.078125,0.21875
OAF_rough_neutral_angry,OAF,rough,neutral,angry,OAF_rough_neutral.wav,OAF_rough_angry.wav,-1.5,-1.9375,-1.9375,-2.125,-0.3125,-0.3125,0.25
OAF_rough_happy_sad,OAF,rough,happy,sad,OAF_rough_happy.wav,OAF_rough_sad.wav,-1.1875,-0.125,-1.375,-0.6875,0.875,-0.375,-0.375
OAF_rough_happy_angry,OAF,rough,happy,angry,OAF_rough_happy.wav,OAF_rough_angry.wav,-2.1875,-1.875,-1.3125,-2.0,-0.1875,0.375,-1.0
OAF_rough_sad_angry,OAF,rough,sad,angry,OAF_rough_sad.wav,OAF_rough_angry.wav,-1.3125,-0.8125,-0.5625,-1.375,-0.15625,0.09375,-1.3125
OAF_rush_neutral_happy,OAF,rush,neutral,happy,OAF_rush_neutral.wav,OAF_rush_happy.wav,-0.5625,0.5,-0.8125,-0.5625,0.65625,-0.65625,-0.8125
OAF_rush_neutral_sad,OAF,rush,neutral,sad,OAF_rush_neutral.wav,OAF_rush_sad.wav,-1.4375,-0.75,-0.5,-0.8125,0.1875,0.4375,-1.0
OAF_rush_neutral_angry,OAF,rush,neutral,angry,OAF_rush_neutral.wav,OAF_rush_angry.wav,-2.0,-1.375,-1.8125,-2.0,0.21875,-0.21875,-0.8125
OAF_rush_happy_sad,OAF,rush,happy,sad,OAF_rush_happy.wav,OAF_rush_sad.wav,-0.875,-0.6875,-1.0,-0.8125,0.1875,-0.125,0.0
OAF_rush_happy_angry,OAF,rush,happy,angry,OAF_rush_happy.wav,OAF_rush_angry.wav,-2.125,-2.0625,-1.6875,-2.25,-0.25,0.125,-0.625
OAF_rush_sad_angry,OAF,rush,sad,angry,OAF_rush_sad.wav,OAF_rush_angry.wav,-1.125,-0.8125,-0.875,-1.375,-0.09375,-0.15625,-0.8125
OAF_said_neutral_happy,OAF,said,neutral,happy,OAF_said_neutral.wav,OAF_said_happy.wav,-0.2499997615814209,-0.5625,-0.3125,-0.5,-0.25000011920928955,-1.1920928955078125e-07,0.1250002384185791
OAF_said_neutral_sad,OAF,said,neutral,sad,OAF_said_neutral.wav,OAF_said_sad.wav,0.0,-0.8125,-0.75,-0.75,-0.40625,-0.34375,0.8125
OAF_said_neutral_angry,OAF,said,neutral,angry,OAF_said_neutral.wav,OAF_said_angry.wav,-0.9374997615814209,-1.75,-0.875,-1.750000238418579,-0.8437502384185791,0.0312497615814209,-0.0625
OAF_said_happy_sad,OAF,said,happy,sad,OAF_said_happy.wav,OAF_said_sad.wav,-0.75,-0.4375,-0.375,-0.125,0.28125,0.34375,-0.0625
OAF_said_happy_angry,OAF,said,happy,angry,OAF_said_happy.wav,OAF_said_angry.wav,-1.625,-1.0,-1.3125,-1.1875,0.375,0.0625,-0.5
OAF_said_sad_angry,OAF,said,sad,angry,OAF_said_sad.wav,OAF_said_angry.wav,-1.0,-0.5625,-0.3125,-1.25,-0.25,0.0,-1.375
OAF_sail_neutral_happy,OAF,sail,neutral,happy,OAF_sail_neutral.wav,OAF_sail_happy.wav,-0.9375,-1.125000238418579,-1.1875,-1.187499761581421,-0.09375,-0.1562497615814209,0.1875004768371582
OAF_sail_neutral_sad,OAF,sail,neutral,sad,OAF_sail_neutral.wav,OAF_sail_sad.wav,-1.4375,-1.4375,-1.0,-1.6875,-0.34375,0.09375,-0.6875
OAF_sail_neutral_angry,OAF,sail,neutral,angry,OAF_sail_neutral.wav,OAF_sail_angry.wav,-2.65625,-2.062499761581421,-2.125,-2.75,-0.01562488079071045,-0.07812511920928955,-1.218750238418579
OAF_sail_happy_sad,OAF,sail,happy,sad,OAF_sail_happy.wav,OAF_sail_sad.wav,-0.75,-0.4375,-0.5937504768371582,-0.625,0.1406252384185791,-0.0156252384185791,-0.3437495231628418
OAF_sail_happy_angry,OAF,sail,happy,angry,OAF_sail_happy.wav,OAF_sail_angry.wav,-2.0625,-2.125,-1.625,-1.5,0.03125,0.53125,0.1875
OAF_sail_sad_angry,OAF,sail,sad,angry,OAF_sail_sad.wav,OAF_sail_angry.wav,-1.3125,-1.375,-0.1875,-1.0,-0.4375,0.75,-0.75
OAF_search_neutral_happy,OAF,search,neutral,happy,OAF_search_neutral.wav,OAF_search_happy.wav,-0.5625,-0.1875,-0.75,-1.0,0.0625,-0.5,-0.625
OAF_search_neutral_sad,OAF,search,neutral,sad,OAF_search_neutral.wav,OAF_search_sad.wav,-0.8437495231628418,-1.25,-1.3124995231628418,-1.25,-0.1718754768371582,-0.234375,0.46875
OAF_search_neutral_angry,OAF,search,neutral,angry,OAF_search_neutral.wav,OAF_search_angry.wav,-1.6562495231628418,-2.249999761581421,-1.25,-2.125,-0.7343751192092896,0.26562464237213135,-0.2812497615814209
OAF_search_happy_sad,OAF,search,happy,sad,OAF_search_happy.wav,OAF_search_sad.wav,-0.4375,-0.375,-0.75,-1.0625,-0.125,-0.5,-0.375
OAF_search_happy_angry,OAF,search,happy,angry,OAF_search_happy.wav,OAF_search_angry.wav,-1.03125,-1.6875,-1.375,-1.0625,-0.171875,0.140625,0.96875
OAF_search_sad_angry,OAF,search,sad,angry,OAF_search_sad.wav,OAF_search_angry.wav,-0.71875,-1.0,-1.125,-0.875,-0.015625,-0.140625,0.53125
OAF_seize_neutral_happy,OAF,seize,neutral,happy,OAF_seize_neutral.wav,OAF_seize_happy.wav,-0.125,-0.0625,-0.1875,-0.3125,-0.03125,-0.15625,-0.1875
OAF_seize_neutral_sad,OAF,seize,neutral,sad,OAF_seize_neutral.wav,OAF_seize_sad.wav,0.75,1.1875,0.9375,1.0,0.25,0.0,-0.375
OAF_seize_neutral_angry,OAF,seize,neutral,angry,OAF_seize_neutral.wav,OAF_seize_angry.wav,-1.5625,-1.0625,-1.4375,-1.5625,0.1875,-0.1875,-0.625
OAF_seize_happy_sad,OAF,seize,happy,sad,OAF_seize_happy.wav,OAF_seize_sad.wav,1.0,1.0625,2.0,1.3125,-0.3125,0.625,-0.75
OAF_seize_happy_angry,OAF,seize,happy,angry,OAF_seize_happy.wav,OAF_seize_angry.wav,-1.15625,-1.21875,-0.75,-0.9375,-0.125,0.34375,-0.125
OAF_seize_sad_angry,OAF,seize,sad,angry,OAF_seize_sad.wav,OAF_seize_angry.wav,-2.624999523162842,-2.0625,-1.75,-2.25,0.0312497615814209,0.3437497615814209,-1.0624995231628418
OAF_sell_neutral_happy,OAF,sell,neutral,happy,OAF_sell_neutral.wav,OAF_sell_happy.wav,-0.53125,0.5,-1.4375,-0.8125,0.828125,-1.109375,-0.40625
OAF_sell_neutral_sad,OAF,sell,neutral,sad,OAF_sell_neutral.wav,OAF_sell_sad.wav,-0.875,-0.25,1.0,0.3125,-0.03125,1.21875,-1.3125
OAF_sell_neutral_angry,OAF,sell,neutral,angry,OAF_sell_neutral.wav,OAF_sell_angry.wav,-2.15625,-1.625,-2.125000238418579,-1.75,0.45312511920928955,-0.04687511920928955,-0.1562497615814209
OAF_sell_happy_sad,OAF,sell,happy,sad,OAF_sell_happy.wav,OAF_sell_sad.wav,0.125,0.4999997615814209,0.8125,0.5,0.03124988079071045,0.34375011920928955,-0.6874997615814209
OAF_sell_happy_angry,OAF,sell,happy,angry,OAF_sell_happy.wav,OAF_sell_angry.wav,-1.5,-1.5,-1.0625,-1.125,-0.03125,0.40625,-0.0625
OAF_sell_sad_angry,OAF,sell,sad,angry,OAF_sell_sad.wav,OAF_sell_angry.wav,-1.78125,-1.8124995231628418,-1.8125,-1.875,-0.0468747615814209,-0.0468752384185791,-0.0312504768371582
OAF_shack_neutral_happy,OAF,shack,neutral,happy,OAF_shack_neutral.wav,OAF_shack_happy.wav,-0.4375,-0.1875,-0.625,-0.75,0.0625,-0.375,-0.375
OAF_shack_neutral_sad,OAF,shack,neutral,sad,OAF_shack_neutral.wav,OAF_shack_sad.wav,-0.9375,-1.375,-0.375,-0.75,-0.40625,0.59375,0.0625
OAF_shack_neutral_angry,OAF,shack,neutral,angry,OAF_shack_neutral.wav,OAF_shack_angry.wav,-1.6875,-1.75,-1.875,-1.25,0.28125,0.15625,0.6875
OAF_shack_happy_sad,OAF,shack,happy,sad,OAF_shack_happy.wav,OAF_shack_sad.wav,-0.3125,0.25,-0.75,0.125,0.71875,-0.28125,0.3125
OAF_shack_happy_angry,OAF,shack,happy,angry,OAF_shack_happy.wav,OAF_shack_angry.wav,-1.75,-2.0,-0.96875,-1.0,-0.140625,0.890625,0.21875
OAF_shack_sad_angry,OAF,shack,sad,angry,OAF_shack_sad.wav,OAF_shack_angry.wav,-1.0,-1.3125,-1.0,-0.75,-0.03125,0.28125,0.5625
OAF_shall_neutral_happy,OAF,shall,neutral,happy,OAF_shall_neutral.wav,OAF_shall_happy.wav,-0.6875,-0.375,-0.875,-0.4375,0.375,-0.125,0.125
OAF_shall_neutral_sad,OAF,shall,neutral,sad,OAF_shall_neutral.wav,OAF_shall_sad.wav,-1.4375,-1.812499761581421,-0.9375,-1.3125,-0.37499988079071045,0.49999988079071045,-2.384185791015625e-07
OAF_shall_neutral_angry,OAF,shall,neutral,angry,OAF_shall_neutral.wav,OAF_shall_angry.wav,-2.625,-2.25,-1.9375,-2.125,0.09375,0.40625,-0.5625
OAF_shall_happy_sad,OAF,shall,happy,sad,OAF_shall_happy.wav,OAF_shall_sad.wav,-0.8125,-0.6875,-1.125,-1.0,0.125,-0.3125,0.0
OAF_shall_happy_angry,OAF,shall,happy,angry,OAF_shall_happy.wav,OAF_shall_angry.wav,-2.3125,-1.4375,-2.21875,-1.5,0.796875,0.015625,-0.15625
OAF_shall_sad_angry,OAF,shall,sad,angry,OAF_shall_sad.wav,OAF_shall_angry.wav,-0.9375,-1.0,-0.5625,-0.8125,-0.15625,0.28125,-0.1875
OAF_shawl_neutral_happy,OAF,shawl,neutral,happy,OAF_shawl_neutral.wav,OAF_shawl_happy.wav,-0.625,-0.375,-0.875,-0.8750002384185791,0.12499988079071045,-0.37500011920928955,-0.2500002384185791
OAF_shawl_neutral_sad,OAF,shawl,neutral,sad,OAF_shawl_neutral.wav,OAF_shawl_sad.wav,-1.125,-1.6875,-1.0,-1.3125,-0.4375,0.25,0.25
OAF_shawl_neutral_angry,OAF,shawl,neutral,angry,OAF_shawl_neutral.wav,OAF_shawl_angry.wav,-2.0625,-1.3125,-2.6875,-0.8125,1.3125,-0.0625,1.125
OAF_shawl_happy_sad,OAF,shawl,happy,sad,OAF_shawl_happy.wav,OAF_shawl_sad.wav,-0.4375,-0.0625,-0.5,-0.5625,0.15625,-0.28125,-0.4375
OAF_shawl_happy_angry,OAF,shawl,happy,angry,OAF_shawl_happy.wav,OAF_shawl_angry.wav,-2.3125,-1.3125,-1.4999995231628418,-0.8125,0.8437497615814209,0.6562502384185791,-0.3125004768371582
OAF_shawl_sad_angry,OAF,shawl,sad,angry,OAF_shawl_sad.wav,OAF_shawl_angry.wav,-0.625,-1.375,-1.0,-0.9375,-0.34375,0.03125,0.8125
OAF_sheep_neutral_happy,OAF,sheep,neutral,happy,OAF_sheep_neutral.wav,OAF_sheep_happy.wav,-0.9375,-0.4375,-0.375,-0.3125,0.28125,0.34375,-0.4375
OAF_sheep_neutral_sad,OAF,sheep,neutral,sad,OAF_sheep_neutral.wav,OAF_sheep_sad.wav,-1.375,-1.1249998807907104,-0.5,-0.4375,0.15625005960464478,0.7812499403953552,-0.18750011920928955
OAF_sheep_neutral_angry,OAF,sheep,neutral,angry,OAF_sheep_neutral.wav,OAF_sheep_angry.wav,-2.5,-2.25,-1.4375,-2.249999761581421,-0.28124988079071045,0.5312501192092896,-1.062499761581421
OAF_sheep_happy_sad,OAF,sheep,happy,sad,OAF_sheep_happy.wav,OAF_sheep_sad.wav,-0.625,-0.375,-0.5,-0.9375,-0.09375,-0.21875,-0.6875
OAF_sheep_happy_angry,OAF,sheep,happy,angry,OAF_sheep_happy.wav,OAF_sheep_angry.wav,-2.625,-2.4375,-1.4375004768371582,-2.124999761581421,-0.24999964237213135,0.7499998807907104,-0.8749992847442627
OAF_sheep_sad_angry,OAF,sheep,sad,angry,OAF_sheep_sad.wav,OAF_sheep_angry.wav,-1.0,-1.5625,-0.75,-1.5,-0.65625,0.15625,-0.1875
OAF_shirt_neutral_happy,OAF,shirt,neutral,happy,OAF_shirt_neutral.wav,OAF_shirt_happy.wav,-0.4375,-0.625,-0.5,-0.8125002384185791,-0.25000011920928955,-0.12500011920928955,-0.1250002384185791
OAF_shirt_neutral_sad,OAF,shirt,neutral,sad,OAF_shirt_neutral.wav,OAF_shirt_sad.wav,-0.3125,-0.8125,-0.6875,-0.3749997615814209,-0.09374988079071045,0.03125011920928955,0.8125002384185791
OAF_shirt_neutral_angry,OAF,shirt,neutral,angry,OAF_shirt_neutral.wav,OAF_shirt_angry.wav,-2.25,-2.375,-1.999999761581421,-2.4375,-0.28125011920928955,0.09375011920928955,-0.3125002384185791
OAF_shirt_happy_sad,OAF,shirt,happy,sad,OAF_shirt_happy.wav,OAF_shirt_sad.wav,-0.1875,0.25,-0.875,-0.125,0.59375,-0.53125,0.3125
OAF_shirt_happy_angry,OAF,shirt,happy,angry,OAF_shirt_happy.wav,OAF_shirt_angry.wav,-2.0625,-1.125,-1.4375,-0.875,0.75,0.4375,-0.375
OAF_shirt_sad_angry,OAF,shirt,sad,angry,OAF_shirt_sad.wav,OAF_shirt_angry.wav,-1.375,-1.8125,-1.0625,-0.9375,-0.15625,0.59375,0.5625
OAF_should_neutral_happy,OAF,should,neutral,happy,OAF_should_neutral.wav,OAF_should_happy.wav,0.0625,-0.3125,-0.25,-0.5625,-0.34375,-0.28125,0.0625
OAF_should_neutral_sad,OAF,should,neutral,sad,OAF_should_neutral.wav,OAF_should_sad.wav,-0.6875,-1.6875,0.6875,-1.5,-1.59375,0.78125,-1.1875
OAF_should_neutral_angry,OAF,should,neutral,angry,OAF_should_neutral.wav,OAF_should_angry.wav,-2.125,-1.75,-1.0625,-2.25,-0.40625,0.28125,-1.5625
OAF_should_happy_sad,OAF,should,happy,sad,OAF_should_happy.wav,OAF_should_sad.wav,-1.0625,-0.3125,-0.4375,-0.9375,0.125,0.0,-1.25
OAF_should_happy_angry,OAF,should,happy,angry,OAF_should_happy.wav,OAF_should_angry.wav,-1.25,-1.9375,-1.75,-1.5625,-0.25,-0.0625,0.875
OAF_should_sad_angry,OAF,should,sad,angry,OAF_should_sad.wav,OAF_should_angry.wav,-0.5,-0.1875,-0.5625,-0.875,0.0,-0.375,-0.625
OAF_shout_neutral_happy,OAF,shout,neutral,happy,OAF_shout_neutral.wav,OAF_shout_happy.wav,-0.5625,-0.625,-0.1875,0.25,0.1875,0.625,0.5
OAF_shout_neutral_sad,OAF,shout,neutral,sad,OAF_shout_neutral.wav,OAF_shout_sad.wav,-0.125,0.125,0.0,0.0625,0.15625,0.03125,-0.1875
OAF_shout_neutral_angry,OAF,shout,neutral,angry,OAF_shout_neutral.wav,OAF_shout_angry.wav,-2.25,-1.4375,-1.8437495231628418,-2.093749523162842,0.28125,-0.1249995231628418,-1.0625
OAF_shout_happy_sad,OAF,shout,happy,sad,OAF_shout_happy.wav,OAF_shout_sad.wav,-0.3125,-0.125,-0.25,-0.0625,0.1875,0.0625,0.0
OAF_shout_happy_angry,OAF,shout,happy,angry,OAF_shout_happy.wav,OAF_shout_angry.wav,-1.5,-1.6875,-0.53125,-0.90625,-0.28125,0.875,-0.1875
OAF_shout_sad_angry,OAF,shout,sad,angry,OAF_shout_sad.wav,OAF_shout_angry.wav,-1.6875,-0.6875,-1.9999995231628418,-0.96875,1.015624761581421,-0.2968747615814209,0.031249523162841797
OAF_size_neutral_happy,OAF,size,neutral,happy,OAF_size_neutral.wav,OAF_size_happy.wav,-0.5,-0.125,-0.625,0.4375,0.71875,0.21875,0.6875
OAF_size_neutral_sad,OAF,size,neutral,sad,OAF_size_neutral.wav,OAF_size_sad.wav,-0.9375,-0.0625,-0.875,-1.0,0.375,-0.4375,-1.0
OAF_size_neutral_angry,OAF,size,neutral,angry,OAF_size_neutral.wav,OAF_size_angry.wav,-1.9375,-0.8125,-1.59375,-2.4375,0.140625,-0.640625,-1.96875
OAF_size_happy_sad,OAF,size,happy,sad,OAF_size_happy.wav,OAF_size_sad.wav,-0.5625,-0.5625,-0.28125,-0.8125,-0.265625,0.015625,-0.53125
OAF_size_happy_angry,OAF,size,happy,angry,OAF_size_happy.wav,OAF_size_angry.wav,-2.875,-2.0,-1.0625,-1.96875,-0.015625,0.921875,-1.78125
OAF_size_sad_angry,OAF,size,sad,angry,OAF_size_sad.wav,OAF_size_angry.wav,-1.46875,-1.65625,-0.75,-1.625,-0.53125,0.375,-0.6875
OAF_soap_neutral_happy,OAF,soap,neutral,happy,OAF_soap_neutral.wav,OAF_soap_happy.wav,-0.6875,0.25,-0.8125,-0.4375,0.65625,-0.40625,-0.5625
OAF_soap_neutral_sad,OAF,soap,neutral,sad,OAF_soap_neutral.wav,OAF_soap_sad.wav,-1.4375,-0.9375,-0.5000002384185791,-0.9375,0.03125011920928955,0.46874988079071045,-0.9374997615814209
OAF_soap_neutral_angry,OAF,soap,neutral,angry,OAF_soap_neutral.wav,OAF_soap_angry.wav,-1.9375,-1.874999761581421,-1.75,-2.187499761581421,-0.1874997615814209,-0.0625,-0.5
OAF_soap_happy_sad,OAF,soap,happy,sad,OAF_soap_happy.wav,OAF_soap_sad.wav,-1.0625,-0.375,-1.0625,-1.0,0.375,-0.3125,-0.625
OAF_soap_happy_angry,OAF,soap,happy,angry,OAF_soap_happy.wav,OAF_soap_angry.wav,-1.375,-1.937499761581421,-1.1875,-1.374999761581421,-0.3749997615814209,0.375,0.375
OAF_soap_sad_angry,OAF,soap,sad,angry,OAF_soap_sad.wav,OAF_soap_angry.wav,-1.125,-1.9375,-1.25,-0.9374997615814209,-0.24999988079071045,0.43750011920928955,1.125000238418579
OAF_soup_neutral_happy,OAF,soup,neutral,happy,OAF_soup_neutral.wav,OAF_soup_happy.wav,0.1875,-0.3125,0.125,-0.1875,-0.40625,0.03125,0.1875
OAF_soup_neutral_sad,OAF,soup,neutral,sad,OAF_soup_neutral.wav,OAF_soup_sad.wav,-0.625,-0.9375,-0.6249997615814209,-0.125,0.09374988079071045,0.40625011920928955,0.8124997615814209
OAF_soup_neutral_angry,OAF,soup,neutral,angry,OAF_soup_neutral.wav,OAF_soup_angry.wav,-1.625,-1.9375,-2.874999761581421,-2.437500238418579,0.0624997615814209,-0.875,0.7499995231628418
OAF_soup_happy_sad,OAF,soup,happy,sad,OAF_soup_happy.wav,OAF_soup_sad.wav,-1.375,-1.375,-1.25,-1.0,0.125,0.25,0.25
OAF_soup_happy_angry,OAF,soup,happy,angry,OAF_soup_happy.wav,OAF_soup_angry.wav,-2.75,-1.875,-1.0,-1.6875,0.09375,0.96875,-1.5625
OAF_soup_sad_angry,OAF,soup,sad,angry,OAF_soup_sad.wav,OAF_soup_angry.wav,-1.625,-0.5,-0.25,-0.9375,0.21875,0.46875,-1.8125
OAF_sour_neutral_happy,OAF,sour,neutral,happy,OAF_sour_neutral.wav,OAF_sour_happy.wav,-0.5625,0.125,-0.125,-0.125,0.34375,0.09375,-0.6875
OAF_sour_neutral_sad,OAF,sour,neutral,sad,OAF_sour_neutral.wav,OAF_sour_sad.wav,-1.75,-1.5625,-0.8125,-1.3125004768371582,-0.1562502384185791,0.5937497615814209,-0.6875004768371582
OAF_sour_neutral_angry,OAF,sour,neutral,angry,OAF_sour_neutral.wav,OAF_sour_angry.wav,-1.875,-1.8750004768371582,-1.3125,-2.1875,-0.4375002384185791,0.1250002384185791,-0.8749995231628418
OAF_sour_happy_sad,OAF,sour,happy,sad,OAF_sour_happy.wav,OAF_sour_sad.wav,-0.125,-0.875,-0.9375,-1.3125004768371582,-0.5625002384185791,-0.6250002384185791,0.3749995231628418
OAF_sour_happy_angry,OAF,sour,happy,angry,OAF_sour_happy.wav,OAF_sour_angry.wav,-2.03125,-1.8437504768371582,-1.6875,-2.1875,-0.1562502384185791,2.384185791015625e-07,-0.6874995231628418
OAF_sour_sad_angry,OAF,sour,sad,angry,OAF_sour_sad.wav,OAF_sour_angry.wav,-0.125,-0.75,-0.9375,-1.875,-0.78125,-0.96875,-0.3125
OAF_south_neutral_happy,OAF,south,neutral,happy,OAF_south_neutral.wav,OAF_south_happy.wav,0.6875,0.4375,-0.5625,0.0625,0.1875,-0.8125,0.875
OAF_south_neutral_sad,OAF,south,neutral,sad,OAF_south_neutral.wav,OAF_south_sad.wav,-0.125,-0.75,0.0625,-0.1875,-0.4375,0.375,0.375
OAF_south_neutral_angry,OAF,south,neutral,angry,OAF_south_neutral.wav,OAF_south_angry.wav,-1.4062495231628418,-1.25,-1.750000238418579,-2.062499761581421,-0.078125,-0.5781252384185791,-0.4687490463256836
OAF_south_happy_sad,OAF,south,happy,sad,OAF_south_happy.wav,OAF_south_sad.wav,-0.625,-0.3125,-1.25,-0.4375,0.5625,-0.375,0.5
OAF_south_happy_angry,OAF,south,happy,angry,OAF_south_happy.wav,OAF_south_angry.wav,-1.4375,-1.75,-1.312500238418579,-0.9375,0.03125011920928955,0.46874988079071045,0.6875002384185791
OAF_south_sad_angry,OAF,south,sad,angry,OAF_south_sad.wav,OAF_south_angry.wav,-1.0625,-1.1875,-1.0,-0.875,0.0,0.1875,0.25
OAF_sub_neutral_happy,OAF,sub,neutral,happy,OAF_sub_neutral.wav,OAF_sub_happy.wav,0.53125,-0.25,0.78125,-0.5,-1.03125,0.0,-0.5
OAF_sub_neutral_sad,OAF,sub,neutral,sad,OAF_sub_neutral.wav,OAF_sub_sad.wav,-0.28125,-0.75,-0.28125,-1.75,-0.96875,-0.5,-1.0
OAF_sub_neutral_angry,OAF,sub,neutral,angry,OAF_sub_neutral.wav,OAF_sub_angry.wav,-1.15625,-2.5625,-1.09375,-2.5,-1.40625,0.0625,0.0
OAF_sub_happy_sad,OAF,sub,happy,sad,OAF_sub_happy.wav,OAF_sub_sad.wav,-0.4375,-0.625,-1.7499995231628418,-1.0625,0.2499997615814209,-0.8749997615814209,0.8749995231628418
OAF_sub_happy_angry,OAF,sub,happy,angry,OAF_sub_happy.wav,OAF_sub_angry.wav,-1.4062504768371582,-1.875,-2.15625,-1.5,0.0937502384185791,-0.1874997615814209,1.1249995231628418
OAF_sub_sad_angry,OAF,sub,sad,angry,OAF_sub_sad.wav,OAF_sub_angry.wav,-0.625,-1.4375,-1.0625004768371582,-0.75,-0.2499997615814209,0.1249997615814209,1.1250004768371582
OAF_such_neutral_happy,OAF,such,neutral,happy,OAF_such_neutral.wav,OAF_such_happy.wav,-0.375,-0.3125,-0.5625,-0.6875,-0.03125,-0.28125,-0.1875
OAF_such_neutral_sad,OAF,such,neutral,sad,OAF_such_neutral.wav,OAF_such_sad.wav,-0.625,-0.3125,-0.125,-0.5,-0.03125,0.15625,-0.6875
OAF_such_neutral_angry,OAF,such,neutral,angry,OAF_such_neutral.wav,OAF_such_angry.wav,-1.624999761581421,-1.624999761581421,-1.5,-1.625,-0.0625,0.0624997615814209,-0.125
OAF_such_happy_sad,OAF,such,happy,sad,OAF_such_happy.wav,OAF_such_sad.wav,-0.1875002384185791,0.0,-0.375,-0.375,0.09375011920928955,-0.28124988079071045,-0.1875002384185791
OAF_such_happy_angry,OAF,such,happy,angry,OAF_such_happy.wav,OAF_such_angry.wav,-1.250000238418579,-1.3125,-1.125,-1.5,-0.21874988079071045,-0.03124988079071045,-0.3125002384185791
OAF_such_sad_angry,OAF,such,sad,angry,OAF_such_sad.wav,OAF_such_angry.wav,-1.0625,-1.500000238418579,-1.0,-1.25,-0.34375011920928955,0.15625011920928955,0.1875002384185791
OAF_sure_neutral_happy,OAF,sure,neutral,happy,OAF_sure_neutral.wav,OAF_sure_happy.wav,-0.9375,-1.1875,-0.75,-1.25,-0.375,0.0625,-0.25
OAF_sure_neutral_sad,OAF,sure,neutral,sad,OAF_sure_neutral.wav,OAF_sure_sad.wav,-1.875,-1.4375,-0.34375,-0.4375,0.171875,1.265625,-0.53125
OAF_sure_neutral_angry,OAF,sure,neutral,angry,OAF_sure_neutral.wav,OAF_sure_angry.wav,-2.6875,-1.6875,-2.4375,-2.5625,0.4375,-0.3125,-1.125
OAF_sure_happy_sad,OAF,sure,happy,sad,OAF_sure_happy.wav,OAF_sure_sad.wav,-1.0,-0.375,-0.75,-0.5625,0.40625,0.03125,-0.4375
OAF_sure_happy_angry,OAF,sure,happy,angry,OAF_sure_happy.wav,OAF_sure_angry.wav,-1.9375,-1.8124995231628418,-1.1562495231628418,-1.5,-0.109375,0.546875,-0.4687509536743164
OAF_sure_sad_angry,OAF,sure,sad,angry,OAF_sure_sad.wav,OAF_sure_angry.wav,-1.5,-0.8437504768371582,-0.7812504768371582,-0.9375,0.25,0.3125,-0.8124990463256836
OAF_take_neutral_happy,OAF,take,neutral,happy,OAF_take_neutral.wav,OAF_take_happy.wav,-0.3125,-0.125,-0.25,-0.1875,0.125,0.0,-0.125
OAF_take_neutral_sad,OAF,take,neutral,sad,OAF_take_neutral.wav,OAF_take_sad.wav,-0.5625,-1.4375,-0.8125,-0.5625,-0.3125,0.3125,1.125
OAF_take_neutral_angry,OAF,take,neutral,angry,OAF_take_neutral.wav,OAF_take_angry.wav,-1.5625,-2.875,-2.25,-2.375,-0.71875,-0.09375,1.1875
OAF_take_happy_sad,OAF,take,happy,sad,OAF_take_happy.wav,OAF_take_sad.wav,-0.5625,-0.3125,-0.1875,-0.5625,-0.0625,0.0625,-0.625
OAF_take_happy_angry,OAF,take,happy,angry,OAF_take_happy.wav,OAF_take_angry.wav,-2.1875,-1.5625,-1.3125,-2.0,-0.03125,0.21875,-1.3125
OAF_take_sad_angry,OAF,take,sad,angry,OAF_take_sad.wav,OAF_take_angry.wav,-1.1875,-1.937500238418579,-0.8125,-1.5,-0.7187501192092896,0.40625011920928955,0.0625002384185791
OAF_talk_neutral_happy,OAF,talk,neutral,happy,OAF_talk_neutral.wav,OAF_talk_happy.wav,-0.125,-0.25,-0.375,0.0,0.125,0.0,0.5
OAF_talk_neutral_sad,OAF,talk,neutral,sad,OAF_talk_neutral.wav,OAF_talk_sad.wav,-0.4375,-1.875,-0.125,-1.125,-1.21875,0.53125,0.4375
OAF_talk_neutral_angry,OAF,talk,neutral,angry,OAF_talk_neutral.wav,OAF_talk_angry.wav,-1.75,-1.6875,-1.625,-1.3125,0.1875,0.25,0.25
OAF_talk_happy_sad,OAF,talk,happy,sad,OAF_talk_happy.wav,OAF_talk_sad.wav,-0.4375002384185791,-0.4375,0.0,-0.5625,-0.28124988079071045,0.15625011920928955,-0.5625002384185791
OAF_talk_happy_angry,OAF,talk,happy,angry,OAF_talk_happy.wav,OAF_talk_angry.wav,-1.375000238418579,-0.9375,-1.125,-1.5,0.03125011920928955,-0.15624988079071045,-0.8125002384185791
OAF_talk_sad_angry,OAF,talk,sad,angry,OAF_talk_sad.wav,OAF_talk_angry.wav,-1.0625,-1.0,-0.625,-1.125,-0.21875,0.15625,-0.5625
OAF_tape_neutral_happy,OAF,tape,neutral,happy,OAF_tape_neutral.wav,OAF_tape_happy.wav,-1.1875,-0.4375,-0.3125,0.3125,0.6875,0.8125,-0.125
OAF_tape_neutral_sad,OAF,tape,neutral,sad,OAF_tape_neutral.wav,OAF_tape_sad.wav,-1.5625,-0.9374997615814209,-1.125,-1.000000238418579,0.375,0.1874997615814209,-0.5000004768371582
OAF_tape_neutral_angry,OAF,tape,neutral,angry,OAF_tape_neutral.wav,OAF_tape_angry.wav,-2.750000476837158,-2.187499761581421,-1.75,-1.749999761581421,0.2812504768371582,0.7187502384185791,-0.5625004768371582
OAF_tape_happy_sad,OAF,tape,happy,sad,OAF_tape_happy.wav,OAF_tape_sad.wav,-0.625,0.0,-0.9375,-0.4375002384185791,0.5624998807907104,-0.37500011920928955,-0.1250002384185791
OAF_tape_happy_angry,OAF,tape,happy,angry,OAF_tape_happy.wav,OAF_tape_angry.wav,-1.625,-1.875000238418579,-1.625,-1.749999761581421,-0.1875,0.0625002384185791,0.1250004768371582
OAF_tape_sad_angry,OAF,tape,sad,angry,OAF_tape_sad.wav,OAF_tape_angry.wav,-0.6875,-1.375,-0.4999997615814209,-1.437499761581421,-0.8125,0.0625002384185791,-0.25
OAF_team_neutral_happy,OAF,team,neutral,happy,OAF_team_neutral.wav,OAF_team_happy.wav,-1.125,-0.5625,-0.0625,-1.187500238418579,-0.28125011920928955,0.21874988079071045,-1.687500238418579
OAF_team_neutral_sad,OAF,team,neutral,sad,OAF_team_neutral.wav,OAF_team_sad.wav,-1.625,-1.5,-0.9687504768371582,-1.8125,-0.3593747615814209,0.1718747615814209,-0.9687495231628418
OAF_team_neutral_angry,OAF,team,neutral,angry,OAF_team_neutral.wav,OAF_team_angry.wav,-2.75,-1.499999761581421,-1.5,-1.812499761581421,0.4687502384185791,0.46875,-1.5625
OAF_team_happy_sad,OAF,team,happy,sad,OAF_team_happy.wav,OAF_team_sad.wav,-0.4375,-0.25,-0.8125,-1.0,0.0,-0.5625,-0.375
OAF_team_happy_angry,OAF,team,happy,angry,OAF_team_happy.wav,OAF_team_angry.wav,-1.1875,-1.749999761581421,-1.9375,-1.624999761581421,-0.1249997615814209,-0.3125,0.875
OAF_team_sad_angry,OAF,team,sad,angry,OAF_team_sad.wav,OAF_team_angry.wav,-0.5,-1.25,-0.75,-1.374999761581421,-0.6874998807907104,-0.18749988079071045,0.1250002384185791
OAF_tell_neutral_happy,OAF,tell,neutral,happy,OAF_tell_neutral.wav,OAF_tell_happy.wav,-1.0625,-0.4375,-0.25,-0.4375,0.21875,0.40625,-0.8125
OAF_tell_neutral_sad,OAF,tell,neutral,sad,OAF_tell_neutral.wav,OAF_tell_sad.wav,-1.6875,-1.6875,-1.3749995231628418,-1.625000238418579,-0.12500035762786865,0.18750011920928955,-0.2500007152557373
OAF_tell_neutral_angry,OAF,tell,neutral,angry,OAF_tell_neutral.wav,OAF_tell_angry.wav,-2.375,-2.0,-1.5625,-2.3125,-0.1875,0.25,-1.125
OAF_tell_happy_sad,OAF,tell,happy,sad,OAF_tell_happy.wav,OAF_tell_sad.wav,-0.5625,-0.375,-0.9062504768371582,-0.75,0.1718752384185791,-0.3593752384185791,-0.031249523162841797
OAF_tell_happy_angry,OAF,tell,happy,angry,OAF_tell_happy.wav,OAF_tell_angry.wav,-2.6875,-1.875,-1.625,-1.875,0.28125,0.53125,-1.0625
OAF_tell_sad_angry,OAF,tell,sad,angry,OAF_tell_sad.wav,OAF_tell_angry.wav,-0.6875,-1.1875,-0.4375,-1.3125,-0.6875,0.0625,-0.375
OAF_thin_neutral_happy,OAF,thin,neutral,happy,OAF_thin_neutral.wav,OAF_thin_happy.wav,-0.0625,-0.1875,-1.1875,-0.5,0.28125,-0.71875,0.8125
OAF_thin_neutral_sad,OAF,thin,neutral,sad,OAF_thin_neutral.wav,OAF_thin_sad.wav,-1.1875,-0.4375,-0.625,-0.6875,0.34375,0.15625,-0.8125
OAF_thin_neutral_angry,OAF,thin,neutral,angry,OAF_thin_neutral.wav,OAF_thin_angry.wav,-2.28125,-1.75,-1.5,-2.312500238418579,-0.14062511920928955,0.10937488079071045,-1.343750238418579
OAF_thin_happy_sad,OAF,thin,happy,sad,OAF_thin_happy.wav,OAF_thin_sad.wav,-0.75,-0.6875,-1.25,-0.3125,0.5,-0.0625,0.875
OAF_thin_happy_angry,OAF,thin,happy,angry,OAF_thin_happy.wav,OAF_thin_angry.wav,-1.3125,-1.875,-1.3125,-1.625000238418579,-0.43750011920928955,0.12499988079071045,0.2499997615814209
OAF_thin_sad_angry,OAF,thin,sad,angry,OAF_thin_sad.wav,OAF_thin_angry.wav,-1.1875,-1.625,-0.6875,-1.187500238418579,-0.46875011920928955,0.46874988079071045,-0.0625002384185791
OAF_third_neutral_happy,OAF,third,neutral,happy,OAF_third_neutral.wav,OAF_third_happy.wav,0.75,-0.625,0.125,0.625,-0.4375,0.3125,1.875
OAF_third_neutral_sad,OAF,third,neutral,sad,OAF_third_neutral.wav,OAF_third_sad.wav,0.125,-0.6875,0.03125,-0.8125,-0.828125,-0.109375,-0.03125
OAF_third_neutral_angry,OAF,third,neutral,angry,OAF_third_neutral.wav,OAF_third_angry.wav,-0.5,-1.374999761581421,-0.8125,-1.875,-0.9687498807907104,-0.40625011920928955,-0.1875002384185791
OAF_third_happy_sad,OAF,third,happy,sad,OAF_third_happy.wav,OAF_third_sad.wav,-0.875,-0.1875,-0.0625,-0.625,0.0625,0.1875,-1.25
OAF_third_happy_angry,OAF,third,happy,angry,OAF_third_happy.wav,OAF_third_angry.wav,-1.5,-1.4375,-1.0,-1.125,-0.03125,0.40625,-0.1875
OAF_third_sad_angry,OAF,third,sad,angry,OAF_third_sad.wav,OAF_third_angry.wav,-0.3125,-0.75,-0.1875,-0.3125,-0.28125,0.28125,0.3125
OAF_thought_neutral_happy,OAF,thought,neutral,happy,OAF_thought_neutral.wav,OAF_thought_happy.wav,-0.3125,-0.3125,-0.1875,-0.4374997615814209,-0.12499988079071045,1.1920928955078125e-07,-0.2499997615814209
OAF_thought_neutral_sad,OAF,thought,neutral,sad,OAF_thought_neutral.wav,OAF_thought_sad.wav,-1.0625,-0.75,-0.3125,-1.625,-0.5,-0.0625,-1.625
OAF_thought_neutral_angry,OAF,thought,neutral,angry,OAF_thought_neutral.wav,OAF_thought_angry.wav,-1.875,-1.875000238418579,-1.4375,-1.812499761581421,-0.1875,0.2500002384185791,-0.3749995231628418
OAF_thought_happy_sad,OAF,thought,happy,sad,OAF_thought_happy.wav,OAF_thought_sad.wav,-0.8125,-0.4375,-0.6875,-0.75,0.15625,-0.09375,-0.4375
OAF_thought_happy_angry,OAF,thought,happy,angry,OAF_thought_happy.wav,OAF_thought_angry.wav,-1.6875,-1.125,-2.0,-1.125,0.71875,-0.15625,0.3125
OAF_thought_sad_angry,OAF,thought,sad,angry,OAF_thought_sad.wav,OAF_thought_angry.wav,-0.9375,-1.0,-0.9375,-0.625,0.125,0.1875,0.375
OAF_thumb_neutral_happy,OAF,thumb,neutral,happy,OAF_thumb_neutral.wav,OAF_thumb_happy.wav,-0.5,-0.0625,-0.875,-1.25,0.03125,-0.78125,-0.8125
OAF_thumb_neutral_sad,OAF,thumb,neutral,sad,OAF_thumb_neutral.wav,OAF_thumb_sad.wav,-1.25,-1.562499761581421,-0.9375,-1.875,-0.6249998807907104,-1.1920928955078125e-07,-0.6250002384185791
OAF_thumb_neutral_angry,OAF,thumb,neutral,angry,OAF_thumb_neutral.wav,OAF_thumb_angry.wav,-2.125,-1.1875,-1.4375,-2.8125,-0.21875,-0.46875,-2.3125
OAF_thumb_happy_sad,OAF,thumb,happy,sad,OAF_thumb_happy.wav,OAF_thumb_sad.wav,-0.75,-0.5,-1.25,-1.0625,0.21875,-0.53125,-0.0625
OAF_thumb_happy_angry,OAF,thumb,happy,angry,OAF_thumb_happy.wav,OAF_thumb_angry.wav,-1.3125,-1.874999761581421,-1.75,-1.5625,-0.18749988079071045,-0.06250011920928955,0.7499997615814209
OAF_thumb_sad_angry,OAF,thumb,sad,angry,OAF_thumb_sad.wav,OAF_thumb_angry.wav,-0.6250004768371582,-0.9375,0.125,-1.375,-0.9062497615814209,0.1562502384185791,-1.1875004768371582
OAF_time_neutral_happy,OAF,time,neutral,happy,OAF_time_neutral.wav,OAF_time_happy.wav,-0.4375,-0.4375,-1.125,-0.5625,0.28125,-0.40625,0.5625
OAF_time_neutral_sad,OAF,time,neutral,sad,OAF_time_neutral.wav,OAF_time_sad.wav,-0.5625,-0.875,-0.125,-0.8125,-0.5,0.25,-0.375
OAF_time_neutral_angry,OAF,time,neutral,angry,OAF_time_neutral.wav,OAF_time_angry.wav,-2.0625,-1.875,-2.1875,-2.4375,-0.03125,-0.34375,-0.4375
OAF_time_happy_sad,OAF,time,happy,sad,OAF_time_happy.wav,OAF_time_sad.wav,-0.25,0.125,-1.0,-0.375,0.5,-0.625,0.25
OAF_time_happy_angry,OAF,time,happy,angry,OAF_time_happy.wav,OAF_time_angry.wav,-1.75,-2.125000476837158,-1.9375,-1.4375,0.0624997615814209,0.2500002384185791,0.8750004768371582
OAF_time_sad_angry,OAF,time,sad,angry,OAF_time_sad.wav,OAF_time_angry.wav,-0.625,-1.59375,-0.8125,-0.9375,-0.546875,0.234375,0.84375
OAF_tip_neutral_happy,OAF,tip,neutral,happy,OAF_tip_neutral.wav,OAF_tip_happy.wav,-0.1875,0.1875,-0.3125,-0.4375,0.125,-0.375,-0.5
OAF_tip_neutral_sad,OAF,tip,neutral,sad,OAF_tip_neutral.wav,OAF_tip_sad.wav,-0.25,-0.5,-0.4375,0.125,0.15625,0.21875,0.8125
OAF_tip_neutral_angry,OAF,tip,neutral,angry,OAF_tip_neutral.wav,OAF_tip_angry.wav,-2.0,-2.187499761581421,-1.25,-2.125000238418579,-0.53125,0.4062497615814209,-0.6875004768371582
OAF_tip_happy_sad,OAF,tip,happy,sad,OAF_tip_happy.wav,OAF_tip_sad.wav,-0.75,-0.25,-0.6875,-0.4375,0.375,-0.0625,-0.25
OAF_tip_happy_angry,OAF,tip,happy,angry,OAF_tip_happy.wav,OAF_tip_angry.wav,-1.4375,-1.75,-0.875,-1.0625,-0.25,0.625,0.125
OAF_tip_sad_angry,OAF,tip,sad,angry,OAF_tip_sad.wav,OAF_tip_angry.wav,-1.25,-0.9375,-1.062500238418579,-0.875,0.25000011920928955,0.12499988079071045,-0.1249997615814209
OAF_tire_neutral_happy,OAF,tire,neutral,happy,OAF_tire_neutral.wav,OAF_tire_happy.wav,-1.625,-0.8125,-1.375,-0.875,0.65625,0.09375,-0.3125
OAF_tire_neutral_sad,OAF,tire,neutral,sad,OAF_tire_neutral.wav,OAF_tire_sad.wav,-1.5625,-1.25,0.0625,-0.6875,-0.21875,1.09375,-1.0625
OAF_tire_neutral_angry,OAF,tire,neutral,angry,OAF_tire_neutral.wav,OAF_tire_angry.wav,-2.375,-1.375000238418579,-2.437500238418579,-2.6875,0.375,-0.6875,-1.2499995231628418
OAF_tire_happy_sad,OAF,tire,happy,sad,OAF_tire_happy.wav,OAF_tire_sad.wav,0.75,0.125,-0.125,-0.0625,-0.28125,-0.53125,0.6875
OAF_tire_happy_angry,OAF,tire,happy,angry,OAF_tire_happy.wav,OAF_tire_angry.wav,-1.09375,-1.4375,-0.75,-1.0,-0.296875,0.390625,0.09375
OAF_tire_sad_angry,OAF,tire,sad,angry,OAF_tire_sad.wav,OAF_tire_angry.wav,-0.75,-0.8125,-0.6875,-1.0625,-0.21875,-0.09375,-0.3125
OAF_ton_neutral_happy,OAF,ton,neutral,happy,OAF_ton_neutral.wav,OAF_ton_happy.wav,-0.3125,-0.4375,-0.1875,-0.6875,-0.3125,-0.0625,-0.375
OAF_ton_neutral_sad,OAF,ton,neutral,sad,OAF_ton_neutral.wav,OAF_ton_sad.wav,-0.5625,-0.75,-0.125,-1.125,-0.59375,0.03125,-0.8125
OAF_ton_neutral_angry,OAF,ton,neutral,angry,OAF_ton_neutral.wav,OAF_ton_angry.wav,-1.5937495231628418,-2.0625,-2.062499761581421,-1.9375,-0.17187535762786865,-0.17187511920928955,0.5937502384185791
OAF_ton_happy_sad,OAF,ton,happy,sad,OAF_ton_happy.wav,OAF_ton_sad.wav,-0.125,-0.125,-0.3125,-0.3125,0.0,-0.1875,0.0
OAF_ton_happy_angry,OAF,ton,happy,angry,OAF_ton_happy.wav,OAF_ton_angry.wav,-1.625,-1.75,-1.125,-1.3125,-0.15625,0.46875,-0.0625
OAF_ton_sad_angry,OAF,ton,sad,angry,OAF_ton_sad.wav,OAF_ton_angry.wav,-0.9375,0.25,-0.875,-1.375,0.34375,-0.78125,-1.6875
OAF_tool_neutral_happy,OAF,tool,neutral,happy,OAF_tool_neutral.wav,OAF_tool_happy.wav,0.3125,-0.4375,-0.6875,-0.75,-0.40625,-0.65625,0.6875
OAF_tool_neutral_sad,OAF,tool,neutral,sad,OAF_tool_neutral.wav,OAF_tool_sad.wav,-0.0625,-0.9375002384185791,-0.1875,-1.25,-0.9687501192092896,-0.21874988079071045,-0.1874997615814209
OAF_tool_neutral_angry,OAF,tool,neutral,angry,OAF_tool_neutral.wav,OAF_tool_angry.wav,-1.0625,-1.937500238418579,-1.75,-1.875,-0.5000001192092896,-0.31249988079071045,0.7500002384185791
OAF_tool_happy_sad,OAF,tool,happy,sad,OAF_tool_happy.wav,OAF_tool_sad.wav,-0.5000002384185791,-0.1875,-0.875,-1.0,0.09375011920928955,-0.5937498807907104,-0.4375002384185791
OAF_tool_happy_angry,OAF,tool,happy,angry,OAF_tool_happy.wav,OAF_tool_angry.wav,-1.500000238418579,-1.875,-1.25,-1.4375,-0.28124988079071045,0.34375011920928955,0.1874997615814209
OAF_tool_sad_angry,OAF,tool,sad,angry,OAF_tool_sad.wav,OAF_tool_angry.wav,-0.6875,-0.625,-0.0625,-0.8125,-0.34375,0.21875,-0.8125
OAF_tough_neutral_happy,OAF,tough,neutral,happy,OAF_tough_neutral.wav,OAF_tough_happy.wav,-0.4375,-0.4375,-0.5,1.03125,0.765625,0.703125,1.53125
OAF_tough_neutral_sad,OAF,tough,neutral,sad,OAF_tough_neutral.wav,OAF_tough_sad.wav,-1.0625,-1.624999761581421,-1.0,-0.4375,1.1920928955078125e-07,0.6249998807907104,1.124999761581421
OAF_tough_neutral_angry,OAF,tough,neutral,angry,OAF_tough_neutral.wav,OAF_tough_angry.wav,-1.375,-1.5,-1.21875,-0.5625,0.265625,0.546875,0.78125
OAF_tough_happy_sad,OAF,tough,happy,sad,OAF_tough_happy.wav,OAF_tough_sad.wav,-1.0,-0.4375,-0.25,-1.3125,-0.25,-0.0625,-1.625
OAF_tough_happy_angry,OAF,tough,happy,angry,OAF_tough_happy.wav,OAF_tough_angry.wav,-0.875,-1.1875,-1.0937495231628418,-0.9375,-0.0781252384185791,0.0156252384185791,0.4687495231628418
OAF_tough_sad_angry,OAF,tough,sad,angry,OAF_tough_sad.wav,OAF_tough_angry.wav,-0.46875,-0.5,-0.5,-0.0625,0.203125,0.203125,0.46875
OAF_turn_neutral_happy,OAF,turn,neutral,happy,OAF_turn_neutral.wav,OAF_turn_happy.wav,-0.75,-0.0625,-0.375,-0.5625,0.25,-0.0625,-0.875
OAF_turn_neutral_sad,OAF,turn,neutral,sad,OAF_turn_neutral.wav,OAF_turn_sad.wav,-1.1875,-1.062499761581421,-0.5625,-1.3125,-0.31249988079071045,0.18749988079071045,-0.8750002384185791
OAF_turn_neutral_angry,OAF,turn,neutral,angry,OAF_turn_neutral.wav,OAF_turn_angry.wav,-2.125,-1.4375,-1.875,-2.0,0.28125,-0.15625,-0.8125
OAF_turn_happy_sad,OAF,turn,happy,sad,OAF_turn_happy.wav,OAF_turn_sad.wav,-0.1875,-0.625,0.125,-1.0,-0.78125,-0.03125,-0.6875
OAF_turn_happy_angry,OAF,turn,happy,angry,OAF_turn_happy.wav,OAF_turn_angry.wav,-1.375,-1.5625,-1.0,-1.3125,-0.25,0.3125,-0.125
OAF_turn_sad_angry,OAF,turn,sad,angry,OAF_turn_sad.wav,OAF_turn_angry.wav,-1.03125,-1.25,-0.9375,-1.1875,-0.234375,0.078125,-0.03125
OAF_vine_neutral_happy,OAF,vine,neutral,happy,OAF_vine_neutral.wav,OAF_vine_happy.wav,-0.4375,0.0,0.3125,0.0,0.0625,0.375,-0.75
OAF_vine_neutral_sad,OAF,vine,neutral,sad,OAF_vine_neutral.wav,OAF_vine_sad.wav,-1.8437504768371582,-1.875,-0.9375004768371582,-2.0,-0.5468745231628418,0.390625,-1.03125
OAF_vine_neutral_angry,OAF,vine,neutral,angry,OAF_vine_neutral.wav,OAF_vine_angry.wav,-2.531250476837158,-2.1875,-1.71875,-2.812500476837158,-0.375,0.09375,-1.4375009536743164
OAF_vine_happy_sad,OAF,vine,happy,sad,OAF_vine_happy.wav,OAF_vine_sad.wav,-1.125,-1.875,-1.0625,-1.875,-0.78125,0.03125,-0.0625
OAF_vine_happy_angry,OAF,vine,happy,angry,OAF_vine_happy.wav,OAF_vine_angry.wav,-2.125,-2.3125,-2.125,-1.8750004768371582,0.0312497615814209,0.2187497615814209,0.4374995231628418
OAF_vine_sad_angry,OAF,vine,sad,angry,OAF_vine_sad.wav,OAF_vine_angry.wav,-0.0625,-1.28125,-0.4375,-0.8125004768371582,-0.7968752384185791,0.0468747615814209,0.8437495231628418
OAF_voice_neutral_happy,OAF,voice,neutral,happy,OAF_voice_neutral.wav,OAF_voice_happy.wav,-0.2499997615814209,-0.375,-0.1875,-0.625,-0.28125011920928955,-0.09375011920928955,-0.3124997615814209
OAF_voice_neutral_sad,OAF,voice,neutral,sad,OAF_voice_neutral.wav,OAF_voice_sad.wav,-0.7499997615814209,-1.0,-0.9375,-1.5,-0.40625011920928955,-0.34375011920928955,-0.3124997615814209
OAF_voice_neutral_angry,OAF,voice,neutral,angry,OAF_voice_neutral.wav,OAF_voice_angry.wav,-2.187499761581421,-2.750000238418579,-2.624999761581421,-2.437499761581421,-0.1875002384185791,-0.0624997615814209,0.7500004768371582
OAF_voice_happy_sad,OAF,voice,happy,sad,OAF_voice_happy.wav,OAF_voice_sad.wav,-1.0625,-0.9375,-1.6875004768371582,-0.8125,0.5000002384185791,-0.2500002384185791,0.7500004768371582
OAF_voice_happy_angry,OAF,voice,happy,angry,OAF_voice_happy.wav,OAF_voice_angry.wav,-1.75,-1.75,-1.5,-1.687499761581421,-0.09374988079071045,0.15625011920928955,-0.1874997615814209
OAF_voice_sad_angry,OAF,voice,sad,angry,OAF_voice_sad.wav,OAF_voice_angry.wav,-1.0625,-0.5625,-0.625,-1.125,0.0,-0.0625,-1.0
OAF_void_neutral_happy,OAF,void,neutral,happy,OAF_void_neutral.wav,OAF_void_happy.wav,-0.6875,-0.25,-0.25,-0.6875,0.0,0.0,-0.875
OAF_void_neutral_sad,OAF,void,neutral,sad,OAF_void_neutral.wav,OAF_void_sad.wav,-1.625,-1.062499761581421,-2.03125,-1.1875,0.7031251192092896,-0.26562511920928955,0.2812497615814209
OAF_void_neutral_angry,OAF,void,neutral,angry,OAF_void_neutral.wav,OAF_void_angry.wav,-2.375,-2.125,-1.6875,-2.5625,-0.3125,0.125,-1.125
OAF_void_happy_sad,OAF,void,happy,sad,OAF_void_happy.wav,OAF_void_sad.wav,-0.7500002384185791,-0.375,-2.15625,-0.8125,0.8593751192092896,-0.9218748807907104,0.9687497615814209
OAF_void_happy_angry,OAF,void,happy,angry,OAF_void_happy.wav,OAF_void_angry.wav,-2.062500238418579,-2.062499761581421,-2.3125,-1.5625,0.3750002384185791,0.125,0.7499995231628418
OAF_void_sad_angry,OAF,void,sad,angry,OAF_void_sad.wav,OAF_void_angry.wav,-1.125,-1.4375,-1.125,-1.0625,-0.125,0.1875,0.375
OAF_vote_neutral_happy,OAF,vote,neutral,happy,OAF_vote_neutral.wav,OAF_vote_happy.wav,-0.5,-0.25,0.5625,-0.9375,-0.625,0.1875,-1.75
OAF_vote_neutral_sad,OAF,vote,neutral,sad,OAF_vote_neutral.wav,OAF_vote_sad.wav,-1.5625,-1.1875,-1.1875,-1.6875,-0.0625,-0.0625,-0.875
OAF_vote_neutral_angry,OAF,vote,neutral,angry,OAF_vote_neutral.wav,OAF_vote_angry.wav,-2.5,-2.0,-2.0,-1.625,0.4375,0.4375,-0.125
OAF_vote_happy_sad,OAF,vote,happy,sad,OAF_vote_happy.wav,OAF_vote_sad.wav,-0.75,-1.0,-1.0,-0.625,0.0625,0.0625,0.625
OAF_vote_happy_angry,OAF,vote,happy,angry,OAF_vote_happy.wav,OAF_vote_angry.wav,-1.5,-1.1875,-1.84375,-1.5,0.328125,-0.328125,0.03125
OAF_vote_sad_angry,OAF,vote,sad,angry,OAF_vote_sad.wav,OAF_vote_angry.wav,-0.375,-0.8125,-0.625,-0.875,-0.34375,-0.15625,0.1875
OAF_wag_neutral_happy,OAF,wag,neutral,happy,OAF_wag_neutral.wav,OAF_wag_happy.wav,-0.75,-0.3125,-0.25,-0.5,0.09375,0.15625,-0.6875
OAF_wag_neutral_sad,OAF,wag,neutral,sad,OAF_wag_neutral.wav,OAF_wag_sad.wav,-1.5625,-1.8125,-0.59375,-1.5625,-0.609375,0.609375,-0.71875
OAF_wag_neutral_angry,OAF,wag,neutral,angry,OAF_wag_neutral.wav,OAF_wag_angry.wav,-2.6875,-1.125,-2.0,-2.1875,0.6875,-0.1875,-1.75
OAF_wag_happy_sad,OAF,wag,happy,sad,OAF_wag_happy.wav,OAF_wag_sad.wav,-0.4375,-0.4375,-0.375,-0.9375,-0.28125,-0.21875,-0.5625
OAF_wag_happy_angry,OAF,wag,happy,angry,OAF_wag_happy.wav,OAF_wag_angry.wav,-1.5,-0.9375,-1.5000004768371582,-1.0625,0.5000002384185791,-0.0625002384185791,-0.1249995231628418
OAF_wag_sad_angry,OAF,wag,sad,angry,OAF_wag_sad.wav,OAF_wag_angry.wav,-0.8125,-0.4375004768371582,-0.75,-0.625,0.2499997615814209,-0.0624997615814209,-0.2499995231628418
OAF_walk_neutral_happy,OAF,walk,neutral,happy,OAF_walk_neutral.wav,OAF_walk_happy.wav,-0.25,-0.9375,-0.5625,-0.375,-0.25,0.125,0.875
OAF_walk_neutral_sad,OAF,walk,neutral,sad,OAF_walk_neutral.wav,OAF_walk_sad.wav,-0.75,-1.125,-0.0625,-0.75,-0.53125,0.53125,-0.3125
OAF_walk_neutral_angry,OAF,walk,neutral,angry,OAF_walk_neutral.wav,OAF_walk_angry.wav,-2.40625,-2.500000238418579,-1.96875,-2.1875,-0.15625011920928955,0.37500011920928955,-0.1249997615814209
OAF_walk_happy_sad,OAF,walk,happy,sad,OAF_walk_happy.wav,OAF_walk_sad.wav,-1.124999761581421,-0.4375,-0.6874997615814209,-0.4375,0.4687497615814209,0.21875,-0.4375
OAF_walk_happy_angry,OAF,walk,happy,angry,OAF_walk_happy.wav,OAF_walk_angry.wav,-2.999999761581421,-1.3125,-1.5,-1.75,0.7187498807907104,0.5312498807907104,-1.937499761581421
OAF_walk_sad_angry,OAF,walk,sad,angry,OAF_walk_sad.wav,OAF_walk_angry.wav,-0.8125,-1.6875,-1.0,-1.5,-0.6875,0.0,0.375
OAF_wash_neutral_happy,OAF,wash,neutral,happy,OAF_wash_neutral.wav,OAF_wash_happy.wav,0.1875,-0.375,0.8125,-0.875,-1.125,0.0625,-1.125
OAF_wash_neutral_sad,OAF,wash,neutral,sad,OAF_wash_neutral.wav,OAF_wash_sad.wav,-0.5,-0.9375,-0.75,-0.9375,-0.3125,-0.125,0.25
OAF_wash_neutral_angry,OAF,wash,neutral,angry,OAF_wash_neutral.wav,OAF_wash_angry.wav,-1.375,-1.750000238418579,-1.5,-1.8125,-0.34375011920928955,-0.09374988079071045,0.0625002384185791
OAF_wash_happy_sad,OAF,wash,happy,sad,OAF_wash_happy.wav,OAF_wash_sad.wav,-0.6875,-0.875,-0.75,-0.875,-0.15625,-0.03125,0.0625
OAF_wash_happy_angry,OAF,wash,happy,angry,OAF_wash_happy.wav,OAF_wash_angry.wav,-2.0,-1.25,-1.9375,-1.5625,0.5625,-0.125,-0.375
OAF_wash_sad_angry,OAF,wash,sad,angry,OAF_wash_sad.wav,OAF_wash_angry.wav,-0.75,-0.6875,-0.9375,-0.75,0.125,-0.125,0.125
OAF_week_neutral_happy,OAF,week,neutral,happy,OAF_week_neutral.wav,OAF_week_happy.wav,-0.5,0.25,-0.4375,-0.875,0.15625,-0.53125,-1.1875
OAF_week_neutral_sad,OAF,week,neutral,sad,OAF_week_neutral.wav,OAF_week_sad.wav,-0.875,-1.0625,-0.8125,-0.5625,0.03125,0.28125,0.4375
OAF_week_neutral_angry,OAF,week,neutral,angry,OAF_week_neutral.wav,OAF_week_angry.wav,-2.875000238418579,-2.3125,-2.0625,-2.3125,0.15625011920928955,0.40625011920928955,-0.8125002384185791
OAF_week_happy_sad,OAF,week,happy,sad,OAF_week_happy.wav,OAF_week_sad.wav,-0.5,-0.3125,-0.625,-0.375,0.21875,-0.09375,0.0625
OAF_week_happy_angry,OAF,week,happy,angry,OAF_week_happy.wav,OAF_week_angry.wav,-1.6875,-2.0625,-1.625,-2.25,-0.5,-0.0625,-0.25
OAF_week_sad_angry,OAF,week,sad,angry,OAF_week_sad.wav,OAF_week_angry.wav,-1.9375,-2.0625,-1.125,-1.8125,-0.40625,0.53125,-0.5625
OAF_wheat_neutral_happy,OAF,wheat,neutral,happy,OAF_wheat_neutral.wav,OAF_wheat_happy.wav,-1.0,-0.5,0.75,-0.4375002384185791,-0.34375011920928955,0.9062498807907104,-1.687500238418579
OAF_wheat_neutral_sad,OAF,wheat,neutral,sad,OAF_wheat_neutral.wav,OAF_wheat_sad.wav,-1.125,-1.25,-1.5,-1.0625,0.15625,-0.09375,0.5625
OAF_wheat_neutral_angry,OAF,wheat,neutral,angry,OAF_wheat_neutral.wav,OAF_wheat_angry.wav,-2.4375,-3.3124998807907104,-1.75,-2.9375,-1.0312499403953552,0.5312499403953552,-0.31250011920928955
OAF_wheat_happy_sad,OAF,wheat,happy,sad,OAF_wheat_happy.wav,OAF_wheat_sad.wav,-0.9375,-0.0625,-0.75,-0.9375,0.34375,-0.34375,-1.0625
OAF_wheat_happy_angry,OAF,wheat,happy,angry,OAF_wheat_happy.wav,OAF_wheat_angry.wav,-3.0,-2.875,-1.875,-2.1875,-0.09375,0.90625,-0.4375
OAF_wheat_sad_angry,OAF,wheat,sad,angry,OAF_wheat_sad.wav,OAF_wheat_angry.wav,-1.1875,-1.75,-0.96875,-1.3125,-0.453125,0.328125,0.21875
OAF_when_neutral_happy,OAF,when,neutral,happy,OAF_when_neutral.wav,OAF_when_happy.wav,-0.875,-0.5,-0.6875,-0.8125002384185791,0.12499988079071045,-0.06250011920928955,-0.5000002384185791
OAF_when_neutral_sad,OAF,when,neutral,sad,OAF_when_neutral.wav,OAF_when_sad.wav,-1.6875,-0.75,-0.625,-1.187499761581421,0.18750011920928955,0.31250011920928955,-1.499999761581421
OAF_when_neutral_angry,OAF,when,neutral,angry,OAF_when_neutral.wav,OAF_when_angry.wav,-2.5625,-2.3125,-1.874999761581421,-2.625,-0.25000011920928955,0.18750011920928955,-1.000000238418579
OAF_when_happy_sad,OAF,when,happy,sad,OAF_when_happy.wav,OAF_when_sad.wav,-0.6875,-0.125,-0.5625,-0.2499997615814209,0.43750011920928955,1.1920928955078125e-07,-0.2499997615814209
OAF_when_happy_angry,OAF,when,happy,angry,OAF_when_happy.wav,OAF_when_angry.wav,-2.125,-1.875,-1.5,-1.8125,-0.03125,0.34375,-0.5625
OAF_when_sad_angry,OAF,when,sad,angry,OAF_when_sad.wav,OAF_when_angry.wav,-1.125,-1.0,-0.8125,-1.375,-0.21875,-0.03125,-0.6875
OAF_which_neutral_happy,OAF,which,neutral,happy,OAF_which_neutral.wav,OAF_which_happy.wav,-0.4375,0.125,-0.25,-0.125,0.34375,-0.03125,-0.4375
OAF_which_neutral_sad,OAF,which,neutral,sad,OAF_which_neutral.wav,OAF_which_sad.wav,-0.875,-0.625,-1.75,-1.375,0.3125,-0.8125,0.125
OAF_which_neutral_angry,OAF,which,neutral,angry,OAF_which_neutral.wav,OAF_which_angry.wav,-1.75,-1.875,-1.8125,-1.749999761581421,-0.03124988079071045,0.03125011920928955,0.1875002384185791
OAF_which_happy_sad,OAF,which,happy,sad,OAF_which_happy.wav,OAF_which_sad.wav,-0.875,-0.4375,-1.4375,-1.25,0.3125,-0.6875,-0.25
OAF_which_happy_angry,OAF,which,happy,angry,OAF_which_happy.wav,OAF_which_angry.wav,-1.375,-2.0625,-1.4375,-1.687499761581421,-0.46874988079071045,0.15625011920928955,0.4375002384185791
OAF_which_sad_angry,OAF,which,sad,angry,OAF_which_sad.wav,OAF_which_angry.wav,-0.8125,-0.1875,-0.8125,-0.8125,0.3125,-0.3125,-0.625
OAF_whip_neutral_happy,OAF,whip,neutral,happy,OAF_whip_neutral.wav,OAF_whip_happy.wav,-1.0,0.0625,-0.125,-0.1875,0.5,0.3125,-1.125
OAF_whip_neutral_sad,OAF,whip,neutral,sad,OAF_whip_neutral.wav,OAF_whip_sad.wav,-1.375,-0.875,-0.25,-1.5625,-0.40625,0.21875,-1.8125
OAF_whip_neutral_angry,OAF,whip,neutral,angry,OAF_whip_neutral.wav,OAF_whip_angry.wav,-2.812500476837158,-2.0625,-2.125,-2.374999523162842,0.2500004768371582,0.1875004768371582,-1.0
OAF_whip_happy_sad,OAF,whip,happy,sad,OAF_whip_happy.wav,OAF_whip_sad.wav,-1.125,-0.75,-0.75,-1.375,-0.125,-0.125,-1.0
OAF_whip_happy_angry,OAF,whip,happy,angry,OAF_whip_happy.wav,OAF_whip_angry.wav,-2.125,-1.875,-1.6249995231628418,-1.4999995231628418,0.1875,0.4375004768371582,-0.125
OAF_whip_sad_angry,OAF,whip,sad,angry,OAF_whip_sad.wav,OAF_whip_angry.wav,-1.0625,-1.0,-0.8125,-0.9999995231628418,-0.0624997615814209,0.1250002384185791,-0.2499995231628418
OAF_white_neutral_happy,OAF,white,neutral,happy,OAF_white_neutral.wav,OAF_white_happy.wav,-0.625,-0.0625,0.1875,-0.4375,-0.03125,0.21875,-1.1875
OAF_white_neutral_sad,OAF,white,neutral,sad,OAF_white_neutral.wav,OAF_white_sad.wav,-0.875,-0.5625,-0.8125,-0.4375,0.34375,0.09375,0.0625
OAF_white_neutral_angry,OAF,white,neutral,angry,OAF_white_neutral.wav,OAF_white_angry.wav,-1.8125,-3.5,-1.3125,-2.5,-1.4375,0.75,0.5
OAF_white_happy_sad,OAF,white,happy,sad,OAF_white_happy.wav,OAF_white_sad.wav,-0.375,-0.25,-0.8125,-0.4375,0.25,-0.3125,0.25
OAF_white_happy_angry,OAF,white,happy,angry,OAF_white_happy.wav,OAF_white_angry.wav,-1.625,-1.625,-2.0,-2.1875,-0.09375,-0.46875,-0.1875
OAF_white_sad_angry,OAF,white,sad,angry,OAF_white_sad.wav,OAF_white_angry.wav,-1.25,-1.4375,-0.5625,-1.625,-0.625,0.25,-0.875
OAF_wife_neutral_happy,OAF,wife,neutral,happy,OAF_wife_neutral.wav,OAF_wife_happy.wav,-0.4375,-0.3125,-0.375,-0.3125,0.09375,0.03125,-0.0625
OAF_wife_neutral_sad,OAF,wife,neutral,sad,OAF_wife_neutral.wav,OAF_wife_sad.wav,-0.75,-0.125,-0.6875,-1.0625,0.125,-0.4375,-1.0
OAF_wife_neutral_angry,OAF,wife,neutral,angry,OAF_wife_neutral.wav,OAF_wife_angry.wav,-2.0,-1.75,-1.874999761581421,-2.0,0.06249988079071045,-0.06249988079071045,-0.3750002384185791
OAF_wife_happy_sad,OAF,wife,happy,sad,OAF_wife_happy.wav,OAF_wife_sad.wav,-0.4375,-0.6875,-0.8749997615814209,-0.75,-0.06250011920928955,-0.24999988079071045,0.3749997615814209
OAF_wife_happy_angry,OAF,wife,happy,angry,OAF_wife_happy.wav,OAF_wife_angry.wav,-1.875,-1.5625,-2.0,-2.125,0.09375,-0.34375,-0.4375
OAF_wife_sad_angry,OAF,wife,sad,angry,OAF_wife_sad.wav,OAF_wife_angry.wav,-1.25,-1.5,-1.5,-1.625,-0.1875,-0.1875,0.125
OAF_wire_neutral_happy,OAF,wire,neutral,happy,OAF_wire_neutral.wav,OAF_wire_happy.wav,-1.3125,-1.125,-0.6875,-1.0,-0.0625,0.375,-0.5
OAF_wire_neutral_sad,OAF,wire,neutral,sad,OAF_wire_neutral.wav,OAF_wire_sad.wav,-2.25,-1.0,-1.375,-0.8125,0.90625,0.53125,-0.6875
OAF_wire_neutral_angry,OAF,wire,neutral,angry,OAF_wire_neutral.wav,OAF_wire_angry.wav,-2.90625,-1.75,-2.25,-2.625,0.390625,-0.109375,-1.53125
OAF_wire_happy_sad,OAF,wire,happy,sad,OAF_wire_happy.wav,OAF_wire_sad.wav,-0.625,-0.375,-0.625,-0.5,0.1875,-0.0625,-0.125
OAF_wire_happy_angry,OAF,wire,happy,angry,OAF_wire_happy.wav,OAF_wire_angry.wav,-1.9375,-1.3125,-0.9375,-1.3125,0.125,0.5,-1.0
OAF_wire_sad_angry,OAF,wire,sad,angry,OAF_wire_sad.wav,OAF_wire_angry.wav,-1.4375,-1.1875,-0.5625,-0.75,0.03125,0.65625,-0.4375
OAF_witch_neutral_happy,OAF,witch,neutral,happy,OAF_witch_neutral.wav,OAF_witch_happy.wav,-0.3750002384185791,-0.625,-0.625,-1.187500238418579,-0.40625,-0.40625,-0.3125004768371582
OAF_witch_neutral_sad,OAF,witch,neutral,sad,OAF_witch_neutral.wav,OAF_witch_sad.wav,-1.250000238418579,-1.187500238418579,-0.875,-1.0,-0.03125,0.2812502384185791,-0.1875
OAF_witch_neutral_angry,OAF,witch,neutral,angry,OAF_witch_neutral.wav,OAF_witch_angry.wav,-2.250000238418579,-3.0625,-2.25,-2.562499761581421,-0.5624997615814209,0.2500002384185791,0.5
OAF_witch_happy_sad,OAF,witch,happy,sad,OAF_witch_happy.wav,OAF_witch_sad.wav,-0.4375,-0.5,-1.1875,-0.8125,0.15625,-0.53125,0.4375
OAF_witch_happy_angry,OAF,witch,happy,angry,OAF_witch_happy.wav,OAF_witch_angry.wav,-1.375,-2.25,-1.6875,-1.125,-0.15625,0.40625,1.4375
OAF_witch_sad_angry,OAF,witch,sad,angry,OAF_witch_sad.wav,OAF_witch_angry.wav,-1.125,-0.5,-0.75,-0.5,0.4375,0.1875,-0.375
OAF_yearn_neutral_happy,OAF,yearn,neutral,happy,OAF_yearn_neutral.wav,OAF_yearn_happy.wav,-1.125,-0.4375,-0.25,-1.0625,-0.0625,0.125,-1.5
OAF_yearn_neutral_sad,OAF,yearn,neutral,sad,OAF_yearn_neutral.wav,OAF_yearn_sad.wav,-1.75,-0.4375,-0.5625,-0.375,0.75,0.625,-1.125
OAF_yearn_neutral_angry,OAF,yearn,neutral,angry,OAF_yearn_neutral.wav,OAF_yearn_angry.wav,-2.5625,-2.124999761581421,-1.0625,-1.812499761581421,-0.1562497615814209,0.90625,-1.1875
OAF_yearn_happy_sad,OAF,yearn,happy,sad,OAF_yearn_happy.wav,OAF_yearn_sad.wav,-0.375,0.3125,-0.5,0.0,0.59375,-0.21875,-0.1875
OAF_yearn_happy_angry,OAF,yearn,happy,angry,OAF_yearn_happy.wav,OAF_yearn_angry.wav,-1.3125,-0.4375,-1.28125,-1.0625,0.546875,-0.296875,-0.65625
OAF_yearn_sad_angry,OAF,yearn,sad,angry,OAF_yearn_sad.wav,OAF_yearn_angry.wav,-0.1875,-1.125,-0.4374997615814209,-1.125,-0.8125001192092896,-0.12499988079071045,0.2499997615814209
OAF_yes_neutral_happy,OAF,yes,neutral,happy,OAF_yes_neutral.wav,OAF_yes_happy.wav,-1.25,-0.6875,-1.5625,-1.312499761581421,0.40625011920928955,-0.46874988079071045,-0.3124997615814209
OAF_yes_neutral_sad,OAF,yes,neutral,sad,OAF_yes_neutral.wav,OAF_yes_sad.wav,-1.9375,-0.8125,-0.5625,-1.1875,0.25,0.5,-1.75
OAF_yes_neutral_angry,OAF,yes,neutral,angry,OAF_yes_neutral.wav,OAF_yes_angry.wav,-2.625,-2.124999761581421,-2.125,-3.125,-0.24999988079071045,-0.25000011920928955,-1.500000238418579
OAF_yes_happy_sad,OAF,yes,happy,sad,OAF_yes_happy.wav,OAF_yes_sad.wav,-0.6875,-0.1875,-1.125,-0.6875,0.46875,-0.46875,-0.0625
OAF_yes_happy_angry,OAF,yes,happy,angry,OAF_yes_happy.wav,OAF_yes_angry.wav,-1.4375,-1.0625,-1.125,-1.875,-0.1875,-0.25,-1.125
OAF_yes_sad_angry,OAF,yes,sad,angry,OAF_yes_sad.wav,OAF_yes_angry.wav,-0.6875,-1.0625,-0.5625,-1.3125,-0.5625,-0.0625,-0.375
OAF_young_neutral_happy,OAF,young,neutral,happy,OAF_young_neutral.wav,OAF_young_happy.wav,-0.4375,-0.3125,-0.875,-1.125,-0.0625,-0.625,-0.375
OAF_young_neutral_sad,OAF,young,neutral,sad,OAF_young_neutral.wav,OAF_young_sad.wav,-1.5,-1.125000238418579,-0.6875,-1.375,-0.15625011920928955,0.28125011920928955,-1.062499761581421
OAF_young_neutral_angry,OAF,young,neutral,angry,OAF_young_neutral.wav,OAF_young_angry.wav,-2.4375,-1.999999761581421,-1.25,-2.875,-0.5937498807907104,0.15624988079071045,-2.062500238418579
OAF_young_happy_sad,OAF,young,happy,sad,OAF_young_happy.wav,OAF_young_sad.wav,-0.5625,-0.0625,-1.0,-0.4375,0.53125,-0.40625,0.0625
OAF_young_happy_angry,OAF,young,happy,angry,OAF_young_happy.wav,OAF_young_angry.wav,-1.625,-1.25,-1.375,-1.3125,0.21875,0.09375,-0.3125
OAF_young_sad_angry,OAF,young,sad,angry,OAF_young_sad.wav,OAF_young_angry.wav,-0.5625,-1.71875,-0.5,-0.9375,-0.796875,0.421875,0.71875
OAF_youth_neutral_happy,OAF,youth,neutral,happy,OAF_youth_neutral.wav,OAF_youth_happy.wav,-0.4375,-0.0625,-0.8125,0.1874997615814209,0.6874998807907104,-0.06250011920928955,0.6249997615814209
OAF_youth_neutral_sad,OAF,youth,neutral,sad,OAF_youth_neutral.wav,OAF_youth_sad.wav,-0.8125,-0.3125,-0.5,-0.5,0.25,0.0625,-0.5
OAF_youth_neutral_angry,OAF,youth,neutral,angry,OAF_youth_neutral.wav,OAF_youth_angry.wav,-1.25,-2.437500238418579,-0.75,-2.125000238418579,-1.281250238418579,0.40625,-0.1875
OAF_youth_happy_sad,OAF,youth,happy,sad,OAF_youth_happy.wav,OAF_youth_sad.wav,-0.9999997615814209,-0.1875,-0.8125,-0.6875,0.46874988079071045,-0.15625011920928955,-0.6874997615814209
OAF_youth_happy_angry,OAF,youth,happy,angry,OAF_youth_happy.wav,OAF_youth_angry.wav,-2.312499761581421,-1.25,-1.062500238418579,-1.187500238418579,0.46874988079071045,0.6562496423721313,-1.187499761581421
OAF_youth_sad_angry,OAF,youth,sad,angry,OAF_youth_sad.wav,OAF_youth_angry.wav,-0.625,-0.5625,-0.875,-0.7500002384185791,0.09374988079071045,-0.21875011920928955,0.0624997615814209
YAF_back_neutral_happy,YAF,back,neutral,happy,YAF_back_neutral.wav,YAF_back_happy.wav,0.0,-0.8437504768371582,0.1875,-0.625,-0.8281252384185791,0.2031252384185791,0.0312504768371582
YAF_back_neutral_sad,YAF,back,neutral,sad,YAF_back_neutral.wav,YAF_back_sad.wav,-0.5625,-0.9375,-0.9375,-1.187499761581421,-0.31249988079071045,-0.31249988079071045,0.1250002384185791
YAF_back_neutral_angry,YAF,back,neutral,angry,YAF_back_neutral.wav,YAF_back_angry.wav,-1.09375,-1.5,-1.125,-1.71875,-0.5,-0.125,-0.1875
YAF_back_happy_sad,YAF,back,happy,sad,YAF_back_happy.wav,YAF_back_sad.wav,-0.1875,-0.375,-0.71875,-0.625,-0.046875,-0.390625,0.28125
YAF_back_happy_angry,YAF,back,happy,angry,YAF_back_happy.wav,YAF_back_angry.wav,-0.59375,-0.84375,-0.90625,-0.71875,-0.03125,-0.09375,0.4375
YAF_back_sad_angry,YAF,back,sad,angry,YAF_back_sad.wav,YAF_back_angry.wav,-0.25,-0.625,-0.3125,-0.375,-0.21875,0.09375,0.3125
YAF_bar_neutral_happy,YAF,bar,neutral,happy,YAF_bar_neutral.wav,YAF_bar_happy.wav,2.562500476837158,1.25,2.0,0.75,-1.281250238418579,-0.5312502384185791,0.0625004768371582
YAF_bar_neutral_sad,YAF,bar,neutral,sad,YAF_bar_neutral.wav,YAF_bar_sad.wav,-1.0625,-0.75,-1.1875,-0.75,0.375,-0.0625,0.125
YAF_bar_neutral_angry,YAF,bar,neutral,angry,YAF_bar_neutral.wav,YAF_bar_angry.wav,-1.90625,-2.90625,-1.9062495231628418,-2.125,-0.6093752384185791,0.3906252384185791,0.7812495231628418
YAF_bar_happy_sad,YAF,bar,happy,sad,YAF_bar_happy.wav,YAF_bar_sad.wav,-1.71875,-1.3125,-0.9375,-1.625,-0.140625,0.234375,-1.09375
YAF_bar_happy_angry,YAF,bar,happy,angry,YAF_bar_happy.wav,YAF_bar_angry.wav,-3.03125,-4.3125,-2.84375,-5.03125,-1.734375,-0.265625,-0.90625
YAF_bar_sad_angry,YAF,bar,sad,angry,YAF_bar_sad.wav,YAF_bar_angry.wav,-1.4687504768371582,-1.375,-1.6875,-0.84375,0.4687502384185791,0.1562502384185791,0.7499995231628418
YAF_base_neutral_happy,YAF,base,neutral,happy,YAF_base_neutral.wav,YAF_base_happy.wav,1.375,0.90625,1.65625,1.5625,-0.28125,0.46875,0.375
YAF_base_neutral_sad,YAF,base,neutral,sad,YAF_base_neutral.wav,YAF_base_sad.wav,-0.59375,-0.6875,-1.65625,-1.03125,0.265625,-0.703125,0.71875
YAF_base_neutral_angry,YAF,base,neutral,angry,YAF_base_neutral.wav,YAF_base_angry.wav,-0.90625,-2.25,-1.4375,-0.9375,-0.421875,0.390625,1.84375
YAF_base_happy_sad,YAF,base,happy,sad,YAF_base_happy.wav,YAF_base_sad.wav,-2.65625,-2.656249523162842,-2.5625,-2.15625,0.2031252384185791,0.2968747615814209,0.4062495231628418
YAF_base_happy_angry,YAF,base,happy,angry,YAF_base_happy.wav,YAF_base_angry.wav,-3.0,-3.65625,-3.0,-2.34375,0.0,0.65625,1.3125
YAF_base_sad_angry,YAF,base,sad,angry,YAF_base_sad.wav,YAF_base_angry.wav,-0.65625,-0.375,-0.59375,-0.21875,0.328125,0.109375,0.09375
YAF_bath_neutral_happy,YAF,bath,neutral,happy,YAF_bath_neutral.wav,YAF_bath_happy.wav,2.25,1.0,2.5,1.1875,-1.28125,0.21875,-0.0625
YAF_bath_neutral_sad,YAF,bath,neutral,sad,YAF_bath_neutral.wav,YAF_bath_sad.wav,-0.375,-0.8125,-1.09375,-0.0625,0.296875,0.015625,1.46875
YAF_bath_neutral_angry,YAF,bath,neutral,angry,YAF_bath_neutral.wav,YAF_bath_angry.wav,-1.5625,-3.375,-1.03125,-2.46875,-1.625,0.71875,0.375
YAF_bath_happy_sad,YAF,bath,happy,sad,YAF_bath_happy.wav,YAF_bath_sad.wav,-2.031250476837158,-1.625,-1.6249995231628418,-1.1875,0.421875,0.4218754768371582,0.031249046325683594
YAF_bath_happy_angry,YAF,bath,happy,angry,YAF_bath_happy.wav,YAF_bath_angry.wav,-2.718750476837158,-4.187499523162842,-2.96875,-4.03125,-1.2656245231628418,-0.046875,0.4062490463256836
YAF_bath_sad_angry,YAF,bath,sad,angry,YAF_bath_sad.wav,YAF_bath_angry.wav,-0.875,-1.25,-0.9375,-1.28125,-0.359375,-0.046875,0.03125
YAF_bean_neutral_happy,YAF,bean,neutral,happy,YAF_bean_neutral.wav,YAF_bean_happy.wav,1.0625,0.125,1.3750004768371582,0.7812495231628418,-0.7656254768371582,0.484375,0.3437490463256836
YAF_bean_neutral_sad,YAF,bean,neutral,sad,YAF_bean_neutral.wav,YAF_bean_sad.wav,-0.5,-0.0625,-0.5,-0.4375,0.25,-0.1875,-0.375
YAF_bean_neutral_angry,YAF,bean,neutral,angry,YAF_bean_neutral.wav,YAF_bean_angry.wav,-1.375,-1.71875,-1.21875,-1.65625,-0.390625,0.109375,-0.09375
YAF_bean_happy_sad,YAF,bean,happy,sad,YAF_bean_happy.wav,YAF_bean_sad.wav,-1.1249995231628418,-1.0625,-0.875,-1.0625,-0.0625002384185791,0.1249997615814209,-0.2499995231628418
YAF_bean_happy_angry,YAF,bean,happy,angry,YAF_bean_happy.wav,YAF_bean_angry.wav,-0.6562495231628418,-2.531249523162842,-0.875,-2.781249523162842,-1.890624761581421,-0.2343752384185791,-0.031249523162841797
YAF_bean_sad_angry,YAF,bean,sad,angry,YAF_bean_sad.wav,YAF_bean_angry.wav,-1.09375,-1.0625,-0.9374995231628418,-1.4375,-0.2343752384185791,-0.1093747615814209,-0.5312504768371582
YAF_beg_neutral_happy,YAF,beg,neutral,happy,YAF_beg_neutral.wav,YAF_beg_happy.wav,1.90625,0.8125,1.25,0.9375,-0.703125,-0.265625,0.78125
YAF_beg_neutral_sad,YAF,beg,neutral,sad,YAF_beg_neutral.wav,YAF_beg_sad.wav,-1.6875,-1.8125,-1.375,-1.875,-0.3125,0.125,-0.375
YAF_beg_neutral_angry,YAF,beg,neutral,angry,YAF_beg_neutral.wav,YAF_beg_angry.wav,-1.46875,-1.9375,-1.875,-0.90625,0.25,0.3125,1.4375
YAF_beg_happy_sad,YAF,beg,happy,sad,YAF_beg_happy.wav,YAF_beg_sad.wav,-2.1875,-1.750000238418579,-2.1875,-2.125,0.24999988079071045,-0.18749988079071045,-0.3749997615814209
YAF_beg_happy_angry,YAF,beg,happy,angry,YAF_beg_happy.wav,YAF_beg_angry.wav,-3.0625,-3.624999523162842,-2.499999523162842,-3.90625,-0.984375,0.140625,-0.8437509536743164
YAF_beg_sad_angry,YAF,beg,sad,angry,YAF_beg_sad.wav,YAF_beg_angry.wav,-0.625,-0.34375,-0.75,0.03125,0.53125,0.125,0.5
YAF_bite_neutral_happy,YAF,bite,neutral,happy,YAF_bite_neutral.wav,YAF_bite_happy.wav,1.5,0.625,2.125,1.5,-0.75,0.75,0.25
YAF_bite_neutral_sad,YAF,bite,neutral,sad,YAF_bite_neutral.wav,YAF_bite_sad.wav,-1.40625,-1.375,-1.96875,-1.125,0.4375,-0.15625,0.8125
YAF_bite_neutral_angry,YAF,bite,neutral,angry,YAF_bite_neutral.wav,YAF_bite_angry.wav,-1.40625,-3.03125,-1.3125,-2.34375,-1.328125,0.390625,0.59375
YAF_bite_happy_sad,YAF,bite,happy,sad,YAF_bite_happy.wav,YAF_bite_sad.wav,-2.96875,-2.4375,-1.375,-1.75,0.078125,1.140625,-0.90625
YAF_bite_happy_angry,YAF,bite,happy,angry,YAF_bite_happy.wav,YAF_bite_angry.wav,-3.5625,-4.0625,-3.1875,-2.96875,-0.140625,0.734375,0.71875
YAF_bite_sad_angry,YAF,bite,sad,angry,YAF_bite_sad.wav,YAF_bite_angry.wav,-1.28125,-0.625,-1.625,-0.65625,0.8125,-0.1875,0.3125
YAF_boat_neutral_happy,YAF,boat,neutral,happy,YAF_boat_neutral.wav,YAF_boat_happy.wav,-0.8125,0.4375,-0.1875,0.5625,1.0,0.375,-0.5
YAF_boat_neutral_sad,YAF,boat,neutral,sad,YAF_boat_neutral.wav,YAF_boat_sad.wav,-1.25,-0.5625,-0.75,-1.0,0.21875,0.03125,-0.9375
YAF_boat_neutral_angry,YAF,boat,neutral,angry,YAF_boat_neutral.wav,YAF_boat_angry.wav,-2.46875,-3.25,-2.625,-2.5,-0.328125,0.296875,0.90625
YAF_boat_happy_sad,YAF,boat,happy,sad,YAF_boat_happy.wav,YAF_boat_sad.wav,-1.3125,-1.375,-1.0,-1.3125,-0.1875,0.1875,-0.25
YAF_boat_happy_angry,YAF,boat,happy,angry,YAF_boat_happy.wav,YAF_boat_angry.wav,-2.90625,-2.906250476837158,-2.999999523162842,-2.625,0.1874995231628418,0.0937504768371582,0.375
YAF_boat_sad_angry,YAF,boat,sad,angry,YAF_boat_sad.wav,YAF_boat_angry.wav,-0.8125,-1.46875,-1.0625,-1.375,-0.484375,-0.078125,0.34375
YAF_bone_neutral_happy,YAF,bone,neutral,happy,YAF_bone_neutral.wav,YAF_bone_happy.wav,0.75,1.6875,0.25,0.625,0.65625,-0.78125,-0.5625
YAF_bone_neutral_sad,YAF,bone,neutral,sad,YAF_bone_neutral.wav,YAF_bone_sad.wav,-1.96875,-1.625,-1.3749995231628418,-0.75,0.4843747615814209,0.7343752384185791,0.2812495231628418
YAF_bone_neutral_angry,YAF,bone,neutral,angry,YAF_bone_neutral.wav,YAF_bone_angry.wav,-2.25,-3.78125,-2.937499523162842,-2.749999523162842,-0.671875,0.1718754768371582,1.71875
YAF_bone_happy_sad,YAF,bone,happy,sad,YAF_bone_happy.wav,YAF_bone_sad.wav,-2.125,-1.0625,-2.90625,-1.1875,1.390625,-0.453125,0.65625
YAF_bone_happy_angry,YAF,bone,happy,angry,YAF_bone_happy.wav,YAF_bone_angry.wav,-3.65625,-3.71875,-3.781250476837158,-3.437499523162842,0.1406254768371582,0.078125,0.4062509536743164
YAF_bone_sad_angry,YAF,bone,sad,angry,YAF_bone_sad.wav,YAF_bone_angry.wav,-1.375,-0.59375,-1.3125,-1.0,0.546875,-0.171875,-0.46875
YAF_book_neutral_happy,YAF,book,neutral,happy,YAF_book_neutral.wav,YAF_book_happy.wav,0.5625,0.625,0.4375,0.3125,-0.03125,-0.21875,-0.1875
YAF_book_neutral_sad,YAF,book,neutral,sad,YAF_book_neutral.wav,YAF_book_sad.wav,-0.5,-0.3125,0.0625,-0.4375,-0.15625,0.21875,-0.6875
YAF_book_neutral_angry,YAF,book,neutral,angry,YAF_book_neutral.wav,YAF_book_angry.wav,-1.4375,-2.75,-1.5,-1.96875,-0.890625,0.359375,0.84375
YAF_book_happy_sad,YAF,book,happy,sad,YAF_book_happy.wav,YAF_book_sad.wav,-1.3125,-0.5625,-0.0625,-1.0,-0.09375,0.40625,-1.6875
YAF_book_happy_angry,YAF,book,happy,angry,YAF_book_happy.wav,YAF_book_angry.wav,-2.34375,-2.5625,-2.374999523162842,-2.28125,-0.0625002384185791,0.1250002384185791,0.3124995231628418
YAF_book_sad_angry,YAF,book,sad,angry,YAF_book_sad.wav,YAF_book_angry.wav,-1.9375004768371582,-1.75,-2.0,-1.03125,0.5781252384185791,0.3281252384185791,0.7812495231628418
YAF_bought_neutral_happy,YAF,bought,neutral,happy,YAF_bought_neutral.wav,YAF_bought_happy.wav,0.5,-0.25,0.1875,0.625,-0.15625,0.28125,1.1875
YAF_bought_neutral_sad,YAF,bought,neutral,sad,YAF_bought_neutral.wav,YAF_bought_sad.wav,-1.4375,-1.0,-1.4687495231628418,-1.125,0.3906247615814209,-0.0781247615814209,-0.0937504768371582
YAF_bought_neutral_angry,YAF,bought,neutral,angry,YAF_bought_neutral.wav,YAF_bought_angry.wav,-2.46875,-2.90625,-2.625,-2.3125,-0.0625,0.21875,0.75
YAF_bought_happy_sad,YAF,bought,happy,sad,YAF_bought_happy.wav,YAF_bought_sad.wav,-2.0,-0.6875,-1.125,-1.3125,0.5625,0.125,-1.5
YAF_bought_happy_angry,YAF,bought,happy,angry,YAF_bought_happy.wav,YAF_bought_angry.wav,-3.28125,-3.750000476837158,-3.5,-4.4375,-0.7031252384185791,-0.4531247615814209,-0.4687495231628418
YAF_bought_sad_angry,YAF,bought,sad,angry,YAF_bought_sad.wav,YAF_bought_angry.wav,-1.75,-1.8125,-1.625000238418579,-0.625,0.46875011920928955,0.6562498807907104,1.062500238418579
YAF_burn_neutral_happy,YAF,burn,neutral,happy,YAF_burn_neutral.wav,YAF_burn_happy.wav,0.1875,0.125,1.625,0.25,-0.71875,0.78125,-1.3125
YAF_burn_neutral_sad,YAF,burn,neutral,sad,YAF_burn_neutral.wav,YAF_burn_sad.wav,-1.8125,-1.6875,-0.375,-1.375,-0.4375,0.875,-1.125
YAF_burn_neutral_angry,YAF,burn,neutral,angry,YAF_burn_neutral.wav,YAF_burn_angry.wav,-2.34375,-2.1875,-2.093749523162842,-2.5625,-0.1562502384185791,-0.0624997615814209,-0.6250004768371582
YAF_burn_happy_sad,YAF,burn,happy,sad,YAF_burn_happy.wav,YAF_burn_sad.wav,-1.6249995231628418,-2.0625,-1.875,-1.875,-0.2187502384185791,-0.0312502384185791,0.4375004768371582
YAF_burn_happy_angry,YAF,burn,happy,angry,YAF_burn_happy.wav,YAF_burn_angry.wav,-1.9999995231628418,-3.3125,-2.718749523162842,-3.125,-0.8593754768371582,-0.265625,0.90625
YAF_burn_sad_angry,YAF,burn,sad,angry,YAF_burn_sad.wav,YAF_burn_angry.wav,-0.5625004768371582,-0.5625,-0.5,-0.6875,-0.0937497615814209,-0.0312497615814209,-0.1875004768371582
YAF_cab_neutral_happy,YAF,cab,neutral,happy,YAF_cab_neutral.wav,YAF_cab_happy.wav,-1.53125,-1.375,-0.21875,-0.90625,-0.265625,0.890625,-0.84375
YAF_cab_neutral_sad,YAF,cab,neutral,sad,YAF_cab_neutral.wav,YAF_cab_sad.wav,0.125,0.25,0.6875,-0.0625,-0.3125,0.125,-0.875
YAF_cab_neutral_angry,YAF,cab,neutral,angry,YAF_cab_neutral.wav,YAF_cab_angry.wav,-2.4375,-4.25,-2.031250476837158,-2.25,-1.015624761581421,1.203124761581421,1.5937504768371582
YAF_cab_happy_sad,YAF,cab,happy,sad,YAF_cab_happy.wav,YAF_cab_sad.wav,1.46875,0.625,0.0,0.375,-0.234375,-0.859375,1.21875
YAF_cab_happy_angry,YAF,cab,happy,angry,YAF_cab_happy.wav,YAF_cab_angry.wav,-1.5,-3.09375,-1.5625,-2.6875,-1.359375,0.171875,0.46875
YAF_cab_sad_angry,YAF,cab,sad,angry,YAF_cab_sad.wav,YAF_cab_angry.wav,-2.5,-2.4375,-3.09375,-3.15625,0.0,-0.65625,-0.125
YAF_calm_neutral_happy,YAF,calm,neutral,happy,YAF_calm_neutral.wav,YAF_calm_happy.wav,-0.375,-0.4375,0.125,-0.5625,-0.375,0.1875,-0.625
YAF_calm_neutral_sad,YAF,calm,neutral,sad,YAF_calm_neutral.wav,YAF_calm_sad.wav,0.625,1.625,0.25,0.0,0.375,-1.0,-1.25
YAF_calm_neutral_angry,YAF,calm,neutral,angry,YAF_calm_neutral.wav,YAF_calm_angry.wav,-1.90625,-3.937500238418579,-2.03125,-3.5625,-1.7812501192092896,0.12500011920928955,0.5000002384185791
YAF_calm_happy_sad,YAF,calm,happy,sad,YAF_calm_happy.wav,YAF_calm_sad.wav,1.5,1.1875,0.3125,0.5,-0.0625,-0.9375,0.5
YAF_calm_happy_angry,YAF,calm,happy,angry,YAF_calm_happy.wav,YAF_calm_angry.wav,-2.0625,-2.6875,-1.90625,-2.6875,-0.703125,0.078125,-0.15625
YAF_calm_sad_angry,YAF,calm,sad,angry,YAF_calm_sad.wav,YAF_calm_angry.wav,-2.375,-2.0625,-4.062499761581421,-3.4375,0.46874988079071045,-1.5312498807907104,0.3124997615814209
YAF_came_neutral_happy,YAF,came,neutral,happy,YAF_came_neutral.wav,YAF_came_happy.wav,-0.3125,-0.9375,-0.5,0.0,-0.0625,0.375,1.125
YAF_came_neutral_sad,YAF,came,neutral,sad,YAF_came_neutral.wav,YAF_came_sad.wav,0.78125,-0.125,0.3125,-0.125,-0.671875,-0.234375,0.46875
YAF_came_neutral_angry,YAF,came,neutral,angry,YAF_came_neutral.wav,YAF_came_angry.wav,-1.25,-2.5,-1.625,-2.25,-0.9375,-0.0625,0.625
YAF_came_happy_sad,YAF,came,happy,sad,YAF_came_happy.wav,YAF_came_sad.wav,-0.1875,0.5625002384185791,0.5,0.125,0.18750011920928955,0.12499988079071045,-1.125000238418579
YAF_came_happy_angry,YAF,came,happy,angry,YAF_came_happy.wav,YAF_came_angry.wav,-1.875,-2.3125,-2.031249523162842,-1.75,-0.0781252384185791,0.2031252384185791,0.7187495231628418
YAF_came_sad_angry,YAF,came,sad,angry,YAF_came_sad.wav,YAF_came_angry.wav,-1.499999761581421,-1.75,-1.749999761581421,-2.0625,-0.2812502384185791,-0.28125,-0.0625
YAF_cause_neutral_happy,YAF,cause,neutral,happy,YAF_cause_neutral.wav,YAF_cause_happy.wav,-0.4687495231628418,-0.375,-0.34375,-0.40625,0.015624761581420898,0.0468747615814209,-0.1562495231628418
YAF_cause_neutral_sad,YAF,cause,neutral,sad,YAF_cause_neutral.wav,YAF_cause_sad.wav,0.125,-0.9375,0.53125,-0.6875,-1.140625,0.328125,-0.15625
YAF_cause_neutral_angry,YAF,cause,neutral,angry,YAF_cause_neutral.wav,YAF_cause_angry.wav,-2.593749523162842,-3.15625,-2.78125,-2.75,-0.2656252384185791,0.1093747615814209,0.5937504768371582
YAF_cause_happy_sad,YAF,cause,happy,sad,YAF_cause_happy.wav,YAF_cause_sad.wav,-0.21875,0.375,0.59375,-0.1875,-0.09375,0.125,-1.375
YAF_cause_happy_angry,YAF,cause,happy,angry,YAF_cause_happy.wav,YAF_cause_angry.wav,-2.96875,-2.0625,-2.59375,-2.0625,0.71875,0.1875,-0.375
YAF_cause_sad_angry,YAF,cause,sad,angry,YAF_cause_sad.wav,YAF_cause_angry.wav,-1.90625,-1.6875,-2.84375,-2.78125,0.140625,-1.015625,-0.15625
YAF_chain_neutral_happy,YAF,chain,neutral,happy,YAF_chain_neutral.wav,YAF_chain_happy.wav,-0.5625,-0.6875,-0.78125,-0.6875,-0.015625,-0.109375,0.21875
YAF_chain_neutral_sad,YAF,chain,neutral,sad,YAF_chain_neutral.wav,YAF_chain_sad.wav,-0.6875,-0.8125,-0.9375,-0.5625,0.125,0.0,0.5
YAF_chain_neutral_angry,YAF,chain,neutral,angry,YAF_chain_neutral.wav,YAF_chain_angry.wav,-2.0625,-1.875,-2.4375,-2.8125,-0.09375,-0.65625,-0.5625
YAF_chain_happy_sad,YAF,chain,happy,sad,YAF_chain_happy.wav,YAF_chain_sad.wav,-0.3125,0.25,0.125,-0.1875,0.125,0.0,-0.875
YAF_chain_happy_angry,YAF,chain,happy,angry,YAF_chain_happy.wav,YAF_chain_angry.wav,-1.03125,-1.5,-0.78125,-2.625,-1.15625,-0.4375,-1.375
YAF_chain_sad_angry,YAF,chain,sad,angry,YAF_chain_sad.wav,YAF_chain_angry.wav,-0.625,-1.3125,-1.375,-1.875,-0.59375,-0.65625,0.1875
YAF_chair_neutral_happy,YAF,chair,neutral,happy,YAF_chair_neutral.wav,YAF_chair_happy.wav,-0.71875,-0.5,-0.5625,-0.5625,0.109375,0.046875,-0.21875
YAF_chair_neutral_sad,YAF,chair,neutral,sad,YAF_chair_neutral.wav,YAF_chair_sad.wav,-0.5625,-1.5625,-0.625,-1.1875,-0.78125,0.15625,0.4375
YAF_chair_neutral_angry,YAF,chair,neutral,angry,YAF_chair_neutral.wav,YAF_chair_angry.wav,-1.40625,-2.5625,-1.125,-0.875,-0.453125,0.984375,1.40625
YAF_chair_happy_sad,YAF,chair,happy,sad,YAF_chair_happy.wav,YAF_chair_sad.wav,0.125,0.75,0.0625,0.0625,0.3125,-0.375,-0.625
YAF_chair_happy_angry,YAF,chair,happy,angry,YAF_chair_happy.wav,YAF_chair_angry.wav,-0.9375004768371582,-1.0,-1.0625,-0.8125,0.0937502384185791,0.0312502384185791,0.3124995231628418
YAF_chair_sad_angry,YAF,chair,sad,angry,YAF_chair_sad.wav,YAF_chair_angry.wav,-1.1875,-1.375,-0.8125,-1.4375,-0.40625,0.15625,-0.4375
YAF_chalk_neutral_happy,YAF,chalk,neutral,happy,YAF_chalk_neutral.wav,YAF_chalk_happy.wav,-0.3125,-0.75,-0.125,-0.375,-0.34375,0.28125,0.1875
YAF_chalk_neutral_sad,YAF,chalk,neutral,sad,YAF_chalk_neutral.wav,YAF_chalk_sad.wav,-0.5,0.1875,-0.25,-0.875,0.03125,-0.40625,-1.3125
YAF_chalk_neutral_angry,YAF,chalk,neutral,angry,YAF_chalk_neutral.wav,YAF_chalk_angry.wav,-1.375,-3.0,-1.5,-1.78125,-0.953125,0.546875,1.34375
YAF_chalk_happy_sad,YAF,chalk,happy,sad,YAF_chalk_happy.wav,YAF_chalk_sad.wav,-0.125,0.0625,-0.3125,-0.5625,-0.03125,-0.40625,-0.4375
YAF_chalk_happy_angry,YAF,chalk,happy,angry,YAF_chalk_happy.wav,YAF_chalk_angry.wav,-1.6875,-2.1875,-1.4999995231628418,-1.59375,-0.2968752384185791,0.3906252384185791,0.4062495231628418
YAF_chalk_sad_angry,YAF,chalk,sad,angry,YAF_chalk_sad.wav,YAF_chalk_angry.wav,-1.375,-1.625,-1.5,-1.28125,-0.015625,0.109375,0.46875
YAF_chat_neutral_happy,YAF,chat,neutral,happy,YAF_chat_neutral.wav,YAF_chat_happy.wav,-0.625,-1.3125,-0.6875002384185791,-1.34375,-0.6718748807907104,-0.04687511920928955,0.0312502384185791
YAF_chat_neutral_sad,YAF,chat,neutral,sad,YAF_chat_neutral.wav,YAF_chat_sad.wav,-0.75,-0.5,-0.8125,-0.6875,0.1875,-0.125,-0.125
YAF_chat_neutral_angry,YAF,chat,neutral,angry,YAF_chat_neutral.wav,YAF_chat_angry.wav,-2.25,-3.25,-1.4375,-1.6875,-0.625,1.1875,0.75
YAF_chat_happy_sad,YAF,chat,happy,sad,YAF_chat_happy.wav,YAF_chat_sad.wav,0.65625,-0.125,0.625,0.125,-0.640625,0.109375,0.28125
YAF_chat_happy_angry,YAF,chat,happy,angry,YAF_chat_happy.wav,YAF_chat_angry.wav,-0.6875,-1.6875,-0.84375,-0.625,-0.390625,0.453125,1.21875
YAF_chat_sad_angry,YAF,chat,sad,angry,YAF_chat_sad.wav,YAF_chat_angry.wav,-1.125,-3.4375,-1.5625,-2.5625,-1.65625,0.21875,1.3125
YAF_check_neutral_happy,YAF,check,neutral,happy,YAF_check_neutral.wav,YAF_check_happy.wav,-0.25,-0.4375,0.0,-0.78125,-0.484375,-0.046875,-0.59375
YAF_check_neutral_sad,YAF,check,neutral,sad,YAF_check_neutral.wav,YAF_check_sad.wav,-0.4375,-0.4375,0.375,-0.6875,-0.53125,0.28125,-1.0625
YAF_check_neutral_angry,YAF,check,neutral,angry,YAF_check_neutral.wav,YAF_check_angry.wav,-1.75,-2.4375,-1.0,-2.0,-0.84375,0.59375,-0.3125
YAF_check_happy_sad,YAF,check,happy,sad,YAF_check_happy.wav,YAF_check_sad.wav,0.59375,0.625,0.3125,0.125,-0.078125,-0.390625,-0.21875
YAF_check_happy_angry,YAF,check,happy,angry,YAF_check_happy.wav,YAF_check_angry.wav,-0.75,-1.28125,-0.375,-2.1875,-1.171875,-0.265625,-1.28125
YAF_check_sad_angry,YAF,check,sad,angry,YAF_check_sad.wav,YAF_check_angry.wav,-1.125,-0.9375,-1.1875,-1.3125,0.03125,-0.21875,-0.3125
YAF_cheek_neutral_happy,YAF,cheek,neutral,happy,YAF_cheek_neutral.wav,YAF_cheek_happy.wav,-0.4375,-0.5625,-0.125,-0.65625,-0.328125,0.109375,-0.40625
YAF_cheek_neutral_sad,YAF,cheek,neutral,sad,YAF_cheek_neutral.wav,YAF_cheek_sad.wav,-0.1875,-0.5,0.1875,-0.375,-0.4375,0.25,-0.25
YAF_cheek_neutral_angry,YAF,cheek,neutral,angry,YAF_cheek_neutral.wav,YAF_cheek_angry.wav,-1.65625,-2.562499523162842,-1.46875,-1.9375004768371582,-0.6875,0.4062495231628418,0.4374990463256836
YAF_cheek_happy_sad,YAF,cheek,happy,sad,YAF_cheek_happy.wav,YAF_cheek_sad.wav,0.53125,0.25,0.1875,-0.0625,-0.265625,-0.328125,0.03125
YAF_cheek_happy_angry,YAF,cheek,happy,angry,YAF_cheek_happy.wav,YAF_cheek_angry.wav,-1.125,-2.75,-1.5624995231628418,-1.7500004768371582,-0.9062504768371582,0.28125,1.4374990463256836
YAF_cheek_sad_angry,YAF,cheek,sad,angry,YAF_cheek_sad.wav,YAF_cheek_angry.wav,-2.25,-1.625,-1.9375,-2.125000476837158,0.2187497615814209,-0.0937502384185791,-0.8125004768371582
YAF_chief_neutral_happy,YAF,chief,neutral,happy,YAF_chief_neutral.wav,YAF_chief_happy.wav,0.125,-0.125,0.0625,0.4375,0.0625,0.25,0.625
YAF_chief_neutral_sad,YAF,chief,neutral,sad,YAF_chief_neutral.wav,YAF_chief_sad.wav,-0.3125,-0.5,-0.4375,-0.75,-0.25,-0.1875,-0.125
YAF_chief_neutral_angry,YAF,chief,neutral,angry,YAF_chief_neutral.wav,YAF_chief_angry.wav,-0.625,-2.8125,-0.5625,-1.59375,-1.609375,0.640625,1.15625
YAF_chief_happy_sad,YAF,chief,happy,sad,YAF_chief_happy.wav,YAF_chief_sad.wav,-0.3125,0.0,-0.6875,-0.625,0.1875,-0.5,-0.25
YAF_chief_happy_angry,YAF,chief,happy,angry,YAF_chief_happy.wav,YAF_chief_angry.wav,-1.875,-1.875,-1.3125,-1.78125,-0.234375,0.328125,-0.46875
YAF_chief_sad_angry,YAF,chief,sad,angry,YAF_chief_sad.wav,YAF_chief_angry.wav,-1.5625,-1.0,-1.5,-2.59375,-0.265625,-0.765625,-1.65625
YAF_choice_neutral_happy,YAF,choice,neutral,happy,YAF_choice_neutral.wav,YAF_choice_happy.wav,-0.4375,-0.8125,-0.1875,-0.875,-0.53125,0.09375,-0.3125
YAF_choice_neutral_sad,YAF,choice,neutral,sad,YAF_choice_neutral.wav,YAF_choice_sad.wav,-0.9375,-1.5625,-0.6875,-1.21875,-0.578125,0.296875,0.09375
YAF_choice_neutral_angry,YAF,choice,neutral,angry,YAF_choice_neutral.wav,YAF_choice_angry.wav,-1.5625,-1.84375,-1.5625,-1.90625,-0.3125,-0.03125,-0.0625
YAF_choice_happy_sad,YAF,choice,happy,sad,YAF_choice_happy.wav,YAF_choice_sad.wav,-0.3125,-0.0625,0.0,-0.15625,0.046875,0.109375,-0.40625
YAF_choice_happy_angry,YAF,choice,happy,angry,YAF_choice_happy.wav,YAF_choice_angry.wav,-1.28125,-1.1875,-1.2187495231628418,-0.90625,0.2031247615814209,0.1718752384185791,0.2187495231628418
YAF_choice_sad_angry,YAF,choice,sad,angry,YAF_choice_sad.wav,YAF_choice_angry.wav,-0.9375,-1.9062504768371582,-0.9375,-1.53125,-0.7812502384185791,0.1875002384185791,0.3750004768371582
YAF_cool_neutral_happy,YAF,cool,neutral,happy,YAF_cool_neutral.wav,YAF_cool_happy.wav,0.0,-0.25,0.1875,-0.40625,-0.421875,0.015625,-0.34375
YAF_cool_neutral_sad,YAF,cool,neutral,sad,YAF_cool_neutral.wav,YAF_cool_sad.wav,-0.375,-1.0,-0.625,-0.1875,-0.09375,0.28125,1.0625
YAF_cool_neutral_angry,YAF,cool,neutral,angry,YAF_cool_neutral.wav,YAF_cool_angry.wav,-1.75,-1.8125,-1.6875,-2.625,-0.5,-0.375,-0.875
YAF_cool_happy_sad,YAF,cool,happy,sad,YAF_cool_happy.wav,YAF_cool_sad.wav,0.34375,-0.125,-0.375,-0.25,-0.171875,-0.421875,0.59375
YAF_cool_happy_angry,YAF,cool,happy,angry,YAF_cool_happy.wav,YAF_cool_angry.wav,-2.0,-1.6875,-1.71875,-2.1875,-0.078125,-0.109375,-0.78125
YAF_cool_sad_angry,YAF,cool,sad,angry,YAF_cool_sad.wav,YAF_cool_angry.wav,-1.25,-1.6875,-1.8125,-2.0,-0.3125,-0.4375,0.25
YAF_dab_neutral_happy,YAF,dab,neutral,happy,YAF_dab_neutral.wav,YAF_dab_happy.wav,-0.9375,-0.96875,-0.25,-1.625,-0.703125,0.015625,-1.34375
YAF_dab_neutral_sad,YAF,dab,neutral,sad,YAF_dab_neutral.wav,YAF_dab_sad.wav,-2.1875,-1.75,-1.0625,-1.1875,0.15625,0.84375,-0.5625
YAF_dab_neutral_angry,YAF,dab,neutral,angry,YAF_dab_neutral.wav,YAF_dab_angry.wav,-0.5625,1.125,-0.125,1.5,1.65625,0.40625,-0.0625
YAF_dab_happy_sad,YAF,dab,happy,sad,YAF_dab_happy.wav,YAF_dab_sad.wav,-0.5,-0.625,-1.03125,-0.75,0.078125,-0.328125,0.40625
YAF_dab_happy_angry,YAF,dab,happy,angry,YAF_dab_happy.wav,YAF_dab_angry.wav,1.4375,1.6874995231628418,1.4375,2.8125,0.8124997615814209,0.5625002384185791,1.1250004768371582
YAF_dab_sad_angry,YAF,dab,sad,angry,YAF_dab_sad.wav,YAF_dab_angry.wav,0.5,3.84375,0.75,3.71875,3.15625,0.0625,-0.375
YAF_date_neutral_happy,YAF,date,neutral,happy,YAF_date_neutral.wav,YAF_date_happy.wav,-0.375,-0.6875,-1.125,-1.3125004768371582,-0.2500002384185791,-0.6875002384185791,0.1249995231628418
YAF_date_neutral_sad,YAF,date,neutral,sad,YAF_date_neutral.wav,YAF_date_sad.wav,-0.90625,-0.875,-1.3125,-0.875,0.234375,-0.203125,0.40625
YAF_date_neutral_angry,YAF,date,neutral,angry,YAF_date_neutral.wav,YAF_date_angry.wav,0.90625,-0.9375,1.3125,-0.8125,-1.984375,0.265625,-0.28125
YAF_date_happy_sad,YAF,date,happy,sad,YAF_date_happy.wav,YAF_date_sad.wav,-0.0625,-0.125,-0.25,-0.375,-0.09375,-0.21875,-0.0625
YAF_date_happy_angry,YAF,date,happy,angry,YAF_date_happy.wav,YAF_date_angry.wav,0.5000004768371582,0.875,0.9375,0.0625,-0.2500002384185791,-0.1875002384185791,-1.2499995231628418
YAF_date_sad_angry,YAF,date,sad,angry,YAF_date_sad.wav,YAF_date_angry.wav,0.625,0.96875,1.2812495231628418,0.65625,-0.1406247615814209,0.1718747615814209,-0.9687495231628418
YAF_dead_neutral_happy,YAF,dead,neutral,happy,YAF_dead_neutral.wav,YAF_dead_happy.wav,-1.625,-0.1875,0.8125,-0.4375,0.09375,1.09375,-2.6875
YAF_dead_neutral_sad,YAF,dead,neutral,sad,YAF_dead_neutral.wav,YAF_dead_sad.wav,-1.6875,-0.3125,-0.625,-0.9375,0.53125,0.21875,-1.6875
YAF_dead_neutral_angry,YAF,dead,neutral,angry,YAF_dead_neutral.wav,YAF_dead_angry.wav,-1.3125,-1.6875,0.0,0.8125,0.21875,1.90625,1.1875
YAF_dead_happy_sad,YAF,dead,happy,sad,YAF_dead_happy.wav,YAF_dead_sad.wav,-0.375,-0.5,-0.1875,-0.375,-0.15625,0.15625,-0.0625
YAF_dead_happy_angry,YAF,dead,happy,angry,YAF_dead_happy.wav,YAF_dead_angry.wav,-0.4375,1.4375,0.0,1.0625,1.46875,0.03125,-0.8125
YAF_dead_sad_angry,YAF,dead,sad,angry,YAF_dead_sad.wav,YAF_dead_angry.wav,0.9375,0.0625,-0.125,1.4375,0.34375,0.15625,2.4375
YAF_death_neutral_happy,YAF,death,neutral,happy,YAF_death_neutral.wav,YAF_death_happy.wav,-0.375,-0.0625,-0.5,-0.625,0.09375,-0.34375,-0.4375
YAF_death_neutral_sad,YAF,death,neutral,sad,YAF_death_neutral.wav,YAF_death_sad.wav,-0.75,-1.0,-0.6875,-0.6875,-0.125,0.1875,0.25
YAF_death_neutral_angry,YAF,death,neutral,angry,YAF_death_neutral.wav,YAF_death_angry.wav,-0.3125,-1.75,-0.5,-0.875,-0.90625,0.34375,1.0625
YAF_death_happy_sad,YAF,death,happy,sad,YAF_death_happy.wav,YAF_death_sad.wav,-0.625,-0.625,-0.625,-0.5,0.0625,0.0625,0.125
YAF_death_happy_angry,YAF,death,happy,angry,YAF_death_happy.wav,YAF_death_angry.wav,0.125,-0.3125,-0.4375,-0.25,-0.125,-0.25,0.625
YAF_death_sad_angry,YAF,death,sad,angry,YAF_death_sad.wav,YAF_death_angry.wav,0.0625,0.75,-0.5,0.4375,0.8125,-0.4375,0.25
YAF_deep_neutral_happy,YAF,deep,neutral,happy,YAF_deep_neutral.wav,YAF_deep_happy.wav,0.03125,0.0625,1.0,0.125,-0.421875,0.515625,-0.90625
YAF_deep_neutral_sad,YAF,deep,neutral,sad,YAF_deep_neutral.wav,YAF_deep_sad.wav,-1.09375,-0.25,-0.5,-0.375,0.484375,0.234375,-0.71875
YAF_deep_neutral_angry,YAF,deep,neutral,angry,YAF_deep_neutral.wav,YAF_deep_angry.wav,0.40625,-0.0625,0.0625,-0.375,-0.453125,-0.328125,0.03125
YAF_deep_happy_sad,YAF,deep,happy,sad,YAF_deep_happy.wav,YAF_deep_sad.wav,-1.1875,-0.9375,-1.0,-0.6875,0.28125,0.21875,0.0625
YAF_deep_happy_angry,YAF,deep,happy,angry,YAF_deep_happy.wav,YAF_deep_angry.wav,-0.9375,-1.25,-0.9375,-0.4375,0.09375,0.40625,0.8125
YAF_deep_sad_angry,YAF,deep,sad,angry,YAF_deep_sad.wav,YAF_deep_angry.wav,0.0,-0.25,-0.5625,0.4375,0.375,0.0625,1.25
YAF_dime_neutral_happy,YAF,dime,neutral,happy,YAF_dime_neutral.wav,YAF_dime_happy.wav,-1.1875,-1.21875,-0.875,-1.1875,-0.171875,0.171875,-0.28125
YAF_dime_neutral_sad,YAF,dime,neutral,sad,YAF_dime_neutral.wav,YAF_dime_sad.wav,-1.9375,-0.6875,-0.03125,-1.3125,-0.015625,0.640625,-2.53125
YAF_dime_neutral_angry,YAF,dime,neutral,angry,YAF_dime_neutral.wav,YAF_dime_angry.wav,-0.75,1.9375,-0.5,-0.5,1.34375,-1.09375,-2.6875
YAF_dime_happy_sad,YAF,dime,happy,sad,YAF_dime_happy.wav,YAF_dime_sad.wav,-0.375,-0.5,-0.09375,-0.8125,-0.421875,-0.015625,-0.59375
YAF_dime_happy_angry,YAF,dime,happy,angry,YAF_dime_happy.wav,YAF_dime_angry.wav,0.4375,0.875,-0.5625,1.375,1.1875,-0.25,1.5
YAF_dime_sad_angry,YAF,dime,sad,angry,YAF_dime_sad.wav,YAF_dime_angry.wav,0.4375,1.0,1.0,2.0625,0.8125,0.8125,0.5
YAF_dip_neutral_happy,YAF,dip,neutral,happy,YAF_dip_neutral.wav,YAF_dip_happy.wav,0.0,-0.3125,-1.125,0.25,0.53125,-0.28125,1.6875
YAF_dip_neutral_sad,YAF,dip,neutral,sad,YAF_dip_neutral.wav,YAF_dip_sad.wav,-0.625,-0.6875,-0.6875,-0.9375,-0.15625,-0.15625,-0.1875
YAF_dip_neutral_angry,YAF,dip,neutral,angry,YAF_dip_neutral.wav,YAF_dip_angry.wav,-0.0625,0.5,-0.0625,-0.0625,0.28125,-0.28125,-0.5625
YAF_dip_happy_sad,YAF,dip,happy,sad,YAF_dip_happy.wav,YAF_dip_sad.wav,-0.9375004768371582,-0.5625,-1.0312504768371582,-0.5,0.4531254768371582,-0.015625,0.15625
YAF_dip_happy_angry,YAF,dip,happy,angry,YAF_dip_happy.wav,YAF_dip_angry.wav,-0.125,1.5625,0.9375,0.4375,0.59375,-0.03125,-2.1875
YAF_dip_sad_angry,YAF,dip,sad,angry,YAF_dip_sad.wav,YAF_dip_angry.wav,1.4375,2.0,1.687500238418579,2.0625,0.46874988079071045,0.15625011920928955,-0.1875002384185791
YAF_ditch_neutral_happy,YAF,ditch,neutral,happy,YAF_ditch_neutral.wav,YAF_ditch_happy.wav,0.71875,-0.09375,-0.5625,-0.25,-0.25,-0.71875,1.125
YAF_ditch_neutral_sad,YAF,ditch,neutral,sad,YAF_ditch_neutral.wav,YAF_ditch_sad.wav,-1.46875,-0.4375,-0.5625,-0.3125,0.640625,0.515625,-0.78125
YAF_ditch_neutral_angry,YAF,ditch,neutral,angry,YAF_ditch_neutral.wav,YAF_ditch_angry.wav,1.9375,2.5625,0.6875,1.5,0.71875,-1.15625,0.1875
YAF_ditch_happy_sad,YAF,ditch,happy,sad,YAF_ditch_happy.wav,YAF_ditch_sad.wav,-0.90625,-0.4375,-1.3125,-0.6875,0.546875,-0.328125,0.15625
YAF_ditch_happy_angry,YAF,ditch,happy,angry,YAF_ditch_happy.wav,YAF_ditch_angry.wav,1.0625,0.625,0.90625,1.5625,0.109375,0.390625,1.09375
YAF_ditch_sad_angry,YAF,ditch,sad,angry,YAF_ditch_sad.wav,YAF_ditch_angry.wav,0.1875,3.062499761581421,0.625,2.9375,2.5937498807907104,0.15625011920928955,-0.5624997615814209
YAF_dodge_neutral_happy,YAF,dodge,neutral,happy,YAF_dodge_neutral.wav,YAF_dodge_happy.wav,-0.3125,-0.125,-0.25,-0.375,0.03125,-0.09375,-0.3125
YAF_dodge_neutral_sad,YAF,dodge,neutral,sad,YAF_dodge_neutral.wav,YAF_dodge_sad.wav,-1.625,-0.625,-1.46875,-1.25,0.609375,-0.234375,-0.78125
YAF_dodge_neutral_angry,YAF,dodge,neutral,angry,YAF_dodge_neutral.wav,YAF_dodge_angry.wav,1.25,0.8125,1.84375,0.625,-0.828125,0.203125,-0.78125
YAF_dodge_happy_sad,YAF,dodge,happy,sad,YAF_dodge_happy.wav,YAF_dodge_sad.wav,-1.25,-0.5625,-1.0625,-0.875,0.4375,-0.0625,-0.5
YAF_dodge_happy_angry,YAF,dodge,happy,angry,YAF_dodge_happy.wav,YAF_dodge_angry.wav,1.0625,0.4375,0.9375,0.875,-0.34375,0.15625,0.5625
YAF_dodge_sad_angry,YAF,dodge,sad,angry,YAF_dodge_sad.wav,YAF_dodge_angry.wav,0.5625,1.75,0.75,1.9375,1.1875,0.1875,0.0
YAF_dog_neutral_happy,YAF,dog,neutral,happy,YAF_dog_neutral.wav,YAF_dog_happy.wav,-0.5625,0.0,-0.625,-0.125,0.53125,-0.09375,-0.0625
YAF_dog_neutral_sad,YAF,dog,neutral,sad,YAF_dog_neutral.wav,YAF_dog_sad.wav,-1.59375,-1.1875,-1.125,-1.1875,0.171875,0.234375,-0.46875
YAF_dog_neutral_angry,YAF,dog,neutral,angry,YAF_dog_neutral.wav,YAF_dog_angry.wav,0.3125,-0.5,0.5625,0.9375,-0.21875,0.84375,1.1875
YAF_dog_happy_sad,YAF,dog,happy,sad,YAF_dog_happy.wav,YAF_dog_sad.wav,-1.125,-0.6875002384185791,-0.875,-1.1875,0.06249988079071045,-0.12499988079071045,-0.7499997615814209
YAF_dog_happy_angry,YAF,dog,happy,angry,YAF_dog_happy.wav,YAF_dog_angry.wav,-0.6875,-1.125,-0.25,0.625,0.21875,1.09375,1.3125
YAF_dog_sad_angry,YAF,dog,sad,angry,YAF_dog_sad.wav,YAF_dog_angry.wav,0.625,1.1875,1.0,1.65625,0.609375,0.421875,0.09375
YAF_doll_neutral_happy,YAF,doll,neutral,happy,YAF_doll_neutral.wav,YAF_doll_happy.wav,-1.0625,-1.0,0.0,-0.9375,-0.4375,0.5625,-1.0
YAF_doll_neutral_sad,YAF,doll,neutral,sad,YAF_doll_neutral.wav,YAF_doll_sad.wav,-2.25,-1.4375,-1.0625,-0.625,0.625,1.0,-0.375
YAF_doll_neutral_angry,YAF,doll,neutral,angry,YAF_doll_neutral.wav,YAF_doll_angry.wav,-1.0625,0.5000002384185791,-1.5625,-0.25,1.4375001192092896,-0.6250001192092896,-0.2500002384185791
YAF_doll_happy_sad,YAF,doll,happy,sad,YAF_doll_happy.wav,YAF_doll_sad.wav,-1.09375,-0.375,-0.90625,-0.3125,0.65625,0.125,-0.125
YAF_doll_happy_angry,YAF,doll,happy,angry,YAF_doll_happy.wav,YAF_doll_angry.wav,2.3125,1.749999761581421,2.343749523162842,0.75,-1.0781248807907104,-0.48437511920928955,-1.0312492847442627
YAF_doll_sad_angry,YAF,doll,sad,angry,YAF_doll_sad.wav,YAF_doll_angry.wav,1.3125,2.9375,1.25,1.8125,1.09375,-0.59375,-1.0625
YAF_door_neutral_happy,YAF,door,neutral,happy,YAF_door_neutral.wav,YAF_door_happy.wav,-0.8125,-0.375,-0.8125,-0.65625,0.296875,-0.140625,-0.28125
YAF_door_neutral_sad,YAF,door,neutral,sad,YAF_door_neutral.wav,YAF_door_sad.wav,-1.25,-0.375,-0.375,-0.0625,0.59375,0.59375,-0.5625
YAF_door_neutral_angry,YAF,door,neutral,angry,YAF_door_neutral.wav,YAF_door_angry.wav,-0.75,0.6875,-0.5625,0.375,1.1875,-0.0625,-0.5
YAF_door_happy_sad,YAF,door,happy,sad,YAF_door_happy.wav,YAF_door_sad.wav,-0.5625,-0.125,-0.4375,-0.1875,0.34375,0.03125,-0.1875
YAF_door_happy_angry,YAF,door,happy,angry,YAF_door_happy.wav,YAF_door_angry.wav,1.53125,2.0625,1.78125,1.1875,-0.03125,-0.3125,-1.125
YAF_door_sad_angry,YAF,door,sad,angry,YAF_door_sad.wav,YAF_door_angry.wav,-0.0625,0.875,0.6875,1.75,1.0,0.8125,0.125
YAF_fail_neutral_happy,YAF,fail,neutral,happy,YAF_fail_neutral.wav,YAF_fail_happy.wav,-0.375,0.0625,-0.25,-0.0625,0.3125,0.0,-0.25
YAF_fail_neutral_sad,YAF,fail,neutral,sad,YAF_fail_neutral.wav,YAF_fail_sad.wav,-1.5625,-0.625,-1.5,-0.1875,1.125,0.25,0.375
YAF_fail_neutral_angry,YAF,fail,neutral,angry,YAF_fail_neutral.wav,YAF_fail_angry.wav,-2.6875,-1.625,-2.3125,-2.8125,0.28125,-0.40625,-1.5625
YAF_fail_happy_sad,YAF,fail,happy,sad,YAF_fail_happy.wav,YAF_fail_sad.wav,-1.3125,-0.5,-1.0625,-0.5,0.6875,0.125,-0.25
YAF_fail_happy_angry,YAF,fail,happy,angry,YAF_fail_happy.wav,YAF_fail_angry.wav,-2.437500476837158,-1.6875,-2.0625,-2.125,0.3437502384185791,-0.0312497615814209,-0.8125004768371582
YAF_fail_sad_angry,YAF,fail,sad,angry,YAF_fail_sad.wav,YAF_fail_angry.wav,-1.125,-0.9375,-1.0625,-0.75,0.25,0.125,0.125
YAF_fall_neutral_happy,YAF,fall,neutral,happy,YAF_fall_neutral.wav,YAF_fall_happy.wav,-0.5,-0.25,-0.75,0.375,0.6875,0.1875,0.875
YAF_fall_neutral_sad,YAF,fall,neutral,sad,YAF_fall_neutral.wav,YAF_fall_sad.wav,-1.21875,-1.125,-0.9687504768371582,-1.25,-0.0937497615814209,0.0624997615814209,-0.3749995231628418
YAF_fall_neutral_angry,YAF,fall,neutral,angry,YAF_fall_neutral.wav,YAF_fall_angry.wav,-2.3125,-3.499999761581421,-2.437500476837158,-3.312500238418579,-1.031249761581421,0.031249523162841797,0.3125
YAF_fall_happy_sad,YAF,fall,happy,sad,YAF_fall_happy.wav,YAF_fall_sad.wav,-0.8125,-0.5625,-0.75,-0.5625,0.21875,0.03125,-0.0625
YAF_fall_happy_angry,YAF,fall,happy,angry,YAF_fall_happy.wav,YAF_fall_angry.wav,-2.25,-2.0625,-2.1875,-2.375000238418579,-1.1920928955078125e-07,-0.12500011920928955,-0.3750002384185791
YAF_fall_sad_angry,YAF,fall,sad,angry,YAF_fall_sad.wav,YAF_fall_angry.wav,-1.5624995231628418,-1.5,-1.1875,-1.25,-2.384185791015625e-07,0.3124997615814209,-0.1249995231628418
YAF_far_neutral_happy,YAF,far,neutral,happy,YAF_far_neutral.wav,YAF_far_happy.wav,0.25,0.1875,0.125,-0.3125,-0.25,-0.3125,-0.375
YAF_far_neutral_sad,YAF,far,neutral,sad,YAF_far_neutral.wav,YAF_far_sad.wav,-1.375,-0.8125,-1.3125,-1.0625,0.40625,-0.09375,-0.3125
YAF_far_neutral_angry,YAF,far,neutral,angry,YAF_far_neutral.wav,YAF_far_angry.wav,-1.78125,-3.25,-1.5625,-2.53125,-1.21875,0.46875,0.5
YAF_far_happy_sad,YAF,far,happy,sad,YAF_far_happy.wav,YAF_far_sad.wav,-0.9375,-0.5625,-0.84375,-1.25,-0.015625,-0.296875,-0.78125
YAF_far_happy_angry,YAF,far,happy,angry,YAF_far_happy.wav,YAF_far_angry.wav,-2.09375,-3.125,-2.281249523162842,-2.84375,-0.7968752384185791,0.0468752384185791,0.4687495231628418
YAF_far_sad_angry,YAF,far,sad,angry,YAF_far_sad.wav,YAF_far_angry.wav,-1.0625,-1.4375,-0.625,-1.65625,-0.703125,0.109375,-0.65625
YAF_fat_neutral_happy,YAF,fat,neutral,happy,YAF_fat_neutral.wav,YAF_fat_happy.wav,-0.09375,-0.625,-0.8125,-0.4375,-0.078125,-0.265625,0.90625
YAF_fat_neutral_sad,YAF,fat,neutral,sad,YAF_fat_neutral.wav,YAF_fat_sad.wav,-1.15625,-1.5625,-1.9375004768371582,-1.75,-0.1093747615814209,-0.4843752384185791,0.5937504768371582
YAF_fat_neutral_angry,YAF,fat,neutral,angry,YAF_fat_neutral.wav,YAF_fat_angry.wav,-1.78125,-2.8125,-2.375,-2.437500476837158,-0.5468752384185791,-0.1093752384185791,0.9687495231628418
YAF_fat_happy_sad,YAF,fat,happy,sad,YAF_fat_happy.wav,YAF_fat_sad.wav,-0.9375,-1.25,-0.9375,-1.125,-0.25,0.0625,0.125
YAF_fat_happy_angry,YAF,fat,happy,angry,YAF_fat_happy.wav,YAF_fat_angry.wav,-2.25,-1.875,-2.187500476837158,-1.7500004768371582,0.40625,0.0937495231628418,0.0625
YAF_fat_sad_angry,YAF,fat,sad,angry,YAF_fat_sad.wav,YAF_fat_angry.wav,-0.9375,-1.1249995231628418,-0.8125,-1.0000004768371582,-0.1875,0.1249995231628418,-9.5367431640625e-07
YAF_fit_neutral_happy,YAF,fit,neutral,happy,YAF_fit_neutral.wav,YAF_fit_happy.wav,-0.6875,-0.6875,0.25,-0.5625,-0.40625,0.53125,-0.8125
YAF_fit_neutral_sad,YAF,fit,neutral,sad,YAF_fit_neutral.wav,YAF_fit_sad.wav,-1.53125,-1.625,-1.5625,-0.6875,0.390625,0.453125,0.96875
YAF_fit_neutral_angry,YAF,fit,neutral,angry,YAF_fit_neutral.wav,YAF_fit_angry.wav,-2.8125,-3.3125,-2.593749523162842,-2.6875,-0.2968752384185791,0.4218752384185791,0.4062495231628418
YAF_fit_happy_sad,YAF,fit,happy,sad,YAF_fit_happy.wav,YAF_fit_sad.wav,-0.90625,-0.625,-1.1875,-0.75,0.359375,-0.203125,0.15625
YAF_fit_happy_angry,YAF,fit,happy,angry,YAF_fit_happy.wav,YAF_fit_angry.wav,-1.75,-1.875,-1.4375,-2.1875,-0.4375,0.0,-0.625
YAF_fit_sad_angry,YAF,fit,sad,angry,YAF_fit_sad.wav,YAF_fit_angry.wav,-1.34375,-1.0,-0.625,-1.1875,-0.109375,0.265625,-0.90625
YAF_five_neutral_happy,YAF,five,neutral,happy,YAF_five_neutral.wav,YAF_five_happy.wav,-0.40625,0.125,-0.25,-0.5625,0.109375,-0.265625,-0.84375
YAF_five_neutral_sad,YAF,five,neutral,sad,YAF_five_neutral.wav,YAF_five_sad.wav,-1.375,-1.5625,-0.75,-1.125,-0.28125,0.53125,-0.1875
YAF_five_neutral_angry,YAF,five,neutral,angry,YAF_five_neutral.wav,YAF_five_angry.wav,-1.875,-1.78125,-1.1875,-2.25,-0.484375,0.109375,-1.15625
YAF_five_happy_sad,YAF,five,happy,sad,YAF_five_happy.wav,YAF_five_sad.wav,-0.90625,-0.9375,-0.6875,-1.0,-0.171875,0.078125,-0.28125
YAF_five_happy_angry,YAF,five,happy,angry,YAF_five_happy.wav,YAF_five_angry.wav,-2.09375,-1.96875,-1.7500004768371582,-1.78125,0.0468752384185791,0.2656247615814209,-0.1562495231628418
YAF_five_sad_angry,YAF,five,sad,angry,YAF_five_sad.wav,YAF_five_angry.wav,-1.03125,-0.78125,-1.03125,-1.1875,0.046875,-0.203125,-0.40625
YAF_food_neutral_happy,YAF,food,neutral,happy,YAF_food_neutral.wav,YAF_food_happy.wav,-0.5625,-0.875,0.3125,-0.90625,-0.765625,0.421875,-0.90625
YAF_food_neutral_sad,YAF,food,neutral,sad,YAF_food_neutral.wav,YAF_food_sad.wav,-1.0625,-1.0625,-0.4375,-1.25,-0.40625,0.21875,-0.8125
YAF_food_neutral_angry,YAF,food,neutral,angry,YAF_food_neutral.wav,YAF_food_angry.wav,-2.1875,-2.375,-1.5625,-2.25,-0.4375,0.375,-0.5
YAF_food_happy_sad,YAF,food,happy,sad,YAF_food_happy.wav,YAF_food_sad.wav,-0.625,-0.375,-0.71875,-0.625,0.171875,-0.171875,-0.15625
YAF_food_happy_angry,YAF,food,happy,angry,YAF_food_happy.wav,YAF_food_angry.wav,-1.3125,-2.312499523162842,-1.59375,-1.875,-0.6406247615814209,0.0781247615814209,0.7187495231628418
YAF_food_sad_angry,YAF,food,sad,angry,YAF_food_sad.wav,YAF_food_angry.wav,-0.75,-0.8125,-0.875,-1.125,-0.15625,-0.21875,-0.1875
YAF_gap_neutral_happy,YAF,gap,neutral,happy,YAF_gap_neutral.wav,YAF_gap_happy.wav,-0.25,-0.0625,0.0,0.0625,0.125,0.1875,-0.125
YAF_gap_neutral_sad,YAF,gap,neutral,sad,YAF_gap_neutral.wav,YAF_gap_sad.wav,-1.3125,-0.875,-1.6875,-1.9375,0.09375,-0.71875,-0.6875
YAF_gap_neutral_angry,YAF,gap,neutral,angry,YAF_gap_neutral.wav,YAF_gap_angry.wav,-2.65625,-3.375,-2.25,-3.062499523162842,-0.7656247615814209,0.3593752384185791,-0.0937495231628418
YAF_gap_happy_sad,YAF,gap,happy,sad,YAF_gap_happy.wav,YAF_gap_sad.wav,-1.3125,-1.4375,-1.0625,-1.3125,-0.1875,0.1875,-0.125
YAF_gap_happy_angry,YAF,gap,happy,angry,YAF_gap_happy.wav,YAF_gap_angry.wav,-2.28125,-2.75,-2.6875,-2.562499523162842,-0.1718747615814209,-0.1093747615814209,0.5937504768371582
YAF_gap_sad_angry,YAF,gap,sad,angry,YAF_gap_sad.wav,YAF_gap_angry.wav,-1.0,-1.0625,-1.34375,-0.875,0.203125,-0.078125,0.53125
YAF_gas_neutral_happy,YAF,gas,neutral,happy,YAF_gas_neutral.wav,YAF_gas_happy.wav,-0.125,-0.0625,-0.8125,-0.4375,0.21875,-0.53125,0.3125
YAF_gas_neutral_sad,YAF,gas,neutral,sad,YAF_gas_neutral.wav,YAF_gas_sad.wav,-1.2499995231628418,-1.9062495231628418,-1.3125,-2.28125,-0.8125,-0.2187504768371582,-0.3125
YAF_gas_neutral_angry,YAF,gas,neutral,angry,YAF_gas_neutral.wav,YAF_gas_angry.wav,-2.406249523162842,-1.96875,-1.40625,-0.75,0.5468747615814209,1.109374761581421,0.2187504768371582
YAF_gas_happy_sad,YAF,gas,happy,sad,YAF_gas_happy.wav,YAF_gas_sad.wav,-1.15625,-0.8125,-1.09375,-1.21875,0.109375,-0.171875,-0.46875
YAF_gas_happy_angry,YAF,gas,happy,angry,YAF_gas_happy.wav,YAF_gas_angry.wav,-1.46875,-1.8125,-1.25,-1.21875,-0.15625,0.40625,0.375
YAF_gas_sad_angry,YAF,gas,sad,angry,YAF_gas_sad.wav,YAF_gas_angry.wav,-0.375,-0.65625,-0.40625,-1.21875,-0.546875,-0.296875,-0.53125
YAF_gaze_neutral_happy,YAF,gaze,neutral,happy,YAF_gaze_neutral.wav,YAF_gaze_happy.wav,0.09375,-0.5625,-0.625,0.0,-0.015625,-0.078125,1.28125
YAF_gaze_neutral_sad,YAF,gaze,neutral,sad,YAF_gaze_neutral.wav,YAF_gaze_sad.wav,-1.0,-1.1875,-0.46875,-0.4375,-0.078125,0.640625,0.21875
YAF_gaze_neutral_angry,YAF,gaze,neutral,angry,YAF_gaze_neutral.wav,YAF_gaze_angry.wav,-1.125,-1.71875,-1.28125,-1.65625,-0.484375,-0.046875,0.21875
YAF_gaze_happy_sad,YAF,gaze,happy,sad,YAF_gaze_happy.wav,YAF_gaze_sad.wav,-1.03125,-0.5,-0.6875,-0.4375,0.390625,0.203125,-0.28125
YAF_gaze_happy_angry,YAF,gaze,happy,angry,YAF_gaze_happy.wav,YAF_gaze_angry.wav,-1.34375,-1.4375,-0.9375,-0.9375,-0.046875,0.453125,0.09375
YAF_gaze_sad_angry,YAF,gaze,sad,angry,YAF_gaze_sad.wav,YAF_gaze_angry.wav,-1.3125,-1.2499995231628418,-0.3125,-0.78125,-0.2031247615814209,0.7343747615814209,-0.5312504768371582
YAF_germ_neutral_happy,YAF,germ,neutral,happy,YAF_germ_neutral.wav,YAF_germ_happy.wav,-0.875,-0.59375,-0.3125,-0.9999995231628418,-0.2031247615814209,0.0781252384185791,-0.9687495231628418
YAF_germ_neutral_sad,YAF,germ,neutral,sad,YAF_germ_neutral.wav,YAF_germ_sad.wav,-0.875,-0.6875,-1.0624995231628418,-0.9375,0.1562497615814209,-0.2187497615814209,-0.0625004768371582
YAF_germ_neutral_angry,YAF,germ,neutral,angry,YAF_germ_neutral.wav,YAF_germ_angry.wav,-1.71875,-2.5625,-1.34375,-2.4375,-0.96875,0.25,-0.25
YAF_germ_happy_sad,YAF,germ,happy,sad,YAF_germ_happy.wav,YAF_germ_sad.wav,-0.125,-0.1875,-0.1875,-0.5625,-0.21875,-0.21875,-0.3125
YAF_germ_happy_angry,YAF,germ,happy,angry,YAF_germ_happy.wav,YAF_germ_angry.wav,-0.9375,-1.6875,-0.59375,-1.8125,-0.984375,0.109375,-0.46875
YAF_germ_sad_angry,YAF,germ,sad,angry,YAF_germ_sad.wav,YAF_germ_angry.wav,-0.5,-0.1875,-0.5625,-0.75,0.0625,-0.3125,-0.5
YAF_get_neutral_happy,YAF,get,neutral,happy,YAF_get_neutral.wav,YAF_get_happy.wav,-0.875,-0.625,-0.5,-0.09375,0.328125,0.453125,0.15625
YAF_get_neutral_sad,YAF,get,neutral,sad,YAF_get_neutral.wav,YAF_get_sad.wav,-1.96875,-1.0625,-1.250000238418579,-0.5,0.8281251192092896,0.6406248807907104,-0.1562497615814209
YAF_get_neutral_angry,YAF,get,neutral,angry,YAF_get_neutral.wav,YAF_get_angry.wav,-2.40625,-2.625000238418579,-1.59375,-2.875,-0.7500001192092896,0.28125011920928955,-1.062499761581421
YAF_get_happy_sad,YAF,get,happy,sad,YAF_get_happy.wav,YAF_get_sad.wav,-0.40625,-0.4375,-0.625,-0.75,-0.078125,-0.265625,-0.09375
YAF_get_happy_angry,YAF,get,happy,angry,YAF_get_happy.wav,YAF_get_angry.wav,-0.875,-1.75,-1.53125,-2.8125,-1.078125,-0.859375,-0.40625
YAF_get_sad_angry,YAF,get,sad,angry,YAF_get_sad.wav,YAF_get_angry.wav,-0.46875,-1.21875,-0.5625,-1.375,-0.78125,-0.125,-0.0625
YAF_gin_neutral_happy,YAF,gin,neutral,happy,YAF_gin_neutral.wav,YAF_gin_happy.wav,-0.5,-1.0,-1.1875,-0.875,-0.09375,-0.28125,0.8125
YAF_gin_neutral_sad,YAF,gin,neutral,sad,YAF_gin_neutral.wav,YAF_gin_sad.wav,-0.84375,-1.125,-0.875,-1.6874995231628418,-0.5468747615814209,-0.2968747615814209,-0.5312495231628418
YAF_gin_neutral_angry,YAF,gin,neutral,angry,YAF_gin_neutral.wav,YAF_gin_angry.wav,-0.875,-2.375,-0.625,-2.4375,-1.65625,0.09375,-0.3125
YAF_gin_happy_sad,YAF,gin,happy,sad,YAF_gin_happy.wav,YAF_gin_sad.wav,-0.375,0.125,-0.1875,-0.1249995231628418,0.2812502384185791,-0.0312497615814209,-0.4374995231628418
YAF_gin_happy_angry,YAF,gin,happy,angry,YAF_gin_happy.wav,YAF_gin_angry.wav,-0.8125,-0.96875,-1.5,-1.125,0.109375,-0.421875,0.53125
YAF_gin_sad_angry,YAF,gin,sad,angry,YAF_gin_sad.wav,YAF_gin_angry.wav,-0.4375,-1.3125,-0.375,-0.875,-0.6875,0.25,0.375
YAF_goal_neutral_happy,YAF,goal,neutral,happy,YAF_goal_neutral.wav,YAF_goal_happy.wav,-1.0,0.1875,-0.5,0.125,0.90625,0.21875,-0.5625
YAF_goal_neutral_sad,YAF,goal,neutral,sad,YAF_goal_neutral.wav,YAF_goal_sad.wav,-0.96875,-0.9375,-1.2499995231628418,-0.9375,0.1718747615814209,-0.1406247615814209,0.2812495231628418
YAF_goal_neutral_angry,YAF,goal,neutral,angry,YAF_goal_neutral.wav,YAF_goal_angry.wav,-1.46875,-2.5625,-1.375,-2.6875,-1.203125,-0.015625,-0.21875
YAF_goal_happy_sad,YAF,goal,happy,sad,YAF_goal_happy.wav,YAF_goal_sad.wav,-1.1875,-0.3125,-0.9375,-0.875,0.46875,-0.15625,-0.8125
YAF_goal_happy_angry,YAF,goal,happy,angry,YAF_goal_happy.wav,YAF_goal_angry.wav,-1.6875,-1.03125,-1.78125,-1.4375,0.5,-0.25,-0.3125
YAF_goal_sad_angry,YAF,goal,sad,angry,YAF_goal_sad.wav,YAF_goal_angry.wav,-0.6875,-0.4375,-0.25,-0.8125,-0.15625,0.03125,-0.8125
YAF_good_neutral_happy,YAF,good,neutral,happy,YAF_good_neutral.wav,YAF_good_happy.wav,-0.625,-0.5,-0.4375,-0.75,-0.09375,-0.03125,-0.4375
YAF_good_neutral_sad,YAF,good,neutral,sad,YAF_good_neutral.wav,YAF_good_sad.wav,-1.78125,-0.875,-1.1875,-1.0,0.546875,0.234375,-0.71875
YAF_good_neutral_angry,YAF,good,neutral,angry,YAF_good_neutral.wav,YAF_good_angry.wav,-2.0,-2.6875,-2.125000476837158,-2.187500476837158,-0.375,0.1874995231628418,0.625
YAF_good_happy_sad,YAF,good,happy,sad,YAF_good_happy.wav,YAF_good_sad.wav,-1.21875,-0.125,-1.25,-0.4375,0.953125,-0.171875,-0.28125
YAF_good_happy_angry,YAF,good,happy,angry,YAF_good_happy.wav,YAF_good_angry.wav,-1.75,-2.09375,-1.03125,-1.6875,-0.5,0.5625,-0.3125
YAF_good_sad_angry,YAF,good,sad,angry,YAF_good_sad.wav,YAF_good_angry.wav,-1.0624995231628418,-1.125,-1.3125,-0.65625,0.2968747615814209,0.1093747615814209,0.7187504768371582
YAF_goose_neutral_happy,YAF,goose,neutral,happy,YAF_goose_neutral.wav,YAF_goose_happy.wav,-0.5625004768371582,-0.5625,-0.875,-0.5,0.1875002384185791,-0.1249997615814209,0.3749995231628418
YAF_goose_neutral_sad,YAF,goose,neutral,sad,YAF_goose_neutral.wav,YAF_goose_sad.wav,-0.9062504768371582,-1.3125,-0.9375,-1.21875,-0.3437497615814209,0.0312502384185791,0.1249995231628418
YAF_goose_neutral_angry,YAF,goose,neutral,angry,YAF_goose_neutral.wav,YAF_goose_angry.wav,-1.8437504768371582,-2.3125,-1.59375,-2.09375,-0.4843747615814209,0.2343752384185791,-0.0312504768371582
YAF_goose_happy_sad,YAF,goose,happy,sad,YAF_goose_happy.wav,YAF_goose_sad.wav,-0.6875,-0.6875,-0.9375,-0.90625,0.015625,-0.234375,0.03125
YAF_goose_happy_angry,YAF,goose,happy,angry,YAF_goose_happy.wav,YAF_goose_angry.wav,-1.53125,-1.25,-1.1875,-0.6875,0.390625,0.453125,0.21875
YAF_goose_sad_angry,YAF,goose,sad,angry,YAF_goose_sad.wav,YAF_goose_angry.wav,-0.375,-0.21875,-0.28125,-0.34375,0.046875,-0.015625,-0.21875
YAF_gun_neutral_happy,YAF,gun,neutral,happy,YAF_gun_neutral.wav,YAF_gun_happy.wav,-0.28125,-0.5625,-0.75,-0.375,0.046875,-0.140625,0.65625
YAF_gun_neutral_sad,YAF,gun,neutral,sad,YAF_gun_neutral.wav,YAF_gun_sad.wav,-0.46875,-1.125,-1.1875,-0.5625,-0.015625,-0.078125,1.28125
YAF_gun_neutral_angry,YAF,gun,neutral,angry,YAF_gun_neutral.wav,YAF_gun_angry.wav,-1.0625,-2.5625,-0.15625,-2.156250476837158,-1.750000238418579,0.6562497615814209,-0.5000004768371582
YAF_gun_happy_sad,YAF,gun,happy,sad,YAF_gun_happy.wav,YAF_gun_sad.wav,-0.4375,-0.5625,-0.4375,-0.625,-0.15625,-0.03125,-0.0625
YAF_gun_happy_angry,YAF,gun,happy,angry,YAF_gun_happy.wav,YAF_gun_angry.wav,-1.6875,-1.3125,-1.71875,-1.5937504768371582,0.2499997615814209,-0.1562502384185791,-0.2500004768371582
YAF_gun_sad_angry,YAF,gun,sad,angry,YAF_gun_sad.wav,YAF_gun_angry.wav,-0.5,-0.5625,-0.875,-0.7187504768371582,0.0468747615814209,-0.2656252384185791,0.2187495231628418
YAF_half_neutral_happy,YAF,half,neutral,happy,YAF_half_neutral.wav,YAF_half_happy.wav,-0.5,0.1875,-0.875,0.3125,0.9375,-0.125,0.5
YAF_half_neutral_sad,YAF,half,neutral,sad,YAF_half_neutral.wav,YAF_half_sad.wav,-2.03125,-1.5,-1.1875004768371582,-1.125,0.2968752384185791,0.6093747615814209,-0.4687495231628418
YAF_half_neutral_angry,YAF,half,neutral,angry,YAF_half_neutral.wav,YAF_half_angry.wav,-2.59375,-2.5,-1.28125,-2.65625,-0.640625,0.578125,-1.46875
YAF_half_happy_sad,YAF,half,happy,sad,YAF_half_happy.wav,YAF_half_sad.wav,-1.6562495231628418,-1.25,-1.375,-1.375,0.2031247615814209,0.0781247615814209,-0.4062495231628418
YAF_half_happy_angry,YAF,half,happy,angry,YAF_half_happy.wav,YAF_half_angry.wav,-2.812499523162842,-2.4375,-2.78125,-2.15625,0.4999997615814209,0.1562497615814209,0.2500004768371582
YAF_half_sad_angry,YAF,half,sad,angry,YAF_half_sad.wav,YAF_half_angry.wav,-0.9062495231628418,-0.875,-1.0,-0.34375,0.3437497615814209,0.2187497615814209,0.6250004768371582
YAF_hall_neutral_happy,YAF,hall,neutral,happy,YAF_hall_neutral.wav,YAF_hall_happy.wav,-1.3125,-0.21875,-0.6875,-0.375,0.703125,0.234375,-0.78125
YAF_hall_neutral_sad,YAF,hall,neutral,sad,YAF_hall_neutral.wav,YAF_hall_sad.wav,-1.6875,-1.4375,-1.15625,-1.0625,0.171875,0.453125,-0.15625
YAF_hall_neutral_angry,YAF,hall,neutral,angry,YAF_hall_neutral.wav,YAF_hall_angry.wav,-3.125,-2.78125,-2.875,-2.906250476837158,0.1562497615814209,0.0624997615814209,-0.3750004768371582
YAF_hall_happy_sad,YAF,hall,happy,sad,YAF_hall_happy.wav,YAF_hall_sad.wav,-0.25,0.0,-0.75,-0.3125,0.34375,-0.40625,0.1875
YAF_hall_happy_angry,YAF,hall,happy,angry,YAF_hall_happy.wav,YAF_hall_angry.wav,-1.96875,-1.8125,-1.8125004768371582,-1.9062504768371582,0.03125,0.031249523162841797,-0.25
YAF_hall_sad_angry,YAF,hall,sad,angry,YAF_hall_sad.wav,YAF_hall_angry.wav,-1.5,-1.46875,-1.5625,-1.3437504768371582,0.1249997615814209,0.0312497615814209,0.1874995231628418
YAF_hash_neutral_happy,YAF,hash,neutral,happy,YAF_hash_neutral.wav,YAF_hash_happy.wav,-1.375,-0.1875,-0.25,-0.25,0.59375,0.53125,-1.1875
YAF_hash_neutral_sad,YAF,hash,neutral,sad,YAF_hash_neutral.wav,YAF_hash_sad.wav,-1.875,-0.875,-1.5624995231628418,-1.25,0.6562497615814209,-0.0312497615814209,-0.6875004768371582
YAF_hash_neutral_angry,YAF,hash,neutral,angry,YAF_hash_neutral.wav,YAF_hash_angry.wav,-2.84375,-2.375,-2.624999523162842,-2.40625,0.3437497615814209,0.0937502384185791,-0.2500004768371582
YAF_hash_happy_sad,YAF,hash,happy,sad,YAF_hash_happy.wav,YAF_hash_sad.wav,-1.375,-0.5625,-1.65625,-1.0,0.734375,-0.359375,-0.15625
YAF_hash_happy_angry,YAF,hash,happy,angry,YAF_hash_happy.wav,YAF_hash_angry.wav,-2.375,-1.5625,-2.28125,-2.03125,0.53125,-0.1875,-0.5625
YAF_hash_sad_angry,YAF,hash,sad,angry,YAF_hash_sad.wav,YAF_hash_angry.wav,-0.875,-0.875,-0.8125,-0.84375,-0.015625,0.046875,-0.03125
YAF_hate_neutral_happy,YAF,hate,neutral,happy,YAF_hate_neutral.wav,YAF_hate_happy.wav,-0.375,-0.3125,-0.875,0.1875,0.5625,0.0,1.0
YAF_hate_neutral_sad,YAF,hate,neutral,sad,YAF_hate_neutral.wav,YAF_hate_sad.wav,-0.5,-0.5625,-1.0625,-0.3750002384185791,0.31249988079071045,-0.18750011920928955,0.7499997615814209
YAF_hate_neutral_angry,YAF,hate,neutral,angry,YAF_hate_neutral.wav,YAF_hate_angry.wav,-1.25,-1.9375,-2.125,-1.4375,0.0,-0.1875,1.375
YAF_hate_happy_sad,YAF,hate,happy,sad,YAF_hate_happy.wav,YAF_hate_sad.wav,-0.6875,-0.4375,-0.3125,-0.5625002384185791,-1.1920928955078125e-07,0.12499988079071045,-0.5000002384185791
YAF_hate_happy_angry,YAF,hate,happy,angry,YAF_hate_happy.wav,YAF_hate_angry.wav,-1.625,-0.625,-1.875,-0.875,1.0,-0.25,0.0
YAF_hate_sad_angry,YAF,hate,sad,angry,YAF_hate_sad.wav,YAF_hate_angry.wav,-1.375,-1.0625,-1.0625,-0.5,0.4375,0.4375,0.25
YAF_have_neutral_happy,YAF,have,neutral,happy,YAF_have_neutral.wav,YAF_have_happy.wav,-0.6875,0.1874995231628418,-0.625,-0.1875,0.6562497615814209,-0.1562497615814209,-0.4374995231628418
YAF_have_neutral_sad,YAF,have,neutral,sad,YAF_have_neutral.wav,YAF_have_sad.wav,-1.5625,-1.5625,-1.09375,-0.8125,0.140625,0.609375,0.28125
YAF_have_neutral_angry,YAF,have,neutral,angry,YAF_have_neutral.wav,YAF_have_angry.wav,-2.4375,-2.3125,-1.875,-2.46875,-0.234375,0.203125,-0.71875
YAF_have_happy_sad,YAF,have,happy,sad,YAF_have_happy.wav,YAF_have_sad.wav,-1.1875004768371582,-1.0,-1.3125,-1.125,0.1875002384185791,-0.1249997615814209,-4.76837158203125e-07
YAF_have_happy_angry,YAF,have,happy,angry,YAF_have_happy.wav,YAF_have_angry.wav,-2.031250476837158,-2.9375,-1.6250004768371582,-2.40625,-0.8437495231628418,0.46875,0.125
YAF_have_sad_angry,YAF,have,sad,angry,YAF_have_sad.wav,YAF_have_angry.wav,-1.0625,-1.4375,-0.875,-1.21875,-0.359375,0.203125,0.03125
YAF_haze_neutral_happy,YAF,haze,neutral,happy,YAF_haze_neutral.wav,YAF_haze_happy.wav,-1.125,-0.46875,-0.4375,-0.4375,0.328125,0.359375,-0.65625
YAF_haze_neutral_sad,YAF,haze,neutral,sad,YAF_haze_neutral.wav,YAF_haze_sad.wav,-1.8125,-1.5,-1.59375,-1.3125,0.296875,0.203125,-0.03125
YAF_haze_neutral_angry,YAF,haze,neutral,angry,YAF_haze_neutral.wav,YAF_haze_angry.wav,-2.625,-2.5,-2.156250476837158,-2.25,0.0156252384185791,0.3593747615814209,-0.2187495231628418
YAF_haze_happy_sad,YAF,haze,happy,sad,YAF_haze_happy.wav,YAF_haze_sad.wav,-1.28125,-0.5625,-0.96875,-0.40625,0.640625,0.234375,-0.15625
YAF_haze_happy_angry,YAF,haze,happy,angry,YAF_haze_happy.wav,YAF_haze_angry.wav,-1.59375,-2.0625,-1.0625,-1.5625,-0.484375,0.515625,-0.03125
YAF_haze_sad_angry,YAF,haze,sad,angry,YAF_haze_sad.wav,YAF_haze_angry.wav,-0.96875,-1.4375,-0.6562504768371582,-0.5625,-0.1874997615814209,0.5937497615814209,0.5625004768371582
YAF_hire_neutral_happy,YAF,hire,neutral,happy,YAF_hire_neutral.wav,YAF_hire_happy.wav,-0.0625,-1.0937495231628418,-0.1875,-1.4687495231628418,-1.1562495231628418,-0.25,-0.25
YAF_hire_neutral_sad,YAF,hire,neutral,sad,YAF_hire_neutral.wav,YAF_hire_sad.wav,-1.0625,-0.9375,-0.9375,-1.0,0.03125,0.03125,-0.1875
YAF_hire_neutral_angry,YAF,hire,neutral,angry,YAF_hire_neutral.wav,YAF_hire_angry.wav,-1.7499995231628418,-1.6875,-1.625,-2.1875,-0.2500002384185791,-0.1875002384185791,-0.6249995231628418
YAF_hire_happy_sad,YAF,hire,happy,sad,YAF_hire_happy.wav,YAF_hire_sad.wav,-0.21875,-0.1875,-0.1875,-0.0625,0.078125,0.078125,0.09375
YAF_hire_happy_angry,YAF,hire,happy,angry,YAF_hire_happy.wav,YAF_hire_angry.wav,-0.8125,-1.125,-1.1249995231628418,-0.9375,-0.0625002384185791,-0.0624997615814209,0.4999995231628418
YAF_hire_sad_angry,YAF,hire,sad,angry,YAF_hire_sad.wav,YAF_hire_angry.wav,-1.0625,-0.96875,-0.875,-0.0625,0.453125,0.546875,0.71875
YAF_hit_neutral_happy,YAF,hit,neutral,happy,YAF_hit_neutral.wav,YAF_hit_happy.wav,-0.5,-0.5625,-0.125,-0.3125,-0.125,0.3125,-0.125
YAF_hit_neutral_sad,YAF,hit,neutral,sad,YAF_hit_neutral.wav,YAF_hit_sad.wav,-1.0,-0.6875,-1.125,-1.4375,0.0,-0.4375,-0.625
YAF_hit_neutral_angry,YAF,hit,neutral,angry,YAF_hit_neutral.wav,YAF_hit_angry.wav,-1.78125,-2.4375,-1.59375,-1.4374995231628418,-0.2499997615814209,0.5937502384185791,0.8125004768371582
YAF_hit_happy_sad,YAF,hit,happy,sad,YAF_hit_happy.wav,YAF_hit_sad.wav,-0.65625,-0.9375,-0.8125,-0.9375,-0.203125,-0.078125,0.15625
YAF_hit_happy_angry,YAF,hit,happy,angry,YAF_hit_happy.wav,YAF_hit_angry.wav,-1.5625,-1.3125,-2.40625,-1.0312495231628418,0.8125002384185791,-0.2812497615814209,1.1250004768371582
YAF_hit_sad_angry,YAF,hit,sad,angry,YAF_hit_sad.wav,YAF_hit_angry.wav,-0.5000004768371582,-0.8125,-0.9375,-0.03125,0.2968752384185791,0.1718752384185791,1.2187495231628418
YAF_hole_neutral_happy,YAF,hole,neutral,happy,YAF_hole_neutral.wav,YAF_hole_happy.wav,-1.25,0.0,-1.1875,-0.75,0.84375,-0.34375,-0.8125
YAF_hole_neutral_sad,YAF,hole,neutral,sad,YAF_hole_neutral.wav,YAF_hole_sad.wav,-1.1875,-1.0625,-1.125,-0.9375,0.15625,0.09375,0.0625
YAF_hole_neutral_angry,YAF,hole,neutral,angry,YAF_hole_neutral.wav,YAF_hole_angry.wav,-1.8125,-2.75,-2.624999523162842,-3.1875,-0.7500002384185791,-0.6249997615814209,0.3749995231628418
YAF_hole_happy_sad,YAF,hole,happy,sad,YAF_hole_happy.wav,YAF_hole_sad.wav,-0.0625,-0.3125,-0.4375,-0.375,-0.09375,-0.21875,0.3125
YAF_hole_happy_angry,YAF,hole,happy,angry,YAF_hole_happy.wav,YAF_hole_angry.wav,-1.5,-1.6875,-1.8125,-1.4375,0.09375,-0.03125,0.5625
YAF_hole_sad_angry,YAF,hole,sad,angry,YAF_hole_sad.wav,YAF_hole_angry.wav,-0.9375,-1.4375,-1.3125,-0.875,-0.03125,0.09375,0.9375
YAF_home_neutral_happy,YAF,home,neutral,happy,YAF_home_neutral.wav,YAF_home_happy.wav,-0.6875,-0.0625,-0.125,-0.4375,0.15625,0.09375,-0.9375
YAF_home_neutral_sad,YAF,home,neutral,sad,YAF_home_neutral.wav,YAF_home_sad.wav,-1.1875,-0.625,-1.125,-0.9375,0.375,-0.125,-0.375
YAF_home_neutral_angry,YAF,home,neutral,angry,YAF_home_neutral.wav,YAF_home_angry.wav,-2.1875,-3.4375,-2.25,-3.5625,-1.28125,-0.09375,-0.0625
YAF_home_happy_sad,YAF,home,happy,sad,YAF_home_happy.wav,YAF_home_sad.wav,-1.1875,-0.0625,-1.1875,-0.6875,0.8125,-0.3125,-0.625
YAF_home_happy_angry,YAF,home,happy,angry,YAF_home_happy.wav,YAF_home_angry.wav,-2.40625,-2.124999761581421,-2.25,-2.4375,0.04687511920928955,-0.07812511920928955,-0.4687502384185791
YAF_home_sad_angry,YAF,home,sad,angry,YAF_home_sad.wav,YAF_home_angry.wav,-1.0625,-1.7812495231628418,-1.187499761581421,-1.25,-0.39062488079071045,0.20312488079071045,0.6562492847442627
YAF_hurl_neutral_happy,YAF,hurl,neutral,happy,YAF_hurl_neutral.wav,YAF_hurl_happy.wav,-1.40625,-1.125,-0.4375,-0.875,-0.078125,0.609375,-0.71875
YAF_hurl_neutral_sad,YAF,hurl,neutral,sad,YAF_hurl_neutral.wav,YAF_hurl_sad.wav,-1.09375,-0.6875,-0.9375,-1.125,0.109375,-0.140625,-0.59375
YAF_hurl_neutral_angry,YAF,hurl,neutral,angry,YAF_hurl_neutral.wav,YAF_hurl_angry.wav,-2.5625,-2.4375,-1.90625,-2.4375,-0.203125,0.328125,-0.65625
YAF_hurl_happy_sad,YAF,hurl,happy,sad,YAF_hurl_happy.wav,YAF_hurl_sad.wav,-0.25,-0.5625,-0.1875,-0.3125,-0.21875,0.15625,0.1875
YAF_hurl_happy_angry,YAF,hurl,happy,angry,YAF_hurl_happy.wav,YAF_hurl_angry.wav,-1.0,-1.375,-1.0,-1.4375,-0.40625,-0.03125,-0.0625
YAF_hurl_sad_angry,YAF,hurl,sad,angry,YAF_hurl_sad.wav,YAF_hurl_angry.wav,-0.9375,-0.9375,-1.25,-0.9375,0.15625,-0.15625,0.3125
YAF_hush_neutral_happy,YAF,hush,neutral,happy,YAF_hush_neutral.wav,YAF_hush_happy.wav,-0.0625,-0.375,-0.625,-0.4375,-0.0625,-0.3125,0.5
YAF_hush_neutral_sad,YAF,hush,neutral,sad,YAF_hush_neutral.wav,YAF_hush_sad.wav,-0.8125,-0.5625,-1.53125,-0.3125,0.734375,-0.234375,0.96875
YAF_hush_neutral_angry,YAF,hush,neutral,angry,YAF_hush_neutral.wav,YAF_hush_angry.wav,-1.71875,-2.5,-2.312499523162842,-2.062499523162842,-0.265625,-0.0781245231628418,1.03125
YAF_hush_happy_sad,YAF,hush,happy,sad,YAF_hush_happy.wav,YAF_hush_sad.wav,-1.0625,-0.875,-0.875,-0.5625,0.25,0.25,0.125
YAF_hush_happy_angry,YAF,hush,happy,angry,YAF_hush_happy.wav,YAF_hush_angry.wav,-1.8125,-2.25,-1.96875,-2.062499523162842,-0.2656247615814209,0.0156252384185791,0.3437504768371582
YAF_hush_sad_angry,YAF,hush,sad,angry,YAF_hush_sad.wav,YAF_hush_angry.wav,-1.125,-0.5625,-1.0,-0.71875,0.421875,-0.015625,-0.28125
YAF_jail_neutral_happy,YAF,jail,neutral,happy,YAF_jail_neutral.wav,YAF_jail_happy.wav,-1.28125,-0.25,-0.5625,-0.4375,0.578125,0.265625,-0.90625
YAF_jail_neutral_sad,YAF,jail,neutral,sad,YAF_jail_neutral.wav,YAF_jail_sad.wav,-0.8125,-0.8125,-0.5,-0.3125,0.09375,0.40625,0.1875
YAF_jail_neutral_angry,YAF,jail,neutral,angry,YAF_jail_neutral.wav,YAF_jail_angry.wav,-2.3125,-3.3125,-2.28125,-3.1875,-0.953125,0.078125,0.09375
YAF_jail_happy_sad,YAF,jail,happy,sad,YAF_jail_happy.wav,YAF_jail_sad.wav,-1.0625,-0.625,-0.75,-0.5,0.34375,0.21875,-0.1875
YAF_jail_happy_angry,YAF,jail,happy,angry,YAF_jail_happy.wav,YAF_jail_angry.wav,-1.8125,-2.25,-1.4375,-2.875,-0.9375,-0.125,-1.0
YAF_jail_sad_angry,YAF,jail,sad,angry,YAF_jail_sad.wav,YAF_jail_angry.wav,-0.8750004768371582,-2.0625,-1.5,-2.25,-0.9687497615814209,-0.4062497615814209,0.4374995231628418
YAF_jar_neutral_happy,YAF,jar,neutral,happy,YAF_jar_neutral.wav,YAF_jar_happy.wav,-1.2499995231628418,-1.125,-0.9375,-1.5625,-0.2500002384185791,-0.0625002384185791,-0.7499995231628418
YAF_jar_neutral_sad,YAF,jar,neutral,sad,YAF_jar_neutral.wav,YAF_jar_sad.wav,-0.6562495231628418,-1.125,-0.5,-1.312500238418579,-0.6406253576278687,-0.015625357627868652,-0.3437497615814209
YAF_jar_neutral_angry,YAF,jar,neutral,angry,YAF_jar_neutral.wav,YAF_jar_angry.wav,-1.7499995231628418,-3.59375,-1.875,-3.187500238418579,-1.5781253576278687,0.14062464237213135,0.5312502384185791
YAF_jar_happy_sad,YAF,jar,happy,sad,YAF_jar_happy.wav,YAF_jar_sad.wav,0.25,0.4375,-0.5,-0.125,0.28125,-0.65625,0.1875
YAF_jar_happy_angry,YAF,jar,happy,angry,YAF_jar_happy.wav,YAF_jar_angry.wav,-0.5625,-1.75,-1.3125,-1.8125,-0.84375,-0.40625,0.6875
YAF_jar_sad_angry,YAF,jar,sad,angry,YAF_jar_sad.wav,YAF_jar_angry.wav,-0.75,-0.9375,-0.5,-1.0,-0.34375,0.09375,-0.3125
YAF_join_neutral_happy,YAF,join,neutral,happy,YAF_join_neutral.wav,YAF_join_happy.wav,-1.28125,-1.28125,-1.75,-1.3437495231628418,0.2031252384185791,-0.2656247615814209,0.4062504768371582
YAF_join_neutral_sad,YAF,join,neutral,sad,YAF_join_neutral.wav,YAF_join_sad.wav,-1.15625,-1.875,-1.8125,-1.5625,-0.234375,-0.171875,0.96875
YAF_join_neutral_angry,YAF,join,neutral,angry,YAF_join_neutral.wav,YAF_join_angry.wav,-2.15625,-2.9375,-2.3125,-2.5,-0.484375,0.140625,0.59375
YAF_join_happy_sad,YAF,join,happy,sad,YAF_join_happy.wav,YAF_join_sad.wav,0.5312495231628418,0.0,-0.09375,-0.0625,-0.2499997615814209,-0.3437497615814209,0.5624995231628418
YAF_join_happy_angry,YAF,join,happy,angry,YAF_join_happy.wav,YAF_join_angry.wav,0.7499995231628418,0.0,0.53125,-1.0625,-1.171874761581421,-0.6406247615814209,-0.8437504768371582
YAF_join_sad_angry,YAF,join,sad,angry,YAF_join_sad.wav,YAF_join_angry.wav,-0.9999995231628418,-0.9375,-0.5625,-0.5625,0.0312497615814209,0.4062497615814209,-0.0624995231628418
YAF_judge_neutral_happy,YAF,judge,neutral,happy,YAF_judge_neutral.wav,YAF_judge_happy.wav,-1.0,-0.8125,-0.75,-0.875,0.03125,0.09375,-0.3125
YAF_judge_neutral_sad,YAF,judge,neutral,sad,YAF_judge_neutral.wav,YAF_judge_sad.wav,-0.6875,-1.0625,-0.9375,-0.6875,-0.0625,0.0625,0.625
YAF_judge_neutral_angry,YAF,judge,neutral,angry,YAF_judge_neutral.wav,YAF_judge_angry.wav,-1.0625,-1.5,-0.4375,-0.875,-0.4375,0.625,0.0
YAF_judge_happy_sad,YAF,judge,happy,sad,YAF_judge_happy.wav,YAF_judge_sad.wav,-0.34375,-0.5625,-0.4375,-0.4375,-0.109375,0.015625,0.21875
YAF_judge_happy_angry,YAF,judge,happy,angry,YAF_judge_happy.wav,YAF_judge_angry.wav,0.0,-0.9375,0.3125,-0.5,-0.875,0.375,0.125
YAF_judge_sad_angry,YAF,judge,sad,angry,YAF_judge_sad.wav,YAF_judge_angry.wav,-0.3125,0.0,0.0,-0.0625,0.125,0.125,-0.375
YAF_jug_neutral_happy,YAF,jug,neutral,happy,YAF_jug_neutral.wav,YAF_jug_happy.wav,-0.9687504768371582,0.375,-0.375,-0.9375,0.3906252384185791,-0.3593747615814209,-1.9062504768371582
YAF_jug_neutral_sad,YAF,jug,neutral,sad,YAF_jug_neutral.wav,YAF_jug_sad.wav,-1.2500004768371582,-0.875,-0.375,-1.0,-0.1249997615814209,0.3750002384185791,-1.0000004768371582
YAF_jug_neutral_angry,YAF,jug,neutral,angry,YAF_jug_neutral.wav,YAF_jug_angry.wav,-0.46875,-1.0,-0.1875,-1.0625,-0.703125,0.109375,-0.34375
YAF_jug_happy_sad,YAF,jug,happy,sad,YAF_jug_happy.wav,YAF_jug_sad.wav,-0.6875,-0.8124997615814209,-0.75,-0.6875,-0.03124988079071045,0.03124988079071045,0.1874997615814209
YAF_jug_happy_angry,YAF,jug,happy,angry,YAF_jug_happy.wav,YAF_jug_angry.wav,-0.125,-0.6875,-0.9375,0.1562495231628418,0.2656247615814209,0.015624761581420898,1.6562495231628418
YAF_jug_sad_angry,YAF,jug,sad,angry,YAF_jug_sad.wav,YAF_jug_angry.wav,0.3125,0.59375,0.125,0.9062495231628418,0.5312497615814209,0.0624997615814209,0.4999995231628418
YAF_juice_neutral_happy,YAF,juice,neutral,happy,YAF_juice_neutral.wav,YAF_juice_happy.wav,-0.28125,-0.3750004768371582,-0.4375,0.03125,0.1874997615814209,0.1250002384185791,0.5625004768371582
YAF_juice_neutral_sad,YAF,juice,neutral,sad,YAF_juice_neutral.wav,YAF_juice_sad.wav,-0.84375,-0.84375,-0.625,-0.71875,-0.046875,0.171875,-0.09375
YAF_juice_neutral_angry,YAF,juice,neutral,angry,YAF_juice_neutral.wav,YAF_juice_angry.wav,-0.84375,-0.46875,-0.0625,-0.0625,0.1875,0.59375,-0.375
YAF_juice_happy_sad,YAF,juice,happy,sad,YAF_juice_happy.wav,YAF_juice_sad.wav,-1.09375,-0.5625,-0.9375,-0.90625,0.28125,-0.09375,-0.5
YAF_juice_happy_angry,YAF,juice,happy,angry,YAF_juice_happy.wav,YAF_juice_angry.wav,-1.25,-0.75,-1.375,0.90625,1.390625,0.765625,1.78125
YAF_juice_sad_angry,YAF,juice,sad,angry,YAF_juice_sad.wav,YAF_juice_angry.wav,-0.375,0.125,-0.1875,1.25,0.96875,0.65625,0.9375
YAF_keen_neutral_happy,YAF,keen,neutral,happy,YAF_keen_neutral.wav,YAF_keen_happy.wav,-0.28125,-0.625,-1.5625,-0.375,0.421875,-0.515625,1.53125
YAF_keen_neutral_sad,YAF,keen,neutral,sad,YAF_keen_neutral.wav,YAF_keen_sad.wav,-0.03125,-0.875,-0.8125,-1.0,-0.515625,-0.453125,0.65625
YAF_keen_neutral_angry,YAF,keen,neutral,angry,YAF_keen_neutral.wav,YAF_keen_angry.wav,-1.78125,-3.34375,-1.8125,-3.25,-1.5,0.03125,0.125
YAF_keen_happy_sad,YAF,keen,happy,sad,YAF_keen_happy.wav,YAF_keen_sad.wav,-0.375,-0.8125,-0.625,-0.5,-0.15625,0.03125,0.5625
YAF_keen_happy_angry,YAF,keen,happy,angry,YAF_keen_happy.wav,YAF_keen_angry.wav,-1.375,-2.6875,-1.15625,-2.875,-1.515625,0.015625,-0.40625
YAF_keen_sad_angry,YAF,keen,sad,angry,YAF_keen_sad.wav,YAF_keen_angry.wav,-0.9375,-1.6875,-1.375,-1.8125,-0.59375,-0.28125,0.3125
YAF_keep_neutral_happy,YAF,keep,neutral,happy,YAF_keep_neutral.wav,YAF_keep_happy.wav,-0.25,-0.25,-0.3125,-0.0625,0.125,0.0625,0.25
YAF_keep_neutral_sad,YAF,keep,neutral,sad,YAF_keep_neutral.wav,YAF_keep_sad.wav,-0.125,-0.4375,-0.3125,-1.4375,-0.71875,-0.59375,-0.8125
YAF_keep_neutral_angry,YAF,keep,neutral,angry,YAF_keep_neutral.wav,YAF_keep_angry.wav,-1.375,-3.374999761581421,-1.96875,-1.84375,-0.9374998807907104,0.46874988079071045,2.124999761581421
YAF_keep_happy_sad,YAF,keep,happy,sad,YAF_keep_happy.wav,YAF_keep_sad.wav,-0.75,-0.8125,-0.4375,-1.0,-0.3125,0.0625,-0.5
YAF_keep_happy_angry,YAF,keep,happy,angry,YAF_keep_happy.wav,YAF_keep_angry.wav,-2.25,-2.0625,-1.71875,-1.34375,0.28125,0.625,0.1875
YAF_keep_sad_angry,YAF,keep,sad,angry,YAF_keep_sad.wav,YAF_keep_angry.wav,-1.125,-1.0,-1.125,-0.65625,0.296875,0.171875,0.34375
YAF_keg_neutral_happy,YAF,keg,neutral,happy,YAF_keg_neutral.wav,YAF_keg_happy.wav,-1.5,-1.1875,-0.5625,-1.25,-0.1875,0.4375,-1.0
YAF_keg_neutral_sad,YAF,keg,neutral,sad,YAF_keg_neutral.wav,YAF_keg_sad.wav,-0.03125,-0.6875002384185791,-0.625,-0.75,-0.39062511920928955,-0.32812488079071045,0.5312502384185791
YAF_keg_neutral_angry,YAF,keg,neutral,angry,YAF_keg_neutral.wav,YAF_keg_angry.wav,-1.875,-2.21875,-0.90625,-2.562500476837158,-1.000000238418579,0.3124997615814209,-1.3125004768371582
YAF_keg_happy_sad,YAF,keg,happy,sad,YAF_keg_happy.wav,YAF_keg_sad.wav,0.4375,0.6875,-0.25,-0.5625,-0.03125,-0.96875,-0.5625
YAF_keg_happy_angry,YAF,keg,happy,angry,YAF_keg_happy.wav,YAF_keg_angry.wav,-1.5,-1.3125,-1.6875,-1.5,0.1875,-0.1875,0.0
YAF_keg_sad_angry,YAF,keg,sad,angry,YAF_keg_sad.wav,YAF_keg_angry.wav,-1.6875,-1.59375,-1.875,-1.625,0.171875,-0.109375,0.15625
YAF_kick_neutral_happy,YAF,kick,neutral,happy,YAF_kick_neutral.wav,YAF_kick_happy.wav,-0.375,-0.1875,-0.0625,0.125,0.1875,0.3125,0.0
YAF_kick_neutral_sad,YAF,kick,neutral,sad,YAF_kick_neutral.wav,YAF_kick_sad.wav,-0.1875,0.125,-0.125,0.1875,0.3125,0.0625,0.0
YAF_kick_neutral_angry,YAF,kick,neutral,angry,YAF_kick_neutral.wav,YAF_kick_angry.wav,-1.75,-2.8125,-1.75,-1.53125,-0.421875,0.640625,1.28125
YAF_kick_happy_sad,YAF,kick,happy,sad,YAF_kick_happy.wav,YAF_kick_sad.wav,-0.5625,0.1875,0.1875,-0.0625,0.25,0.25,-1.0
YAF_kick_happy_angry,YAF,kick,happy,angry,YAF_kick_happy.wav,YAF_kick_angry.wav,-1.84375,-2.71875,-1.40625,-1.65625,-0.5625,0.75,0.625
YAF_kick_sad_angry,YAF,kick,sad,angry,YAF_kick_sad.wav,YAF_kick_angry.wav,-2.124999523162842,-1.5625,-1.9375,-1.65625,0.4218747615814209,0.0468747615814209,-0.2812495231628418
YAF_kill_neutral_happy,YAF,kill,neutral,happy,YAF_kill_neutral.wav,YAF_kill_happy.wav,-1.375,-0.6875,-1.624999761581421,-0.3125,0.9999998807907104,0.06250011920928955,0.6249997615814209
YAF_kill_neutral_sad,YAF,kill,neutral,sad,YAF_kill_neutral.wav,YAF_kill_sad.wav,-1.6875,-0.8124997615814209,-0.625,-0.75,0.37500011920928955,0.5624998807907104,-1.000000238418579
YAF_kill_neutral_angry,YAF,kill,neutral,angry,YAF_kill_neutral.wav,YAF_kill_angry.wav,-2.5625,-1.875,-2.625,-3.1875,0.0625,-0.6875,-1.25
YAF_kill_happy_sad,YAF,kill,happy,sad,YAF_kill_happy.wav,YAF_kill_sad.wav,-0.5625,-0.3125,-0.75,-0.375,0.3125,-0.125,0.125
YAF_kill_happy_angry,YAF,kill,happy,angry,YAF_kill_happy.wav,YAF_kill_angry.wav,-2.0,-2.0625,-1.5625,-2.0,-0.25,0.25,-0.375
YAF_kill_sad_angry,YAF,kill,sad,angry,YAF_kill_sad.wav,YAF_kill_angry.wav,-1.0625,-0.625,-0.875,-1.0,0.15625,-0.09375,-0.5625
YAF_king_neutral_happy,YAF,king,neutral,happy,YAF_king_neutral.wav,YAF_king_happy.wav,-0.5,-0.4375,-0.5,-0.75,-0.09375,-0.15625,-0.3125
YAF_king_neutral_sad,YAF,king,neutral,sad,YAF_king_neutral.wav,YAF_king_sad.wav,-0.875,-1.0625,-0.9375,-0.625,0.0625,0.1875,0.5
YAF_king_neutral_angry,YAF,king,neutral,angry,YAF_king_neutral.wav,YAF_king_angry.wav,-1.78125,-3.250000476837158,-1.4687504768371582,-3.062499761581421,-1.5312498807907104,0.25000011920928955,-0.12499880790710449
YAF_king_happy_sad,YAF,king,happy,sad,YAF_king_happy.wav,YAF_king_sad.wav,-0.125,0.3125,-0.40625,-0.125,0.359375,-0.359375,-0.15625
YAF_king_happy_angry,YAF,king,happy,angry,YAF_king_happy.wav,YAF_king_angry.wav,-1.28125,-2.625,-1.28125,-2.5625,-1.3125,0.03125,0.0625
YAF_king_sad_angry,YAF,king,sad,angry,YAF_king_sad.wav,YAF_king_angry.wav,-1.5625,-0.84375,-1.9375,-2.0625,0.296875,-0.796875,-0.84375
YAF_kite_neutral_happy,YAF,kite,neutral,happy,YAF_kite_neutral.wav,YAF_kite_happy.wav,-0.40625,-1.875,-0.75,-1.25,-0.984375,0.140625,0.96875
YAF_kite_neutral_sad,YAF,kite,neutral,sad,YAF_kite_neutral.wav,YAF_kite_sad.wav,0.4375,-0.1875,-0.0625,-0.9375,-0.75,-0.625,-0.25
YAF_kite_neutral_angry,YAF,kite,neutral,angry,YAF_kite_neutral.wav,YAF_kite_angry.wav,-1.78125,-3.406249523162842,-3.03125,-3.437499523162842,-1.0156245231628418,-0.640625,1.21875
YAF_kite_happy_sad,YAF,kite,happy,sad,YAF_kite_happy.wav,YAF_kite_sad.wav,1.3125,1.125,0.1875,0.0,-0.1875,-1.125,0.0
YAF_kite_happy_angry,YAF,kite,happy,angry,YAF_kite_happy.wav,YAF_kite_angry.wav,-1.125,-1.1875,-2.3125,-1.9374995231628418,0.1562502384185791,-0.9687497615814209,0.4375004768371582
YAF_kite_sad_angry,YAF,kite,sad,angry,YAF_kite_sad.wav,YAF_kite_angry.wav,-2.5,-1.4375,-2.5,-2.874999523162842,0.3437502384185791,-0.7187497615814209,-1.4374995231628418
YAF_knock_neutral_happy,YAF,knock,neutral,happy,YAF_knock_neutral.wav,YAF_knock_happy.wav,-0.125,-0.6250004768371582,-0.375,-0.1875,-0.1562502384185791,0.0937502384185791,0.6875004768371582
YAF_knock_neutral_sad,YAF,knock,neutral,sad,YAF_knock_neutral.wav,YAF_knock_sad.wav,-0.8125,-1.8125,-1.0625,-0.9375,-0.4375,0.3125,1.125
YAF_knock_neutral_angry,YAF,knock,neutral,angry,YAF_knock_neutral.wav,YAF_knock_angry.wav,-2.1875,-3.812500238418579,-1.8125,-2.71875,-1.2656251192092896,0.7343751192092896,0.7187502384185791
YAF_knock_happy_sad,YAF,knock,happy,sad,YAF_knock_happy.wav,YAF_knock_sad.wav,-1.4375,-0.6875,-1.3125,-0.9375,0.5625,-0.0625,-0.375
YAF_knock_happy_angry,YAF,knock,happy,angry,YAF_knock_happy.wav,YAF_knock_angry.wav,-1.15625,-2.5625,-1.625,-2.09375,-0.9375,0.0,0.9375
YAF_knock_sad_angry,YAF,knock,sad,angry,YAF_knock_sad.wav,YAF_knock_angry.wav,-1.3749995231628418,-0.46875,-0.9375,-0.84375,0.4999997615814209,0.0312497615814209,-0.8124995231628418
YAF_late_neutral_happy,YAF,late,neutral,happy,YAF_late_neutral.wav,YAF_late_happy.wav,0.0,0.25,0.125,-0.375,-0.125,-0.25,-0.75
YAF_late_neutral_sad,YAF,late,neutral,sad,YAF_late_neutral.wav,YAF_late_sad.wav,-1.1875,-1.625,-0.75,-1.375,-0.53125,0.34375,-0.1875
YAF_late_neutral_angry,YAF,late,neutral,angry,YAF_late_neutral.wav,YAF_late_angry.wav,-2.34375,-3.28125,-2.406249523162842,-2.8125,-0.6718752384185791,0.2031252384185791,0.5312495231628418
YAF_late_happy_sad,YAF,late,happy,sad,YAF_late_happy.wav,YAF_late_sad.wav,-1.1874995231628418,-1.0,-0.75,-1.0625,-0.0625002384185791,0.1874997615814209,-0.4999995231628418
YAF_late_happy_angry,YAF,late,happy,angry,YAF_late_happy.wav,YAF_late_angry.wav,-2.656249523162842,-3.625000476837158,-2.375,-2.1875,-0.3906254768371582,0.859375,1.1562509536743164
YAF_late_sad_angry,YAF,late,sad,angry,YAF_late_sad.wav,YAF_late_angry.wav,-0.90625,-1.46875,-1.375,-1.0,-0.09375,0.0,0.9375
YAF_laud_neutral_happy,YAF,laud,neutral,happy,YAF_laud_neutral.wav,YAF_laud_happy.wav,-0.8125,-0.8125,-1.0625,-1.0625,0.0,-0.25,0.0
YAF_laud_neutral_sad,YAF,laud,neutral,sad,YAF_laud_neutral.wav,YAF_laud_sad.wav,-1.375,-1.0625,-0.6875,-0.8125,0.09375,0.46875,-0.4375
YAF_laud_neutral_angry,YAF,laud,neutral,angry,YAF_laud_neutral.wav,YAF_laud_angry.wav,-2.96875,-3.0625,-2.75,-2.59375,0.03125,0.34375,0.25
YAF_laud_happy_sad,YAF,laud,happy,sad,YAF_laud_happy.wav,YAF_laud_sad.wav,-0.1875,-0.25,-0.625,-0.125,0.21875,-0.15625,0.5625
YAF_laud_happy_angry,YAF,laud,happy,angry,YAF_laud_happy.wav,YAF_laud_angry.wav,-2.03125,-1.90625,-2.0625,-1.46875,0.359375,0.203125,0.46875
YAF_laud_sad_angry,YAF,laud,sad,angry,YAF_laud_sad.wav,YAF_laud_angry.wav,-1.5,-1.34375,-1.375,-1.28125,0.125,0.09375,-0.0625
YAF_lean_neutral_happy,YAF,lean,neutral,happy,YAF_lean_neutral.wav,YAF_lean_happy.wav,-0.0625,0.0625,-0.6875,-0.3125,0.25,-0.5,0.25
YAF_lean_neutral_sad,YAF,lean,neutral,sad,YAF_lean_neutral.wav,YAF_lean_sad.wav,-0.96875,-0.625,-0.3125,-0.625,0.015625,0.328125,-0.65625
YAF_lean_neutral_angry,YAF,lean,neutral,angry,YAF_lean_neutral.wav,YAF_lean_angry.wav,-2.0,-3.125000476837158,-2.125,-2.53125,-0.7656252384185791,0.2343752384185791,0.7187504768371582
YAF_lean_happy_sad,YAF,lean,happy,sad,YAF_lean_happy.wav,YAF_lean_sad.wav,-1.3125,-0.4375,-0.875,-0.5625,0.59375,0.15625,-0.5625
YAF_lean_happy_angry,YAF,lean,happy,angry,YAF_lean_happy.wav,YAF_lean_angry.wav,-2.34375,-2.499999523162842,-2.1875,-2.59375,-0.2812497615814209,0.0312497615814209,-0.2500004768371582
YAF_lean_sad_angry,YAF,lean,sad,angry,YAF_lean_sad.wav,YAF_lean_angry.wav,-1.3125,-1.40625,-1.125,-1.59375,-0.28125,0.0,-0.375
YAF_learn_neutral_happy,YAF,learn,neutral,happy,YAF_learn_neutral.wav,YAF_learn_happy.wav,-1.1875,-0.875,-0.4375,-0.5,0.125,0.5625,-0.375
YAF_learn_neutral_sad,YAF,learn,neutral,sad,YAF_learn_neutral.wav,YAF_learn_sad.wav,-2.125,-1.875,-1.25,-1.5,0.0,0.625,-0.5
YAF_learn_neutral_angry,YAF,learn,neutral,angry,YAF_learn_neutral.wav,YAF_learn_angry.wav,-2.812500476837158,-2.750000238418579,-2.0625,-2.6875,-0.28124988079071045,0.40625035762786865,-0.6875002384185791
YAF_learn_happy_sad,YAF,learn,happy,sad,YAF_learn_happy.wav,YAF_learn_sad.wav,-0.5,-0.625,-0.625,-1.25,-0.375,-0.375,-0.5
YAF_learn_happy_angry,YAF,learn,happy,angry,YAF_learn_happy.wav,YAF_learn_angry.wav,-1.5625,-2.375,-1.1875,-1.9375,-0.78125,0.40625,0.0625
YAF_learn_sad_angry,YAF,learn,sad,angry,YAF_learn_sad.wav,YAF_learn_angry.wav,-0.78125,-1.5,-1.1875,-0.9375,-0.234375,0.078125,0.96875
YAF_lease_neutral_happy,YAF,lease,neutral,happy,YAF_lease_neutral.wav,YAF_lease_happy.wav,-0.5625,-0.03125,-0.3125,0.5,0.671875,0.390625,0.28125
YAF_lease_neutral_sad,YAF,lease,neutral,sad,YAF_lease_neutral.wav,YAF_lease_sad.wav,-1.71875,-1.1875,-0.71875,-0.9375,0.15625,0.625,-0.75
YAF_lease_neutral_angry,YAF,lease,neutral,angry,YAF_lease_neutral.wav,YAF_lease_angry.wav,-2.53125,-1.90625,-1.8125004768371582,-1.84375,0.2968752384185791,0.3906247615814209,-0.6562495231628418
YAF_lease_happy_sad,YAF,lease,happy,sad,YAF_lease_happy.wav,YAF_lease_sad.wav,-0.96875,-0.3125,-0.71875,-0.5,0.4375,0.03125,-0.4375
YAF_lease_happy_angry,YAF,lease,happy,angry,YAF_lease_happy.wav,YAF_lease_angry.wav,-2.09375,-2.25,-2.1875,-1.90625,0.0625,0.125,0.4375
YAF_lease_sad_angry,YAF,lease,sad,angry,YAF_lease_sad.wav,YAF_lease_angry.wav,-0.90625,-0.90625,-1.0625004768371582,-0.5625,0.2500002384185791,0.0937497615814209,0.5000004768371582
YAF_lid_neutral_happy,YAF,lid,neutral,happy,YAF_lid_neutral.wav,YAF_lid_happy.wav,-0.3125,-0.3125,-1.3125,-0.5625,0.375,-0.625,0.75
YAF_lid_neutral_sad,YAF,lid,neutral,sad,YAF_lid_neutral.wav,YAF_lid_sad.wav,-0.6875004768371582,-0.75,-0.25,-0.3125,-0.0624997615814209,0.4375002384185791,-4.76837158203125e-07
YAF_lid_neutral_angry,YAF,lid,neutral,angry,YAF_lid_neutral.wav,YAF_lid_angry.wav,-2.531250476837158,-2.75,-1.875,-2.0625,-0.2031247615814209,0.6718752384185791,0.031249523162841797
YAF_lid_happy_sad,YAF,lid,happy,sad,YAF_lid_happy.wav,YAF_lid_sad.wav,-0.125,0.3125,-0.125,-0.125,0.21875,-0.21875,-0.4375
YAF_lid_happy_angry,YAF,lid,happy,angry,YAF_lid_happy.wav,YAF_lid_angry.wav,-1.15625,-1.375,-1.0625,-1.875,-0.515625,-0.203125,-0.59375
YAF_lid_sad_angry,YAF,lid,sad,angry,YAF_lid_sad.wav,YAF_lid_angry.wav,-0.875,-0.0625,-1.437500238418579,-0.875,0.6875001192092896,-0.6875001192092896,-0.2499997615814209
YAF_life_neutral_happy,YAF,life,neutral,happy,YAF_life_neutral.wav,YAF_life_happy.wav,-0.0625,0.3125,0.0625,-0.40625,-0.046875,-0.296875,-0.84375
YAF_life_neutral_sad,YAF,life,neutral,sad,YAF_life_neutral.wav,YAF_life_sad.wav,-1.0,-0.4375,-0.75,-0.375,0.46875,0.15625,-0.1875
YAF_life_neutral_angry,YAF,life,neutral,angry,YAF_life_neutral.wav,YAF_life_angry.wav,-2.843750476837158,-1.6875,-1.9375,-3.0,0.0468752384185791,-0.2031247615814209,-2.218750476837158
YAF_life_happy_sad,YAF,life,happy,sad,YAF_life_happy.wav,YAF_life_sad.wav,-0.125,-0.3125,-0.9375,-0.625,0.0625,-0.5625,0.5
YAF_life_happy_angry,YAF,life,happy,angry,YAF_life_happy.wav,YAF_life_angry.wav,-1.78125,-2.0625,-1.7187495231628418,-2.25,-0.4062502384185791,-0.0624997615814209,-0.2500004768371582
YAF_life_sad_angry,YAF,life,sad,angry,YAF_life_sad.wav,YAF_life_angry.wav,-0.875,-0.625,-1.25,-1.125,0.1875,-0.4375,-0.125
YAF_limb_neutral_happy,YAF,limb,neutral,happy,YAF_limb_neutral.wav,YAF_limb_happy.wav,-0.0625,-0.125,-0.75,-0.125,0.28125,-0.34375,0.6875
YAF_limb_neutral_sad,YAF,limb,neutral,sad,YAF_limb_neutral.wav,YAF_limb_sad.wav,-0.5,-0.5625,-1.0625,-0.625,0.1875,-0.3125,0.5
YAF_limb_neutral_angry,YAF,limb,neutral,angry,YAF_limb_neutral.wav,YAF_limb_angry.wav,-2.1875,-3.375,-2.4375,-3.0625,-0.90625,0.03125,0.5625
YAF_limb_happy_sad,YAF,limb,happy,sad,YAF_limb_happy.wav,YAF_limb_sad.wav,-1.6250004768371582,-0.3125,-0.5625,-0.5,0.6875002384185791,0.4375002384185791,-1.2500004768371582
YAF_limb_happy_angry,YAF,limb,happy,angry,YAF_limb_happy.wav,YAF_limb_angry.wav,-2.406250476837158,-2.125000476837158,-2.25,-2.25,0.140625,0.015625476837158203,-0.28125
YAF_limb_sad_angry,YAF,limb,sad,angry,YAF_limb_sad.wav,YAF_limb_angry.wav,-0.875,-0.8125,-1.5,-1.15625,0.203125,-0.484375,0.28125
YAF_live_neutral_happy,YAF,live,neutral,happy,YAF_live_neutral.wav,YAF_live_happy.wav,-0.9375,-0.4375,-0.53125,-0.1875,0.421875,0.328125,-0.15625
YAF_live_neutral_sad,YAF,live,neutral,sad,YAF_live_neutral.wav,YAF_live_sad.wav,-1.125,-0.6875,-0.8125,-1.0625,0.09375,-0.03125,-0.6875
YAF_live_neutral_angry,YAF,live,neutral,angry,YAF_live_neutral.wav,YAF_live_angry.wav,-1.75,-2.90625,-1.9375,-2.71875,-0.96875,0.0,0.375
YAF_live_happy_sad,YAF,live,happy,sad,YAF_live_happy.wav,YAF_live_sad.wav,-0.3125,-0.25,-0.4375,-0.4375,0.03125,-0.15625,-0.0625
YAF_live_happy_angry,YAF,live,happy,angry,YAF_live_happy.wav,YAF_live_angry.wav,-1.4375,-2.0625,-1.375,-1.84375,-0.546875,0.140625,0.15625
YAF_live_sad_angry,YAF,live,sad,angry,YAF_live_sad.wav,YAF_live_angry.wav,-1.125,-0.9375,-1.3125,-0.71875,0.390625,0.015625,0.40625
YAF_loaf_neutral_happy,YAF,loaf,neutral,happy,YAF_loaf_neutral.wav,YAF_loaf_happy.wav,-0.125,-0.8125,-0.5,-0.4375,-0.3125,0.0,0.75
YAF_loaf_neutral_sad,YAF,loaf,neutral,sad,YAF_loaf_neutral.wav,YAF_loaf_sad.wav,-1.0312504768371582,-1.5625,-1.25,-2.1875,-0.7343747615814209,-0.4218747615814209,-0.4062504768371582
YAF_loaf_neutral_angry,YAF,loaf,neutral,angry,YAF_loaf_neutral.wav,YAF_loaf_angry.wav,-2.156250476837158,-2.093750476837158,-2.6875,-2.46875,0.140625,-0.4531245231628418,0.15625
YAF_loaf_happy_sad,YAF,loaf,happy,sad,YAF_loaf_happy.wav,YAF_loaf_sad.wav,-0.75,-0.1875,-0.5625,-0.9375,0.09375,-0.28125,-0.9375
YAF_loaf_happy_angry,YAF,loaf,happy,angry,YAF_loaf_happy.wav,YAF_loaf_angry.wav,-2.031250476837158,-2.156250476837158,-1.9375,-1.65625,0.078125,0.2968754768371582,0.40625
YAF_loaf_sad_angry,YAF,loaf,sad,angry,YAF_loaf_sad.wav,YAF_loaf_angry.wav,-1.09375,-0.96875,-1.0625,-0.40625,0.390625,0.296875,0.53125
YAF_long_neutral_happy,YAF,long,neutral,happy,YAF_long_neutral.wav,YAF_long_happy.wav,-1.09375,-0.6875,-0.875,-1.25,0.015625,-0.171875,-0.78125
YAF_long_neutral_sad,YAF,long,neutral,sad,YAF_long_neutral.wav,YAF_long_sad.wav,-1.96875,-1.375,-2.125,-1.5,0.609375,-0.140625,0.03125
YAF_long_neutral_angry,YAF,long,neutral,angry,YAF_long_neutral.wav,YAF_long_angry.wav,-2.21875,-1.9375,-2.406249523162842,-2.84375,-0.0781252384185791,-0.5468747615814209,-0.7187504768371582
YAF_long_happy_sad,YAF,long,happy,sad,YAF_long_happy.wav,YAF_long_sad.wav,-0.5625,-0.125,-0.8437504768371582,-0.4375,0.4218752384185791,-0.2968752384185791,-0.031249523162841797
YAF_long_happy_angry,YAF,long,happy,angry,YAF_long_happy.wav,YAF_long_angry.wav,-1.25,-1.3125,-1.5,-1.78125,-0.171875,-0.359375,-0.21875
YAF_long_sad_angry,YAF,long,sad,angry,YAF_long_sad.wav,YAF_long_angry.wav,-0.34375,-1.1875,-0.75,-0.625,-0.359375,0.078125,0.96875
YAF_lore_neutral_happy,YAF,lore,neutral,happy,YAF_lore_neutral.wav,YAF_lore_happy.wav,-1.0,-0.4375,-0.4375,-1.0,0.0,0.0,-1.125
YAF_lore_neutral_sad,YAF,lore,neutral,sad,YAF_lore_neutral.wav,YAF_lore_sad.wav,-0.9375,-0.8125,-0.875,-0.8125,0.09375,0.03125,-0.0625
YAF_lore_neutral_angry,YAF,lore,neutral,angry,YAF_lore_neutral.wav,YAF_lore_angry.wav,-1.6875,-2.25,-2.0625,-2.187499523162842,-0.3437497615814209,-0.1562497615814209,0.4375004768371582
YAF_lore_happy_sad,YAF,lore,happy,sad,YAF_lore_happy.wav,YAF_lore_sad.wav,0.0625,0.0,-0.0625,-0.0625,-0.03125,-0.09375,0.0625
YAF_lore_happy_angry,YAF,lore,happy,angry,YAF_lore_happy.wav,YAF_lore_angry.wav,-1.1562495231628418,-1.4375,-1.125,-1.3124995231628418,-0.234375,0.078125,0.0937509536743164
YAF_lore_sad_angry,YAF,lore,sad,angry,YAF_lore_sad.wav,YAF_lore_angry.wav,-0.625,-1.25,-1.1875,-1.0625,-0.25,-0.1875,0.75
YAF_lose_neutral_happy,YAF,lose,neutral,happy,YAF_lose_neutral.wav,YAF_lose_happy.wav,-0.6875,-0.25,-0.1875,-0.125,0.25,0.3125,-0.375
YAF_lose_neutral_sad,YAF,lose,neutral,sad,YAF_lose_neutral.wav,YAF_lose_sad.wav,-1.46875,-1.0625,-1.15625,-1.3125,0.125,0.03125,-0.5625
YAF_lose_neutral_angry,YAF,lose,neutral,angry,YAF_lose_neutral.wav,YAF_lose_angry.wav,-2.28125,-2.9375,-1.84375,-2.0,-0.40625,0.6875,0.5
YAF_lose_happy_sad,YAF,lose,happy,sad,YAF_lose_happy.wav,YAF_lose_sad.wav,-0.5,-0.625,-1.34375,-0.8125,0.203125,-0.515625,0.65625
YAF_lose_happy_angry,YAF,lose,happy,angry,YAF_lose_happy.wav,YAF_lose_angry.wav,-1.46875,-1.625,-1.25,-1.5625,-0.234375,0.140625,-0.15625
YAF_lose_sad_angry,YAF,lose,sad,angry,YAF_lose_sad.wav,YAF_lose_angry.wav,-0.875,-0.09375,-0.59375,-0.5625,0.40625,-0.09375,-0.75
YAF_lot_neutral_happy,YAF,lot,neutral,happy,YAF_lot_neutral.wav,YAF_lot_happy.wav,-0.9375,-0.5625,-1.3125,-1.4375,0.125,-0.625,-0.5
YAF_lot_neutral_sad,YAF,lot,neutral,sad,YAF_lot_neutral.wav,YAF_lot_sad.wav,-1.125,-1.1875,-0.75,-1.0,-0.15625,0.28125,-0.1875
YAF_lot_neutral_angry,YAF,lot,neutral,angry,YAF_lot_neutral.wav,YAF_lot_angry.wav,-3.0,-3.375,-4.25,-3.125000476837158,0.3749997615814209,-0.5000002384185791,1.4999995231628418
YAF_lot_happy_sad,YAF,lot,happy,sad,YAF_lot_happy.wav,YAF_lot_sad.wav,0.0625,-0.25,-0.71875,-0.75,-0.171875,-0.640625,0.28125
YAF_lot_happy_angry,YAF,lot,happy,angry,YAF_lot_happy.wav,YAF_lot_angry.wav,-1.75,-2.5,-2.28125,-2.062500476837158,-0.2656252384185791,-0.0468752384185791,0.9687495231628418
YAF_lot_sad_angry,YAF,lot,sad,angry,YAF_lot_sad.wav,YAF_lot_angry.wav,-1.8125,-1.53125,-1.75,-1.0,0.515625,0.296875,0.46875
YAF_love_neutral_happy,YAF,love,neutral,happy,YAF_love_neutral.wav,YAF_love_happy.wav,-0.5,-0.0625,-1.0,-0.0625,0.6875,-0.25,0.5
YAF_love_neutral_sad,YAF,love,neutral,sad,YAF_love_neutral.wav,YAF_love_sad.wav,-1.125,-0.5,-0.625,-1.1875,0.03125,-0.09375,-1.1875
YAF_love_neutral_angry,YAF,love,neutral,angry,YAF_love_neutral.wav,YAF_love_angry.wav,-2.375,-2.125,-2.125,-1.75,0.3125,0.3125,0.125
YAF_love_happy_sad,YAF,love,happy,sad,YAF_love_happy.wav,YAF_love_sad.wav,-0.5,-0.5,-0.625,-0.75,-0.0625,-0.1875,-0.125
YAF_love_happy_angry,YAF,love,happy,angry,YAF_love_happy.wav,YAF_love_angry.wav,-1.6874995231628418,-1.5,-1.9375004768371582,-1.375,0.375,-0.0625004768371582,0.3750009536743164
YAF_love_sad_angry,YAF,love,sad,angry,YAF_love_sad.wav,YAF_love_angry.wav,-1.3125,-1.28125,-1.4375,-0.8125,0.328125,0.171875,0.59375
YAF_luck_neutral_happy,YAF,luck,neutral,happy,YAF_luck_neutral.wav,YAF_luck_happy.wav,0.0625,-0.5625,-0.4375,-0.125,-0.15625,-0.03125,0.9375
YAF_luck_neutral_sad,YAF,luck,neutral,sad,YAF_luck_neutral.wav,YAF_luck_sad.wav,-0.8125,-1.625,-0.625,-0.8125,-0.5,0.5,0.625
YAF_luck_neutral_angry,YAF,luck,neutral,angry,YAF_luck_neutral.wav,YAF_luck_angry.wav,-1.875,-3.0625,-1.5,-2.687500238418579,-1.1875001192092896,0.37499988079071045,-2.384185791015625e-07
YAF_luck_happy_sad,YAF,luck,happy,sad,YAF_luck_happy.wav,YAF_luck_sad.wav,-0.9375,-0.6875,-1.0625,-0.8125,0.25,-0.125,0.0
YAF_luck_happy_angry,YAF,luck,happy,angry,YAF_luck_happy.wav,YAF_luck_angry.wav,-2.0625,-1.375,-1.875,-1.5625,0.5,0.0,-0.375
YAF_luck_sad_angry,YAF,luck,sad,angry,YAF_luck_sad.wav,YAF_luck_angry.wav,-1.0,-0.25,-1.5625,-0.5625,0.875,-0.4375,0.25
YAF_make_neutral_happy,YAF,make,neutral,happy,YAF_make_neutral.wav,YAF_make_happy.wav,-0.0625,0.6875,0.0,0.25,0.5,-0.1875,-0.5
YAF_make_neutral_sad,YAF,make,neutral,sad,YAF_make_neutral.wav,YAF_make_sad.wav,-1.0625,-1.3125,-1.1875,-1.4375,-0.25,-0.125,0.0
YAF_make_neutral_angry,YAF,make,neutral,angry,YAF_make_neutral.wav,YAF_make_angry.wav,-2.0,-3.09375,-2.0625,-2.78125,-0.90625,0.125,0.375
YAF_make_happy_sad,YAF,make,happy,sad,YAF_make_happy.wav,YAF_make_sad.wav,-1.375,-1.25,-1.1875,-1.0,0.15625,0.21875,0.0625
YAF_make_happy_angry,YAF,make,happy,angry,YAF_make_happy.wav,YAF_make_angry.wav,-2.25,-2.125,-1.6875,-2.65625,-0.421875,0.015625,-1.09375
YAF_make_sad_angry,YAF,make,sad,angry,YAF_make_sad.wav,YAF_make_angry.wav,-1.0625,-0.5,-0.75,-1.34375,-0.015625,-0.265625,-1.15625
YAF_match_neutral_happy,YAF,match,neutral,happy,YAF_match_neutral.wav,YAF_match_happy.wav,-0.5937495231628418,-0.625,-0.8125,-1.3125,-0.2656252384185791,-0.4531252384185791,-0.4687495231628418
YAF_match_neutral_sad,YAF,match,neutral,sad,YAF_match_neutral.wav,YAF_match_sad.wav,-1.1562495231628418,-1.625,-1.328125,-1.25,-0.1953127384185791,0.1015622615814209,0.5468754768371582
YAF_match_neutral_angry,YAF,match,neutral,angry,YAF_match_neutral.wav,YAF_match_angry.wav,-2.093749523162842,-3.25,-1.96875,-2.3125,-0.7500002384185791,0.5312497615814209,0.8125004768371582
YAF_match_happy_sad,YAF,match,happy,sad,YAF_match_happy.wav,YAF_match_sad.wav,-0.65625,-0.625,-1.0,-0.8125,0.109375,-0.265625,0.15625
YAF_match_happy_angry,YAF,match,happy,angry,YAF_match_happy.wav,YAF_match_angry.wav,-1.4687495231628418,-2.0,-1.5625,-1.8125,-0.3906252384185791,0.0468747615814209,0.2812504768371582
YAF_match_sad_angry,YAF,match,sad,angry,YAF_match_sad.wav,YAF_match_angry.wav,-0.6875,-0.7812504768371582,-0.8125,-0.6875,0.015624761581420898,-0.015624761581420898,0.2187504768371582
YAF_merge_neutral_happy,YAF,merge,neutral,happy,YAF_merge_neutral.wav,YAF_merge_happy.wav,0.25,-0.5625,-0.5625,-0.25,-0.25,-0.25,1.125
YAF_merge_neutral_sad,YAF,merge,neutral,sad,YAF_merge_neutral.wav,YAF_merge_sad.wav,-1.46875,-0.875,-1.625,-1.25,0.484375,-0.265625,-0.21875
YAF_merge_neutral_angry,YAF,merge,neutral,angry,YAF_merge_neutral.wav,YAF_merge_angry.wav,-1.40625,-2.500000476837158,-1.375,-1.9687504768371582,-0.8437504768371582,0.28125,0.5
YAF_merge_happy_sad,YAF,merge,happy,sad,YAF_merge_happy.wav,YAF_merge_sad.wav,-0.6875,-0.5,-0.5625,-1.0625,-0.15625,-0.21875,-0.6875
YAF_merge_happy_angry,YAF,merge,happy,angry,YAF_merge_happy.wav,YAF_merge_angry.wav,-1.34375,-1.5,-1.125,-1.34375,-0.1875,0.1875,-0.0625
YAF_merge_sad_angry,YAF,merge,sad,angry,YAF_merge_sad.wav,YAF_merge_angry.wav,-0.5,-0.3125,-0.75,0.125,0.53125,0.09375,0.6875
YAF_mess_neutral_happy,YAF,mess,neutral,happy,YAF_mess_neutral.wav,YAF_mess_happy.wav,-0.34375,-0.0625,-0.375,-0.375,0.140625,-0.171875,-0.28125
YAF_mess_neutral_sad,YAF,mess,neutral,sad,YAF_mess_neutral.wav,YAF_mess_sad.wav,-1.34375,-1.5625,-1.25,-1.3125,-0.140625,0.171875,0.15625
YAF_mess_neutral_angry,YAF,mess,neutral,angry,YAF_mess_neutral.wav,YAF_mess_angry.wav,-2.09375,-2.218749523162842,-1.96875,-2.34375,-0.2499997615814209,-2.384185791015625e-07,-0.2500004768371582
YAF_mess_happy_sad,YAF,mess,happy,sad,YAF_mess_happy.wav,YAF_mess_sad.wav,-1.1875,-1.34375,-0.9375,-1.0625,-0.140625,0.265625,0.03125
YAF_mess_happy_angry,YAF,mess,happy,angry,YAF_mess_happy.wav,YAF_mess_angry.wav,-1.71875,-1.8125,-1.8749995231628418,-1.78125,-2.384185791015625e-07,-0.0624997615814209,0.1874995231628418
YAF_mess_sad_angry,YAF,mess,sad,angry,YAF_mess_sad.wav,YAF_mess_angry.wav,-0.75,-0.84375,-0.84375,-0.875,-0.0625,-0.0625,0.0625
YAF_met_neutral_happy,YAF,met,neutral,happy,YAF_met_neutral.wav,YAF_met_happy.wav,-0.4375,-1.25,-0.625,-1.125,-0.65625,-0.03125,0.3125
YAF_met_neutral_sad,YAF,met,neutral,sad,YAF_met_neutral.wav,YAF_met_sad.wav,-1.3125,-1.125,-0.625,-1.28125,-0.234375,0.265625,-0.84375
YAF_met_neutral_angry,YAF,met,neutral,angry,YAF_met_neutral.wav,YAF_met_angry.wav,-2.375,-2.8125,-2.4375,-2.5,-0.25,0.125,0.375
YAF_met_happy_sad,YAF,met,happy,sad,YAF_met_happy.wav,YAF_met_sad.wav,-1.1875,-0.625,-1.0625,-0.71875,0.453125,0.015625,-0.21875
YAF_met_happy_angry,YAF,met,happy,angry,YAF_met_happy.wav,YAF_met_angry.wav,-1.28125,-1.75,-0.96875,-1.625,-0.5625,0.21875,-0.1875
YAF_met_sad_angry,YAF,met,sad,angry,YAF_met_sad.wav,YAF_met_angry.wav,-1.59375,-1.1875,-1.65625,-1.0,0.53125,0.0625,0.25
YAF_mill_neutral_happy,YAF,mill,neutral,happy,YAF_mill_neutral.wav,YAF_mill_happy.wav,-1.0000004768371582,-0.875,-0.75,-1.09375,-0.1093747615814209,0.0156252384185791,-0.4687504768371582
YAF_mill_neutral_sad,YAF,mill,neutral,sad,YAF_mill_neutral.wav,YAF_mill_sad.wav,-0.84375,-0.375,-0.8125,-1.125,0.078125,-0.359375,-0.78125
YAF_mill_neutral_angry,YAF,mill,neutral,angry,YAF_mill_neutral.wav,YAF_mill_angry.wav,-2.281250476837158,-3.34375,-2.499999523162842,-2.9375,-0.75,0.0937504768371582,0.6249990463256836
YAF_mill_happy_sad,YAF,mill,happy,sad,YAF_mill_happy.wav,YAF_mill_sad.wav,-0.6875,-0.125,-0.625,-0.4375,0.375,-0.125,-0.375
YAF_mill_happy_angry,YAF,mill,happy,angry,YAF_mill_happy.wav,YAF_mill_angry.wav,-1.75,-2.0,-1.78125,-2.3125,-0.390625,-0.171875,-0.28125
YAF_mill_sad_angry,YAF,mill,sad,angry,YAF_mill_sad.wav,YAF_mill_angry.wav,-0.6875,-0.6875,-0.6875,-1.375,-0.34375,-0.34375,-0.6875
YAF_mob_neutral_happy,YAF,mob,neutral,happy,YAF_mob_neutral.wav,YAF_mob_happy.wav,-0.1875,-0.25,-0.21875,-1.25,-0.546875,-0.515625,-0.96875
YAF_mob_neutral_sad,YAF,mob,neutral,sad,YAF_mob_neutral.wav,YAF_mob_sad.wav,-0.7812495231628418,-0.8125002384185791,-1.3125,-1.375,-0.04687535762786865,-0.5468751192092896,-0.031249284744262695
YAF_mob_neutral_angry,YAF,mob,neutral,angry,YAF_mob_neutral.wav,YAF_mob_angry.wav,-2.124999523162842,-2.875,-2.25,-3.125000238418579,-0.8125003576278687,-0.18750035762786865,-0.1249997615814209
YAF_mob_happy_sad,YAF,mob,happy,sad,YAF_mob_happy.wav,YAF_mob_sad.wav,-0.6875,-0.625,-1.3125,-0.8125,0.28125,-0.40625,0.4375
YAF_mob_happy_angry,YAF,mob,happy,angry,YAF_mob_happy.wav,YAF_mob_angry.wav,-1.5,-2.3125,-1.40625,-2.125,-0.765625,0.140625,0.09375
YAF_mob_sad_angry,YAF,mob,sad,angry,YAF_mob_sad.wav,YAF_mob_angry.wav,-0.6875,-0.75,-1.5625,-1.0625,0.21875,-0.59375,0.5625
YAF_mode_neutral_happy,YAF,mode,neutral,happy,YAF_mode_neutral.wav,YAF_mode_happy.wav,-1.375,-1.8124995231628418,-0.875,-0.8125,-0.1874997615814209,0.7499997615814209,0.4999995231628418
YAF_mode_neutral_sad,YAF,mode,neutral,sad,YAF_mode_neutral.wav,YAF_mode_sad.wav,-1.75,-1.0,-1.3125,-1.75,0.15625,-0.15625,-1.1875
YAF_mode_neutral_angry,YAF,mode,neutral,angry,YAF_mode_neutral.wav,YAF_mode_angry.wav,-2.375,-1.6875,-1.625,-2.375000476837158,-0.0312502384185791,0.0312497615814209,-1.4375004768371582
YAF_mode_happy_sad,YAF,mode,happy,sad,YAF_mode_happy.wav,YAF_mode_sad.wav,-0.875,-0.3125002384185791,-1.5,-0.625,0.7187498807907104,-0.46874988079071045,0.3125002384185791
YAF_mode_happy_angry,YAF,mode,happy,angry,YAF_mode_happy.wav,YAF_mode_angry.wav,-0.9375,-1.1875,-0.1875,-1.5625004768371582,-0.8125002384185791,0.1874997615814209,-1.1250004768371582
YAF_mode_sad_angry,YAF,mode,sad,angry,YAF_mode_sad.wav,YAF_mode_angry.wav,-0.40625,-0.4375,-1.1875,-0.5312504768371582,0.3124997615814209,-0.4375002384185791,0.6874995231628418
YAF_mood_neutral_happy,YAF,mood,neutral,happy,YAF_mood_neutral.wav,YAF_mood_happy.wav,-0.25,-0.34375,-0.25,-0.625,-0.234375,-0.140625,-0.28125
YAF_mood_neutral_sad,YAF,mood,neutral,sad,YAF_mood_neutral.wav,YAF_mood_sad.wav,-0.65625,-0.625,-0.40625,-0.9375,-0.25,-0.03125,-0.5625
YAF_mood_neutral_angry,YAF,mood,neutral,angry,YAF_mood_neutral.wav,YAF_mood_angry.wav,-1.34375,-2.125,-1.75,-1.625,-0.328125,0.046875,0.90625
YAF_mood_happy_sad,YAF,mood,happy,sad,YAF_mood_happy.wav,YAF_mood_sad.wav,-1.25,-0.6874997615814209,-1.4687504768371582,-0.8125,0.6093753576278687,-0.17187535762786865,0.0937502384185791
YAF_mood_happy_angry,YAF,mood,happy,angry,YAF_mood_happy.wav,YAF_mood_angry.wav,-1.6250004768371582,-1.5625,-1.6875004768371582,-1.6875,0.0312504768371582,-0.09375,-0.0625
YAF_mood_sad_angry,YAF,mood,sad,angry,YAF_mood_sad.wav,YAF_mood_angry.wav,-1.09375,-1.0312495231628418,-0.9375,-0.5625,0.2187502384185791,0.3124997615814209,0.3124995231628418
YAF_moon_neutral_happy,YAF,moon,neutral,happy,YAF_moon_neutral.wav,YAF_moon_happy.wav,-0.5625,0.125,0.3125,0.0,0.1875,0.375,-1.0
YAF_moon_neutral_sad,YAF,moon,neutral,sad,YAF_moon_neutral.wav,YAF_moon_sad.wav,-1.0625,-1.25,-0.8125,-1.5625,-0.46875,-0.03125,-0.5625
YAF_moon_neutral_angry,YAF,moon,neutral,angry,YAF_moon_neutral.wav,YAF_moon_angry.wav,-2.03125,-2.71875,-1.59375,-2.0625,-0.578125,0.546875,0.21875
YAF_moon_happy_sad,YAF,moon,happy,sad,YAF_moon_happy.wav,YAF_moon_sad.wav,-1.1875,-0.9375,-0.875,-1.1875,-0.03125,0.03125,-0.5625
YAF_moon_happy_angry,YAF,moon,happy,angry,YAF_moon_happy.wav,YAF_moon_angry.wav,-2.3125,-1.84375,-2.0625,-1.875,0.328125,0.109375,-0.28125
YAF_moon_sad_angry,YAF,moon,sad,angry,YAF_moon_sad.wav,YAF_moon_angry.wav,-0.84375,-1.1875,-1.2499995231628418,-1.1875,-0.1406252384185791,-0.2031247615814209,0.4062495231628418
YAF_mop_neutral_happy,YAF,mop,neutral,happy,YAF_mop_neutral.wav,YAF_mop_happy.wav,-0.84375,-0.4375,0.0,0.0,0.203125,0.640625,-0.40625
YAF_mop_neutral_sad,YAF,mop,neutral,sad,YAF_mop_neutral.wav,YAF_mop_sad.wav,-1.71875,-1.749999761581421,-1.90625,-1.0625,0.40625011920928955,0.24999988079071045,0.8749997615814209
YAF_mop_neutral_angry,YAF,mop,neutral,angry,YAF_mop_neutral.wav,YAF_mop_angry.wav,-2.125,-3.124999523162842,-2.0625,-3.0625,-0.9999997615814209,0.0624997615814209,-4.76837158203125e-07
YAF_mop_happy_sad,YAF,mop,happy,sad,YAF_mop_happy.wav,YAF_mop_sad.wav,-1.3124995231628418,-0.875,-0.6875,-1.4375,-0.1562502384185791,0.0312497615814209,-1.1874995231628418
YAF_mop_happy_angry,YAF,mop,happy,angry,YAF_mop_happy.wav,YAF_mop_angry.wav,-2.437499523162842,-2.0,-2.25,-2.375,0.1562497615814209,-0.0937502384185791,-0.5624995231628418
YAF_mop_sad_angry,YAF,mop,sad,angry,YAF_mop_sad.wav,YAF_mop_angry.wav,-0.5,-0.6875,-0.625,-0.8125,-0.1875,-0.125,0.0
YAF_mouse_neutral_happy,YAF,mouse,neutral,happy,YAF_mouse_neutral.wav,YAF_mouse_happy.wav,-0.625,-0.90625,0.0625,-0.25,-0.296875,0.671875,-0.03125
YAF_mouse_neutral_sad,YAF,mouse,neutral,sad,YAF_mouse_neutral.wav,YAF_mouse_sad.wav,-1.78125,-0.8125,-0.9375,-0.125,0.890625,0.765625,-0.15625
YAF_mouse_neutral_angry,YAF,mouse,neutral,angry,YAF_mouse_neutral.wav,YAF_mouse_angry.wav,-2.5,-2.343749523162842,-1.75,-2.343750476837158,-0.21875,0.3749995231628418,-0.7500009536743164
YAF_mouse_happy_sad,YAF,mouse,happy,sad,YAF_mouse_happy.wav,YAF_mouse_sad.wav,-1.2499995231628418,-0.125,-0.625,-0.0625,0.8437497615814209,0.3437497615814209,-0.5624995231628418
YAF_mouse_happy_angry,YAF,mouse,happy,angry,YAF_mouse_happy.wav,YAF_mouse_angry.wav,-1.7812495231628418,-2.0,-1.6875,-1.53125,-0.0312502384185791,0.2812497615814209,0.3750004768371582
YAF_mouse_sad_angry,YAF,mouse,sad,angry,YAF_mouse_sad.wav,YAF_mouse_angry.wav,-1.125,-0.9375,-1.15625,-0.8125,0.265625,0.046875,0.15625
YAF_nag_neutral_happy,YAF,nag,neutral,happy,YAF_nag_neutral.wav,YAF_nag_happy.wav,-0.9375,-0.9375,-0.25,-0.5625,-0.15625,0.53125,-0.3125
YAF_nag_neutral_sad,YAF,nag,neutral,sad,YAF_nag_neutral.wav,YAF_nag_sad.wav,-1.9062495231628418,-0.4375,-1.375,-1.5,0.6718747615814209,-0.2656252384185791,-1.5937495231628418
YAF_nag_neutral_angry,YAF,nag,neutral,angry,YAF_nag_neutral.wav,YAF_nag_angry.wav,-1.8437495231628418,-1.625,-1.4375,-1.59375,0.0312497615814209,0.2187497615814209,-0.3749995231628418
YAF_nag_happy_sad,YAF,nag,happy,sad,YAF_nag_happy.wav,YAF_nag_sad.wav,-1.1562495231628418,-0.7500002384185791,-1.0,-0.9375,0.23437464237213135,-0.01562511920928955,-0.3437492847442627
YAF_nag_happy_angry,YAF,nag,happy,angry,YAF_nag_happy.wav,YAF_nag_angry.wav,-1.3124995231628418,-1.875,-0.65625,-1.15625,-0.5312502384185791,0.6874997615814209,0.0625004768371582
YAF_nag_sad_angry,YAF,nag,sad,angry,YAF_nag_sad.wav,YAF_nag_angry.wav,-0.5,-0.5625,-0.375,-0.21875,0.046875,0.234375,0.21875
YAF_name_neutral_happy,YAF,name,neutral,happy,YAF_name_neutral.wav,YAF_name_happy.wav,-0.8125,-1.125,-0.375,-1.75,-0.84375,-0.09375,-1.0625
YAF_name_neutral_sad,YAF,name,neutral,sad,YAF_name_neutral.wav,YAF_name_sad.wav,-1.5,-1.5625,-1.25,-2.156249523162842,-0.4843747615814209,-0.1718747615814209,-0.8437495231628418
YAF_name_neutral_angry,YAF,name,neutral,angry,YAF_name_neutral.wav,YAF_name_angry.wav,-1.90625,-2.750000476837158,-2.375,-2.8125,-0.6406252384185791,-0.2656247615814209,0.4062504768371582
YAF_name_happy_sad,YAF,name,happy,sad,YAF_name_happy.wav,YAF_name_sad.wav,-0.5,0.0,-0.59375,-0.4375,0.328125,-0.265625,-0.34375
YAF_name_happy_angry,YAF,name,happy,angry,YAF_name_happy.wav,YAF_name_angry.wav,-1.03125,-1.28125,-1.25,-1.75,-0.375,-0.34375,-0.25
YAF_name_sad_angry,YAF,name,sad,angry,YAF_name_sad.wav,YAF_name_angry.wav,-0.75,-0.625,-0.65625,-0.8125,-0.015625,-0.046875,-0.28125
YAF_near_neutral_happy,YAF,near,neutral,happy,YAF_near_neutral.wav,YAF_near_happy.wav,-0.65625,-0.875,-0.6875,-0.8437495231628418,-0.1874997615814209,2.384185791015625e-07,0.0625004768371582
YAF_near_neutral_sad,YAF,near,neutral,sad,YAF_near_neutral.wav,YAF_near_sad.wav,-1.28125,-0.75,-1.0,-0.9375,0.296875,0.046875,-0.46875
YAF_near_neutral_angry,YAF,near,neutral,angry,YAF_near_neutral.wav,YAF_near_angry.wav,-2.03125,-2.875,-2.562499523162842,-2.15625,-0.2187502384185791,0.0937502384185791,1.2499995231628418
YAF_near_happy_sad,YAF,near,happy,sad,YAF_near_happy.wav,YAF_near_sad.wav,-0.46875,-0.5,-0.59375,-0.875,-0.15625,-0.25,-0.25
YAF_near_happy_angry,YAF,near,happy,angry,YAF_near_happy.wav,YAF_near_angry.wav,-1.09375,-2.71875,-1.125,-2.21875,-1.359375,0.234375,0.53125
YAF_near_sad_angry,YAF,near,sad,angry,YAF_near_sad.wav,YAF_near_angry.wav,-0.75,-1.375,-0.3125,-1.21875,-0.765625,0.296875,-0.28125
YAF_neat_neutral_happy,YAF,neat,neutral,happy,YAF_neat_neutral.wav,YAF_neat_happy.wav,-0.6875,-0.5625,-0.8125,-1.03125,-0.046875,-0.296875,-0.34375
YAF_neat_neutral_sad,YAF,neat,neutral,sad,YAF_neat_neutral.wav,YAF_neat_sad.wav,-1.6875,-1.375,-1.1875,-1.0625,0.21875,0.40625,-0.1875
YAF_neat_neutral_angry,YAF,neat,neutral,angry,YAF_neat_neutral.wav,YAF_neat_angry.wav,-2.249999523162842,-2.343749523162842,-2.40625,-1.7812495231628418,0.2656252384185791,0.2031247615814209,0.7187504768371582
YAF_neat_happy_sad,YAF,neat,happy,sad,YAF_neat_happy.wav,YAF_neat_sad.wav,-0.53125,-0.75,-0.71875,-0.75,-0.125,-0.09375,0.1875
YAF_neat_happy_angry,YAF,neat,happy,angry,YAF_neat_happy.wav,YAF_neat_angry.wav,-0.8125,-0.875,-1.34375,-0.84375,0.21875,-0.25,0.5625
YAF_neat_sad_angry,YAF,neat,sad,angry,YAF_neat_sad.wav,YAF_neat_angry.wav,-0.875,-0.90625,-0.75,-0.34375,0.1875,0.34375,0.4375
YAF_nice_neutral_happy,YAF,nice,neutral,happy,YAF_nice_neutral.wav,YAF_nice_happy.wav,-0.75,-0.375,-0.3125,-0.3125,0.1875,0.25,-0.375
YAF_nice_neutral_sad,YAF,nice,neutral,sad,YAF_nice_neutral.wav,YAF_nice_sad.wav,-1.6875,-1.125,-1.5,-0.8125,0.625,0.25,0.125
YAF_nice_neutral_angry,YAF,nice,neutral,angry,YAF_nice_neutral.wav,YAF_nice_angry.wav,-2.0625,-2.5,-2.562499523162842,-1.78125,0.1718747615814209,0.1093752384185791,1.2187495231628418
YAF_nice_happy_sad,YAF,nice,happy,sad,YAF_nice_happy.wav,YAF_nice_sad.wav,-1.3125,-1.125,-0.625,-0.8125,0.0,0.5,-0.375
YAF_nice_happy_angry,YAF,nice,happy,angry,YAF_nice_happy.wav,YAF_nice_angry.wav,-1.625,-1.4375004768371582,-1.6875,-1.5,0.1874997615814209,-0.0624997615814209,4.76837158203125e-07
YAF_nice_sad_angry,YAF,nice,sad,angry,YAF_nice_sad.wav,YAF_nice_angry.wav,-0.6875,-1.0,-0.4375,-0.15625,-0.015625,0.546875,0.59375
YAF_note_neutral_happy,YAF,note,neutral,happy,YAF_note_neutral.wav,YAF_note_happy.wav,-1.125,-0.625,-0.65625,-0.25,0.453125,0.421875,-0.09375
YAF_note_neutral_sad,YAF,note,neutral,sad,YAF_note_neutral.wav,YAF_note_sad.wav,-1.4062495231628418,-1.5625,-0.7500004768371582,-1.5,-0.453125,0.3593745231628418,-0.5937490463256836
YAF_note_neutral_angry,YAF,note,neutral,angry,YAF_note_neutral.wav,YAF_note_angry.wav,-2.312499523162842,-1.9375004768371582,-2.343750476837158,-2.15625,0.2812497615814209,-0.1250002384185791,-0.1874985694885254
YAF_note_happy_sad,YAF,note,happy,sad,YAF_note_happy.wav,YAF_note_sad.wav,-0.59375,-0.9375,-0.96875,-0.625,0.0,-0.03125,0.6875
YAF_note_happy_angry,YAF,note,happy,angry,YAF_note_happy.wav,YAF_note_angry.wav,-0.96875,-1.4062495231628418,-1.0,-1.75,-0.5937497615814209,-0.1875002384185791,-0.3125004768371582
YAF_note_sad_angry,YAF,note,sad,angry,YAF_note_sad.wav,YAF_note_angry.wav,-0.71875,-1.0,-0.40625,-1.15625,-0.515625,0.078125,-0.46875
YAF_numb_neutral_happy,YAF,numb,neutral,happy,YAF_numb_neutral.wav,YAF_numb_happy.wav,-0.9375,-0.0625,-0.40625,-0.375,0.453125,0.109375,-0.84375
YAF_numb_neutral_sad,YAF,numb,neutral,sad,YAF_numb_neutral.wav,YAF_numb_sad.wav,-1.375,-1.125,-1.5625,-0.8125,0.5,0.0625,0.5
YAF_numb_neutral_angry,YAF,numb,neutral,angry,YAF_numb_neutral.wav,YAF_numb_angry.wav,-2.15625,-2.625,-1.65625,-2.1875,-0.5,0.46875,-0.0625
YAF_numb_happy_sad,YAF,numb,happy,sad,YAF_numb_happy.wav,YAF_numb_sad.wav,-0.6875,-0.375,-0.875,-0.75,0.21875,-0.28125,-0.1875
YAF_numb_happy_angry,YAF,numb,happy,angry,YAF_numb_happy.wav,YAF_numb_angry.wav,-1.3125,-1.625,-1.375,-1.6875,-0.3125,-0.0625,0.0
YAF_numb_sad_angry,YAF,numb,sad,angry,YAF_numb_sad.wav,YAF_numb_angry.wav,-0.875,-0.71875,-0.9375,-0.625,0.234375,0.015625,0.15625
YAF_pad_neutral_happy,YAF,pad,neutral,happy,YAF_pad_neutral.wav,YAF_pad_happy.wav,0.15625,-1.1875,0.1875,-1.625,-1.578125,-0.203125,-0.46875
YAF_pad_neutral_sad,YAF,pad,neutral,sad,YAF_pad_neutral.wav,YAF_pad_sad.wav,-0.875,-2.5,-1.25,-2.5,-1.4375,-0.1875,0.375
YAF_pad_neutral_angry,YAF,pad,neutral,angry,YAF_pad_neutral.wav,YAF_pad_angry.wav,-1.59375,-3.53125,-1.40625,-2.718749523162842,-1.624999761581421,0.5000002384185791,0.6250004768371582
YAF_pad_happy_sad,YAF,pad,happy,sad,YAF_pad_happy.wav,YAF_pad_sad.wav,-0.5625,-1.0,-1.1875,-2.125,-0.6875,-0.875,-0.5
YAF_pad_happy_angry,YAF,pad,happy,angry,YAF_pad_happy.wav,YAF_pad_angry.wav,-1.5625,-1.90625,-1.4062495231628418,-1.9687495231628418,-0.453125,0.0468754768371582,-0.21875
YAF_pad_sad_angry,YAF,pad,sad,angry,YAF_pad_sad.wav,YAF_pad_angry.wav,0.0625,-0.5625,-0.875,-0.9374995231628418,-0.3437497615814209,-0.6562497615814209,0.5625004768371582
YAF_page_neutral_happy,YAF,page,neutral,happy,YAF_page_neutral.wav,YAF_page_happy.wav,-0.3125,-0.5625,-0.28125,-0.6875,-0.328125,-0.046875,-0.15625
YAF_page_neutral_sad,YAF,page,neutral,sad,YAF_page_neutral.wav,YAF_page_sad.wav,-0.5,-1.125,-1.03125,-1.4375,-0.515625,-0.421875,0.21875
YAF_page_neutral_angry,YAF,page,neutral,angry,YAF_page_neutral.wav,YAF_page_angry.wav,-1.6875,-2.59375,-1.7500004768371582,-1.71875,-0.4374997615814209,0.4062497615814209,0.9375004768371582
YAF_page_happy_sad,YAF,page,happy,sad,YAF_page_happy.wav,YAF_page_sad.wav,-0.0625,-0.4375,-0.125,-0.875,-0.5625,-0.25,-0.375
YAF_page_happy_angry,YAF,page,happy,angry,YAF_page_happy.wav,YAF_page_angry.wav,-0.84375,-2.34375,-0.65625,-1.53125,-1.1875,0.5,0.625
YAF_page_sad_angry,YAF,page,sad,angry,YAF_page_sad.wav,YAF_page_angry.wav,-0.875,-1.1250004768371582,-0.875,-0.9375,-0.1562502384185791,0.0937502384185791,0.1875004768371582
YAF_pain_neutral_happy,YAF,pain,neutral,happy,YAF_pain_neutral.wav,YAF_pain_happy.wav,-0.34375,-0.125,-0.1875,-0.125,0.140625,0.078125,-0.15625
YAF_pain_neutral_sad,YAF,pain,neutral,sad,YAF_pain_neutral.wav,YAF_pain_sad.wav,-1.1875,-0.25,-0.25,-0.625,0.28125,0.28125,-1.3125
YAF_pain_neutral_angry,YAF,pain,neutral,angry,YAF_pain_neutral.wav,YAF_pain_angry.wav,-2.28125,-1.9375,-2.5625,-3.1875,-0.140625,-0.765625,-0.96875
YAF_pain_happy_sad,YAF,pain,happy,sad,YAF_pain_happy.wav,YAF_pain_sad.wav,-0.75,-0.1250002384185791,-0.4375,-0.9375,0.06249988079071045,-0.24999988079071045,-1.124999761581421
YAF_pain_happy_angry,YAF,pain,happy,angry,YAF_pain_happy.wav,YAF_pain_angry.wav,-2.0625,-2.5,-1.875,-2.75,-0.65625,-0.03125,-0.4375
YAF_pain_sad_angry,YAF,pain,sad,angry,YAF_pain_sad.wav,YAF_pain_angry.wav,-0.9375,-1.3125,-1.125,-1.25,-0.25,-0.0625,0.25
YAF_pass_neutral_happy,YAF,pass,neutral,happy,YAF_pass_neutral.wav,YAF_pass_happy.wav,-0.4375,-0.4375,-0.0625,-0.4375,-0.1875,0.1875,-0.375
YAF_pass_neutral_sad,YAF,pass,neutral,sad,YAF_pass_neutral.wav,YAF_pass_sad.wav,-1.59375,-1.8125,-1.28125,-1.875,-0.40625,0.125,-0.375
YAF_pass_neutral_angry,YAF,pass,neutral,angry,YAF_pass_neutral.wav,YAF_pass_angry.wav,-1.75,-2.25,-1.71875,-1.9374995231628418,-0.3593747615814209,0.1718752384185791,0.2812504768371582
YAF_pass_happy_sad,YAF,pass,happy,sad,YAF_pass_happy.wav,YAF_pass_sad.wav,-1.6875,-0.6875,-1.59375,-1.375,0.609375,-0.296875,-0.78125
YAF_pass_happy_angry,YAF,pass,happy,angry,YAF_pass_happy.wav,YAF_pass_angry.wav,-1.8125,-1.9375,-1.65625,-1.8124995231628418,-0.1406247615814209,0.1406252384185791,-0.031249523162841797
YAF_pass_sad_angry,YAF,pass,sad,angry,YAF_pass_sad.wav,YAF_pass_angry.wav,-0.375,-0.875,-0.6875,-0.5312495231628418,-0.1718747615814209,0.0156252384185791,0.6562504768371582
YAF_pearl_neutral_happy,YAF,pearl,neutral,happy,YAF_pearl_neutral.wav,YAF_pearl_happy.wav,-0.625,0.0,-0.0625,-0.125,0.28125,0.21875,-0.6875
YAF_pearl_neutral_sad,YAF,pearl,neutral,sad,YAF_pearl_neutral.wav,YAF_pearl_sad.wav,-2.0,-0.875,-0.9375,-0.9375,0.5625,0.5,-1.125
YAF_pearl_neutral_angry,YAF,pearl,neutral,angry,YAF_pearl_neutral.wav,YAF_pearl_angry.wav,-2.375,-2.0,-1.75,-2.375,-0.125,0.125,-1.0
YAF_pearl_happy_sad,YAF,pearl,happy,sad,YAF_pearl_happy.wav,YAF_pearl_sad.wav,-1.1875,-0.75,-1.3125,-0.8125,0.46875,-0.09375,0.0625
YAF_pearl_happy_angry,YAF,pearl,happy,angry,YAF_pearl_happy.wav,YAF_pearl_angry.wav,-1.875,-1.8125,-1.5625,-2.0,-0.1875,0.0625,-0.5
YAF_pearl_sad_angry,YAF,pearl,sad,angry,YAF_pearl_sad.wav,YAF_pearl_angry.wav,-0.625,-0.75,-0.7499997615814209,-0.5625,0.03124988079071045,0.03125011920928955,0.3124997615814209
YAF_peg_neutral_happy,YAF,peg,neutral,happy,YAF_peg_neutral.wav,YAF_peg_happy.wav,-0.4375,-0.25,0.3125,-0.6875,-0.40625,0.15625,-1.1875
YAF_peg_neutral_sad,YAF,peg,neutral,sad,YAF_peg_neutral.wav,YAF_peg_sad.wav,-1.8125,-1.25,-1.5625,-1.5,0.3125,0.0,-0.5
YAF_peg_neutral_angry,YAF,peg,neutral,angry,YAF_peg_neutral.wav,YAF_peg_angry.wav,-2.0,-3.125000476837158,-2.0625,-3.09375,-1.078125238418579,-0.015624761581420898,0.0937504768371582
YAF_peg_happy_sad,YAF,peg,happy,sad,YAF_peg_happy.wav,YAF_peg_sad.wav,-1.0624995231628418,-0.9375,-1.3125,-1.3125,0.0624997615814209,-0.3125002384185791,-0.1249995231628418
YAF_peg_happy_angry,YAF,peg,happy,angry,YAF_peg_happy.wav,YAF_peg_angry.wav,-1.4374995231628418,-1.375,-1.75,-2.09375,-0.1406252384185791,-0.5156252384185791,-0.4062495231628418
YAF_peg_sad_angry,YAF,peg,sad,angry,YAF_peg_sad.wav,YAF_peg_angry.wav,-0.875,-0.875,-0.75,-0.5,0.125,0.25,0.25
YAF_perch_neutral_happy,YAF,perch,neutral,happy,YAF_perch_neutral.wav,YAF_perch_happy.wav,-0.5625,-0.5625,-0.25,-0.375,-0.0625,0.25,-0.125
YAF_perch_neutral_sad,YAF,perch,neutral,sad,YAF_perch_neutral.wav,YAF_perch_sad.wav,-1.6875,-0.8125,-0.6875,-1.3125,0.125,0.25,-1.5
YAF_perch_neutral_angry,YAF,perch,neutral,angry,YAF_perch_neutral.wav,YAF_perch_angry.wav,-2.21875,-2.0625,-1.9375004768371582,-2.03125,0.0312502384185791,0.1562497615814209,-0.2499995231628418
YAF_perch_happy_sad,YAF,perch,happy,sad,YAF_perch_happy.wav,YAF_perch_sad.wav,-0.90625,-1.0,-0.5625,-1.25,-0.390625,0.046875,-0.59375
YAF_perch_happy_angry,YAF,perch,happy,angry,YAF_perch_happy.wav,YAF_perch_angry.wav,-1.625,-2.5625,-1.75,-1.90625,-0.546875,0.265625,0.78125
YAF_perch_sad_angry,YAF,perch,sad,angry,YAF_perch_sad.wav,YAF_perch_angry.wav,-0.4375,-1.1875,-0.6875,-1.09375,-0.578125,-0.078125,0.34375
YAF_phone_neutral_happy,YAF,phone,neutral,happy,YAF_phone_neutral.wav,YAF_phone_happy.wav,-0.09375,-0.625,0.0,-0.625,-0.578125,0.046875,-0.09375
YAF_phone_neutral_sad,YAF,phone,neutral,sad,YAF_phone_neutral.wav,YAF_phone_sad.wav,-0.84375,-1.625,-1.0625,-1.0,-0.359375,0.203125,0.84375
YAF_phone_neutral_angry,YAF,phone,neutral,angry,YAF_phone_neutral.wav,YAF_phone_angry.wav,-2.09375,-2.9375,-1.6875,-2.53125,-0.84375,0.40625,0.0
YAF_phone_happy_sad,YAF,phone,happy,sad,YAF_phone_happy.wav,YAF_phone_sad.wav,-1.25,-0.8125,-0.96875,-0.8125,0.296875,0.140625,-0.28125
YAF_phone_happy_angry,YAF,phone,happy,angry,YAF_phone_happy.wav,YAF_phone_angry.wav,-2.0625,-2.625,-2.21875,-3.0,-0.671875,-0.265625,-0.21875
YAF_phone_sad_angry,YAF,phone,sad,angry,YAF_phone_sad.wav,YAF_phone_angry.wav,-1.3125,-1.1875,-1.1875,-2.21875,-0.453125,-0.453125,-1.15625
YAF_pick_neutral_happy,YAF,pick,neutral,happy,YAF_pick_neutral.wav,YAF_pick_happy.wav,-0.34375,-0.875,-0.3125,-0.5625,-0.390625,0.171875,0.28125
YAF_pick_neutral_sad,YAF,pick,neutral,sad,YAF_pick_neutral.wav,YAF_pick_sad.wav,-0.875,-1.5,-0.25,-0.5,-0.4375,0.8125,0.375
YAF_pick_neutral_angry,YAF,pick,neutral,angry,YAF_pick_neutral.wav,YAF_pick_angry.wav,-1.03125,-1.875,-0.8125,-2.21875,-1.125,-0.0625,-0.5625
YAF_pick_happy_sad,YAF,pick,happy,sad,YAF_pick_happy.wav,YAF_pick_sad.wav,-0.6875,-1.0625,-0.375,-1.0625,-0.53125,0.15625,-0.3125
YAF_pick_happy_angry,YAF,pick,happy,angry,YAF_pick_happy.wav,YAF_pick_angry.wav,-1.8125,-1.4375,-1.90625,-1.59375,0.34375,-0.125,-0.0625
YAF_pick_sad_angry,YAF,pick,sad,angry,YAF_pick_sad.wav,YAF_pick_angry.wav,-0.65625,-0.21875,-0.5625,-0.375,0.3125,-0.03125,-0.25
YAF_pike_neutral_happy,YAF,pike,neutral,happy,YAF_pike_neutral.wav,YAF_pike_happy.wav,-0.375,0.125,-0.3125,0.125,0.46875,0.03125,-0.0625
YAF_pike_neutral_sad,YAF,pike,neutral,sad,YAF_pike_neutral.wav,YAF_pike_sad.wav,-1.34375,-0.25,-0.9375,-0.0625,0.984375,0.296875,-0.21875
YAF_pike_neutral_angry,YAF,pike,neutral,angry,YAF_pike_neutral.wav,YAF_pike_angry.wav,-1.625,-1.875,-1.78125,-2.78125,-0.625,-0.53125,-0.75
YAF_pike_happy_sad,YAF,pike,happy,sad,YAF_pike_happy.wav,YAF_pike_sad.wav,-0.8125,-0.25,-0.6874995231628418,-0.375,0.4374997615814209,2.384185791015625e-07,-0.2500004768371582
YAF_pike_happy_angry,YAF,pike,happy,angry,YAF_pike_happy.wav,YAF_pike_angry.wav,-2.4375,-1.8125,-2.437500476837158,-2.53125,0.2656252384185791,-0.3593752384185791,-0.7187495231628418
YAF_pike_sad_angry,YAF,pike,sad,angry,YAF_pike_sad.wav,YAF_pike_angry.wav,-1.5,-1.375,-1.1875,-0.90625,0.203125,0.390625,0.15625
YAF_pole_neutral_happy,YAF,pole,neutral,happy,YAF_pole_neutral.wav,YAF_pole_happy.wav,-0.4374995231628418,-0.1875,-0.375,-0.4375,0.0937497615814209,-0.0937502384185791,-0.3124995231628418
YAF_pole_neutral_sad,YAF,pole,neutral,sad,YAF_pole_neutral.wav,YAF_pole_sad.wav,-1.4999995231628418,-1.6875,-0.75,-1.125,-0.2812502384185791,0.6562497615814209,-0.1874995231628418
YAF_pole_neutral_angry,YAF,pole,neutral,angry,YAF_pole_neutral.wav,YAF_pole_angry.wav,-2.593749523162842,-3.53125,-2.125,-3.312499761581421,-1.0625001192092896,0.34374988079071045,-0.2499992847442627
YAF_pole_happy_sad,YAF,pole,happy,sad,YAF_pole_happy.wav,YAF_pole_sad.wav,-1.1875,-0.8125,-0.9375,-0.9375,0.1875,0.0625,-0.375
YAF_pole_happy_angry,YAF,pole,happy,angry,YAF_pole_happy.wav,YAF_pole_angry.wav,-2.0,-2.125,-1.9375,-2.3125,-0.25,-0.0625,-0.25
YAF_pole_sad_angry,YAF,pole,sad,angry,YAF_pole_sad.wav,YAF_pole_angry.wav,-0.875,-1.25,-1.25,-0.9375,-0.03125,-0.03125,0.6875
YAF_pool_neutral_happy,YAF,pool,neutral,happy,YAF_pool_neutral.wav,YAF_pool_happy.wav,-0.3125,-0.375,0.25,-0.625,-0.46875,0.15625,-0.8125
YAF_pool_neutral_sad,YAF,pool,neutral,sad,YAF_pool_neutral.wav,YAF_pool_sad.wav,-0.90625,-1.0,0.40625,-0.9375,-0.71875,0.6875,-1.25
YAF_pool_neutral_angry,YAF,pool,neutral,angry,YAF_pool_neutral.wav,YAF_pool_angry.wav,-2.0625,-2.75,-1.75,-2.937500238418579,-0.9375001192092896,0.06249988079071045,-0.5000002384185791
YAF_pool_happy_sad,YAF,pool,happy,sad,YAF_pool_happy.wav,YAF_pool_sad.wav,-0.46875,0.125,-0.625,-0.5625,0.328125,-0.421875,-0.53125
YAF_pool_happy_angry,YAF,pool,happy,angry,YAF_pool_happy.wav,YAF_pool_angry.wav,-1.25,-2.3125,-1.84375,-2.0,-0.609375,-0.140625,0.90625
YAF_pool_sad_angry,YAF,pool,sad,angry,YAF_pool_sad.wav,YAF_pool_angry.wav,-0.75,-1.9375,-0.625,-1.125,-0.84375,0.46875,0.6875
YAF_puff_neutral_happy,YAF,puff,neutral,happy,YAF_puff_neutral.wav,YAF_puff_happy.wav,0.25,0.375,0.3125,0.125,-0.03125,-0.09375,-0.3125
YAF_puff_neutral_sad,YAF,puff,neutral,sad,YAF_puff_neutral.wav,YAF_puff_sad.wav,-0.8125,-1.0,-0.8125,-1.5625,-0.46875,-0.28125,-0.5625
YAF_puff_neutral_angry,YAF,puff,neutral,angry,YAF_puff_neutral.wav,YAF_puff_angry.wav,-2.21875,-2.25,-2.53125,-2.59375,-0.046875,-0.328125,-0.03125
YAF_puff_happy_sad,YAF,puff,happy,sad,YAF_puff_happy.wav,YAF_puff_sad.wav,-1.875,-2.0,-1.1875,-1.5625,-0.25,0.5625,-0.25
YAF_puff_happy_angry,YAF,puff,happy,angry,YAF_puff_happy.wav,YAF_puff_angry.wav,-2.125,-2.28125,-1.59375,-2.28125,-0.421875,0.265625,-0.53125
YAF_puff_sad_angry,YAF,puff,sad,angry,YAF_puff_sad.wav,YAF_puff_angry.wav,-1.03125,-1.09375,-0.5937495231628418,-0.6875,-0.0781252384185791,0.4218752384185791,-0.0312504768371582
YAF_rag_neutral_happy,YAF,rag,neutral,happy,YAF_rag_neutral.wav,YAF_rag_happy.wav,0.15625,0.25,0.25,-0.3125,-0.234375,-0.234375,-0.65625
YAF_rag_neutral_sad,YAF,rag,neutral,sad,YAF_rag_neutral.wav,YAF_rag_sad.wav,-0.15625,-0.5625,-0.5625,-0.75,-0.296875,-0.296875,0.21875
YAF_rag_neutral_angry,YAF,rag,neutral,angry,YAF_rag_neutral.wav,YAF_rag_angry.wav,-0.78125,-2.9375,-1.03125,-2.937500476837158,-2.031250238418579,-0.1250002384185791,0.2499995231628418
YAF_rag_happy_sad,YAF,rag,happy,sad,YAF_rag_happy.wav,YAF_rag_sad.wav,-1.1875,-0.4375,-0.75,-0.8125,0.34375,0.03125,-0.8125
YAF_rag_happy_angry,YAF,rag,happy,angry,YAF_rag_happy.wav,YAF_rag_angry.wav,-1.75,-2.156250476837158,-1.15625,-2.000000476837158,-0.6250004768371582,0.375,-0.4375
YAF_rag_sad_angry,YAF,rag,sad,angry,YAF_rag_sad.wav,YAF_rag_angry.wav,-1.3750004768371582,-1.1875,-1.0625,-0.75,0.2500002384185791,0.3750002384185791,0.1249995231628418
YAF_raid_neutral_happy,YAF,raid,neutral,happy,YAF_raid_neutral.wav,YAF_raid_happy.wav,0.0,-0.1875,0.1875,0.125,-0.125,0.25,0.125
YAF_raid_neutral_sad,YAF,raid,neutral,sad,YAF_raid_neutral.wav,YAF_raid_sad.wav,-0.5,-1.5,-1.0,-1.3125,-0.65625,-0.15625,0.6875
YAF_raid_neutral_angry,YAF,raid,neutral,angry,YAF_raid_neutral.wav,YAF_raid_angry.wav,-1.34375,-2.125,-1.75,-2.1875,-0.609375,-0.234375,0.34375
YAF_raid_happy_sad,YAF,raid,happy,sad,YAF_raid_happy.wav,YAF_raid_sad.wav,-0.6875,-1.25,-0.75,-0.8125,-0.3125,0.1875,0.5
YAF_raid_happy_angry,YAF,raid,happy,angry,YAF_raid_happy.wav,YAF_raid_angry.wav,-2.09375,-2.312500476837158,-1.625,-1.9375,-0.2656252384185791,0.4218752384185791,-0.0937495231628418
YAF_raid_sad_angry,YAF,raid,sad,angry,YAF_raid_sad.wav,YAF_raid_angry.wav,-0.4375,-0.8125,-0.1875,-0.75,-0.46875,0.15625,-0.1875
YAF_rain_neutral_happy,YAF,rain,neutral,happy,YAF_rain_neutral.wav,YAF_rain_happy.wav,0.4375,0.0625,-0.3125,0.0,-0.03125,-0.40625,0.6875
YAF_rain_neutral_sad,YAF,rain,neutral,sad,YAF_rain_neutral.wav,YAF_rain_sad.wav,-0.5312495231628418,-0.5625,-0.71875,-1.1875,-0.2500002384185791,-0.4062502384185791,-0.4374995231628418
YAF_rain_neutral_angry,YAF,rain,neutral,angry,YAF_rain_neutral.wav,YAF_rain_angry.wav,-1.4999995231628418,-2.5,-1.3125,-2.71875,-1.203125238418579,-0.0156252384185791,-0.4062495231628418
YAF_rain_happy_sad,YAF,rain,happy,sad,YAF_rain_happy.wav,YAF_rain_sad.wav,-1.3125,-1.125,-0.9375,-1.3125,-0.09375,0.09375,-0.5625
YAF_rain_happy_angry,YAF,rain,happy,angry,YAF_rain_happy.wav,YAF_rain_angry.wav,-2.46875,-1.875,-1.90625,-2.78125,-0.140625,-0.171875,-1.46875
YAF_rain_sad_angry,YAF,rain,sad,angry,YAF_rain_sad.wav,YAF_rain_angry.wav,-0.75,-1.125,-1.0625,-1.21875,-0.265625,-0.203125,0.21875
YAF_raise_neutral_happy,YAF,raise,neutral,happy,YAF_raise_neutral.wav,YAF_raise_happy.wav,-0.28125,0.0,-0.09375,0.0,0.1875,0.09375,-0.1875
YAF_raise_neutral_sad,YAF,raise,neutral,sad,YAF_raise_neutral.wav,YAF_raise_sad.wav,-1.375,-0.9375,-1.03125,-0.375,0.546875,0.453125,0.21875
YAF_raise_neutral_angry,YAF,raise,neutral,angry,YAF_raise_neutral.wav,YAF_raise_angry.wav,-2.34375,-2.1875,-2.1875,-2.03125,0.15625,0.15625,0.0
YAF_raise_happy_sad,YAF,raise,happy,sad,YAF_raise_happy.wav,YAF_raise_sad.wav,-1.5625,-1.0937495231628418,-1.40625,-0.8125,0.5312502384185791,0.2187497615814209,0.1249995231628418
YAF_raise_happy_angry,YAF,raise,happy,angry,YAF_raise_happy.wav,YAF_raise_angry.wav,-2.0,-2.343750476837158,-1.96875,-2.15625,-0.2656252384185791,0.1093752384185791,0.1562504768371582
YAF_raise_sad_angry,YAF,raise,sad,angry,YAF_raise_sad.wav,YAF_raise_angry.wav,-0.84375,-0.375,-0.84375,-0.53125,0.390625,-0.078125,-0.15625
YAF_rat_neutral_happy,YAF,rat,neutral,happy,YAF_rat_neutral.wav,YAF_rat_happy.wav,0.0,-0.1875,-0.4375,-0.25,0.0,-0.25,0.375
YAF_rat_neutral_sad,YAF,rat,neutral,sad,YAF_rat_neutral.wav,YAF_rat_sad.wav,-1.21875,-1.1875,-0.8125,-1.6875,-0.421875,-0.046875,-0.90625
YAF_rat_neutral_angry,YAF,rat,neutral,angry,YAF_rat_neutral.wav,YAF_rat_angry.wav,-2.46875,-3.0625,-1.90625,-1.84375,-0.265625,0.890625,0.65625
YAF_rat_happy_sad,YAF,rat,happy,sad,YAF_rat_happy.wav,YAF_rat_sad.wav,-0.53125,-0.375,-0.78125,-0.875,0.03125,-0.375,-0.25
YAF_rat_happy_angry,YAF,rat,happy,angry,YAF_rat_happy.wav,YAF_rat_angry.wav,-2.0,-1.5,-1.65625,-1.84375,0.15625,0.0,-0.6875
YAF_rat_sad_angry,YAF,rat,sad,angry,YAF_rat_sad.wav,YAF_rat_angry.wav,-0.7500004768371582,-1.7499995231628418,-1.5625,-0.875,-0.1562495231628418,0.03125,1.6874990463256836
YAF_reach_neutral_happy,YAF,reach,neutral,happy,YAF_reach_neutral.wav,YAF_reach_happy.wav,0.125,-0.1875,0.375,0.125,-0.28125,0.28125,0.0625
YAF_reach_neutral_sad,YAF,reach,neutral,sad,YAF_reach_neutral.wav,YAF_reach_sad.wav,-0.59375,-1.3125,-0.90625,-0.125,0.03125,0.4375,1.5
YAF_reach_neutral_angry,YAF,reach,neutral,angry,YAF_reach_neutral.wav,YAF_reach_angry.wav,-1.25,-2.4375,-1.5937504768371582,-2.0,-0.7968747615814209,0.0468747615814209,0.7812504768371582
YAF_reach_happy_sad,YAF,reach,happy,sad,YAF_reach_happy.wav,YAF_reach_sad.wav,-1.25,-0.9375,-1.28125,-0.75,0.421875,0.078125,0.21875
YAF_reach_happy_angry,YAF,reach,happy,angry,YAF_reach_happy.wav,YAF_reach_angry.wav,-1.875,-1.3125,-1.625,-1.5625,0.3125,0.0,-0.5
YAF_reach_sad_angry,YAF,reach,sad,angry,YAF_reach_sad.wav,YAF_reach_angry.wav,-1.0,-0.875,-0.5,-0.25,0.1875,0.5625,0.125
YAF_read_neutral_happy,YAF,read,neutral,happy,YAF_read_neutral.wav,YAF_read_happy.wav,-0.8125,-0.0625,-0.4375,-0.25,0.46875,0.09375,-0.5625
YAF_read_neutral_sad,YAF,read,neutral,sad,YAF_read_neutral.wav,YAF_read_sad.wav,-1.125,-1.25,-1.3125,-0.5,0.34375,0.28125,0.9375
YAF_read_neutral_angry,YAF,read,neutral,angry,YAF_read_neutral.wav,YAF_read_angry.wav,-1.875,-3.124999523162842,-1.875,-1.59375,-0.4843747615814209,0.7656247615814209,1.5312495231628418
YAF_read_happy_sad,YAF,read,happy,sad,YAF_read_happy.wav,YAF_read_sad.wav,-1.125,-0.9375,-1.4375,-0.875,0.375,-0.125,0.375
YAF_read_happy_angry,YAF,read,happy,angry,YAF_read_happy.wav,YAF_read_angry.wav,-1.5,-1.46875,-1.4375,-1.40625,0.03125,0.0625,0.0
YAF_read_sad_angry,YAF,read,sad,angry,YAF_read_sad.wav,YAF_read_angry.wav,-1.0,-0.40625,-1.125,-0.125,0.796875,0.078125,0.40625
YAF_red_neutral_happy,YAF,red,neutral,happy,YAF_red_neutral.wav,YAF_red_happy.wav,0.0625,0.0,-0.0625,0.375,0.1875,0.125,0.5
YAF_red_neutral_sad,YAF,red,neutral,sad,YAF_red_neutral.wav,YAF_red_sad.wav,-0.9375,-0.8125,-1.0625,-1.5,-0.15625,-0.40625,-0.5625
YAF_red_neutral_angry,YAF,red,neutral,angry,YAF_red_neutral.wav,YAF_red_angry.wav,-0.875,-2.21875,-1.4999995231628418,-2.468749523162842,-1.15625,-0.4374995231628418,0.375
YAF_red_happy_sad,YAF,red,happy,sad,YAF_red_happy.wav,YAF_red_sad.wav,-1.03125,-0.875,-1.2499995231628418,-1.0625,0.1718747615814209,-0.2031247615814209,0.031249523162841797
YAF_red_happy_angry,YAF,red,happy,angry,YAF_red_happy.wav,YAF_red_angry.wav,-1.78125,-2.34375,-1.5,-2.656249523162842,-0.8593747615814209,-0.015624761581420898,-0.5937495231628418
YAF_red_sad_angry,YAF,red,sad,angry,YAF_red_sad.wav,YAF_red_angry.wav,-0.1875,-0.75,-0.125,-1.40625,-0.921875,-0.296875,-0.71875
YAF_ring_neutral_happy,YAF,ring,neutral,happy,YAF_ring_neutral.wav,YAF_ring_happy.wav,-0.8125004768371582,-0.0625,-0.875,-0.4375,0.5937502384185791,-0.2187497615814209,-0.3125004768371582
YAF_ring_neutral_sad,YAF,ring,neutral,sad,YAF_ring_neutral.wav,YAF_ring_sad.wav,-1.6875004768371582,-0.6875,-1.0625,-0.9375,0.5625002384185791,0.1875002384185791,-0.8750004768371582
YAF_ring_neutral_angry,YAF,ring,neutral,angry,YAF_ring_neutral.wav,YAF_ring_angry.wav,-2.062500476837158,-2.5625,-0.21875,-2.0,-1.140624761581421,1.203125238418579,-1.2812504768371582
YAF_ring_happy_sad,YAF,ring,happy,sad,YAF_ring_happy.wav,YAF_ring_sad.wav,-0.8125,-0.6875,-1.375,-1.0625,0.21875,-0.46875,0.1875
YAF_ring_happy_angry,YAF,ring,happy,angry,YAF_ring_happy.wav,YAF_ring_angry.wav,-1.40625,-2.75,-1.3125,-2.625,-1.328125,0.109375,0.03125
YAF_ring_sad_angry,YAF,ring,sad,angry,YAF_ring_sad.wav,YAF_ring_angry.wav,-0.5625004768371582,-0.9999995231628418,-0.4375,-1.1875,-0.5937495231628418,-0.03125,-0.3125009536743164
YAF_ripe_neutral_happy,YAF,ripe,neutral,happy,YAF_ripe_neutral.wav,YAF_ripe_happy.wav,0.1875,-0.875,-0.25,-0.4375,-0.625,0.0,0.875
YAF_ripe_neutral_sad,YAF,ripe,neutral,sad,YAF_ripe_neutral.wav,YAF_ripe_sad.wav,-1.0625,-1.3125,-0.875,-1.5625,-0.46875,-0.03125,-0.4375
YAF_ripe_neutral_angry,YAF,ripe,neutral,angry,YAF_ripe_neutral.wav,YAF_ripe_angry.wav,-2.1875,-2.937499523162842,-1.625,-2.0,-0.5624997615814209,0.7499997615814209,0.3749995231628418
YAF_ripe_happy_sad,YAF,ripe,happy,sad,YAF_ripe_happy.wav,YAF_ripe_sad.wav,-1.0,-0.6874997615814209,-1.2187495231628418,-1.5625,-0.01562511920928955,-0.5468748807907104,-0.6562507152557373
YAF_ripe_happy_angry,YAF,ripe,happy,angry,YAF_ripe_happy.wav,YAF_ripe_angry.wav,-2.28125,-1.8125,-2.0625,-1.75,0.390625,0.140625,-0.15625
YAF_ripe_sad_angry,YAF,ripe,sad,angry,YAF_ripe_sad.wav,YAF_ripe_angry.wav,-1.1875,-0.59375,-1.3125,-0.5,0.703125,-0.015625,0.21875
YAF_road_neutral_happy,YAF,road,neutral,happy,YAF_road_neutral.wav,YAF_road_happy.wav,-0.9375,-0.9375,0.625,-1.125,-0.875,0.6875,-1.75
YAF_road_neutral_sad,YAF,road,neutral,sad,YAF_road_neutral.wav,YAF_road_sad.wav,-1.28125,-1.25,-1.6875,-0.625,0.546875,0.109375,1.03125
YAF_road_neutral_angry,YAF,road,neutral,angry,YAF_road_neutral.wav,YAF_road_angry.wav,-2.312500476837158,-3.406250476837158,-2.749999761581421,-2.906249523162842,-0.6249998807907104,0.031250834465026855,0.9375002384185791
YAF_road_happy_sad,YAF,road,happy,sad,YAF_road_happy.wav,YAF_road_sad.wav,-0.375,-0.125,-1.0625,-0.8125,0.25,-0.6875,0.0
YAF_road_happy_angry,YAF,road,happy,angry,YAF_road_happy.wav,YAF_road_angry.wav,-2.0,-3.15625,-1.78125,-3.031249523162842,-1.203124761581421,0.1718752384185791,-0.0937495231628418
YAF_road_sad_angry,YAF,road,sad,angry,YAF_road_sad.wav,YAF_road_angry.wav,-1.53125,-0.40625,-1.6250004768371582,-1.5937495231628418,0.5781254768371582,-0.640625,-1.0937490463256836
YAF_room_neutral_happy,YAF,room,neutral,happy,YAF_room_neutral.wav,YAF_room_happy.wav,-1.1875,-0.3125,-0.25,-0.5,0.3125,0.375,-1.125
YAF_room_neutral_sad,YAF,room,neutral,sad,YAF_room_neutral.wav,YAF_room_sad.wav,-1.375,-1.375,-0.9375,-0.875,0.03125,0.46875,0.0625
YAF_room_neutral_angry,YAF,room,neutral,angry,YAF_room_neutral.wav,YAF_room_angry.wav,-2.25,-2.25,-2.031249523162842,-1.65625,0.1874997615814209,0.4062502384185791,0.3749995231628418
YAF_room_happy_sad,YAF,room,happy,sad,YAF_room_happy.wav,YAF_room_sad.wav,-0.6249995231628418,-0.0625,-0.5,-0.5,0.2812497615814209,-0.1562502384185791,-0.5624995231628418
YAF_room_happy_angry,YAF,room,happy,angry,YAF_room_happy.wav,YAF_room_angry.wav,-1.5312495231628418,-1.96875,-2.1875,-1.21875,0.2656247615814209,0.0468747615814209,1.4062504768371582
YAF_room_sad_angry,YAF,room,sad,angry,YAF_room_sad.wav,YAF_room_angry.wav,-1.1875,-1.1875,-1.0625,-0.53125,0.265625,0.390625,0.53125
YAF_rose_neutral_happy,YAF,rose,neutral,happy,YAF_rose_neutral.wav,YAF_rose_happy.wav,-1.2499995231628418,-1.3125,-0.875,-0.5000004768371582,0.1562495231628418,0.5937495231628418,0.4375
YAF_rose_neutral_sad,YAF,rose,neutral,sad,YAF_rose_neutral.wav,YAF_rose_sad.wav,-1.2499995231628418,-1.1875,-1.34375,-1.4374995231628418,-0.015625,-0.171875,-0.1562490463256836
YAF_rose_neutral_angry,YAF,rose,neutral,angry,YAF_rose_neutral.wav,YAF_rose_angry.wav,-2.499999523162842,-2.6875,-2.5,-2.71875,-0.2031252384185791,-0.0156252384185791,-0.031249523162841797
YAF_rose_happy_sad,YAF,rose,happy,sad,YAF_rose_happy.wav,YAF_rose_sad.wav,-0.46875,-0.375,-0.71875,-0.9999995231628418,-0.0937497615814209,-0.4374997615814209,-0.3749995231628418
YAF_rose_happy_angry,YAF,rose,happy,angry,YAF_rose_happy.wav,YAF_rose_angry.wav,-1.59375,-2.1875,-1.625,-2.21875,-0.59375,-0.03125,0.0
YAF_rose_sad_angry,YAF,rose,sad,angry,YAF_rose_sad.wav,YAF_rose_angry.wav,-1.0625,-1.4375,-1.09375,-1.34375,-0.3125,0.03125,0.125
YAF_rot_neutral_happy,YAF,rot,neutral,happy,YAF_rot_neutral.wav,YAF_rot_happy.wav,-0.25,-0.1875,-1.0,-0.375,0.34375,-0.46875,0.5625
YAF_rot_neutral_sad,YAF,rot,neutral,sad,YAF_rot_neutral.wav,YAF_rot_sad.wav,-1.40625,-0.9375,-1.0,-0.875,0.296875,0.234375,-0.34375
YAF_rot_neutral_angry,YAF,rot,neutral,angry,YAF_rot_neutral.wav,YAF_rot_angry.wav,-2.5,-3.75,-2.812499523162842,-2.5,-0.4687502384185791,0.4687502384185791,1.5624995231628418
YAF_rot_happy_sad,YAF,rot,happy,sad,YAF_rot_happy.wav,YAF_rot_sad.wav,-0.9375,-0.5,-0.6875,-1.0,0.0625,-0.125,-0.75
YAF_rot_happy_angry,YAF,rot,happy,angry,YAF_rot_happy.wav,YAF_rot_angry.wav,-1.90625,-2.0,-2.156250476837158,-2.125,-0.0312497615814209,-0.1875002384185791,0.1250004768371582
YAF_rot_sad_angry,YAF,rot,sad,angry,YAF_rot_sad.wav,YAF_rot_angry.wav,-0.625,-0.84375,-1.125,-0.375,0.265625,-0.015625,0.96875
YAF_rough_neutral_happy,YAF,rough,neutral,happy,YAF_rough_neutral.wav,YAF_rough_happy.wav,0.125,-0.3125,0.0625,0.25,-0.125,0.25,0.625
YAF_rough_neutral_sad,YAF,rough,neutral,sad,YAF_rough_neutral.wav,YAF_rough_sad.wav,-0.625,-1.625,-0.1875,-1.0,-0.90625,0.53125,0.1875
YAF_rough_neutral_angry,YAF,rough,neutral,angry,YAF_rough_neutral.wav,YAF_rough_angry.wav,-1.8125,-2.1875,-1.25,-1.3125,-0.21875,0.71875,0.3125
YAF_rough_happy_sad,YAF,rough,happy,sad,YAF_rough_happy.wav,YAF_rough_sad.wav,-0.875,-0.625,-1.0,-1.0625,0.09375,-0.28125,-0.3125
YAF_rough_happy_angry,YAF,rough,happy,angry,YAF_rough_happy.wav,YAF_rough_angry.wav,-1.4374995231628418,-2.437500476837158,-1.53125,-1.4375,-0.4531254768371582,0.453125,1.0937509536743164
YAF_rough_sad_angry,YAF,rough,sad,angry,YAF_rough_sad.wav,YAF_rough_angry.wav,-1.3125,-1.3125,-1.2812495231628418,-0.4375,0.4218747615814209,0.4531252384185791,0.8437495231628418
YAF_rush_neutral_happy,YAF,rush,neutral,happy,YAF_rush_neutral.wav,YAF_rush_happy.wav,0.0625,0.0625,0.1875,0.375,0.09375,0.21875,0.1875
YAF_rush_neutral_sad,YAF,rush,neutral,sad,YAF_rush_neutral.wav,YAF_rush_sad.wav,-1.1250004768371582,-0.6875,-1.1875,-0.875,0.3750002384185791,-0.1249997615814209,-0.1250004768371582
YAF_rush_neutral_angry,YAF,rush,neutral,angry,YAF_rush_neutral.wav,YAF_rush_angry.wav,-1.8750004768371582,-2.375,-1.7499995231628418,-2.28125,-0.515625,0.1093754768371582,-0.031250953674316406
YAF_rush_happy_sad,YAF,rush,happy,sad,YAF_rush_happy.wav,YAF_rush_sad.wav,-1.125,-0.625,-1.09375,-1.125,0.234375,-0.234375,-0.53125
YAF_rush_happy_angry,YAF,rush,happy,angry,YAF_rush_happy.wav,YAF_rush_angry.wav,-2.03125,-1.9375,-2.656250476837158,-1.96875,0.3906252384185791,-0.3281252384185791,0.5937504768371582
YAF_rush_sad_angry,YAF,rush,sad,angry,YAF_rush_sad.wav,YAF_rush_angry.wav,-0.7499995231628418,-0.8125004768371582,-0.875,-0.46875,0.1718745231628418,0.109375,0.4687509536743164
YAF_said_neutral_happy,YAF,said,neutral,happy,YAF_said_neutral.wav,YAF_said_happy.wav,-0.1875,-0.875,-0.40625,-0.5625,-0.421875,0.046875,0.53125
YAF_said_neutral_sad,YAF,said,neutral,sad,YAF_said_neutral.wav,YAF_said_sad.wav,0.375,-1.125,-0.5,0.4375,-0.28125,0.34375,2.4375
YAF_said_neutral_angry,YAF,said,neutral,angry,YAF_said_neutral.wav,YAF_said_angry.wav,-0.875,-1.9375,-0.9375,-2.125,-1.125,-0.125,-0.125
YAF_said_happy_sad,YAF,said,happy,sad,YAF_said_happy.wav,YAF_said_sad.wav,0.125,-0.125,-0.5625,0.4375,0.375,-0.0625,1.25
YAF_said_happy_angry,YAF,said,happy,angry,YAF_said_happy.wav,YAF_said_angry.wav,-1.0,-1.9375,-0.59375,-1.875,-1.109375,0.234375,-0.34375
YAF_said_sad_angry,YAF,said,sad,angry,YAF_said_sad.wav,YAF_said_angry.wav,-1.9375,-1.0625,-0.1875,-1.3125,-0.125,0.75,-2.0
YAF_sail_neutral_happy,YAF,sail,neutral,happy,YAF_sail_neutral.wav,YAF_sail_happy.wav,-0.9375,-0.5,-0.9375,-0.6875,0.34375,-0.09375,-0.1875
YAF_sail_neutral_sad,YAF,sail,neutral,sad,YAF_sail_neutral.wav,YAF_sail_sad.wav,-1.4375,-1.0,-0.625,-2.1875,-0.5625,-0.1875,-2.0
YAF_sail_neutral_angry,YAF,sail,neutral,angry,YAF_sail_neutral.wav,YAF_sail_angry.wav,-2.96875,-3.0,-2.406249523162842,-2.75,-0.1875002384185791,0.4062502384185791,-0.3125004768371582
YAF_sail_happy_sad,YAF,sail,happy,sad,YAF_sail_happy.wav,YAF_sail_sad.wav,-0.25,-0.3749997615814209,-0.5,-0.6875,-0.15624988079071045,-0.28125011920928955,-0.0625002384185791
YAF_sail_happy_angry,YAF,sail,happy,angry,YAF_sail_happy.wav,YAF_sail_angry.wav,-1.625,-2.9375,-1.5625,-2.5,-1.125,0.25,0.375
YAF_sail_sad_angry,YAF,sail,sad,angry,YAF_sail_sad.wav,YAF_sail_angry.wav,-1.4375,-1.5625,-1.5,-1.8125,-0.21875,-0.15625,-0.1875
YAF_search_neutral_happy,YAF,search,neutral,happy,YAF_search_neutral.wav,YAF_search_happy.wav,-0.5000004768371582,-0.875,-0.875,-1.15625,-0.3281247615814209,-0.3281247615814209,0.0937495231628418
YAF_search_neutral_sad,YAF,search,neutral,sad,YAF_search_neutral.wav,YAF_search_sad.wav,-1.0937504768371582,-1.3125,-1.15625,-1.125,-0.0937497615814209,0.0625002384185791,0.2499995231628418
YAF_search_neutral_angry,YAF,search,neutral,angry,YAF_search_neutral.wav,YAF_search_angry.wav,-1.7500004768371582,-2.25,-1.625,-2.40625,-0.6406247615814209,-0.015624761581420898,-0.2812504768371582
YAF_search_happy_sad,YAF,search,happy,sad,YAF_search_happy.wav,YAF_search_sad.wav,-0.375,-0.9375,-0.3125,-0.75,-0.5,0.125,0.125
YAF_search_happy_angry,YAF,search,happy,angry,YAF_search_happy.wav,YAF_search_angry.wav,-1.34375,-1.1875,-1.15625,-1.71875,-0.203125,-0.171875,-0.71875
YAF_search_sad_angry,YAF,search,sad,angry,YAF_search_sad.wav,YAF_search_angry.wav,-0.4375,-1.3125,-0.5,-1.15625,-0.765625,0.046875,0.21875
YAF_seize_neutral_happy,YAF,seize,neutral,happy,YAF_seize_neutral.wav,YAF_seize_happy.wav,-0.15625,-0.125,0.1875,-0.125,-0.140625,0.171875,-0.34375
YAF_seize_neutral_sad,YAF,seize,neutral,sad,YAF_seize_neutral.wav,YAF_seize_sad.wav,1.1875,0.5,1.34375,-0.09375,-1.0625,-0.21875,-0.75
YAF_seize_neutral_angry,YAF,seize,neutral,angry,YAF_seize_neutral.wav,YAF_seize_angry.wav,-1.0625,-1.8125,-1.28125,-0.71875,-0.09375,0.4375,1.3125
YAF_seize_happy_sad,YAF,seize,happy,sad,YAF_seize_happy.wav,YAF_seize_sad.wav,0.875,0.625,1.15625,0.34375,-0.53125,0.0,-0.5625
YAF_seize_happy_angry,YAF,seize,happy,angry,YAF_seize_happy.wav,YAF_seize_angry.wav,-1.0625,-1.625,-1.125,-0.84375,-0.140625,0.359375,0.84375
YAF_seize_sad_angry,YAF,seize,sad,angry,YAF_seize_sad.wav,YAF_seize_angry.wav,-1.65625,-1.8125,-1.6875004768371582,-1.78125,-0.1249997615814209,-2.384185791015625e-07,0.0625004768371582
YAF_sell_neutral_happy,YAF,sell,neutral,happy,YAF_sell_neutral.wav,YAF_sell_happy.wav,-0.71875,0.0625,-0.25,-0.4375,0.296875,-0.015625,-0.96875
YAF_sell_neutral_sad,YAF,sell,neutral,sad,YAF_sell_neutral.wav,YAF_sell_sad.wav,-0.125,-0.625,0.28125,-0.5,-0.640625,0.265625,-0.28125
YAF_sell_neutral_angry,YAF,sell,neutral,angry,YAF_sell_neutral.wav,YAF_sell_angry.wav,-1.90625,-0.875,-2.0,-1.4375,0.796875,-0.328125,-0.46875
YAF_sell_happy_sad,YAF,sell,happy,sad,YAF_sell_happy.wav,YAF_sell_sad.wav,0.0625,0.125,-0.3125,-0.5625,-0.09375,-0.53125,-0.3125
YAF_sell_happy_angry,YAF,sell,happy,angry,YAF_sell_happy.wav,YAF_sell_angry.wav,-1.5,-1.625,-2.25,-1.5625,0.28125,-0.34375,0.8125
YAF_sell_sad_angry,YAF,sell,sad,angry,YAF_sell_sad.wav,YAF_sell_angry.wav,-1.46875,-1.9375,-1.875,-1.75,-0.171875,-0.109375,0.59375
YAF_shack_neutral_happy,YAF,shack,neutral,happy,YAF_shack_neutral.wav,YAF_shack_happy.wav,-0.6875,-0.1875,0.0625,-0.4375,0.0,0.25,-1.0
YAF_shack_neutral_sad,YAF,shack,neutral,sad,YAF_shack_neutral.wav,YAF_shack_sad.wav,-1.53125,-0.25,-1.71875,-0.4375,1.28125,-0.1875,0.0
YAF_shack_neutral_angry,YAF,shack,neutral,angry,YAF_shack_neutral.wav,YAF_shack_angry.wav,-1.9375,-2.843749523162842,-0.96875,-2.75,-1.343749761581421,0.5312497615814209,-0.8750004768371582
YAF_shack_happy_sad,YAF,shack,happy,sad,YAF_shack_happy.wav,YAF_shack_sad.wav,-0.6875,-0.1875,-0.4375,-0.625,0.15625,-0.09375,-0.6875
YAF_shack_happy_angry,YAF,shack,happy,angry,YAF_shack_happy.wav,YAF_shack_angry.wav,-1.4375,-1.9375004768371582,-0.8125,-2.5,-1.093750238418579,0.0312502384185791,-1.1874995231628418
YAF_shack_sad_angry,YAF,shack,sad,angry,YAF_shack_sad.wav,YAF_shack_angry.wav,-1.1875,-1.875,-0.625,-2.0,-1.03125,0.21875,-0.6875
YAF_shall_neutral_happy,YAF,shall,neutral,happy,YAF_shall_neutral.wav,YAF_shall_happy.wav,0.03125,0.15625,-0.0625,-0.125,0.03125,-0.1875,-0.1875
YAF_shall_neutral_sad,YAF,shall,neutral,sad,YAF_shall_neutral.wav,YAF_shall_sad.wav,-0.78125,-1.0,-1.0625,-0.9375,-0.046875,-0.109375,0.34375
YAF_shall_neutral_angry,YAF,shall,neutral,angry,YAF_shall_neutral.wav,YAF_shall_angry.wav,-1.4375,-1.875,-1.4375,-2.25,-0.625,-0.1875,-0.375
YAF_shall_happy_sad,YAF,shall,happy,sad,YAF_shall_happy.wav,YAF_shall_sad.wav,-0.5625,-0.8125,-0.3125,-1.125,-0.53125,-0.03125,-0.5625
YAF_shall_happy_angry,YAF,shall,happy,angry,YAF_shall_happy.wav,YAF_shall_angry.wav,-1.9687495231628418,-1.4375,-1.59375,-2.5,-0.1875002384185791,-0.3437502384185791,-1.4374995231628418
YAF_shall_sad_angry,YAF,shall,sad,angry,YAF_shall_sad.wav,YAF_shall_angry.wav,-0.5625,-1.5937504768371582,-0.71875,-1.8125,-1.062500238418579,-0.1874997615814209,-0.0624995231628418
YAF_shawl_neutral_happy,YAF,shawl,neutral,happy,YAF_shawl_neutral.wav,YAF_shawl_happy.wav,-0.25,-0.3125,-0.625,-0.5625,0.0,-0.3125,0.125
YAF_shawl_neutral_sad,YAF,shawl,neutral,sad,YAF_shawl_neutral.wav,YAF_shawl_sad.wav,-0.96875,-0.4375,-1.1875,-1.0,0.359375,-0.390625,-0.34375
YAF_shawl_neutral_angry,YAF,shawl,neutral,angry,YAF_shawl_neutral.wav,YAF_shawl_angry.wav,-1.15625,-2.375,-0.75,-2.468749523162842,-1.468749761581421,0.1562502384185791,-0.4999995231628418
YAF_shawl_happy_sad,YAF,shawl,happy,sad,YAF_shawl_happy.wav,YAF_shawl_sad.wav,-0.8749995231628418,-0.4375,-0.9999995231628418,-0.9375,0.2499995231628418,-0.3125,-0.375
YAF_shawl_happy_angry,YAF,shawl,happy,angry,YAF_shawl_happy.wav,YAF_shawl_angry.wav,-1.2499995231628418,-2.187500476837158,-1.6875,-2.031249523162842,-0.6406252384185791,-0.1406247615814209,0.5937514305114746
YAF_shawl_sad_angry,YAF,shawl,sad,angry,YAF_shawl_sad.wav,YAF_shawl_angry.wav,-0.8125,-1.15625,-0.75,-1.03125,-0.3125,0.09375,0.0625
YAF_sheep_neutral_happy,YAF,sheep,neutral,happy,YAF_sheep_neutral.wav,YAF_sheep_happy.wav,0.3125,-0.75,-0.375,0.0,-0.34375,0.03125,1.4375
YAF_sheep_neutral_sad,YAF,sheep,neutral,sad,YAF_sheep_neutral.wav,YAF_sheep_sad.wav,-1.125,-1.125,-1.125,-0.3125,0.40625,0.40625,0.8125
YAF_sheep_neutral_angry,YAF,sheep,neutral,angry,YAF_sheep_neutral.wav,YAF_sheep_angry.wav,-2.343750476837158,-2.562500476837158,-1.75,-2.4375,-0.453125,0.3593754768371582,-0.46875
YAF_sheep_happy_sad,YAF,sheep,happy,sad,YAF_sheep_happy.wav,YAF_sheep_sad.wav,-0.75,-0.6875,-0.5625,-0.5,0.0625,0.1875,0.0
YAF_sheep_happy_angry,YAF,sheep,happy,angry,YAF_sheep_happy.wav,YAF_sheep_angry.wav,-1.875,-3.0,-2.062500476837158,-2.3125,-0.6874997615814209,0.2499997615814209,0.8750004768371582
YAF_sheep_sad_angry,YAF,sheep,sad,angry,YAF_sheep_sad.wav,YAF_sheep_angry.wav,-1.3125,-1.5625004768371582,-1.375,-1.625,-0.2500002384185791,-0.0624997615814209,4.76837158203125e-07
YAF_shirt_neutral_happy,YAF,shirt,neutral,happy,YAF_shirt_neutral.wav,YAF_shirt_happy.wav,-0.0625,-1.125,-0.25,-0.875,-0.84375,0.03125,0.4375
YAF_shirt_neutral_sad,YAF,shirt,neutral,sad,YAF_shirt_neutral.wav,YAF_shirt_sad.wav,-0.5312504768371582,-0.3125,0.0625,-0.4375,-0.1406247615814209,0.2343752384185791,-0.7187504768371582
YAF_shirt_neutral_angry,YAF,shirt,neutral,angry,YAF_shirt_neutral.wav,YAF_shirt_angry.wav,-1.7500004768371582,-3.406249523162842,-1.4375,-2.4375,-1.3281245231628418,0.640625,0.6562490463256836
YAF_shirt_happy_sad,YAF,shirt,happy,sad,YAF_shirt_happy.wav,YAF_shirt_sad.wav,0.1875,0.0,0.1875,-0.25,-0.3125,-0.125,-0.25
YAF_shirt_happy_angry,YAF,shirt,happy,angry,YAF_shirt_happy.wav,YAF_shirt_angry.wav,-1.25,-1.8125,-1.25,-1.8125,-0.5625,0.0,0.0
YAF_shirt_sad_angry,YAF,shirt,sad,angry,YAF_shirt_sad.wav,YAF_shirt_angry.wav,-1.53125,-1.90625,-1.125,-1.625,-0.4375,0.34375,-0.125
YAF_should_neutral_happy,YAF,should,neutral,happy,YAF_should_neutral.wav,YAF_should_happy.wav,-0.0625,-0.25,-0.3125,-0.25,-0.0625,-0.125,0.25
YAF_should_neutral_sad,YAF,should,neutral,sad,YAF_should_neutral.wav,YAF_should_sad.wav,-0.78125,-0.1875,-1.125,-0.8125,0.453125,-0.484375,-0.28125
YAF_should_neutral_angry,YAF,should,neutral,angry,YAF_should_neutral.wav,YAF_should_angry.wav,-1.15625,-1.25,-1.21875,-2.125,-0.5,-0.46875,-0.8125
YAF_should_happy_sad,YAF,should,happy,sad,YAF_should_happy.wav,YAF_should_sad.wav,-1.125,-0.5625,-1.25,-0.8125,0.5,-0.1875,-0.125
YAF_should_happy_angry,YAF,should,happy,angry,YAF_should_happy.wav,YAF_should_angry.wav,-1.4375,-1.0625,-1.125,-2.3125,-0.40625,-0.46875,-1.5625
YAF_should_sad_angry,YAF,should,sad,angry,YAF_should_sad.wav,YAF_should_angry.wav,-0.5625,-0.4375,-0.8125,-1.125,-0.09375,-0.46875,-0.4375
YAF_shout_neutral_happy,YAF,shout,neutral,happy,YAF_shout_neutral.wav,YAF_shout_happy.wav,-0.75,-0.8125,-1.375,-1.40625,-0.046875,-0.609375,0.03125
YAF_shout_neutral_sad,YAF,shout,neutral,sad,YAF_shout_neutral.wav,YAF_shout_sad.wav,-0.8125,-0.1875,-0.96875,-0.6875,0.453125,-0.328125,-0.34375
YAF_shout_neutral_angry,YAF,shout,neutral,angry,YAF_shout_neutral.wav,YAF_shout_angry.wav,-2.09375,-2.59375,-2.125000476837158,-2.125,-0.2499997615814209,0.2187497615814209,0.5000004768371582
YAF_shout_happy_sad,YAF,shout,happy,sad,YAF_shout_happy.wav,YAF_shout_sad.wav,0.4375,-0.25,-0.75,-0.3125,-0.125,-0.625,1.125
YAF_shout_happy_angry,YAF,shout,happy,angry,YAF_shout_happy.wav,YAF_shout_angry.wav,-0.6875,-0.21875,-1.25,-1.625,0.046875,-0.984375,-0.84375
YAF_shout_sad_angry,YAF,shout,sad,angry,YAF_shout_sad.wav,YAF_shout_angry.wav,-1.625,-1.15625,-0.625,-1.34375,-0.125,0.40625,-1.1875
YAF_size_neutral_happy,YAF,size,neutral,happy,YAF_size_neutral.wav,YAF_size_happy.wav,0.0625,0.15625,-0.75,0.59375,0.71875,-0.1875,1.25
YAF_size_neutral_sad,YAF,size,neutral,sad,YAF_size_neutral.wav,YAF_size_sad.wav,0.09375,-0.9375,-0.4375,-0.375,-0.484375,0.015625,1.09375
YAF_size_neutral_angry,YAF,size,neutral,angry,YAF_size_neutral.wav,YAF_size_angry.wav,-1.34375,-2.84375,-1.375,-2.3125,-1.21875,0.25,0.5625
YAF_size_happy_sad,YAF,size,happy,sad,YAF_size_happy.wav,YAF_size_sad.wav,-0.625,-0.4375,-0.6875,-0.6875,0.09375,-0.15625,-0.1875
YAF_size_happy_angry,YAF,size,happy,angry,YAF_size_happy.wav,YAF_size_angry.wav,-2.15625,-1.6875,-2.09375,-2.28125,0.140625,-0.265625,-0.65625
YAF_size_sad_angry,YAF,size,sad,angry,YAF_size_sad.wav,YAF_size_angry.wav,-1.6875,-1.71875,-1.625,-1.65625,-0.03125,0.0625,0.0
YAF_soap_neutral_happy,YAF,soap,neutral,happy,YAF_soap_neutral.wav,YAF_soap_happy.wav,0.125,-0.4375,-0.0625,0.0625,-0.21875,0.15625,0.6875
YAF_soap_neutral_sad,YAF,soap,neutral,sad,YAF_soap_neutral.wav,YAF_soap_sad.wav,-0.9687504768371582,-1.0,-1.0,-0.8125,0.0781252384185791,0.0781252384185791,0.2187495231628418
YAF_soap_neutral_angry,YAF,soap,neutral,angry,YAF_soap_neutral.wav,YAF_soap_angry.wav,-1.7500004768371582,-2.84375,-1.46875,-2.34375,-0.9843747615814209,0.3906252384185791,0.2187495231628418
YAF_soap_happy_sad,YAF,soap,happy,sad,YAF_soap_happy.wav,YAF_soap_sad.wav,-1.1875,-0.625,-1.25,-0.8125,0.5,-0.125,-0.125
YAF_soap_happy_angry,YAF,soap,happy,angry,YAF_soap_happy.wav,YAF_soap_angry.wav,-2.1875,-2.3125,-1.375,-1.96875,-0.359375,0.578125,-0.46875
YAF_soap_sad_angry,YAF,soap,sad,angry,YAF_soap_sad.wav,YAF_soap_angry.wav,-0.3125,-0.9375,-0.875,-0.5,-0.125,-0.0625,1.0
YAF_soup_neutral_happy,YAF,soup,neutral,happy,YAF_soup_neutral.wav,YAF_soup_happy.wav,-0.0625,0.1875,0.0,-0.0625,0.09375,-0.09375,-0.3125
YAF_soup_neutral_sad,YAF,soup,neutral,sad,YAF_soup_neutral.wav,YAF_soup_sad.wav,-1.1875,-0.4375,-0.375,-0.84375,0.140625,0.203125,-1.21875
YAF_soup_neutral_angry,YAF,soup,neutral,angry,YAF_soup_neutral.wav,YAF_soup_angry.wav,-2.125,-2.5,-1.8125,-2.312499523162842,-0.4374997615814209,0.2500002384185791,-0.1249995231628418
YAF_soup_happy_sad,YAF,soup,happy,sad,YAF_soup_happy.wav,YAF_soup_sad.wav,-1.25,-0.375,-0.5,-0.96875,0.203125,0.078125,-1.34375
YAF_soup_happy_angry,YAF,soup,happy,angry,YAF_soup_happy.wav,YAF_soup_angry.wav,-2.0,-2.812500476837158,-2.031249523162842,-2.687499523162842,-0.7343752384185791,0.046875715255737305,0.1562504768371582
YAF_soup_sad_angry,YAF,soup,sad,angry,YAF_soup_sad.wav,YAF_soup_angry.wav,-1.125,-0.65625,-1.25,-1.1249995231628418,0.2968752384185791,-0.2968747615814209,-0.3437495231628418
YAF_sour_neutral_happy,YAF,sour,neutral,happy,YAF_sour_neutral.wav,YAF_sour_happy.wav,-0.8125,-0.5625,-1.2499995231628418,-0.6875,0.4062497615814209,-0.2812497615814209,0.3124995231628418
YAF_sour_neutral_sad,YAF,sour,neutral,sad,YAF_sour_neutral.wav,YAF_sour_sad.wav,-1.5625,-0.9375,-0.84375,-1.0625,0.203125,0.296875,-0.84375
YAF_sour_neutral_angry,YAF,sour,neutral,angry,YAF_sour_neutral.wav,YAF_sour_angry.wav,-2.0,-2.843749523162842,-2.125,-2.75,-0.7343747615814209,-0.0156252384185791,0.2187495231628418
YAF_sour_happy_sad,YAF,sour,happy,sad,YAF_sour_happy.wav,YAF_sour_sad.wav,-1.4687495231628418,-0.8125,-0.9375,-1.0,0.2968747615814209,0.1718747615814209,-0.7187495231628418
YAF_sour_happy_angry,YAF,sour,happy,angry,YAF_sour_happy.wav,YAF_sour_angry.wav,-1.7812495231628418,-2.25,-1.65625,-2.25,-0.5312502384185791,0.0624997615814209,-0.1249995231628418
YAF_sour_sad_angry,YAF,sour,sad,angry,YAF_sour_sad.wav,YAF_sour_angry.wav,-0.625,-0.8125,-0.9375,-1.0,-0.125,-0.25,0.125
YAF_south_neutral_happy,YAF,south,neutral,happy,YAF_south_neutral.wav,YAF_south_happy.wav,0.53125,-0.25,0.375,0.0,-0.578125,0.046875,0.40625
YAF_south_neutral_sad,YAF,south,neutral,sad,YAF_south_neutral.wav,YAF_south_sad.wav,-0.4062504768371582,-0.25,-0.375,-0.5625,-0.015624761581420898,-0.1406247615814209,-0.3437504768371582
YAF_south_neutral_angry,YAF,south,neutral,angry,YAF_south_neutral.wav,YAF_south_angry.wav,-1.0000004768371582,-1.125,-1.90625,-1.75,0.0156252384185791,-0.7656247615814209,0.2812495231628418
YAF_south_happy_sad,YAF,south,happy,sad,YAF_south_happy.wav,YAF_south_sad.wav,-0.4375,-0.5,-0.5,-0.8125,-0.1875,-0.1875,-0.25
YAF_south_happy_angry,YAF,south,happy,angry,YAF_south_happy.wav,YAF_south_angry.wav,-1.15625,-1.75,-1.4375,-1.625,-0.390625,-0.078125,0.40625
YAF_south_sad_angry,YAF,south,sad,angry,YAF_south_sad.wav,YAF_south_angry.wav,-0.8125,-1.375,-1.375,-0.875,-0.03125,-0.03125,1.0625
YAF_sub_neutral_happy,YAF,sub,neutral,happy,YAF_sub_neutral.wav,YAF_sub_happy.wav,-0.375,-0.375,-0.4375,-0.625,-0.09375,-0.15625,-0.1875
YAF_sub_neutral_sad,YAF,sub,neutral,sad,YAF_sub_neutral.wav,YAF_sub_sad.wav,-1.1875,-0.4375,-0.2499995231628418,-0.9375,0.0312497615814209,0.2187502384185791,-1.4375004768371582
YAF_sub_neutral_angry,YAF,sub,neutral,angry,YAF_sub_neutral.wav,YAF_sub_angry.wav,-2.0,-2.65625,-1.4375,-2.25,-0.734375,0.484375,-0.15625
YAF_sub_happy_sad,YAF,sub,happy,sad,YAF_sub_happy.wav,YAF_sub_sad.wav,-0.8125,-0.5625,-0.875,-0.9375,0.09375,-0.21875,-0.3125
YAF_sub_happy_angry,YAF,sub,happy,angry,YAF_sub_happy.wav,YAF_sub_angry.wav,-2.09375,-2.3125,-1.875,-2.15625,-0.25,0.1875,-0.0625
YAF_sub_sad_angry,YAF,sub,sad,angry,YAF_sub_sad.wav,YAF_sub_angry.wav,-0.875,-1.03125,-0.6875,-1.375,-0.421875,-0.078125,-0.53125
YAF_such_neutral_happy,YAF,such,neutral,happy,YAF_such_neutral.wav,YAF_such_happy.wav,-0.5,-0.4375,-0.46875,-0.125,0.203125,0.171875,0.28125
YAF_such_neutral_sad,YAF,such,neutral,sad,YAF_such_neutral.wav,YAF_such_sad.wav,-0.8125,-0.9375,-0.21875,-0.5625,-0.234375,0.484375,-0.21875
YAF_such_neutral_angry,YAF,such,neutral,angry,YAF_such_neutral.wav,YAF_such_angry.wav,-1.1875,-1.8125,-1.125,-2.46875,-0.984375,-0.296875,-0.71875
YAF_such_happy_sad,YAF,such,happy,sad,YAF_such_happy.wav,YAF_such_sad.wav,-0.8125,-0.5,-1.1875,-0.4375,0.53125,-0.15625,0.4375
YAF_such_happy_angry,YAF,such,happy,angry,YAF_such_happy.wav,YAF_such_angry.wav,-1.875,-1.8125,-1.5,-1.90625,-0.171875,0.140625,-0.46875
YAF_such_sad_angry,YAF,such,sad,angry,YAF_such_sad.wav,YAF_such_angry.wav,-0.5,-0.625,-0.75,-1.15625,-0.265625,-0.390625,-0.28125
YAF_sure_neutral_happy,YAF,sure,neutral,happy,YAF_sure_neutral.wav,YAF_sure_happy.wav,-0.4375004768371582,-0.125,-0.125,-0.375,0.0312502384185791,0.0312502384185791,-0.5625004768371582
YAF_sure_neutral_sad,YAF,sure,neutral,sad,YAF_sure_neutral.wav,YAF_sure_sad.wav,-1.3437504768371582,-0.9375,-0.75,-1.0,0.0781252384185791,0.2656252384185791,-0.6562504768371582
YAF_sure_neutral_angry,YAF,sure,neutral,angry,YAF_sure_neutral.wav,YAF_sure_angry.wav,-1.5312504768371582,-2.0,-1.8125004768371582,-2.875,-0.7656245231628418,-0.578125,-0.59375
YAF_sure_happy_sad,YAF,sure,happy,sad,YAF_sure_happy.wav,YAF_sure_sad.wav,-1.0625,-0.625,-0.4375,-0.875,0.0,0.1875,-0.875
YAF_sure_happy_angry,YAF,sure,happy,angry,YAF_sure_happy.wav,YAF_sure_angry.wav,-1.84375,-1.875,-1.34375,-1.875,-0.28125,0.25,-0.5
YAF_sure_sad_angry,YAF,sure,sad,angry,YAF_sure_sad.wav,YAF_sure_angry.wav,-0.96875,-0.9375,-0.84375,-0.875,0.0,0.09375,-0.0625
YAF_take_neutral_happy,YAF,take,neutral,happy,YAF_take_neutral.wav,YAF_take_happy.wav,0.0,-0.5625,0.1875,0.0,-0.375,0.375,0.375
YAF_take_neutral_sad,YAF,take,neutral,sad,YAF_take_neutral.wav,YAF_take_sad.wav,-0.375,-0.6875,-0.40625,-1.125,-0.515625,-0.234375,-0.40625
YAF_take_neutral_angry,YAF,take,neutral,angry,YAF_take_neutral.wav,YAF_take_angry.wav,-1.0625,-3.0,-0.34375,-2.125,-1.859375,0.796875,0.15625
YAF_take_happy_sad,YAF,take,happy,sad,YAF_take_happy.wav,YAF_take_sad.wav,-0.8125,-0.1875,-0.75,-0.875,0.25,-0.3125,-0.75
YAF_take_happy_angry,YAF,take,happy,angry,YAF_take_happy.wav,YAF_take_angry.wav,-1.9687495231628418,-1.625,-2.4375,-1.5625,0.6093747615814209,-0.2031252384185791,0.5312504768371582
YAF_take_sad_angry,YAF,take,sad,angry,YAF_take_sad.wav,YAF_take_angry.wav,-1.25,-1.0,-1.25,-0.75,0.375,0.125,0.25
YAF_talk_neutral_happy,YAF,talk,neutral,happy,YAF_talk_neutral.wav,YAF_talk_happy.wav,-0.53125,-0.4375,0.0,-0.0625,0.015625,0.453125,-0.15625
YAF_talk_neutral_sad,YAF,talk,neutral,sad,YAF_talk_neutral.wav,YAF_talk_sad.wav,-1.1875,-0.125,-1.0625,-0.625,0.75,-0.1875,-0.625
YAF_talk_neutral_angry,YAF,talk,neutral,angry,YAF_talk_neutral.wav,YAF_talk_angry.wav,-1.53125,-2.9375,-1.25,-1.84375,-1.0,0.6875,0.8125
YAF_talk_happy_sad,YAF,talk,happy,sad,YAF_talk_happy.wav,YAF_talk_sad.wav,-0.8125,0.1875,-0.4375,-0.25,0.59375,-0.03125,-0.8125
YAF_talk_happy_angry,YAF,talk,happy,angry,YAF_talk_happy.wav,YAF_talk_angry.wav,-1.5,-2.6875,-1.0937495231628418,-1.09375,-0.5937502384185791,1.000000238418579,1.1874995231628418
YAF_talk_sad_angry,YAF,talk,sad,angry,YAF_talk_sad.wav,YAF_talk_angry.wav,-1.1875,-1.375,-1.0,-0.8125,0.0,0.375,0.375
YAF_tape_neutral_happy,YAF,tape,neutral,happy,YAF_tape_neutral.wav,YAF_tape_happy.wav,0.0625,-0.3125,-0.3125,-0.5,-0.28125,-0.28125,0.1875
YAF_tape_neutral_sad,YAF,tape,neutral,sad,YAF_tape_neutral.wav,YAF_tape_sad.wav,-0.5,-1.312500238418579,-0.75,-0.4375,-0.25000011920928955,0.31250011920928955,1.125000238418579
YAF_tape_neutral_angry,YAF,tape,neutral,angry,YAF_tape_neutral.wav,YAF_tape_angry.wav,-1.1875,-2.9375,-1.1875,-2.1875,-1.375,0.375,0.75
YAF_tape_happy_sad,YAF,tape,happy,sad,YAF_tape_happy.wav,YAF_tape_sad.wav,-0.625,-0.5,-0.625,-0.6875,0.03125,-0.09375,-0.1875
YAF_tape_happy_angry,YAF,tape,happy,angry,YAF_tape_happy.wav,YAF_tape_angry.wav,-1.8125,-2.3125,-1.6562504768371582,-2.125,-0.4843747615814209,0.1718747615814209,0.0312504768371582
YAF_tape_sad_angry,YAF,tape,sad,angry,YAF_tape_sad.wav,YAF_tape_angry.wav,-1.25,-1.5,-1.25,-1.1875,-0.09375,0.15625,0.3125
YAF_team_neutral_happy,YAF,team,neutral,happy,YAF_team_neutral.wav,YAF_team_happy.wav,-1.8125,-0.5625,-1.1875,-1.0,0.71875,0.09375,-1.0625
YAF_team_neutral_sad,YAF,team,neutral,sad,YAF_team_neutral.wav,YAF_team_sad.wav,-2.6875,-0.8750002384185791,-0.8125,-0.8125,0.9062498807907104,0.9687501192092896,-1.812499761581421
YAF_team_neutral_angry,YAF,team,neutral,angry,YAF_team_neutral.wav,YAF_team_angry.wav,-3.09375,-2.625,-2.1875,-3.0625,-0.203125,0.234375,-1.34375
YAF_team_happy_sad,YAF,team,happy,sad,YAF_team_happy.wav,YAF_team_sad.wav,-0.875,-0.3125,-0.875,-0.6875,0.375,-0.1875,-0.375
YAF_team_happy_angry,YAF,team,happy,angry,YAF_team_happy.wav,YAF_team_angry.wav,-1.3125,-1.9375,-1.28125,-2.25,-0.796875,-0.140625,-0.34375
YAF_team_sad_angry,YAF,team,sad,angry,YAF_team_sad.wav,YAF_team_angry.wav,-0.6875,-0.125,-0.5625,-1.1875,-0.03125,-0.46875,-1.1875
YAF_tell_neutral_happy,YAF,tell,neutral,happy,YAF_tell_neutral.wav,YAF_tell_happy.wav,-0.625,-0.75,-0.6875,-0.8125,-0.125,-0.0625,0.0
YAF_tell_neutral_sad,YAF,tell,neutral,sad,YAF_tell_neutral.wav,YAF_tell_sad.wav,-1.1875,-1.0,-1.9999995231628418,-1.375,0.4062497615814209,-0.5937497615814209,0.4374995231628418
YAF_tell_neutral_angry,YAF,tell,neutral,angry,YAF_tell_neutral.wav,YAF_tell_angry.wav,-2.3125,-1.8125,-1.875,-2.8125,-0.21875,-0.28125,-1.4375
YAF_tell_happy_sad,YAF,tell,happy,sad,YAF_tell_happy.wav,YAF_tell_sad.wav,-1.125,-0.375,-1.3125004768371582,-1.1875,0.4375002384185791,-0.5000002384185791,-0.6249995231628418
YAF_tell_happy_angry,YAF,tell,happy,angry,YAF_tell_happy.wav,YAF_tell_angry.wav,-1.5,-1.6875,-1.53125,-1.6875,-0.171875,-0.015625,0.03125
YAF_tell_sad_angry,YAF,tell,sad,angry,YAF_tell_sad.wav,YAF_tell_angry.wav,-0.5625,-0.6875,-0.75,-0.625,0.0,-0.0625,0.25
YAF_thin_neutral_happy,YAF,thin,neutral,happy,YAF_thin_neutral.wav,YAF_thin_happy.wav,0.4375,0.0,-0.5,-0.1875,-0.0625,-0.5625,0.75
YAF_thin_neutral_sad,YAF,thin,neutral,sad,YAF_thin_neutral.wav,YAF_thin_sad.wav,-0.75,-1.75,-0.9375,-0.5,-0.28125,0.53125,1.4375
YAF_thin_neutral_angry,YAF,thin,neutral,angry,YAF_thin_neutral.wav,YAF_thin_angry.wav,-1.53125,-2.34375,-1.4375,-2.90625,-1.140625,-0.234375,-0.65625
YAF_thin_happy_sad,YAF,thin,happy,sad,YAF_thin_happy.wav,YAF_thin_sad.wav,-0.8125,-0.875,-1.125,-0.6875004768371582,0.1874997615814209,-0.0625002384185791,0.4999995231628418
YAF_thin_happy_angry,YAF,thin,happy,angry,YAF_thin_happy.wav,YAF_thin_angry.wav,-2.1875,-2.375,-2.5625,-2.40625,-0.015625,-0.203125,0.34375
YAF_thin_sad_angry,YAF,thin,sad,angry,YAF_thin_sad.wav,YAF_thin_angry.wav,-1.125,-0.3125,-1.0,-0.90625,0.453125,-0.234375,-0.71875
YAF_third_neutral_happy,YAF,third,neutral,happy,YAF_third_neutral.wav,YAF_third_happy.wav,0.8125,0.0,0.5625,0.125,-0.625,-0.0625,0.375
YAF_third_neutral_sad,YAF,third,neutral,sad,YAF_third_neutral.wav,YAF_third_sad.wav,-0.1249995231628418,-0.4375,-0.3125,-0.5,-0.2500002384185791,-0.1250002384185791,0.1250004768371582
YAF_third_neutral_angry,YAF,third,neutral,angry,YAF_third_neutral.wav,YAF_third_angry.wav,-0.2499995231628418,-1.875,-0.75,-2.0,-1.437500238418579,-0.3125002384185791,0.3750004768371582
YAF_third_happy_sad,YAF,third,happy,sad,YAF_third_happy.wav,YAF_third_sad.wav,-0.6875,-0.25,-0.75,-0.5,0.34375,-0.15625,-0.1875
YAF_third_happy_angry,YAF,third,happy,angry,YAF_third_happy.wav,YAF_third_angry.wav,-1.1875,-2.375,-1.625,-2.375,-0.96875,-0.21875,0.4375
YAF_third_sad_angry,YAF,third,sad,angry,YAF_third_sad.wav,YAF_third_angry.wav,-0.5625,-0.5625,-0.75,-1.125,-0.1875,-0.375,-0.375
YAF_thought_neutral_happy,YAF,thought,neutral,happy,YAF_thought_neutral.wav,YAF_thought_happy.wav,-0.125,0.0,-0.125,0.0,0.125,0.0,0.0
YAF_thought_neutral_sad,YAF,thought,neutral,sad,YAF_thought_neutral.wav,YAF_thought_sad.wav,-1.0,-0.8125,-0.6875,-0.8125,0.03125,0.15625,-0.3125
YAF_thought_neutral_angry,YAF,thought,neutral,angry,YAF_thought_neutral.wav,YAF_thought_angry.wav,-2.1875,-2.25,-1.625,-1.125,0.21875,0.84375,0.5625
YAF_thought_happy_sad,YAF,thought,happy,sad,YAF_thought_happy.wav,YAF_thought_sad.wav,-1.25,-0.9375,-1.1875,-0.875,0.3125,0.0625,0.0
YAF_thought_happy_angry,YAF,thought,happy,angry,YAF_thought_happy.wav,YAF_thought_angry.wav,-2.0625,-1.4375,-1.875,-1.625,0.4375,0.0,-0.375
YAF_thought_sad_angry,YAF,thought,sad,angry,YAF_thought_sad.wav,YAF_thought_angry.wav,-1.375,-0.625,-1.375000238418579,-0.5,0.8125001192092896,0.06249988079071045,0.1250002384185791
YAF_thumb_neutral_happy,YAF,thumb,neutral,happy,YAF_thumb_neutral.wav,YAF_thumb_happy.wav,-0.4375,0.75,-0.5625,0.40625,1.078125,-0.234375,-0.21875
YAF_thumb_neutral_sad,YAF,thumb,neutral,sad,YAF_thumb_neutral.wav,YAF_thumb_sad.wav,-1.84375,-2.1875,-2.531250476837158,-1.3125,0.4375002384185791,0.0937497615814209,1.5625004768371582
YAF_thumb_neutral_angry,YAF,thumb,neutral,angry,YAF_thumb_neutral.wav,YAF_thumb_angry.wav,-2.03125,-2.4375,-2.499999761581421,-2.03125,0.03124988079071045,-0.03124988079071045,0.8749997615814209
YAF_thumb_happy_sad,YAF,thumb,happy,sad,YAF_thumb_happy.wav,YAF_thumb_sad.wav,-1.5,-1.0,-1.84375,-1.4375,0.453125,-0.390625,-0.09375
YAF_thumb_happy_angry,YAF,thumb,happy,angry,YAF_thumb_happy.wav,YAF_thumb_angry.wav,-0.90625,-2.0625,-1.875,-1.96875,-0.625,-0.4375,1.0625
YAF_thumb_sad_angry,YAF,thumb,sad,angry,YAF_thumb_sad.wav,YAF_thumb_angry.wav,-0.34375,-0.9999995231628418,-0.5625,-0.84375,-0.4687497615814209,-0.0312502384185791,0.3749995231628418
YAF_time_neutral_happy,YAF,time,neutral,happy,YAF_time_neutral.wav,YAF_time_happy.wav,-1.1875,-0.6875,-1.75,-0.5,0.875,-0.1875,0.75
YAF_time_neutral_sad,YAF,time,neutral,sad,YAF_time_neutral.wav,YAF_time_sad.wav,-2.03125,-0.9375,-0.9375,-0.875,0.578125,0.578125,-1.03125
YAF_time_neutral_angry,YAF,time,neutral,angry,YAF_time_neutral.wav,YAF_time_angry.wav,-3.0625,-2.9375,-1.96875,-2.531250476837158,-0.2187502384185791,0.7499997615814209,-0.6875004768371582
YAF_time_happy_sad,YAF,time,happy,sad,YAF_time_happy.wav,YAF_time_sad.wav,-0.28125,-0.25,-0.46875,-0.5625,-0.03125,-0.25,-0.125
YAF_time_happy_angry,YAF,time,happy,angry,YAF_time_happy.wav,YAF_time_angry.wav,-1.28125,-2.718750476837158,-1.21875,-2.406250476837158,-1.3125004768371582,0.1875,0.25
YAF_time_sad_angry,YAF,time,sad,angry,YAF_time_sad.wav,YAF_time_angry.wav,-1.3125,-1.75,-1.1875,-1.6562504768371582,-0.4531252384185791,0.1093747615814209,-0.0312504768371582
YAF_tip_neutral_happy,YAF,tip,neutral,happy,YAF_tip_neutral.wav,YAF_tip_happy.wav,-0.1875,-0.0625,0.1875,0.125,0.03125,0.28125,-0.1875
YAF_tip_neutral_sad,YAF,tip,neutral,sad,YAF_tip_neutral.wav,YAF_tip_sad.wav,-0.4375,-0.5625,-0.1875,-1.125,-0.53125,-0.15625,-0.8125
YAF_tip_neutral_angry,YAF,tip,neutral,angry,YAF_tip_neutral.wav,YAF_tip_angry.wav,-1.3125,-1.2812495231628418,-1.312499761581421,-1.9375004768371582,-0.29687511920928955,-0.32812535762786865,-0.6562511920928955
YAF_tip_happy_sad,YAF,tip,happy,sad,YAF_tip_happy.wav,YAF_tip_sad.wav,-0.21875,-0.2500004768371582,-0.3125,-1.0,-0.3593752384185791,-0.4218747615814209,-0.6562495231628418
YAF_tip_happy_angry,YAF,tip,happy,angry,YAF_tip_happy.wav,YAF_tip_angry.wav,-1.1875,-0.5625,-1.40625,-1.6250004768371582,0.2031247615814209,-0.6406252384185791,-0.8437504768371582
YAF_tip_sad_angry,YAF,tip,sad,angry,YAF_tip_sad.wav,YAF_tip_angry.wav,-0.9375,-1.0625004768371582,-1.4375004768371582,-0.9375,0.1875,-0.1875,0.6250009536743164
YAF_tire_neutral_happy,YAF,tire,neutral,happy,YAF_tire_neutral.wav,YAF_tire_happy.wav,-1.75,-1.0625,-1.59375,-1.0624995231628418,0.6093752384185791,0.0781252384185791,-0.1562495231628418
YAF_tire_neutral_sad,YAF,tire,neutral,sad,YAF_tire_neutral.wav,YAF_tire_sad.wav,-1.125,-1.25,-1.5000004768371582,-1.25,0.0625002384185791,-0.1875002384185791,0.3750004768371582
YAF_tire_neutral_angry,YAF,tire,neutral,angry,YAF_tire_neutral.wav,YAF_tire_angry.wav,-2.46875,-1.6875,-1.9374995231628418,-3.3125,-0.2968752384185791,-0.5468747615814209,-2.156250476837158
YAF_tire_happy_sad,YAF,tire,happy,sad,YAF_tire_happy.wav,YAF_tire_sad.wav,0.53125,0.1875,0.375,0.0,-0.359375,-0.171875,-0.03125
YAF_tire_happy_angry,YAF,tire,happy,angry,YAF_tire_happy.wav,YAF_tire_angry.wav,-0.78125,-1.0625,-1.3125004768371582,-2.0625,-0.5156247615814209,-0.7656252384185791,-0.4687495231628418
YAF_tire_sad_angry,YAF,tire,sad,angry,YAF_tire_sad.wav,YAF_tire_angry.wav,-1.1875,-0.7499995231628418,-1.6875,-2.1875,-0.0312497615814209,-0.9687502384185791,-0.9375004768371582
YAF_ton_neutral_happy,YAF,ton,neutral,happy,YAF_ton_neutral.wav,YAF_ton_happy.wav,-0.46875,-1.0625,-0.5625,-0.5,-0.265625,0.234375,0.65625
YAF_ton_neutral_sad,YAF,ton,neutral,sad,YAF_ton_neutral.wav,YAF_ton_sad.wav,-0.375,0.0625,-1.1875,0.125,0.875,-0.375,0.875
YAF_ton_neutral_angry,YAF,ton,neutral,angry,YAF_ton_neutral.wav,YAF_ton_angry.wav,-1.46875,-2.031250476837158,-1.5,-2.093750476837158,-0.5781254768371582,-0.046875,-0.03125
YAF_ton_happy_sad,YAF,ton,happy,sad,YAF_ton_happy.wav,YAF_ton_sad.wav,-0.28125,0.0625,-0.3125,-0.5,0.078125,-0.296875,-0.53125
YAF_ton_happy_angry,YAF,ton,happy,angry,YAF_ton_happy.wav,YAF_ton_angry.wav,-1.0625004768371582,-2.40625,-1.4062504768371582,-1.8437504768371582,-0.8906247615814209,0.1093747615814209,0.9062495231628418
YAF_ton_sad_angry,YAF,ton,sad,angry,YAF_ton_sad.wav,YAF_ton_angry.wav,-0.9375,-1.375,-1.0,-1.34375,-0.390625,-0.015625,0.09375
YAF_tool_neutral_happy,YAF,tool,neutral,happy,YAF_tool_neutral.wav,YAF_tool_happy.wav,-0.375,-0.84375,-0.25,-0.6875,-0.453125,0.140625,0.03125
YAF_tool_neutral_sad,YAF,tool,neutral,sad,YAF_tool_neutral.wav,YAF_tool_sad.wav,-1.5,-0.9375,-0.1875,-1.375,-0.3125,0.4375,-1.75
YAF_tool_neutral_angry,YAF,tool,neutral,angry,YAF_tool_neutral.wav,YAF_tool_angry.wav,-2.375,-1.125,-0.625,-2.25,-0.1875,0.3125,-2.875
YAF_tool_happy_sad,YAF,tool,happy,sad,YAF_tool_happy.wav,YAF_tool_sad.wav,-0.75,-0.5,-0.96875,-0.6875,0.265625,-0.203125,0.03125
YAF_tool_happy_angry,YAF,tool,happy,angry,YAF_tool_happy.wav,YAF_tool_angry.wav,-1.1875,-1.4375,-0.8125,-1.5,-0.46875,0.15625,-0.4375
YAF_tool_sad_angry,YAF,tool,sad,angry,YAF_tool_sad.wav,YAF_tool_angry.wav,-0.1875,-0.40625,-0.4375,-0.625,-0.203125,-0.234375,0.03125
YAF_tough_neutral_happy,YAF,tough,neutral,happy,YAF_tough_neutral.wav,YAF_tough_happy.wav,0.1875,-0.1875,0.125,-0.125,-0.3125,0.0,0.125
YAF_tough_neutral_sad,YAF,tough,neutral,sad,YAF_tough_neutral.wav,YAF_tough_sad.wav,-0.125,-1.4375,0.0,-0.4375,-0.875,0.5625,0.875
YAF_tough_neutral_angry,YAF,tough,neutral,angry,YAF_tough_neutral.wav,YAF_tough_angry.wav,-1.125,-3.375,-0.875,-1.0,-1.1875,1.3125,2.125
YAF_tough_happy_sad,YAF,tough,happy,sad,YAF_tough_happy.wav,YAF_tough_sad.wav,-1.5625,-0.6875,-1.1875,-0.75,0.65625,0.15625,-0.4375
YAF_tough_happy_angry,YAF,tough,happy,angry,YAF_tough_happy.wav,YAF_tough_angry.wav,-2.25,-2.6875,-1.4375,-1.5,-0.25,1.0,0.375
YAF_tough_sad_angry,YAF,tough,sad,angry,YAF_tough_sad.wav,YAF_tough_angry.wav,-0.65625,-0.625,-0.8125,-0.6875,0.078125,-0.109375,0.09375
YAF_turn_neutral_happy,YAF,turn,neutral,happy,YAF_turn_neutral.wav,YAF_turn_happy.wav,-0.65625,-0.75,-0.5,-0.625,-0.109375,0.140625,-0.03125
YAF_turn_neutral_sad,YAF,turn,neutral,sad,YAF_turn_neutral.wav,YAF_turn_sad.wav,-1.09375,-1.0,-1.0625,-1.25,-0.046875,-0.109375,-0.28125
YAF_turn_neutral_angry,YAF,turn,neutral,angry,YAF_turn_neutral.wav,YAF_turn_angry.wav,-2.1875,-2.875000476837158,-1.8125,-2.0,-0.4375002384185791,0.6250002384185791,0.5000004768371582
YAF_turn_happy_sad,YAF,turn,happy,sad,YAF_turn_happy.wav,YAF_turn_sad.wav,-0.25,-0.125,-0.09375,-0.875,-0.328125,-0.296875,-0.90625
YAF_turn_happy_angry,YAF,turn,happy,angry,YAF_turn_happy.wav,YAF_turn_angry.wav,-1.125,-1.90625,-1.0,-2.125,-0.953125,-0.046875,-0.34375
YAF_turn_sad_angry,YAF,turn,sad,angry,YAF_turn_sad.wav,YAF_turn_angry.wav,-1.0625004768371582,-1.0625,-1.40625,-1.375,0.0156252384185791,-0.3281247615814209,0.031249523162841797
YAF_vine_neutral_happy,YAF,vine,neutral,happy,YAF_vine_neutral.wav,YAF_vine_happy.wav,-0.25,0.3125,0.25,0.125,0.21875,0.15625,-0.6875
YAF_vine_neutral_sad,YAF,vine,neutral,sad,YAF_vine_neutral.wav,YAF_vine_sad.wav,-1.125,-1.375,-1.625,-0.9375,0.21875,-0.03125,0.9375
YAF_vine_neutral_angry,YAF,vine,neutral,angry,YAF_vine_neutral.wav,YAF_vine_angry.wav,-2.78125,-2.75,-1.75,-2.5,-0.359375,0.640625,-0.78125
YAF_vine_happy_sad,YAF,vine,happy,sad,YAF_vine_happy.wav,YAF_vine_sad.wav,-1.3750004768371582,-0.5,-1.375,-1.0,0.6250002384185791,-0.2499997615814209,-0.5000004768371582
YAF_vine_happy_angry,YAF,vine,happy,angry,YAF_vine_happy.wav,YAF_vine_angry.wav,-2.937500476837158,-2.1875,-2.96875,-2.5,0.6093752384185791,-0.1718747615814209,-0.2812504768371582
YAF_vine_sad_angry,YAF,vine,sad,angry,YAF_vine_sad.wav,YAF_vine_angry.wav,-1.5624995231628418,-1.25,-1.625,-1.1875,0.3749997615814209,-2.384185791015625e-07,0.1250004768371582
YAF_voice_neutral_happy,YAF,voice,neutral,happy,YAF_voice_neutral.wav,YAF_voice_happy.wav,-0.625,-0.875,-0.5625,-0.6875,-0.1875,0.125,0.125
YAF_voice_neutral_sad,YAF,voice,neutral,sad,YAF_voice_neutral.wav,YAF_voice_sad.wav,-1.3125,-1.9375,-2.09375,-1.9375,-0.234375,-0.390625,0.78125
YAF_voice_neutral_angry,YAF,voice,neutral,angry,YAF_voice_neutral.wav,YAF_voice_angry.wav,-2.1875,-2.3125,-2.8125,-2.5,0.09375,-0.40625,0.4375
YAF_voice_happy_sad,YAF,voice,happy,sad,YAF_voice_happy.wav,YAF_voice_sad.wav,-1.4375004768371582,-1.4375,-1.6249995231628418,-1.5625,0.03125,-0.1562495231628418,0.062499046325683594
YAF_voice_happy_angry,YAF,voice,happy,angry,YAF_voice_happy.wav,YAF_voice_angry.wav,-1.6562504768371582,-2.562500476837158,-1.6874995231628418,-2.25,-0.7343752384185791,0.1406257152557373,0.3437495231628418
YAF_voice_sad_angry,YAF,voice,sad,angry,YAF_voice_sad.wav,YAF_voice_angry.wav,-0.28125,-0.375,-0.875,-0.6875,0.046875,-0.453125,0.28125
YAF_void_neutral_happy,YAF,void,neutral,happy,YAF_void_neutral.wav,YAF_void_happy.wav,-1.125,-0.1875,-1.0,-0.25,0.84375,0.03125,-0.1875
YAF_void_neutral_sad,YAF,void,neutral,sad,YAF_void_neutral.wav,YAF_void_sad.wav,-1.9375,-0.75,-1.5,-1.125,0.78125,0.03125,-0.8125
YAF_void_neutral_angry,YAF,void,neutral,angry,YAF_void_neutral.wav,YAF_void_angry.wav,-3.0625,-2.75,-2.906250476837158,-3.468750476837158,-0.125,-0.2812504768371582,-0.875
YAF_void_happy_sad,YAF,void,happy,sad,YAF_void_happy.wav,YAF_void_sad.wav,-0.875,-0.9375,-0.25,-0.5625,-0.1875,0.5,-0.25
YAF_void_happy_angry,YAF,void,happy,angry,YAF_void_happy.wav,YAF_void_angry.wav,-2.0,-2.875000476837158,-2.25,-3.093750476837158,-0.8593754768371582,-0.234375,0.03125
YAF_void_sad_angry,YAF,void,sad,angry,YAF_void_sad.wav,YAF_void_angry.wav,-1.625,-0.8125,-1.25,-1.0937504768371582,0.4843747615814209,0.0468747615814209,-0.6562504768371582
YAF_vote_neutral_happy,YAF,vote,neutral,happy,YAF_vote_neutral.wav,YAF_vote_happy.wav,-1.1875,-0.625,-1.0,-0.5625,0.5,0.125,-0.125
YAF_vote_neutral_sad,YAF,vote,neutral,sad,YAF_vote_neutral.wav,YAF_vote_sad.wav,-1.6875,-1.4375,-1.125,-1.1875,0.09375,0.40625,-0.3125
YAF_vote_neutral_angry,YAF,vote,neutral,angry,YAF_vote_neutral.wav,YAF_vote_angry.wav,-2.375,-2.09375,-2.343750476837158,-2.375000476837158,0.125,-0.1250004768371582,-0.3125
YAF_vote_happy_sad,YAF,vote,happy,sad,YAF_vote_happy.wav,YAF_vote_sad.wav,-0.9375,-0.875,-0.875,-0.6875,0.125,0.125,0.125
YAF_vote_happy_angry,YAF,vote,happy,angry,YAF_vote_happy.wav,YAF_vote_angry.wav,-1.6250004768371582,-2.062500476837158,-1.4375,-2.312500476837158,-0.6562502384185791,-0.0312497615814209,-0.4375004768371582
YAF_vote_sad_angry,YAF,vote,sad,angry,YAF_vote_sad.wav,YAF_vote_angry.wav,-0.625,-0.6875,-0.8125,-1.125,-0.1875,-0.3125,-0.25
YAF_wag_neutral_happy,YAF,wag,neutral,happy,YAF_wag_neutral.wav,YAF_wag_happy.wav,-0.5,-0.875,-0.1875,-0.375,-0.28125,0.40625,0.1875
YAF_wag_neutral_sad,YAF,wag,neutral,sad,YAF_wag_neutral.wav,YAF_wag_sad.wav,-1.25,-0.375,-1.5625,-1.625,0.40625,-0.78125,-0.9375
YAF_wag_neutral_angry,YAF,wag,neutral,angry,YAF_wag_neutral.wav,YAF_wag_angry.wav,-1.71875,-2.78125,-2.1875,-2.0,-0.4375,0.15625,1.25
YAF_wag_happy_sad,YAF,wag,happy,sad,YAF_wag_happy.wav,YAF_wag_sad.wav,-0.8125,-1.0,-0.375,-1.3125,-0.5625,0.0625,-0.75
YAF_wag_happy_angry,YAF,wag,happy,angry,YAF_wag_happy.wav,YAF_wag_angry.wav,-2.1875,-2.437500476837158,-2.0,-2.375,-0.3125002384185791,0.1250002384185791,-0.1249995231628418
YAF_wag_sad_angry,YAF,wag,sad,angry,YAF_wag_sad.wav,YAF_wag_angry.wav,-0.625,-1.96875,-1.15625,-1.1875,-0.6875,0.125,1.3125
YAF_walk_neutral_happy,YAF,walk,neutral,happy,YAF_walk_neutral.wav,YAF_walk_happy.wav,-0.4375,-0.4375,-0.5625,-0.25,0.15625,0.03125,0.3125
YAF_walk_neutral_sad,YAF,walk,neutral,sad,YAF_walk_neutral.wav,YAF_walk_sad.wav,-1.34375,-0.9375,-1.21875,-0.5,0.5625,0.28125,0.3125
YAF_walk_neutral_angry,YAF,walk,neutral,angry,YAF_walk_neutral.wav,YAF_walk_angry.wav,-2.5625,-3.25,-1.6249995231628418,-2.09375,-0.5781252384185791,1.046875238418579,0.2187495231628418
YAF_walk_happy_sad,YAF,walk,happy,sad,YAF_walk_happy.wav,YAF_walk_sad.wav,-0.5,-0.3125,-0.3125,-0.25,0.125,0.125,-0.125
YAF_walk_happy_angry,YAF,walk,happy,angry,YAF_walk_happy.wav,YAF_walk_angry.wav,-1.625,-2.3125,-2.59375,-2.46875,-0.28125,-0.5625,0.8125
YAF_walk_sad_angry,YAF,walk,sad,angry,YAF_walk_sad.wav,YAF_walk_angry.wav,-1.625,-1.1875,-1.5625,-1.34375,0.328125,-0.046875,-0.21875
YAF_wash_neutral_happy,YAF,wash,neutral,happy,YAF_wash_neutral.wav,YAF_wash_happy.wav,0.25,0.5,0.4687495231628418,0.4375,0.1093752384185791,0.0781247615814209,-0.2812495231628418
YAF_wash_neutral_sad,YAF,wash,neutral,sad,YAF_wash_neutral.wav,YAF_wash_sad.wav,-0.25,-0.8125,-0.9375,-0.75,-0.1875,-0.3125,0.75
YAF_wash_neutral_angry,YAF,wash,neutral,angry,YAF_wash_neutral.wav,YAF_wash_angry.wav,-0.78125,-2.6875,-1.125,-1.9375,-1.359375,0.203125,1.09375
YAF_wash_happy_sad,YAF,wash,happy,sad,YAF_wash_happy.wav,YAF_wash_sad.wav,-0.9375,-0.625,-1.0,-0.9375,0.1875,-0.1875,-0.25
YAF_wash_happy_angry,YAF,wash,happy,angry,YAF_wash_happy.wav,YAF_wash_angry.wav,-1.6875,-2.0,-1.96875,-1.75,-0.046875,-0.015625,0.53125
YAF_wash_sad_angry,YAF,wash,sad,angry,YAF_wash_sad.wav,YAF_wash_angry.wav,-1.0,-1.1875,-0.8125,-0.625,0.0,0.375,0.375
YAF_week_neutral_happy,YAF,week,neutral,happy,YAF_week_neutral.wav,YAF_week_happy.wav,-0.5625,-0.125,-0.75,-0.0625,0.5625,-0.0625,0.25
YAF_week_neutral_sad,YAF,week,neutral,sad,YAF_week_neutral.wav,YAF_week_sad.wav,-0.8125,-1.1875,-0.375,-1.0,-0.5,0.3125,-0.25
YAF_week_neutral_angry,YAF,week,neutral,angry,YAF_week_neutral.wav,YAF_week_angry.wav,-1.9375,-2.937500238418579,-2.0625,-1.75,-0.34375011920928955,0.5312501192092896,1.312500238418579
YAF_week_happy_sad,YAF,week,happy,sad,YAF_week_happy.wav,YAF_week_sad.wav,-0.4999995231628418,-0.3749997615814209,-0.28125,-0.1875,0.10937488079071045,0.20312464237213135,-0.0312497615814209
YAF_week_happy_angry,YAF,week,happy,angry,YAF_week_happy.wav,YAF_week_angry.wav,-2.156249523162842,-1.6875,-1.8124995231628418,-1.4375,0.4218745231628418,0.296875,-0.09375
YAF_week_sad_angry,YAF,week,sad,angry,YAF_week_sad.wav,YAF_week_angry.wav,-1.6875,-1.4687495231628418,-1.5,-0.6875,0.5156252384185791,0.4843747615814209,0.5937495231628418
YAF_wheat_neutral_happy,YAF,wheat,neutral,happy,YAF_wheat_neutral.wav,YAF_wheat_happy.wav,-0.6249995231628418,-0.6875,-0.8125,-0.875,-0.0625002384185791,-0.1875002384185791,4.76837158203125e-07
YAF_wheat_neutral_sad,YAF,wheat,neutral,sad,YAF_wheat_neutral.wav,YAF_wheat_sad.wav,-1.2187495231628418,-0.6875,-0.71875,-0.875,0.1874997615814209,0.1562497615814209,-0.6874995231628418
YAF_wheat_neutral_angry,YAF,wheat,neutral,angry,YAF_wheat_neutral.wav,YAF_wheat_angry.wav,-2.624999523162842,-2.9375,-2.531250476837158,-1.65625,0.28125,0.6874995231628418,1.1875009536743164
YAF_wheat_happy_sad,YAF,wheat,happy,sad,YAF_wheat_happy.wav,YAF_wheat_sad.wav,-0.5,-0.625,-0.6875,-0.5625,0.0,-0.0625,0.25
YAF_wheat_happy_angry,YAF,wheat,happy,angry,YAF_wheat_happy.wav,YAF_wheat_angry.wav,-2.34375,-2.09375,-1.8749995231628418,-1.3125,0.4062497615814209,0.6250002384185791,0.3124995231628418
YAF_wheat_sad_angry,YAF,wheat,sad,angry,YAF_wheat_sad.wav,YAF_wheat_angry.wav,-1.7812495231628418,-1.46875,-1.625,-0.65625,0.6406247615814209,0.4843747615814209,0.6562504768371582
YAF_when_neutral_happy,YAF,when,neutral,happy,YAF_when_neutral.wav,YAF_when_happy.wav,-0.125,-0.8125,-0.5,-0.75,-0.46875,-0.15625,0.4375
YAF_when_neutral_sad,YAF,when,neutral,sad,YAF_when_neutral.wav,YAF_when_sad.wav,-0.9375,-1.1875,-1.03125,-0.625,0.078125,0.234375,0.65625
YAF_when_neutral_angry,YAF,when,neutral,angry,YAF_when_neutral.wav,YAF_when_angry.wav,-1.53125,-1.96875,-1.6875,-3.25,-1.0,-0.71875,-1.125
YAF_when_happy_sad,YAF,when,happy,sad,YAF_when_happy.wav,YAF_when_sad.wav,-0.375,-0.78125,-0.5625,-0.3125,-0.078125,0.140625,0.65625
YAF_when_happy_angry,YAF,when,happy,angry,YAF_when_happy.wav,YAF_when_angry.wav,-1.09375,-1.4375,-1.15625,-1.625,-0.40625,-0.125,-0.125
YAF_when_sad_angry,YAF,when,sad,angry,YAF_when_sad.wav,YAF_when_angry.wav,-0.84375,-1.09375,-0.90625,-1.25,-0.296875,-0.109375,-0.09375
YAF_which_neutral_happy,YAF,which,neutral,happy,YAF_which_neutral.wav,YAF_which_happy.wav,-0.25,-0.125,-0.0625,-0.3125,-0.0625,0.0,-0.375
YAF_which_neutral_sad,YAF,which,neutral,sad,YAF_which_neutral.wav,YAF_which_sad.wav,-1.0,-1.25,-1.09375,-0.8125,0.015625,0.171875,0.53125
YAF_which_neutral_angry,YAF,which,neutral,angry,YAF_which_neutral.wav,YAF_which_angry.wav,-1.4687504768371582,-2.125,-1.5,-1.6875,-0.4218747615814209,0.2031252384185791,0.4687495231628418
YAF_which_happy_sad,YAF,which,happy,sad,YAF_which_happy.wav,YAF_which_sad.wav,-0.6875,-0.9375,-0.8125,-0.875,-0.15625,-0.03125,0.1875
YAF_which_happy_angry,YAF,which,happy,angry,YAF_which_happy.wav,YAF_which_angry.wav,-1.6249995231628418,-2.0,-1.625,-1.6875,-0.2187502384185791,0.1562497615814209,0.3125004768371582
YAF_which_sad_angry,YAF,which,sad,angry,YAF_which_sad.wav,YAF_which_angry.wav,-0.9375,-0.59375,-0.6875,-0.5625,0.234375,0.140625,-0.21875
YAF_whip_neutral_happy,YAF,whip,neutral,happy,YAF_whip_neutral.wav,YAF_whip_happy.wav,0.0625,-0.5,-0.3125,-0.6875,-0.46875,-0.28125,0.1875
YAF_whip_neutral_sad,YAF,whip,neutral,sad,YAF_whip_neutral.wav,YAF_whip_sad.wav,-0.75,-0.5,-1.25,-1.5,0.0,-0.75,-0.5
YAF_whip_neutral_angry,YAF,whip,neutral,angry,YAF_whip_neutral.wav,YAF_whip_angry.wav,-1.75,-2.3125,-2.375,-2.625,-0.40625,-0.46875,0.3125
YAF_whip_happy_sad,YAF,whip,happy,sad,YAF_whip_happy.wav,YAF_whip_sad.wav,-0.8125,-0.375,-0.8125,-0.75,0.25,-0.1875,-0.375
YAF_whip_happy_angry,YAF,whip,happy,angry,YAF_whip_happy.wav,YAF_whip_angry.wav,-2.375,-2.125,-2.125,-2.4375,-0.03125,-0.03125,-0.5625
YAF_whip_sad_angry,YAF,whip,sad,angry,YAF_whip_sad.wav,YAF_whip_angry.wav,-1.65625,-0.7500004768371582,-1.375,-1.0,0.6406247615814209,0.0156252384185791,-0.5312495231628418
YAF_white_neutral_happy,YAF,white,neutral,happy,YAF_white_neutral.wav,YAF_white_happy.wav,-0.5,-0.3125,-0.5,-0.9375,-0.125,-0.3125,-0.625
YAF_white_neutral_sad,YAF,white,neutral,sad,YAF_white_neutral.wav,YAF_white_sad.wav,-0.71875,-0.4375,-1.375,-0.9375,0.359375,-0.578125,0.15625
YAF_white_neutral_angry,YAF,white,neutral,angry,YAF_white_neutral.wav,YAF_white_angry.wav,-1.65625,-2.0,-2.40625,-2.5625,-0.25,-0.65625,0.1875
YAF_white_happy_sad,YAF,white,happy,sad,YAF_white_happy.wav,YAF_white_sad.wav,-0.34375,-0.0625,-0.4375,-0.5,0.109375,-0.265625,-0.34375
YAF_white_happy_angry,YAF,white,happy,angry,YAF_white_happy.wav,YAF_white_angry.wav,-1.6875,-1.1875,-1.96875,-1.5,0.484375,-0.296875,-0.03125
YAF_white_sad_angry,YAF,white,sad,angry,YAF_white_sad.wav,YAF_white_angry.wav,-1.21875,-0.5625,-1.40625,-0.96875,0.546875,-0.296875,-0.21875
YAF_wife_neutral_happy,YAF,wife,neutral,happy,YAF_wife_neutral.wav,YAF_wife_happy.wav,-0.3125,-0.25,-0.25,-0.1875,0.0625,0.0625,0.0
YAF_wife_neutral_sad,YAF,wife,neutral,sad,YAF_wife_neutral.wav,YAF_wife_sad.wav,-0.6875,-0.25,-0.0625,-0.8125,-0.15625,0.03125,-1.1875
YAF_wife_neutral_angry,YAF,wife,neutral,angry,YAF_wife_neutral.wav,YAF_wife_angry.wav,-2.125,-2.687500476837158,-1.9375,-1.75,-0.1875002384185791,0.5625002384185791,0.7500004768371582
YAF_wife_happy_sad,YAF,wife,happy,sad,YAF_wife_happy.wav,YAF_wife_sad.wav,-0.375,-0.1875,-0.4375,-0.5625,0.03125,-0.21875,-0.3125
YAF_wife_happy_angry,YAF,wife,happy,angry,YAF_wife_happy.wav,YAF_wife_angry.wav,-1.5625,-2.124999523162842,-1.625000238418579,-2.0,-0.46874964237213135,0.031249642372131348,0.1874997615814209
YAF_wife_sad_angry,YAF,wife,sad,angry,YAF_wife_sad.wav,YAF_wife_angry.wav,-1.1875,-1.3125,-1.25,-1.4375,-0.15625,-0.09375,-0.0625
YAF_wire_neutral_happy,YAF,wire,neutral,happy,YAF_wire_neutral.wav,YAF_wire_happy.wav,-0.5,-0.375,-0.5,-0.875,-0.125,-0.25,-0.5
YAF_wire_neutral_sad,YAF,wire,neutral,sad,YAF_wire_neutral.wav,YAF_wire_sad.wav,-1.375,-0.5625,-1.125,-0.5,0.71875,0.15625,-0.1875
YAF_wire_neutral_angry,YAF,wire,neutral,angry,YAF_wire_neutral.wav,YAF_wire_angry.wav,-2.25,-2.09375,-1.71875,-2.40625,-0.265625,0.109375,-0.84375
YAF_wire_happy_sad,YAF,wire,happy,sad,YAF_wire_happy.wav,YAF_wire_sad.wav,-0.625,-0.4375,-0.6874995231628418,-0.5625,0.1562497615814209,-0.0937497615814209,-0.0625004768371582
YAF_wire_happy_angry,YAF,wire,happy,angry,YAF_wire_happy.wav,YAF_wire_angry.wav,-1.5937504768371582,-1.5,-1.1875,-1.125,0.0781252384185791,0.3906252384185791,-0.0312504768371582
YAF_wire_sad_angry,YAF,wire,sad,angry,YAF_wire_sad.wav,YAF_wire_angry.wav,-0.625,-1.0625,-0.6875,0.0625,0.15625,0.53125,1.1875
YAF_witch_neutral_happy,YAF,witch,neutral,happy,YAF_witch_neutral.wav,YAF_witch_happy.wav,-0.0625,-0.125,-0.125,-0.4375,-0.1875,-0.1875,-0.25
YAF_witch_neutral_sad,YAF,witch,neutral,sad,YAF_witch_neutral.wav,YAF_witch_sad.wav,-1.25,-0.6875,-1.09375,-0.75,0.453125,0.046875,-0.21875
YAF_witch_neutral_angry,YAF,witch,neutral,angry,YAF_witch_neutral.wav,YAF_witch_angry.wav,-1.625,-1.75,-1.375,-1.40625,-0.078125,0.296875,0.09375
YAF_witch_happy_sad,YAF,witch,happy,sad,YAF_witch_happy.wav,YAF_witch_sad.wav,-0.8125,-0.875,-1.0,-0.8125,0.0625,-0.0625,0.25
YAF_witch_happy_angry,YAF,witch,happy,angry,YAF_witch_happy.wav,YAF_witch_angry.wav,-1.5625,-1.5625,-1.6562504768371582,-1.90625,-0.1249997615814209,-0.2187502384185791,-0.2499995231628418
YAF_witch_sad_angry,YAF,witch,sad,angry,YAF_witch_sad.wav,YAF_witch_angry.wav,-0.4375,-0.90625,-0.5625,-0.03125,0.03125,0.375,1.0
YAF_yearn_neutral_happy,YAF,yearn,neutral,happy,YAF_yearn_neutral.wav,YAF_yearn_happy.wav,-0.75,-0.9375,0.1875,-0.375,-0.375,0.75,-0.375
YAF_yearn_neutral_sad,YAF,yearn,neutral,sad,YAF_yearn_neutral.wav,YAF_yearn_sad.wav,-1.3125,-0.6875,-1.1875,-1.25,0.28125,-0.21875,-0.6875
YAF_yearn_neutral_angry,YAF,yearn,neutral,angry,YAF_yearn_neutral.wav,YAF_yearn_angry.wav,-1.84375,-1.75,-2.03125,-1.28125,0.421875,0.140625,0.65625
YAF_yearn_happy_sad,YAF,yearn,happy,sad,YAF_yearn_happy.wav,YAF_yearn_sad.wav,-0.8125,-0.8125002384185791,0.125,-0.4375,-0.28125011920928955,0.6562501192092896,-0.5624997615814209
YAF_yearn_happy_angry,YAF,yearn,happy,angry,YAF_yearn_happy.wav,YAF_yearn_angry.wav,-1.125,-1.5625,-0.90625,-0.71875,-0.125,0.53125,0.625
YAF_yearn_sad_angry,YAF,yearn,sad,angry,YAF_yearn_sad.wav,YAF_yearn_angry.wav,-1.125,-0.5,-1.09375,0.125,0.921875,0.328125,0.59375
YAF_yes_neutral_happy,YAF,yes,neutral,happy,YAF_yes_neutral.wav,YAF_yes_happy.wav,-0.4375,-0.5,-0.125,-0.375,-0.15625,0.21875,-0.1875
YAF_yes_neutral_sad,YAF,yes,neutral,sad,YAF_yes_neutral.wav,YAF_yes_sad.wav,-1.125,-1.9375,-1.25,-2.5,-1.03125,-0.34375,-0.4375
YAF_yes_neutral_angry,YAF,yes,neutral,angry,YAF_yes_neutral.wav,YAF_yes_angry.wav,-1.4375,-2.0625,-1.625,-1.90625,-0.453125,-0.015625,0.34375
YAF_yes_happy_sad,YAF,yes,happy,sad,YAF_yes_happy.wav,YAF_yes_sad.wav,-0.8749995231628418,-0.5625,-1.21875,-1.125,0.2031247615814209,-0.4531252384185791,-0.2187495231628418
YAF_yes_happy_angry,YAF,yes,happy,angry,YAF_yes_happy.wav,YAF_yes_angry.wav,-1.1562495231628418,-1.0625,-1.1875,-1.21875,0.0312497615814209,-0.0937502384185791,-0.1249995231628418
YAF_yes_sad_angry,YAF,yes,sad,angry,YAF_yes_sad.wav,YAF_yes_angry.wav,-0.3125,-0.7187495231628418,-0.5625,-0.1875,-0.015624761581420898,0.1406247615814209,0.7812495231628418
YAF_young_neutral_happy,YAF,young,neutral,happy,YAF_young_neutral.wav,YAF_young_happy.wav,-1.0,-1.03125,-1.3125,-1.125,0.078125,-0.203125,0.21875
YAF_young_neutral_sad,YAF,young,neutral,sad,YAF_young_neutral.wav,YAF_young_sad.wav,-1.46875,-0.1875,-0.0625,-1.5,-0.078125,0.046875,-2.71875
YAF_young_neutral_angry,YAF,young,neutral,angry,YAF_young_neutral.wav,YAF_young_angry.wav,-2.34375,-2.5,-1.75,-2.6875,-0.546875,0.203125,-0.78125
YAF_young_happy_sad,YAF,young,happy,sad,YAF_young_happy.wav,YAF_young_sad.wav,-0.625,-0.4375,-0.5625002384185791,-0.625,0.06250011920928955,-0.06250011920928955,-0.2499997615814209
YAF_young_happy_angry,YAF,young,happy,angry,YAF_young_happy.wav,YAF_young_angry.wav,-1.375,-2.25,-0.15625,-2.0625,-1.390625,0.703125,-1.03125
YAF_young_sad_angry,YAF,young,sad,angry,YAF_young_sad.wav,YAF_young_angry.wav,-0.8125,-1.0625,-1.0,-0.8125,-0.03125,0.03125,0.4375
YAF_youth_neutral_happy,YAF,youth,neutral,happy,YAF_youth_neutral.wav,YAF_youth_happy.wav,-0.5625,-0.3125,0.0,0.125,0.1875,0.5,-0.125
YAF_youth_neutral_sad,YAF,youth,neutral,sad,YAF_youth_neutral.wav,YAF_youth_sad.wav,-1.0,-0.625,-1.0,-0.9375,0.21875,-0.15625,-0.3125
YAF_youth_neutral_angry,YAF,youth,neutral,angry,YAF_youth_neutral.wav,YAF_youth_angry.wav,-2.0625,-1.875,-1.7187495231628418,-1.25,0.3281247615814209,0.4843752384185791,0.2812495231628418
YAF_youth_happy_sad,YAF,youth,happy,sad,YAF_youth_happy.wav,YAF_youth_sad.wav,-0.5,-0.3125,-0.5625,-1.0,-0.125,-0.375,-0.625
YAF_youth_happy_angry,YAF,youth,happy,angry,YAF_youth_happy.wav,YAF_youth_angry.wav,-1.0625,-1.8125,-0.7187504768371582,-1.875,-0.9531247615814209,0.1406247615814209,-0.4062495231628418
YAF_youth_sad_angry,YAF,youth,sad,angry,YAF_youth_sad.wav,YAF_youth_angry.wav,-0.4374995231628418,-0.5,-1.1875,-0.5625,0.2812497615814209,-0.4062502384185791,0.6875004768371582
